table,block
catalog_sales,0
catalog_sales,0
catalog_sales,1
catalog_sales,1
catalog_sales,2
catalog_sales,3
catalog_sales,4
catalog_sales,5
catalog_sales,6
catalog_sales,7
catalog_sales,8
catalog_sales,9
catalog_sales,10
catalog_sales,11
catalog_sales,11
catalog_sales,12
catalog_sales,13
catalog_sales,14
catalog_sales,15
catalog_sales,16
catalog_sales,17
catalog_sales,18
catalog_sales,19
catalog_sales,20
catalog_sales,21
catalog_sales,22
catalog_sales,23
catalog_sales,24
catalog_sales,25
catalog_sales,26
catalog_sales,27
catalog_sales,28
catalog_sales,29
catalog_sales,30
catalog_sales,31
catalog_sales,32
catalog_sales,33
catalog_sales,34
catalog_sales,35
catalog_sales,36
catalog_sales,37
catalog_sales,38
catalog_sales,39
catalog_sales,40
catalog_sales,41
catalog_sales,42
catalog_sales,43
catalog_sales,44
catalog_sales,45
catalog_sales,46
catalog_sales,47
catalog_sales,48
catalog_sales,49
catalog_sales,50
catalog_sales,51
catalog_sales,52
catalog_sales,53
catalog_sales,54
catalog_sales,55
catalog_sales,56
catalog_sales,57
catalog_sales,58
catalog_sales,59
catalog_sales,60
catalog_sales,61
catalog_sales,62
catalog_sales,63
catalog_sales,64
catalog_sales,65
catalog_sales,66
catalog_sales,67
catalog_sales,68
catalog_sales,69
catalog_sales,70
catalog_sales,71
catalog_sales,72
catalog_sales,73
catalog_sales,74
catalog_sales,75
catalog_sales,76
catalog_sales,77
catalog_sales,78
catalog_sales,79
catalog_sales,80
catalog_sales,81
catalog_sales,82
catalog_sales,83
catalog_sales,84
catalog_sales,85
catalog_sales,86
catalog_sales,87
catalog_sales,88
catalog_sales,89
catalog_sales,90
catalog_sales,91
catalog_sales,92
catalog_sales,93
catalog_sales,94
catalog_sales,95
catalog_sales,96
catalog_sales,97
catalog_sales,98
catalog_sales,99
catalog_sales,100
catalog_sales,101
catalog_sales,102
catalog_sales,103
catalog_sales,104
catalog_sales,105
catalog_sales,106
catalog_sales,107
catalog_sales,108
catalog_sales,109
catalog_sales,110
catalog_sales,111
catalog_sales,112
catalog_sales,113
catalog_sales,114
catalog_sales,115
catalog_sales,116
catalog_sales,117
catalog_sales,118
catalog_sales,119
catalog_sales,120
catalog_sales,121
catalog_sales,122
catalog_sales,123
catalog_sales,124
catalog_sales,125
catalog_sales,126
catalog_sales,127
catalog_sales,128
catalog_sales,129
catalog_sales,130
catalog_sales,131
catalog_sales,132
catalog_sales,133
catalog_sales,134
catalog_sales,135
catalog_sales,136
catalog_sales,137
catalog_sales,138
catalog_sales,139
catalog_sales,140
catalog_sales,141
catalog_sales,142
catalog_sales,143
catalog_sales,144
catalog_sales,145
catalog_sales,146
catalog_sales,147
catalog_sales,148
catalog_sales,149
catalog_sales,150
catalog_sales,151
catalog_sales,152
catalog_sales,153
catalog_sales,154
catalog_sales,155
catalog_sales,156
catalog_sales,157
catalog_sales,158
catalog_sales,159
catalog_sales,160
catalog_sales,161
catalog_sales,162
catalog_sales,163
catalog_sales,164
catalog_sales,165
catalog_sales,166
catalog_sales,167
catalog_sales,168
catalog_sales,169
catalog_sales,170
catalog_sales,171
catalog_sales,172
catalog_sales,173
catalog_sales,174
catalog_sales,175
catalog_sales,176
catalog_sales,177
catalog_sales,178
catalog_sales,179
catalog_sales,180
catalog_sales,181
catalog_sales,182
catalog_sales,183
catalog_sales,184
catalog_sales,185
catalog_sales,186
catalog_sales,187
catalog_sales,188
catalog_sales,189
catalog_sales,190
catalog_sales,191
catalog_sales,192
catalog_sales,193
catalog_sales,194
catalog_sales,195
catalog_sales,196
catalog_sales,197
catalog_sales,198
catalog_sales,199
catalog_sales,200
catalog_sales,201
catalog_sales,202
catalog_sales,203
catalog_sales,204
catalog_sales,205
catalog_sales,206
catalog_sales,207
catalog_sales,208
catalog_sales,209
catalog_sales,210
catalog_sales,211
catalog_sales,212
catalog_sales,213
catalog_sales,214
catalog_sales,215
catalog_sales,216
catalog_sales,217
catalog_sales,218
catalog_sales,219
catalog_sales,220
catalog_sales,221
catalog_sales,222
catalog_sales,223
catalog_sales,224
catalog_sales,225
catalog_sales,226
catalog_sales,227
catalog_sales,228
catalog_sales,229
catalog_sales,230
catalog_sales,231
catalog_sales,232
catalog_sales,233
catalog_sales,234
catalog_sales,235
catalog_sales,236
catalog_sales,237
catalog_sales,238
catalog_sales,239
catalog_sales,240
catalog_sales,241
catalog_sales,242
catalog_sales,243
catalog_sales,244
catalog_sales,245
catalog_sales,246
catalog_sales,247
catalog_sales,248
catalog_sales,249
catalog_sales,250
catalog_sales,251
catalog_sales,252
catalog_sales,253
catalog_sales,254
catalog_sales,255
catalog_sales,256
catalog_sales,257
catalog_sales,258
catalog_sales,259
catalog_sales,260
catalog_sales,261
catalog_sales,262
catalog_sales,263
catalog_sales,264
catalog_sales,265
catalog_sales,266
catalog_sales,267
catalog_sales,268
catalog_sales,269
catalog_sales,270
catalog_sales,271
catalog_sales,272
catalog_sales,273
catalog_sales,274
catalog_sales,275
catalog_sales,276
catalog_sales,277
catalog_sales,278
catalog_sales,279
catalog_sales,280
catalog_sales,281
catalog_sales,282
catalog_sales,283
catalog_sales,284
catalog_sales,285
catalog_sales,286
catalog_sales,287
catalog_sales,288
catalog_sales,289
catalog_sales,290
catalog_sales,291
catalog_sales,292
catalog_sales,293
catalog_sales,294
catalog_sales,295
catalog_sales,296
catalog_sales,297
catalog_sales,298
catalog_sales,299
catalog_sales,300
catalog_sales,301
catalog_sales,302
catalog_sales,303
catalog_sales,304
catalog_sales,305
catalog_sales,306
catalog_sales,307
catalog_sales,308
catalog_sales,309
catalog_sales,310
catalog_sales,311
catalog_sales,312
catalog_sales,313
catalog_sales,314
catalog_sales,315
catalog_sales,316
catalog_sales,317
catalog_sales,318
catalog_sales,319
catalog_sales,320
catalog_sales,321
catalog_sales,322
catalog_sales,323
catalog_sales,324
catalog_sales,325
catalog_sales,326
catalog_sales,327
catalog_sales,328
catalog_sales,329
catalog_sales,330
catalog_sales,331
catalog_sales,332
catalog_sales,333
catalog_sales,334
catalog_sales,335
catalog_sales,336
catalog_sales,337
catalog_sales,338
catalog_sales,339
catalog_sales,340
catalog_sales,341
catalog_sales,342
catalog_sales,343
catalog_sales,344
catalog_sales,345
catalog_sales,346
catalog_sales,347
catalog_sales,348
catalog_sales,349
catalog_sales,350
catalog_sales,351
catalog_sales,352
catalog_sales,353
catalog_sales,354
catalog_sales,355
catalog_sales,356
catalog_sales,357
catalog_sales,358
catalog_sales,359
catalog_sales,360
catalog_sales,361
catalog_sales,362
catalog_sales,363
catalog_sales,364
catalog_sales,365
catalog_sales,366
catalog_sales,367
catalog_sales,368
catalog_sales,369
catalog_sales,370
catalog_sales,371
catalog_sales,372
catalog_sales,373
catalog_sales,374
catalog_sales,375
catalog_sales,376
catalog_sales,377
catalog_sales,378
catalog_sales,379
catalog_sales,380
catalog_sales,381
catalog_sales,382
catalog_sales,383
catalog_sales,384
catalog_sales,385
catalog_sales,386
catalog_sales,387
catalog_sales,388
catalog_sales,389
catalog_sales,390
catalog_sales,391
catalog_sales,392
catalog_sales,393
catalog_sales,394
catalog_sales,395
catalog_sales,396
catalog_sales,397
catalog_sales,398
catalog_sales,399
catalog_sales,400
catalog_sales,401
catalog_sales,402
catalog_sales,403
catalog_sales,404
catalog_sales,405
catalog_sales,406
catalog_sales,407
catalog_sales,408
catalog_sales,409
catalog_sales,410
catalog_sales,411
catalog_sales,412
catalog_sales,413
catalog_sales,414
catalog_sales,415
catalog_sales,416
catalog_sales,417
catalog_sales,418
catalog_sales,419
catalog_sales,420
catalog_sales,421
catalog_sales,422
catalog_sales,423
catalog_sales,424
catalog_sales,425
catalog_sales,426
catalog_sales,427
catalog_sales,428
catalog_sales,429
catalog_sales,430
catalog_sales,431
catalog_sales,432
catalog_sales,433
catalog_sales,434
catalog_sales,435
catalog_sales,436
catalog_sales,437
catalog_sales,438
catalog_sales,439
catalog_sales,440
catalog_sales,441
catalog_sales,442
catalog_sales,443
catalog_sales,444
catalog_sales,445
catalog_sales,446
catalog_sales,447
catalog_sales,448
catalog_sales,449
catalog_sales,450
catalog_sales,451
catalog_sales,452
catalog_sales,453
catalog_sales,454
catalog_sales,455
catalog_sales,456
catalog_sales,457
catalog_sales,458
catalog_sales,459
catalog_sales,460
catalog_sales,461
catalog_sales,462
catalog_sales,463
catalog_sales,464
catalog_sales,465
catalog_sales,466
catalog_sales,467
catalog_sales,468
catalog_sales,469
catalog_sales,470
catalog_sales,471
catalog_sales,472
catalog_sales,473
catalog_sales,474
catalog_sales,475
catalog_sales,476
catalog_sales,477
catalog_sales,478
catalog_sales,479
catalog_sales,480
catalog_sales,481
catalog_sales,482
catalog_sales,483
catalog_sales,484
catalog_sales,485
catalog_sales,486
catalog_sales,487
catalog_sales,488
catalog_sales,489
catalog_sales,490
catalog_sales,491
catalog_sales,492
catalog_sales,493
catalog_sales,494
catalog_sales,495
catalog_sales,496
catalog_sales,497
catalog_sales,498
catalog_sales,499
catalog_sales,500
catalog_sales,501
catalog_sales,502
catalog_sales,503
catalog_sales,504
catalog_sales,505
catalog_sales,506
catalog_sales,507
catalog_sales,508
catalog_sales,509
catalog_sales,510
catalog_sales,511
catalog_sales,512
catalog_sales,513
catalog_sales,514
catalog_sales,515
catalog_sales,516
catalog_sales,517
catalog_sales,518
catalog_sales,519
catalog_sales,520
catalog_sales,521
catalog_sales,522
catalog_sales,523
catalog_sales,524
catalog_sales,525
catalog_sales,526
catalog_sales,527
catalog_sales,528
catalog_sales,529
catalog_sales,530
catalog_sales,531
catalog_sales,532
catalog_sales,533
catalog_sales,534
catalog_sales,535
catalog_sales,536
catalog_sales,537
catalog_sales,538
catalog_sales,539
catalog_sales,540
catalog_sales,541
catalog_sales,542
catalog_sales,543
catalog_sales,544
catalog_sales,545
catalog_sales,546
catalog_sales,547
catalog_sales,548
catalog_sales,549
catalog_sales,550
catalog_sales,551
catalog_sales,552
catalog_sales,553
catalog_sales,554
catalog_sales,555
catalog_sales,556
catalog_sales,557
catalog_sales,558
catalog_sales,559
catalog_sales,560
catalog_sales,561
catalog_sales,562
catalog_sales,563
catalog_sales,564
catalog_sales,565
catalog_sales,566
catalog_sales,567
catalog_sales,568
catalog_sales,569
catalog_sales,570
catalog_sales,571
catalog_sales,572
catalog_sales,573
catalog_sales,574
catalog_sales,575
catalog_sales,576
catalog_sales,577
catalog_sales,578
catalog_sales,579
catalog_sales,580
catalog_sales,581
catalog_sales,582
catalog_sales,583
catalog_sales,584
catalog_sales,585
catalog_sales,586
catalog_sales,587
catalog_sales,588
catalog_sales,589
catalog_sales,590
catalog_sales,591
catalog_sales,592
catalog_sales,593
catalog_sales,594
catalog_sales,595
catalog_sales,596
catalog_sales,597
catalog_sales,598
catalog_sales,599
catalog_sales,600
catalog_sales,601
catalog_sales,602
catalog_sales,603
catalog_sales,604
catalog_sales,605
catalog_sales,606
catalog_sales,607
catalog_sales,608
catalog_sales,609
catalog_sales,610
catalog_sales,611
catalog_sales,612
catalog_sales,613
catalog_sales,614
catalog_sales,615
catalog_sales,616
catalog_sales,617
catalog_sales,618
catalog_sales,619
catalog_sales,620
catalog_sales,621
catalog_sales,622
catalog_sales,623
catalog_sales,624
catalog_sales,625
catalog_sales,626
catalog_sales,627
catalog_sales,628
catalog_sales,629
catalog_sales,630
catalog_sales,631
catalog_sales,632
catalog_sales,633
catalog_sales,634
catalog_sales,635
catalog_sales,636
catalog_sales,637
catalog_sales,638
catalog_sales,639
catalog_sales,640
catalog_sales,641
catalog_sales,642
catalog_sales,643
catalog_sales,644
catalog_sales,645
catalog_sales,646
catalog_sales,647
catalog_sales,648
catalog_sales,649
catalog_sales,650
catalog_sales,651
catalog_sales,652
catalog_sales,653
catalog_sales,654
catalog_sales,655
catalog_sales,656
catalog_sales,657
catalog_sales,658
catalog_sales,659
catalog_sales,660
catalog_sales,661
catalog_sales,662
catalog_sales,663
catalog_sales,664
catalog_sales,665
catalog_sales,666
catalog_sales,667
catalog_sales,668
catalog_sales,669
catalog_sales,670
catalog_sales,671
catalog_sales,672
catalog_sales,673
catalog_sales,674
catalog_sales,675
catalog_sales,676
catalog_sales,677
catalog_sales,678
catalog_sales,679
catalog_sales,680
catalog_sales,681
catalog_sales,682
catalog_sales,683
catalog_sales,684
catalog_sales,685
catalog_sales,686
catalog_sales,687
catalog_sales,688
catalog_sales,689
catalog_sales,690
catalog_sales,691
catalog_sales,692
catalog_sales,693
catalog_sales,694
catalog_sales,695
catalog_sales,696
catalog_sales,697
catalog_sales,698
catalog_sales,699
catalog_sales,700
catalog_sales,701
catalog_sales,702
catalog_sales,703
catalog_sales,704
catalog_sales,705
catalog_sales,706
catalog_sales,707
catalog_sales,708
catalog_sales,709
catalog_sales,710
catalog_sales,711
catalog_sales,712
catalog_sales,713
catalog_sales,714
catalog_sales,715
catalog_sales,716
catalog_sales,717
catalog_sales,718
catalog_sales,719
catalog_sales,720
catalog_sales,721
catalog_sales,722
catalog_sales,723
catalog_sales,724
catalog_sales,725
catalog_sales,726
catalog_sales,727
catalog_sales,728
catalog_sales,729
catalog_sales,730
catalog_sales,731
catalog_sales,732
catalog_sales,733
catalog_sales,734
catalog_sales,735
catalog_sales,736
catalog_sales,737
catalog_sales,738
catalog_sales,739
catalog_sales,740
catalog_sales,741
catalog_sales,742
catalog_sales,743
catalog_sales,744
catalog_sales,745
catalog_sales,746
catalog_sales,747
catalog_sales,748
catalog_sales,749
catalog_sales,750
catalog_sales,751
catalog_sales,752
catalog_sales,753
catalog_sales,754
catalog_sales,755
catalog_sales,756
catalog_sales,757
catalog_sales,758
catalog_sales,759
catalog_sales,760
catalog_sales,761
catalog_sales,762
catalog_sales,763
catalog_sales,764
catalog_sales,765
catalog_sales,766
catalog_sales,767
catalog_sales,768
catalog_sales,769
catalog_sales,770
catalog_sales,771
catalog_sales,772
catalog_sales,773
catalog_sales,774
catalog_sales,775
catalog_sales,776
catalog_sales,777
catalog_sales,778
catalog_sales,779
catalog_sales,780
catalog_sales,781
catalog_sales,782
catalog_sales,783
catalog_sales,784
catalog_sales,785
catalog_sales,786
catalog_sales,787
catalog_sales,788
catalog_sales,789
catalog_sales,790
catalog_sales,791
catalog_sales,792
catalog_sales,793
catalog_sales,794
catalog_sales,795
catalog_sales,796
catalog_sales,797
catalog_sales,798
catalog_sales,799
catalog_sales,800
catalog_sales,801
catalog_sales,802
catalog_sales,803
catalog_sales,804
catalog_sales,805
catalog_sales,806
catalog_sales,807
catalog_sales,808
catalog_sales,809
catalog_sales,810
catalog_sales,811
catalog_sales,812
catalog_sales,813
catalog_sales,814
catalog_sales,815
catalog_sales,816
catalog_sales,817
catalog_sales,818
catalog_sales,819
catalog_sales,820
catalog_sales,821
catalog_sales,822
catalog_sales,823
catalog_sales,824
catalog_sales,825
catalog_sales,826
catalog_sales,827
catalog_sales,828
catalog_sales,829
catalog_sales,830
catalog_sales,831
catalog_sales,832
catalog_sales,833
catalog_sales,834
catalog_sales,835
catalog_sales,836
catalog_sales,837
catalog_sales,838
catalog_sales,839
catalog_sales,840
catalog_sales,841
catalog_sales,842
catalog_sales,843
catalog_sales,844
catalog_sales,845
catalog_sales,846
catalog_sales,847
catalog_sales,848
catalog_sales,849
catalog_sales,850
catalog_sales,851
catalog_sales,852
catalog_sales,853
catalog_sales,854
catalog_sales,855
catalog_sales,856
catalog_sales,857
catalog_sales,858
catalog_sales,859
catalog_sales,860
catalog_sales,861
catalog_sales,862
catalog_sales,863
catalog_sales,864
catalog_sales,865
catalog_sales,866
catalog_sales,867
catalog_sales,868
catalog_sales,869
catalog_sales,870
catalog_sales,871
catalog_sales,872
catalog_sales,873
catalog_sales,874
catalog_sales,875
catalog_sales,876
catalog_sales,877
catalog_sales,878
catalog_sales,879
catalog_sales,880
catalog_sales,881
catalog_sales,882
catalog_sales,883
catalog_sales,884
catalog_sales,885
catalog_sales,886
catalog_sales,887
catalog_sales,888
catalog_sales,889
catalog_sales,890
catalog_sales,891
catalog_sales,892
catalog_sales,893
catalog_sales,894
catalog_sales,895
catalog_sales,896
catalog_sales,897
catalog_sales,898
catalog_sales,899
catalog_sales,900
catalog_sales,901
catalog_sales,902
catalog_sales,903
catalog_sales,904
catalog_sales,905
catalog_sales,906
catalog_sales,907
catalog_sales,908
catalog_sales,909
catalog_sales,910
catalog_sales,911
catalog_sales,912
catalog_sales,913
catalog_sales,914
catalog_sales,915
catalog_sales,916
catalog_sales,917
catalog_sales,918
catalog_sales,919
catalog_sales,920
catalog_sales,921
catalog_sales,922
catalog_sales,923
catalog_sales,924
catalog_sales,925
catalog_sales,926
catalog_sales,927
catalog_sales,928
catalog_sales,929
catalog_sales,930
catalog_sales,931
catalog_sales,932
catalog_sales,933
catalog_sales,934
catalog_sales,935
catalog_sales,936
catalog_sales,937
catalog_sales,938
catalog_sales,939
catalog_sales,940
catalog_sales,941
catalog_sales,942
catalog_sales,943
catalog_sales,944
catalog_sales,945
catalog_sales,946
catalog_sales,947
catalog_sales,948
catalog_sales,949
catalog_sales,950
catalog_sales,951
catalog_sales,952
catalog_sales,953
catalog_sales,954
catalog_sales,955
catalog_sales,956
catalog_sales,957
catalog_sales,958
catalog_sales,959
catalog_sales,960
catalog_sales,961
catalog_sales,962
catalog_sales,963
catalog_sales,964
catalog_sales,965
catalog_sales,966
catalog_sales,967
catalog_sales,968
catalog_sales,969
catalog_sales,970
catalog_sales,971
catalog_sales,972
catalog_sales,973
catalog_sales,974
catalog_sales,975
catalog_sales,976
catalog_sales,977
catalog_sales,978
catalog_sales,979
catalog_sales,980
catalog_sales,981
catalog_sales,982
catalog_sales,983
catalog_sales,984
catalog_sales,985
catalog_sales,986
catalog_sales,987
catalog_sales,988
catalog_sales,989
catalog_sales,990
catalog_sales,991
catalog_sales,992
catalog_sales,993
catalog_sales,994
catalog_sales,995
catalog_sales,996
catalog_sales,997
catalog_sales,998
catalog_sales,999
catalog_sales,1000
catalog_sales,1001
catalog_sales,1002
catalog_sales,1003
catalog_sales,1004
catalog_sales,1005
catalog_sales,1006
catalog_sales,1007
catalog_sales,1008
catalog_sales,1009
catalog_sales,1010
catalog_sales,1011
catalog_sales,1012
catalog_sales,1013
catalog_sales,1014
catalog_sales,1015
catalog_sales,1016
catalog_sales,1017
catalog_sales,1018
catalog_sales,1019
catalog_sales,1020
catalog_sales,1021
catalog_sales,1022
catalog_sales,1023
catalog_sales,1024
catalog_sales,1025
catalog_sales,1026
catalog_sales,1027
catalog_sales,1028
catalog_sales,1029
catalog_sales,1030
catalog_sales,1031
catalog_sales,1032
catalog_sales,1033
catalog_sales,1034
catalog_sales,1035
catalog_sales,1036
catalog_sales,1037
catalog_sales,1038
catalog_sales,1039
catalog_sales,1040
catalog_sales,1041
catalog_sales,1042
catalog_sales,1043
catalog_sales,1044
catalog_sales,1045
catalog_sales,1046
catalog_sales,1047
catalog_sales,1048
catalog_sales,1049
catalog_sales,1050
catalog_sales,1051
catalog_sales,1052
catalog_sales,1053
catalog_sales,1054
catalog_sales,1055
catalog_sales,1056
catalog_sales,1057
catalog_sales,1058
catalog_sales,1059
catalog_sales,1060
catalog_sales,1061
catalog_sales,1062
catalog_sales,1063
catalog_sales,1064
catalog_sales,1065
catalog_sales,1066
catalog_sales,1067
catalog_sales,1068
catalog_sales,1069
catalog_sales,1070
catalog_sales,1071
catalog_sales,1072
catalog_sales,1073
catalog_sales,1074
catalog_sales,1075
catalog_sales,1076
catalog_sales,1077
catalog_sales,1078
catalog_sales,1079
catalog_sales,1080
catalog_sales,1081
catalog_sales,1082
catalog_sales,1083
catalog_sales,1084
catalog_sales,1085
catalog_sales,1086
catalog_sales,1087
catalog_sales,1088
catalog_sales,1089
catalog_sales,1090
catalog_sales,1091
catalog_sales,1092
catalog_sales,1093
catalog_sales,1094
catalog_sales,1095
catalog_sales,1096
catalog_sales,1097
catalog_sales,1098
catalog_sales,1099
catalog_sales,1100
catalog_sales,1101
catalog_sales,1102
catalog_sales,1103
catalog_sales,1104
catalog_sales,1105
catalog_sales,1106
catalog_sales,1107
catalog_sales,1108
catalog_sales,1109
catalog_sales,1110
catalog_sales,1111
catalog_sales,1112
catalog_sales,1113
catalog_sales,1114
catalog_sales,1115
catalog_sales,1116
catalog_sales,1117
catalog_sales,1118
catalog_sales,1119
catalog_sales,1120
catalog_sales,1121
catalog_sales,1122
catalog_sales,1123
catalog_sales,1124
catalog_sales,1125
catalog_sales,1126
catalog_sales,1127
catalog_sales,1128
catalog_sales,1129
catalog_sales,1130
catalog_sales,1131
catalog_sales,1132
catalog_sales,1133
catalog_sales,1134
catalog_sales,1135
catalog_sales,1136
catalog_sales,1137
catalog_sales,1138
catalog_sales,1139
catalog_sales,1140
catalog_sales,1141
catalog_sales,1142
catalog_sales,1143
catalog_sales,1144
catalog_sales,1145
catalog_sales,1146
catalog_sales,1147
catalog_sales,1148
catalog_sales,1149
catalog_sales,1150
catalog_sales,1151
catalog_sales,1152
catalog_sales,1153
catalog_sales,1154
catalog_sales,1155
catalog_sales,1156
catalog_sales,1157
catalog_sales,1158
catalog_sales,1159
catalog_sales,1160
catalog_sales,1161
catalog_sales,1162
catalog_sales,1163
catalog_sales,1164
catalog_sales,1165
catalog_sales,1166
catalog_sales,1167
catalog_sales,1168
catalog_sales,1169
catalog_sales,1170
catalog_sales,1171
catalog_sales,1172
catalog_sales,1173
catalog_sales,1174
catalog_sales,1175
catalog_sales,1176
catalog_sales,1177
catalog_sales,1178
catalog_sales,1179
catalog_sales,1180
catalog_sales,1181
catalog_sales,1182
catalog_sales,1183
catalog_sales,1184
catalog_sales,1185
catalog_sales,1186
catalog_sales,1187
catalog_sales,1188
catalog_sales,1189
catalog_sales,1190
catalog_sales,1191
catalog_sales,1192
catalog_sales,1193
catalog_sales,1194
catalog_sales,1195
catalog_sales,1196
catalog_sales,1197
catalog_sales,1198
catalog_sales,1199
catalog_sales,1200
catalog_sales,1201
catalog_sales,1202
catalog_sales,1203
catalog_sales,1204
catalog_sales,1205
catalog_sales,1206
catalog_sales,1207
catalog_sales,1208
catalog_sales,1209
catalog_sales,1210
catalog_sales,1211
catalog_sales,1212
catalog_sales,1213
catalog_sales,1214
catalog_sales,1215
catalog_sales,1216
catalog_sales,1217
catalog_sales,1218
catalog_sales,1219
catalog_sales,1220
catalog_sales,1221
catalog_sales,1222
catalog_sales,1223
catalog_sales,1224
catalog_sales,1225
catalog_sales,1226
catalog_sales,1227
catalog_sales,1228
catalog_sales,1229
catalog_sales,1230
catalog_sales,1231
catalog_sales,1232
catalog_sales,1233
catalog_sales,1234
catalog_sales,1235
catalog_sales,1236
catalog_sales,1237
catalog_sales,1238
catalog_sales,1239
catalog_sales,1240
catalog_sales,1241
catalog_sales,1242
catalog_sales,1243
catalog_sales,1244
catalog_sales,1245
catalog_sales,1246
catalog_sales,1247
catalog_sales,1248
catalog_sales,1249
catalog_sales,1250
catalog_sales,1251
catalog_sales,1252
catalog_sales,1253
catalog_sales,1254
catalog_sales,1255
catalog_sales,1256
catalog_sales,1257
catalog_sales,1258
catalog_sales,1259
catalog_sales,1260
catalog_sales,1261
catalog_sales,1262
catalog_sales,1263
catalog_sales,1264
catalog_sales,1265
catalog_sales,1266
catalog_sales,1267
catalog_sales,1268
catalog_sales,1269
catalog_sales,1270
catalog_sales,1271
catalog_sales,1272
catalog_sales,1273
catalog_sales,1274
catalog_sales,1275
catalog_sales,1276
catalog_sales,1277
catalog_sales,1278
catalog_sales,1279
catalog_sales,1280
catalog_sales,1281
catalog_sales,1282
catalog_sales,1283
catalog_sales,1284
catalog_sales,1285
catalog_sales,1286
catalog_sales,1287
catalog_sales,1288
catalog_sales,1289
catalog_sales,1290
catalog_sales,1291
catalog_sales,1292
catalog_sales,1293
catalog_sales,1294
catalog_sales,1295
catalog_sales,1296
catalog_sales,1297
catalog_sales,1298
catalog_sales,1299
catalog_sales,1300
catalog_sales,1301
catalog_sales,1302
catalog_sales,1303
catalog_sales,1304
catalog_sales,1305
catalog_sales,1306
catalog_sales,1307
catalog_sales,1308
catalog_sales,1309
catalog_sales,1310
catalog_sales,1311
catalog_sales,1312
catalog_sales,1313
catalog_sales,1314
catalog_sales,1315
catalog_sales,1316
catalog_sales,1317
catalog_sales,1318
catalog_sales,1319
catalog_sales,1320
catalog_sales,1321
catalog_sales,1322
catalog_sales,1323
catalog_sales,1324
catalog_sales,1325
catalog_sales,1326
catalog_sales,1327
catalog_sales,1328
catalog_sales,1329
catalog_sales,1330
catalog_sales,1331
catalog_sales,1332
catalog_sales,1333
catalog_sales,1334
catalog_sales,1335
catalog_sales,1336
catalog_sales,1337
catalog_sales,1338
catalog_sales,1339
catalog_sales,1340
catalog_sales,1341
catalog_sales,1342
catalog_sales,1343
catalog_sales,1344
catalog_sales,1345
catalog_sales,1346
catalog_sales,1347
catalog_sales,1348
catalog_sales,1349
catalog_sales,1350
catalog_sales,1351
catalog_sales,1352
catalog_sales,1353
catalog_sales,1354
catalog_sales,1355
catalog_sales,1356
catalog_sales,1357
catalog_sales,1358
catalog_sales,1359
catalog_sales,1360
catalog_sales,1361
catalog_sales,1362
catalog_sales,1363
catalog_sales,1364
catalog_sales,1365
catalog_sales,1366
catalog_sales,1367
catalog_sales,1368
catalog_sales,1369
catalog_sales,1370
catalog_sales,1371
catalog_sales,1372
catalog_sales,1373
catalog_sales,1374
catalog_sales,1375
catalog_sales,1376
catalog_sales,1377
catalog_sales,1378
catalog_sales,1379
catalog_sales,1380
catalog_sales,1381
catalog_sales,1382
catalog_sales,1383
catalog_sales,1384
catalog_sales,1385
catalog_sales,1386
catalog_sales,1387
catalog_sales,1388
catalog_sales,1389
catalog_sales,1390
catalog_sales,1391
catalog_sales,1392
catalog_sales,1393
catalog_sales,1394
catalog_sales,1395
catalog_sales,1396
catalog_sales,1397
catalog_sales,1398
catalog_sales,1399
catalog_sales,1400
catalog_sales,1401
catalog_sales,1402
catalog_sales,1403
catalog_sales,1404
catalog_sales,1405
catalog_sales,1406
catalog_sales,1407
catalog_sales,1408
catalog_sales,1409
catalog_sales,1410
catalog_sales,1411
catalog_sales,1412
catalog_sales,1413
catalog_sales,1414
catalog_sales,1415
catalog_sales,1416
catalog_sales,1417
catalog_sales,1418
catalog_sales,1419
catalog_sales,1420
catalog_sales,1421
catalog_sales,1422
catalog_sales,1423
catalog_sales,1424
catalog_sales,1425
catalog_sales,1426
catalog_sales,1427
catalog_sales,1428
catalog_sales,1429
catalog_sales,1430
catalog_sales,1431
catalog_sales,1432
catalog_sales,1433
catalog_sales,1434
catalog_sales,1435
catalog_sales,1436
catalog_sales,1437
catalog_sales,1438
catalog_sales,1439
catalog_sales,1440
catalog_sales,1441
catalog_sales,1442
catalog_sales,1443
catalog_sales,1444
catalog_sales,1445
catalog_sales,1446
catalog_sales,1447
catalog_sales,1448
catalog_sales,1449
catalog_sales,1450
catalog_sales,1451
catalog_sales,1452
catalog_sales,1453
catalog_sales,1454
catalog_sales,1455
catalog_sales,1456
catalog_sales,1457
catalog_sales,1458
catalog_sales,1459
catalog_sales,1460
catalog_sales,1461
catalog_sales,1462
catalog_sales,1463
catalog_sales,1464
catalog_sales,1465
catalog_sales,1466
catalog_sales,1467
catalog_sales,1468
catalog_sales,1469
catalog_sales,1470
catalog_sales,1471
catalog_sales,1472
catalog_sales,1473
catalog_sales,1474
catalog_sales,1475
catalog_sales,1476
catalog_sales,1477
catalog_sales,1478
catalog_sales,1479
catalog_sales,1480
catalog_sales,1481
catalog_sales,1482
catalog_sales,1483
catalog_sales,1484
catalog_sales,1485
catalog_sales,1486
catalog_sales,1487
catalog_sales,1488
catalog_sales,1489
catalog_sales,1490
catalog_sales,1491
catalog_sales,1492
catalog_sales,1493
catalog_sales,1494
catalog_sales,1495
catalog_sales,1496
catalog_sales,1497
catalog_sales,1498
catalog_sales,1499
catalog_sales,1500
catalog_sales,1501
catalog_sales,1502
catalog_sales,1503
catalog_sales,1504
catalog_sales,1505
catalog_sales,1506
catalog_sales,1507
catalog_sales,1508
catalog_sales,1509
catalog_sales,1510
catalog_sales,1511
catalog_sales,1512
catalog_sales,1513
catalog_sales,1514
catalog_sales,1515
catalog_sales,1516
catalog_sales,1517
catalog_sales,1518
catalog_sales,1519
catalog_sales,1520
catalog_sales,1521
catalog_sales,1522
catalog_sales,1523
catalog_sales,1524
catalog_sales,1525
catalog_sales,1526
catalog_sales,1527
catalog_sales,1528
catalog_sales,1529
catalog_sales,1530
catalog_sales,1531
catalog_sales,1532
catalog_sales,1533
catalog_sales,1534
catalog_sales,1535
catalog_sales,1536
catalog_sales,1537
catalog_sales,1538
catalog_sales,1539
catalog_sales,1540
catalog_sales,1541
catalog_sales,1542
catalog_sales,1543
catalog_sales,1544
catalog_sales,1545
catalog_sales,1546
catalog_sales,1547
catalog_sales,1548
catalog_sales,1549
catalog_sales,1550
catalog_sales,1551
catalog_sales,1552
catalog_sales,1553
catalog_sales,1554
catalog_sales,1555
catalog_sales,1556
catalog_sales,1557
catalog_sales,1558
catalog_sales,1559
catalog_sales,1560
catalog_sales,1561
catalog_sales,1562
catalog_sales,1563
catalog_sales,1564
catalog_sales,1565
catalog_sales,1566
catalog_sales,1567
catalog_sales,1568
catalog_sales,1569
catalog_sales,1570
catalog_sales,1571
catalog_sales,1572
catalog_sales,1573
catalog_sales,1574
catalog_sales,1575
catalog_sales,1576
catalog_sales,1577
catalog_sales,1578
catalog_sales,1579
catalog_sales,1580
catalog_sales,1581
catalog_sales,1582
catalog_sales,1583
catalog_sales,1584
catalog_sales,1585
catalog_sales,1586
catalog_sales,1587
catalog_sales,1588
catalog_sales,1589
catalog_sales,1590
catalog_sales,1591
catalog_sales,1592
catalog_sales,1593
catalog_sales,1594
catalog_sales,1595
catalog_sales,1596
catalog_sales,1597
catalog_sales,1598
catalog_sales,1599
catalog_sales,1600
catalog_sales,1601
catalog_sales,1602
catalog_sales,1603
catalog_sales,1604
catalog_sales,1605
catalog_sales,1606
catalog_sales,1607
catalog_sales,1608
catalog_sales,1609
catalog_sales,1610
catalog_sales,1611
catalog_sales,1612
catalog_sales,1613
catalog_sales,1614
catalog_sales,1615
catalog_sales,1616
catalog_sales,1617
catalog_sales,1618
catalog_sales,1619
catalog_sales,1620
catalog_sales,1621
catalog_sales,1622
catalog_sales,1623
catalog_sales,1624
catalog_sales,1625
catalog_sales,1626
catalog_sales,1627
catalog_sales,1628
catalog_sales,1629
catalog_sales,1630
catalog_sales,1631
catalog_sales,1632
catalog_sales,1633
catalog_sales,1634
catalog_sales,1635
catalog_sales,1636
catalog_sales,1637
catalog_sales,1638
catalog_sales,1639
catalog_sales,1640
catalog_sales,1641
catalog_sales,1642
catalog_sales,1643
catalog_sales,1644
catalog_sales,1645
catalog_sales,1646
catalog_sales,1647
catalog_sales,1648
catalog_sales,1649
catalog_sales,1650
catalog_sales,1651
catalog_sales,1652
catalog_sales,1653
catalog_sales,1654
catalog_sales,1655
catalog_sales,1656
catalog_sales,1657
catalog_sales,1658
catalog_sales,1659
catalog_sales,1660
catalog_sales,1661
catalog_sales,1662
catalog_sales,1663
catalog_sales,1664
catalog_sales,1665
catalog_sales,1666
catalog_sales,1667
catalog_sales,1668
catalog_sales,1669
catalog_sales,1670
catalog_sales,1671
catalog_sales,1672
catalog_sales,1673
catalog_sales,1674
catalog_sales,1675
catalog_sales,1676
catalog_sales,1677
catalog_sales,1678
catalog_sales,1679
catalog_sales,1680
catalog_sales,1681
catalog_sales,1682
catalog_sales,1683
catalog_sales,1684
catalog_sales,1685
catalog_sales,1686
catalog_sales,1687
catalog_sales,1688
catalog_sales,1689
catalog_sales,1690
catalog_sales,1691
catalog_sales,1692
catalog_sales,1693
catalog_sales,1694
catalog_sales,1695
catalog_sales,1696
catalog_sales,1697
catalog_sales,1698
catalog_sales,1699
catalog_sales,1700
catalog_sales,1701
catalog_sales,1702
catalog_sales,1703
catalog_sales,1704
catalog_sales,1705
catalog_sales,1706
catalog_sales,1707
catalog_sales,1708
catalog_sales,1709
catalog_sales,1710
catalog_sales,1711
catalog_sales,1712
catalog_sales,1713
catalog_sales,1714
catalog_sales,1715
catalog_sales,1716
catalog_sales,1717
catalog_sales,1718
catalog_sales,1719
catalog_sales,1720
catalog_sales,1721
catalog_sales,1722
catalog_sales,1723
catalog_sales,1724
catalog_sales,1725
catalog_sales,1726
catalog_sales,1727
catalog_sales,1728
catalog_sales,1729
catalog_sales,1730
catalog_sales,1731
catalog_sales,1732
catalog_sales,1733
catalog_sales,1734
catalog_sales,1735
catalog_sales,1736
catalog_sales,1737
catalog_sales,1738
catalog_sales,1739
catalog_sales,1740
catalog_sales,1741
catalog_sales,1742
catalog_sales,1743
catalog_sales,1744
catalog_sales,1745
catalog_sales,1746
catalog_sales,1747
catalog_sales,1748
catalog_sales,1749
catalog_sales,1750
catalog_sales,1751
catalog_sales,1752
catalog_sales,1753
catalog_sales,1754
catalog_sales,1755
catalog_sales,1756
catalog_sales,1757
catalog_sales,1758
catalog_sales,1759
catalog_sales,1760
catalog_sales,1761
catalog_sales,1762
catalog_sales,1763
catalog_sales,1764
catalog_sales,1765
catalog_sales,1766
catalog_sales,1767
catalog_sales,1768
catalog_sales,1769
catalog_sales,1770
catalog_sales,1771
catalog_sales,1772
catalog_sales,1773
catalog_sales,1774
catalog_sales,1775
catalog_sales,1776
catalog_sales,1777
catalog_sales,1778
catalog_sales,1779
catalog_sales,1780
catalog_sales,1781
catalog_sales,1782
catalog_sales,1783
catalog_sales,1784
catalog_sales,1785
catalog_sales,1786
catalog_sales,1787
catalog_sales,1788
catalog_sales,1789
catalog_sales,1790
catalog_sales,1791
catalog_sales,1792
catalog_sales,1793
catalog_sales,1794
catalog_sales,1795
catalog_sales,1796
catalog_sales,1797
catalog_sales,1798
catalog_sales,1799
catalog_sales,1800
catalog_sales,1801
catalog_sales,1802
catalog_sales,1803
catalog_sales,1804
catalog_sales,1805
catalog_sales,1806
catalog_sales,1807
catalog_sales,1808
catalog_sales,1809
catalog_sales,1810
catalog_sales,1811
catalog_sales,1812
catalog_sales,1813
catalog_sales,1814
catalog_sales,1815
catalog_sales,1816
catalog_sales,1817
catalog_sales,1818
catalog_sales,1819
catalog_sales,1820
catalog_sales,1821
catalog_sales,1822
catalog_sales,1823
catalog_sales,1824
catalog_sales,1825
catalog_sales,1826
catalog_sales,1827
catalog_sales,1828
catalog_sales,1829
catalog_sales,1830
catalog_sales,1831
catalog_sales,1832
catalog_sales,1833
catalog_sales,1834
catalog_sales,1835
catalog_sales,1836
catalog_sales,1837
catalog_sales,1838
catalog_sales,1839
catalog_sales,1840
catalog_sales,1841
catalog_sales,1842
catalog_sales,1843
catalog_sales,1844
catalog_sales,1845
catalog_sales,1846
catalog_sales,1847
catalog_sales,1848
catalog_sales,1849
catalog_sales,1850
catalog_sales,1851
catalog_sales,1852
catalog_sales,1853
catalog_sales,1854
catalog_sales,1855
catalog_sales,1856
catalog_sales,1857
catalog_sales,1858
catalog_sales,1859
catalog_sales,1860
catalog_sales,1861
catalog_sales,1862
catalog_sales,1863
catalog_sales,1864
catalog_sales,1865
catalog_sales,1866
catalog_sales,1867
catalog_sales,1868
catalog_sales,1869
catalog_sales,1870
catalog_sales,1871
catalog_sales,1872
catalog_sales,1873
catalog_sales,1874
catalog_sales,1875
catalog_sales,1876
catalog_sales,1877
catalog_sales,1878
catalog_sales,1879
catalog_sales,1880
catalog_sales,1881
catalog_sales,1882
catalog_sales,1883
catalog_sales,1884
catalog_sales,1885
catalog_sales,1886
catalog_sales,1887
catalog_sales,1888
catalog_sales,1889
catalog_sales,1890
catalog_sales,1891
catalog_sales,1892
catalog_sales,1893
catalog_sales,1894
catalog_sales,1895
catalog_sales,1896
catalog_sales,1897
catalog_sales,1898
catalog_sales,1899
catalog_sales,1900
catalog_sales,1901
catalog_sales,1902
catalog_sales,1903
catalog_sales,1904
catalog_sales,1905
catalog_sales,1906
catalog_sales,1907
catalog_sales,1908
catalog_sales,1909
catalog_sales,1910
catalog_sales,1911
catalog_sales,1912
catalog_sales,1913
catalog_sales,1914
catalog_sales,1915
catalog_sales,1916
catalog_sales,1917
catalog_sales,1918
catalog_sales,1919
catalog_sales,1920
catalog_sales,1921
catalog_sales,1922
catalog_sales,1923
catalog_sales,1924
catalog_sales,1925
catalog_sales,1926
catalog_sales,1927
catalog_sales,1928
catalog_sales,1929
catalog_sales,1930
catalog_sales,1931
catalog_sales,1932
catalog_sales,1933
catalog_sales,1934
catalog_sales,1935
catalog_sales,1936
catalog_sales,1937
catalog_sales,1938
catalog_sales,1939
catalog_sales,1940
catalog_sales,1941
catalog_sales,1942
catalog_sales,1943
catalog_sales,1944
catalog_sales,1945
catalog_sales,1946
catalog_sales,1947
catalog_sales,1948
catalog_sales,1949
catalog_sales,1950
catalog_sales,1951
catalog_sales,1952
catalog_sales,1953
catalog_sales,1954
catalog_sales,1955
catalog_sales,1956
catalog_sales,1957
catalog_sales,1958
catalog_sales,1959
catalog_sales,1960
catalog_sales,1961
catalog_sales,1962
catalog_sales,1963
catalog_sales,1964
catalog_sales,1965
catalog_sales,1966
catalog_sales,1967
catalog_sales,1968
catalog_sales,1969
catalog_sales,1970
catalog_sales,1971
catalog_sales,1972
catalog_sales,1973
catalog_sales,1974
catalog_sales,1975
catalog_sales,1976
catalog_sales,1977
catalog_sales,1978
catalog_sales,1979
catalog_sales,1980
catalog_sales,1981
catalog_sales,1982
catalog_sales,1983
catalog_sales,1984
catalog_sales,1985
catalog_sales,1986
catalog_sales,1987
catalog_sales,1988
catalog_sales,1989
catalog_sales,1990
catalog_sales,1991
catalog_sales,1992
catalog_sales,1993
catalog_sales,1994
catalog_sales,1995
catalog_sales,1996
catalog_sales,1997
catalog_sales,1998
catalog_sales,1999
catalog_sales,2000
catalog_sales,2001
catalog_sales,2002
catalog_sales,2003
catalog_sales,2004
catalog_sales,2005
catalog_sales,2006
catalog_sales,2007
catalog_sales,2008
catalog_sales,2009
catalog_sales,2010
catalog_sales,2011
catalog_sales,2012
catalog_sales,2013
catalog_sales,2014
catalog_sales,2015
catalog_sales,2016
catalog_sales,2017
catalog_sales,2018
catalog_sales,2019
catalog_sales,2020
catalog_sales,2021
catalog_sales,2022
catalog_sales,2023
catalog_sales,2024
catalog_sales,2025
catalog_sales,2026
catalog_sales,2027
catalog_sales,2028
catalog_sales,2029
catalog_sales,2030
catalog_sales,2031
catalog_sales,2032
catalog_sales,2033
catalog_sales,2034
catalog_sales,2035
catalog_sales,2036
catalog_sales,2037
catalog_sales,2038
catalog_sales,2039
catalog_sales,2040
catalog_sales,2041
catalog_sales,2042
catalog_sales,2043
catalog_sales,2044
catalog_sales,2045
catalog_sales,2046
catalog_sales,2047
catalog_sales,2048
catalog_sales,2049
catalog_sales,2050
catalog_sales,2051
catalog_sales,2052
catalog_sales,2053
catalog_sales,2054
catalog_sales,2055
catalog_sales,2056
catalog_sales,2057
catalog_sales,2058
catalog_sales,2059
catalog_sales,2060
catalog_sales,2061
catalog_sales,2062
catalog_sales,2063
catalog_sales,2064
catalog_sales,2065
catalog_sales,2066
catalog_sales,2067
catalog_sales,2068
catalog_sales,2069
catalog_sales,2070
catalog_sales,2071
catalog_sales,2072
catalog_sales,2073
catalog_sales,2074
catalog_sales,2075
catalog_sales,2076
catalog_sales,2077
catalog_sales,2078
catalog_sales,2079
catalog_sales,2080
catalog_sales,2081
catalog_sales,2082
catalog_sales,2083
catalog_sales,2084
catalog_sales,2085
catalog_sales,2086
catalog_sales,2087
catalog_sales,2088
catalog_sales,2089
catalog_sales,2090
catalog_sales,2091
catalog_sales,2092
catalog_sales,2093
catalog_sales,2094
catalog_sales,2095
catalog_sales,2096
catalog_sales,2097
catalog_sales,2098
catalog_sales,2099
catalog_sales,2100
catalog_sales,2101
catalog_sales,2102
catalog_sales,2103
catalog_sales,2104
catalog_sales,2105
catalog_sales,2106
catalog_sales,2107
catalog_sales,2108
catalog_sales,2109
catalog_sales,2110
catalog_sales,2111
catalog_sales,2112
catalog_sales,2113
catalog_sales,2114
catalog_sales,2115
catalog_sales,2116
catalog_sales,2117
catalog_sales,2118
catalog_sales,2119
catalog_sales,2120
catalog_sales,2121
catalog_sales,2122
catalog_sales,2123
catalog_sales,2124
catalog_sales,2125
catalog_sales,2126
catalog_sales,2127
catalog_sales,2128
catalog_sales,2129
catalog_sales,2130
catalog_sales,2131
catalog_sales,2132
catalog_sales,2133
catalog_sales,2134
catalog_sales,2135
catalog_sales,2136
catalog_sales,2137
catalog_sales,2138
catalog_sales,2139
catalog_sales,2140
catalog_sales,2141
catalog_sales,2142
catalog_sales,2143
catalog_sales,2144
catalog_sales,2145
catalog_sales,2146
catalog_sales,2147
catalog_sales,2148
catalog_sales,2149
catalog_sales,2150
catalog_sales,2151
catalog_sales,2152
catalog_sales,2153
catalog_sales,2154
catalog_sales,2155
catalog_sales,2156
catalog_sales,2157
catalog_sales,2158
catalog_sales,2159
catalog_sales,2160
catalog_sales,2161
catalog_sales,2162
catalog_sales,2163
catalog_sales,2164
catalog_sales,2165
catalog_sales,2166
catalog_sales,2167
catalog_sales,2168
catalog_sales,2169
catalog_sales,2170
catalog_sales,2171
catalog_sales,2172
catalog_sales,2173
catalog_sales,2174
catalog_sales,2175
catalog_sales,2176
catalog_sales,2177
catalog_sales,2178
catalog_sales,2179
catalog_sales,2180
catalog_sales,2181
catalog_sales,2182
catalog_sales,2183
catalog_sales,2184
catalog_sales,2185
catalog_sales,2186
catalog_sales,2187
catalog_sales,2188
catalog_sales,2189
catalog_sales,2190
catalog_sales,2191
catalog_sales,2192
catalog_sales,2193
catalog_sales,2194
catalog_sales,2195
catalog_sales,2196
catalog_sales,2197
catalog_sales,2198
catalog_sales,2199
catalog_sales,2200
catalog_sales,2201
catalog_sales,2202
catalog_sales,2203
catalog_sales,2204
catalog_sales,2205
catalog_sales,2206
catalog_sales,2207
catalog_sales,2208
catalog_sales,2209
catalog_sales,2210
catalog_sales,2211
catalog_sales,2212
catalog_sales,2213
catalog_sales,2214
catalog_sales,2215
catalog_sales,2216
catalog_sales,2217
catalog_sales,2218
catalog_sales,2219
catalog_sales,2220
catalog_sales,2221
catalog_sales,2222
catalog_sales,2223
catalog_sales,2224
catalog_sales,2225
catalog_sales,2226
catalog_sales,2227
catalog_sales,2228
catalog_sales,2229
catalog_sales,2230
catalog_sales,2231
catalog_sales,2232
catalog_sales,2233
catalog_sales,2234
catalog_sales,2235
catalog_sales,2236
catalog_sales,2237
catalog_sales,2238
catalog_sales,2239
catalog_sales,2240
catalog_sales,2241
catalog_sales,2242
catalog_sales,2243
catalog_sales,2244
catalog_sales,2245
catalog_sales,2246
catalog_sales,2247
catalog_sales,2248
catalog_sales,2249
catalog_sales,2250
catalog_sales,2251
catalog_sales,2252
catalog_sales,2253
catalog_sales,2254
catalog_sales,2255
catalog_sales,2256
catalog_sales,2257
catalog_sales,2258
catalog_sales,2259
catalog_sales,2260
catalog_sales,2261
catalog_sales,2262
catalog_sales,2263
catalog_sales,2264
catalog_sales,2265
catalog_sales,2266
catalog_sales,2267
catalog_sales,2268
catalog_sales,2269
catalog_sales,2270
catalog_sales,2271
catalog_sales,2272
catalog_sales,2273
catalog_sales,2274
catalog_sales,2275
catalog_sales,2276
catalog_sales,2277
catalog_sales,2278
catalog_sales,2279
catalog_sales,2280
catalog_sales,2281
catalog_sales,2282
catalog_sales,2283
catalog_sales,2284
catalog_sales,2285
catalog_sales,2286
catalog_sales,2287
catalog_sales,2288
catalog_sales,2289
catalog_sales,2290
catalog_sales,2291
catalog_sales,2292
catalog_sales,2293
catalog_sales,2294
catalog_sales,2295
catalog_sales,2296
catalog_sales,2297
catalog_sales,2298
catalog_sales,2299
catalog_sales,2300
catalog_sales,2301
catalog_sales,2302
catalog_sales,2303
catalog_sales,2304
catalog_sales,2305
catalog_sales,2306
catalog_sales,2307
catalog_sales,2308
catalog_sales,2309
catalog_sales,2310
catalog_sales,2311
catalog_sales,2312
catalog_sales,2313
catalog_sales,2314
catalog_sales,2315
catalog_sales,2316
catalog_sales,2317
catalog_sales,2318
catalog_sales,2319
catalog_sales,2320
catalog_sales,2321
catalog_sales,2322
catalog_sales,2323
catalog_sales,2324
catalog_sales,2325
catalog_sales,2326
catalog_sales,2327
catalog_sales,2328
catalog_sales,2329
catalog_sales,2330
catalog_sales,2331
catalog_sales,2332
catalog_sales,2333
catalog_sales,2334
catalog_sales,2335
catalog_sales,2336
catalog_sales,2337
catalog_sales,2338
catalog_sales,2339
catalog_sales,2340
catalog_sales,2341
catalog_sales,2342
catalog_sales,2343
catalog_sales,2344
catalog_sales,2345
catalog_sales,2346
catalog_sales,2347
catalog_sales,2348
catalog_sales,2349
catalog_sales,2350
catalog_sales,2351
catalog_sales,2352
catalog_sales,2353
catalog_sales,2354
catalog_sales,2355
catalog_sales,2356
catalog_sales,2357
catalog_sales,2358
catalog_sales,2359
catalog_sales,2360
catalog_sales,2361
catalog_sales,2362
catalog_sales,2363
catalog_sales,2364
catalog_sales,2365
catalog_sales,2366
catalog_sales,2367
catalog_sales,2368
catalog_sales,2369
catalog_sales,2370
catalog_sales,2371
catalog_sales,2372
catalog_sales,2373
catalog_sales,2374
catalog_sales,2375
catalog_sales,2376
catalog_sales,2377
catalog_sales,2378
catalog_sales,2379
catalog_sales,2380
catalog_sales,2381
catalog_sales,2382
catalog_sales,2383
catalog_sales,2384
catalog_sales,2385
catalog_sales,2386
catalog_sales,2387
catalog_sales,2388
catalog_sales,2389
catalog_sales,2390
catalog_sales,2391
catalog_sales,2392
catalog_sales,2393
catalog_sales,2394
catalog_sales,2395
catalog_sales,2396
catalog_sales,2397
catalog_sales,2398
catalog_sales,2399
catalog_sales,2400
catalog_sales,2401
catalog_sales,2402
catalog_sales,2403
catalog_sales,2404
catalog_sales,2405
catalog_sales,2406
catalog_sales,2407
catalog_sales,2408
catalog_sales,2409
catalog_sales,2410
catalog_sales,2411
catalog_sales,2412
catalog_sales,2413
catalog_sales,2414
catalog_sales,2415
catalog_sales,2416
catalog_sales,2417
catalog_sales,2418
catalog_sales,2419
catalog_sales,2420
catalog_sales,2421
catalog_sales,2422
catalog_sales,2423
catalog_sales,2424
catalog_sales,2425
catalog_sales,2426
catalog_sales,2427
catalog_sales,2428
catalog_sales,2429
catalog_sales,2430
catalog_sales,2431
catalog_sales,2432
catalog_sales,2433
catalog_sales,2434
catalog_sales,2435
catalog_sales,2436
catalog_sales,2437
catalog_sales,2438
catalog_sales,2439
catalog_sales,2440
catalog_sales,2441
catalog_sales,2442
catalog_sales,2443
catalog_sales,2444
catalog_sales,2445
catalog_sales,2446
catalog_sales,2447
catalog_sales,2448
catalog_sales,2449
catalog_sales,2450
catalog_sales,2451
catalog_sales,2452
catalog_sales,2453
catalog_sales,2454
catalog_sales,2455
catalog_sales,2456
catalog_sales,2457
catalog_sales,2458
catalog_sales,2459
catalog_sales,2460
catalog_sales,2461
catalog_sales,2462
catalog_sales,2463
catalog_sales,2464
catalog_sales,2465
catalog_sales,2466
catalog_sales,2467
catalog_sales,2468
catalog_sales,2469
catalog_sales,2470
catalog_sales,2471
catalog_sales,2472
catalog_sales,2473
catalog_sales,2474
catalog_sales,2475
catalog_sales,2476
catalog_sales,2477
catalog_sales,2478
catalog_sales,2479
catalog_sales,2480
catalog_sales,2481
catalog_sales,2482
catalog_sales,2483
catalog_sales,2484
catalog_sales,2485
catalog_sales,2486
catalog_sales,2487
catalog_sales,2488
catalog_sales,2489
catalog_sales,2490
catalog_sales,2491
catalog_sales,2492
catalog_sales,2493
catalog_sales,2494
catalog_sales,2495
catalog_sales,2496
catalog_sales,2497
catalog_sales,2498
catalog_sales,2499
catalog_sales,2500
catalog_sales,2501
catalog_sales,2502
catalog_sales,2503
catalog_sales,2504
catalog_sales,2505
catalog_sales,2506
catalog_sales,2507
catalog_sales,2508
catalog_sales,2509
catalog_sales,2510
catalog_sales,2511
catalog_sales,2512
catalog_sales,2513
catalog_sales,2514
catalog_sales,2515
catalog_sales,2516
catalog_sales,2517
catalog_sales,2518
catalog_sales,2519
catalog_sales,2520
catalog_sales,2521
catalog_sales,2522
catalog_sales,2523
catalog_sales,2524
catalog_sales,2525
catalog_sales,2526
catalog_sales,2527
catalog_sales,2528
catalog_sales,2529
catalog_sales,2530
catalog_sales,2531
catalog_sales,2532
catalog_sales,2533
catalog_sales,2534
catalog_sales,2535
catalog_sales,2536
catalog_sales,2537
catalog_sales,2538
catalog_sales,2539
catalog_sales,2540
catalog_sales,2541
catalog_sales,2542
catalog_sales,2543
catalog_sales,2544
catalog_sales,2545
catalog_sales,2546
catalog_sales,2547
catalog_sales,2548
catalog_sales,2549
catalog_sales,2550
catalog_sales,2551
catalog_sales,2552
catalog_sales,2553
catalog_sales,2554
catalog_sales,2555
catalog_sales,2556
catalog_sales,2557
catalog_sales,2558
catalog_sales,2559
catalog_sales,2560
catalog_sales,2561
catalog_sales,2562
catalog_sales,2563
catalog_sales,2564
catalog_sales,2565
catalog_sales,2566
catalog_sales,2567
catalog_sales,2568
catalog_sales,2569
catalog_sales,2570
catalog_sales,2571
catalog_sales,2572
catalog_sales,2573
catalog_sales,2574
catalog_sales,2575
catalog_sales,2576
catalog_sales,2577
catalog_sales,2578
catalog_sales,2579
catalog_sales,2580
catalog_sales,2581
catalog_sales,2582
catalog_sales,2583
catalog_sales,2584
catalog_sales,2585
catalog_sales,2586
catalog_sales,2587
catalog_sales,2588
catalog_sales,2589
catalog_sales,2590
catalog_sales,2591
catalog_sales,2592
catalog_sales,2593
catalog_sales,2594
catalog_sales,2595
catalog_sales,2596
catalog_sales,2597
catalog_sales,2598
catalog_sales,2599
catalog_sales,2600
catalog_sales,2601
catalog_sales,2602
catalog_sales,2603
catalog_sales,2604
catalog_sales,2605
catalog_sales,2606
catalog_sales,2607
catalog_sales,2608
catalog_sales,2609
catalog_sales,2610
catalog_sales,2611
catalog_sales,2612
catalog_sales,2613
catalog_sales,2614
catalog_sales,2615
catalog_sales,2616
catalog_sales,2617
catalog_sales,2618
catalog_sales,2619
catalog_sales,2620
catalog_sales,2621
catalog_sales,2622
catalog_sales,2623
catalog_sales,2624
catalog_sales,2625
catalog_sales,2626
catalog_sales,2627
catalog_sales,2628
catalog_sales,2629
catalog_sales,2630
catalog_sales,2631
catalog_sales,2632
catalog_sales,2633
catalog_sales,2634
catalog_sales,2635
catalog_sales,2636
catalog_sales,2637
catalog_sales,2638
catalog_sales,2639
catalog_sales,2640
catalog_sales,2641
catalog_sales,2642
catalog_sales,2643
catalog_sales,2644
catalog_sales,2645
catalog_sales,2646
catalog_sales,2647
catalog_sales,2648
catalog_sales,2649
catalog_sales,2650
catalog_sales,2651
catalog_sales,2652
catalog_sales,2653
catalog_sales,2654
catalog_sales,2655
catalog_sales,2656
catalog_sales,2657
catalog_sales,2658
catalog_sales,2659
catalog_sales,2660
catalog_sales,2661
catalog_sales,2662
catalog_sales,2663
catalog_sales,2664
catalog_sales,2665
catalog_sales,2666
catalog_sales,2667
catalog_sales,2668
catalog_sales,2669
catalog_sales,2670
catalog_sales,2671
catalog_sales,2672
catalog_sales,2673
catalog_sales,2674
catalog_sales,2675
catalog_sales,2676
catalog_sales,2677
catalog_sales,2678
catalog_sales,2679
catalog_sales,2680
catalog_sales,2681
catalog_sales,2682
catalog_sales,2683
catalog_sales,2684
catalog_sales,2685
catalog_sales,2686
catalog_sales,2687
catalog_sales,2688
catalog_sales,2689
catalog_sales,2690
catalog_sales,2691
catalog_sales,2692
catalog_sales,2693
catalog_sales,2694
catalog_sales,2695
catalog_sales,2696
catalog_sales,2697
catalog_sales,2698
catalog_sales,2699
catalog_sales,2700
catalog_sales,2701
catalog_sales,2702
catalog_sales,2703
catalog_sales,2704
catalog_sales,2705
catalog_sales,2706
catalog_sales,2707
catalog_sales,2708
catalog_sales,2709
catalog_sales,2710
catalog_sales,2711
catalog_sales,2712
catalog_sales,2713
catalog_sales,2714
catalog_sales,2715
catalog_sales,2716
catalog_sales,2717
catalog_sales,2718
catalog_sales,2719
catalog_sales,2720
catalog_sales,2721
catalog_sales,2722
catalog_sales,2723
catalog_sales,2724
catalog_sales,2725
catalog_sales,2726
catalog_sales,2727
catalog_sales,2728
catalog_sales,2729
catalog_sales,2730
catalog_sales,2731
catalog_sales,2732
catalog_sales,2733
catalog_sales,2734
catalog_sales,2735
catalog_sales,2736
catalog_sales,2737
catalog_sales,2738
catalog_sales,2739
catalog_sales,2740
catalog_sales,2741
catalog_sales,2742
catalog_sales,2743
catalog_sales,2744
catalog_sales,2745
catalog_sales,2746
catalog_sales,2747
catalog_sales,2748
catalog_sales,2749
catalog_sales,2750
catalog_sales,2751
catalog_sales,2752
catalog_sales,2753
catalog_sales,2754
catalog_sales,2755
catalog_sales,2756
catalog_sales,2757
catalog_sales,2758
catalog_sales,2759
catalog_sales,2760
catalog_sales,2761
catalog_sales,2762
catalog_sales,2763
catalog_sales,2764
catalog_sales,2765
catalog_sales,2766
catalog_sales,2767
catalog_sales,2768
catalog_sales,2769
catalog_sales,2770
catalog_sales,2771
catalog_sales,2772
catalog_sales,2773
catalog_sales,2774
catalog_sales,2775
catalog_sales,2776
catalog_sales,2777
catalog_sales,2778
catalog_sales,2779
catalog_sales,2780
catalog_sales,2781
catalog_sales,2782
catalog_sales,2783
catalog_sales,2784
catalog_sales,2785
catalog_sales,2786
catalog_sales,2787
catalog_sales,2788
catalog_sales,2789
catalog_sales,2790
catalog_sales,2791
catalog_sales,2792
catalog_sales,2793
catalog_sales,2794
catalog_sales,2795
catalog_sales,2796
catalog_sales,2797
catalog_sales,2798
catalog_sales,2799
catalog_sales,2800
catalog_sales,2801
catalog_sales,2802
catalog_sales,2803
catalog_sales,2804
catalog_sales,2805
catalog_sales,2806
catalog_sales,2807
catalog_sales,2808
catalog_sales,2809
catalog_sales,2810
catalog_sales,2811
catalog_sales,2812
catalog_sales,2813
catalog_sales,2814
catalog_sales,2815
catalog_sales,2816
catalog_sales,2817
catalog_sales,2818
catalog_sales,2819
catalog_sales,2820
catalog_sales,2821
catalog_sales,2822
catalog_sales,2823
catalog_sales,2824
catalog_sales,2825
catalog_sales,2826
catalog_sales,2827
catalog_sales,2828
catalog_sales,2829
catalog_sales,2830
catalog_sales,2831
catalog_sales,2832
catalog_sales,2833
catalog_sales,2834
catalog_sales,2835
catalog_sales,2836
catalog_sales,2837
catalog_sales,2838
catalog_sales,2839
catalog_sales,2840
catalog_sales,2841
catalog_sales,2842
catalog_sales,2843
catalog_sales,2844
catalog_sales,2845
catalog_sales,2846
catalog_sales,2847
catalog_sales,2848
catalog_sales,2849
catalog_sales,2850
catalog_sales,2851
catalog_sales,2852
catalog_sales,2853
catalog_sales,2854
catalog_sales,2855
catalog_sales,2856
catalog_sales,2857
catalog_sales,2858
catalog_sales,2859
catalog_sales,2860
catalog_sales,2861
catalog_sales,2862
catalog_sales,2863
catalog_sales,2864
catalog_sales,2865
catalog_sales,2866
catalog_sales,2867
catalog_sales,2868
catalog_sales,2869
catalog_sales,2870
catalog_sales,2871
catalog_sales,2872
catalog_sales,2873
catalog_sales,2874
catalog_sales,2875
catalog_sales,2876
catalog_sales,2877
catalog_sales,2878
catalog_sales,2879
catalog_sales,2880
catalog_sales,2881
catalog_sales,2882
catalog_sales,2883
catalog_sales,2884
catalog_sales,2885
catalog_sales,2886
catalog_sales,2887
catalog_sales,2888
catalog_sales,2889
catalog_sales,2890
catalog_sales,2891
catalog_sales,2892
catalog_sales,2893
catalog_sales,2894
catalog_sales,2895
catalog_sales,2896
catalog_sales,2897
catalog_sales,2898
catalog_sales,2899
catalog_sales,2900
catalog_sales,2901
catalog_sales,2902
catalog_sales,2903
catalog_sales,2904
catalog_sales,2905
catalog_sales,2906
catalog_sales,2907
catalog_sales,2908
catalog_sales,2909
catalog_sales,2910
catalog_sales,2911
catalog_sales,2912
catalog_sales,2913
catalog_sales,2914
catalog_sales,2915
catalog_sales,2916
catalog_sales,2917
catalog_sales,2918
catalog_sales,2919
catalog_sales,2920
catalog_sales,2921
catalog_sales,2922
catalog_sales,2923
catalog_sales,2924
catalog_sales,2925
catalog_sales,2926
catalog_sales,2927
catalog_sales,2928
catalog_sales,2929
catalog_sales,2930
catalog_sales,2931
catalog_sales,2932
catalog_sales,2933
catalog_sales,2934
catalog_sales,2935
catalog_sales,2936
catalog_sales,2937
catalog_sales,2938
catalog_sales,2939
catalog_sales,2940
catalog_sales,2941
catalog_sales,2942
catalog_sales,2943
catalog_sales,2944
catalog_sales,2945
catalog_sales,2946
catalog_sales,2947
catalog_sales,2948
catalog_sales,2949
catalog_sales,2950
catalog_sales,2951
catalog_sales,2952
catalog_sales,2953
catalog_sales,2954
catalog_sales,2955
catalog_sales,2956
catalog_sales,2957
catalog_sales,2958
catalog_sales,2959
catalog_sales,2960
catalog_sales,2961
catalog_sales,2962
catalog_sales,2963
catalog_sales,2964
catalog_sales,2965
catalog_sales,2966
catalog_sales,2967
catalog_sales,2968
catalog_sales,2969
catalog_sales,2970
catalog_sales,2971
catalog_sales,2972
catalog_sales,2973
catalog_sales,2974
catalog_sales,2975
catalog_sales,2976
catalog_sales,2977
catalog_sales,2978
catalog_sales,2979
catalog_sales,2980
catalog_sales,2981
catalog_sales,2982
catalog_sales,2983
catalog_sales,2984
catalog_sales,2985
catalog_sales,2986
catalog_sales,2987
catalog_sales,2988
catalog_sales,2989
catalog_sales,2990
catalog_sales,2991
catalog_sales,2992
catalog_sales,2993
catalog_sales,2994
catalog_sales,2995
catalog_sales,2996
catalog_sales,2997
catalog_sales,2998
catalog_sales,2999
catalog_sales,3000
catalog_sales,3001
catalog_sales,3002
catalog_sales,3003
catalog_sales,3004
catalog_sales,3005
catalog_sales,3006
catalog_sales,3007
catalog_sales,3008
catalog_sales,3009
catalog_sales,3010
catalog_sales,3011
catalog_sales,3012
catalog_sales,3013
catalog_sales,3014
catalog_sales,3015
catalog_sales,3016
catalog_sales,3017
catalog_sales,3018
catalog_sales,3019
catalog_sales,3020
catalog_sales,3021
catalog_sales,3022
catalog_sales,3023
catalog_sales,3024
catalog_sales,3025
catalog_sales,3026
catalog_sales,3027
catalog_sales,3028
catalog_sales,3029
catalog_sales,3030
catalog_sales,3031
catalog_sales,3032
catalog_sales,3033
catalog_sales,3034
catalog_sales,3035
catalog_sales,3036
catalog_sales,3037
catalog_sales,3038
catalog_sales,3039
catalog_sales,3040
catalog_sales,3041
catalog_sales,3042
catalog_sales,3043
catalog_sales,3044
catalog_sales,3045
catalog_sales,3046
catalog_sales,3047
catalog_sales,3048
catalog_sales,3049
catalog_sales,3050
catalog_sales,3051
catalog_sales,3052
catalog_sales,3053
catalog_sales,3054
catalog_sales,3055
catalog_sales,3056
catalog_sales,3057
catalog_sales,3058
catalog_sales,3059
catalog_sales,3060
catalog_sales,3061
catalog_sales,3062
catalog_sales,3063
catalog_sales,3064
catalog_sales,3065
catalog_sales,3066
catalog_sales,3067
catalog_sales,3068
catalog_sales,3069
catalog_sales,3070
catalog_sales,3071
catalog_sales,3072
catalog_sales,3073
catalog_sales,3074
catalog_sales,3075
catalog_sales,3076
catalog_sales,3077
catalog_sales,3078
catalog_sales,3079
catalog_sales,3080
catalog_sales,3081
catalog_sales,3082
catalog_sales,3083
catalog_sales,3084
catalog_sales,3085
catalog_sales,3086
catalog_sales,3087
catalog_sales,3088
catalog_sales,3089
catalog_sales,3090
catalog_sales,3091
catalog_sales,3092
catalog_sales,3093
catalog_sales,3094
catalog_sales,3095
catalog_sales,3096
catalog_sales,3097
catalog_sales,3098
catalog_sales,3099
catalog_sales,3100
catalog_sales,3101
catalog_sales,3102
catalog_sales,3103
catalog_sales,3104
catalog_sales,3105
catalog_sales,3106
catalog_sales,3107
catalog_sales,3108
catalog_sales,3109
catalog_sales,3110
catalog_sales,3111
catalog_sales,3112
catalog_sales,3113
catalog_sales,3114
catalog_sales,3115
catalog_sales,3116
catalog_sales,3117
catalog_sales,3118
catalog_sales,3119
catalog_sales,3120
catalog_sales,3121
catalog_sales,3122
catalog_sales,3123
catalog_sales,3124
catalog_sales,3125
catalog_sales,3126
catalog_sales,3127
catalog_sales,3128
catalog_sales,3129
catalog_sales,3130
catalog_sales,3131
catalog_sales,3132
catalog_sales,3133
catalog_sales,3134
catalog_sales,3135
catalog_sales,3136
catalog_sales,3137
catalog_sales,3138
catalog_sales,3139
catalog_sales,3140
catalog_sales,3141
catalog_sales,3142
catalog_sales,3143
catalog_sales,3144
catalog_sales,3145
catalog_sales,3146
catalog_sales,3147
catalog_sales,3148
catalog_sales,3149
catalog_sales,3150
catalog_sales,3151
catalog_sales,3152
catalog_sales,3153
catalog_sales,3154
catalog_sales,3155
catalog_sales,3156
catalog_sales,3157
catalog_sales,3158
catalog_sales,3159
catalog_sales,3160
catalog_sales,3161
catalog_sales,3162
catalog_sales,3163
catalog_sales,3164
catalog_sales,3165
catalog_sales,3166
catalog_sales,3167
catalog_sales,3168
catalog_sales,3169
catalog_sales,3170
catalog_sales,3171
catalog_sales,3172
catalog_sales,3173
catalog_sales,3174
catalog_sales,3175
catalog_sales,3176
catalog_sales,3177
catalog_sales,3178
catalog_sales,3179
catalog_sales,3180
catalog_sales,3181
catalog_sales,3182
catalog_sales,3183
catalog_sales,3184
catalog_sales,3185
catalog_sales,3186
catalog_sales,3187
catalog_sales,3188
catalog_sales,3189
catalog_sales,3190
catalog_sales,3191
catalog_sales,3192
catalog_sales,3193
catalog_sales,3194
catalog_sales,3195
catalog_sales,3196
catalog_sales,3197
catalog_sales,3198
catalog_sales,3199
catalog_sales,3200
catalog_sales,3201
catalog_sales,3202
catalog_sales,3203
catalog_sales,3204
catalog_sales,3205
catalog_sales,3206
catalog_sales,3207
catalog_sales,3208
catalog_sales,3209
catalog_sales,3210
catalog_sales,3211
catalog_sales,3212
catalog_sales,3213
catalog_sales,3214
catalog_sales,3215
catalog_sales,3216
catalog_sales,3217
catalog_sales,3218
catalog_sales,3219
catalog_sales,3220
catalog_sales,3221
catalog_sales,3222
catalog_sales,3223
catalog_sales,3224
catalog_sales,3225
catalog_sales,3226
catalog_sales,3227
catalog_sales,3228
catalog_sales,3229
catalog_sales,3230
catalog_sales,3231
catalog_sales,3232
catalog_sales,3233
catalog_sales,3234
catalog_sales,3235
catalog_sales,3236
catalog_sales,3237
catalog_sales,3238
catalog_sales,3239
catalog_sales,3240
catalog_sales,3241
catalog_sales,3242
catalog_sales,3243
catalog_sales,3244
catalog_sales,3245
catalog_sales,3246
catalog_sales,3247
catalog_sales,3248
catalog_sales,3249
catalog_sales,3250
catalog_sales,3251
catalog_sales,3252
catalog_sales,3253
catalog_sales,3254
catalog_sales,3255
catalog_sales,3256
catalog_sales,3257
catalog_sales,3258
catalog_sales,3259
catalog_sales,3260
catalog_sales,3261
catalog_sales,3262
catalog_sales,3263
catalog_sales,3264
catalog_sales,3265
catalog_sales,3266
catalog_sales,3267
catalog_sales,3268
catalog_sales,3269
catalog_sales,3270
catalog_sales,3271
catalog_sales,3272
catalog_sales,3273
catalog_sales,3274
catalog_sales,3275
catalog_sales,3276
catalog_sales,3277
catalog_sales,3278
catalog_sales,3279
catalog_sales,3280
catalog_sales,3281
catalog_sales,3282
catalog_sales,3283
catalog_sales,3284
catalog_sales,3285
catalog_sales,3286
catalog_sales,3287
catalog_sales,3288
catalog_sales,3289
catalog_sales,3290
catalog_sales,3291
catalog_sales,3292
catalog_sales,3293
catalog_sales,3294
catalog_sales,3295
catalog_sales,3296
catalog_sales,3297
catalog_sales,3298
catalog_sales,3299
catalog_sales,3300
catalog_sales,3301
catalog_sales,3302
catalog_sales,3303
catalog_sales,3304
catalog_sales,3305
catalog_sales,3306
catalog_sales,3307
catalog_sales,3308
catalog_sales,3309
catalog_sales,3310
catalog_sales,3311
catalog_sales,3312
catalog_sales,3313
catalog_sales,3314
catalog_sales,3315
catalog_sales,3316
catalog_sales,3317
catalog_sales,3318
catalog_sales,3319
catalog_sales,3320
catalog_sales,3321
catalog_sales,3322
catalog_sales,3323
catalog_sales,3324
catalog_sales,3325
catalog_sales,3326
catalog_sales,3327
catalog_sales,3328
catalog_sales,3329
catalog_sales,3330
catalog_sales,3331
catalog_sales,3332
catalog_sales,3333
catalog_sales,3334
catalog_sales,3335
catalog_sales,3336
catalog_sales,3337
catalog_sales,3338
catalog_sales,3339
catalog_sales,3340
catalog_sales,3341
catalog_sales,3342
catalog_sales,3343
catalog_sales,3344
catalog_sales,3345
catalog_sales,3346
catalog_sales,3347
catalog_sales,3348
catalog_sales,3349
catalog_sales,3350
catalog_sales,3351
catalog_sales,3352
catalog_sales,3353
catalog_sales,3354
catalog_sales,3355
catalog_sales,3356
catalog_sales,3357
catalog_sales,3358
catalog_sales,3359
catalog_sales,3360
catalog_sales,3361
catalog_sales,3362
catalog_sales,3363
catalog_sales,3364
catalog_sales,3365
catalog_sales,3366
catalog_sales,3367
catalog_sales,3368
catalog_sales,3369
catalog_sales,3370
catalog_sales,3371
catalog_sales,3372
catalog_sales,3373
catalog_sales,3374
catalog_sales,3375
catalog_sales,3376
catalog_sales,3377
catalog_sales,3378
catalog_sales,3379
catalog_sales,3380
catalog_sales,3381
catalog_sales,3382
catalog_sales,3383
catalog_sales,3384
catalog_sales,3385
catalog_sales,3386
catalog_sales,3387
catalog_sales,3388
catalog_sales,3389
catalog_sales,3390
catalog_sales,3391
catalog_sales,3392
catalog_sales,3393
catalog_sales,3394
catalog_sales,3395
catalog_sales,3396
catalog_sales,3397
catalog_sales,3398
catalog_sales,3399
catalog_sales,3400
catalog_sales,3401
catalog_sales,3402
catalog_sales,3403
catalog_sales,3404
catalog_sales,3405
catalog_sales,3406
catalog_sales,3407
catalog_sales,3408
catalog_sales,3409
catalog_sales,3410
catalog_sales,3411
catalog_sales,3412
catalog_sales,3413
catalog_sales,3414
catalog_sales,3415
catalog_sales,3416
catalog_sales,3417
catalog_sales,3418
catalog_sales,3419
catalog_sales,3420
catalog_sales,3421
catalog_sales,3422
catalog_sales,3423
catalog_sales,3424
catalog_sales,3425
catalog_sales,3426
catalog_sales,3427
catalog_sales,3428
catalog_sales,3429
catalog_sales,3430
catalog_sales,3431
catalog_sales,3432
catalog_sales,3433
catalog_sales,3434
catalog_sales,3435
catalog_sales,3436
catalog_sales,3437
catalog_sales,3438
catalog_sales,3439
catalog_sales,3440
catalog_sales,3441
catalog_sales,3442
catalog_sales,3443
catalog_sales,3444
catalog_sales,3445
catalog_sales,3446
catalog_sales,3447
catalog_sales,3448
catalog_sales,3449
catalog_sales,3450
catalog_sales,3451
catalog_sales,3452
catalog_sales,3453
catalog_sales,3454
catalog_sales,3455
catalog_sales,3456
catalog_sales,3457
catalog_sales,3458
catalog_sales,3459
catalog_sales,3460
catalog_sales,3461
catalog_sales,3462
catalog_sales,3463
catalog_sales,3464
catalog_sales,3465
catalog_sales,3466
catalog_sales,3467
catalog_sales,3468
catalog_sales,3469
catalog_sales,3470
catalog_sales,3471
catalog_sales,3472
catalog_sales,3473
catalog_sales,3474
catalog_sales,3475
catalog_sales,3476
catalog_sales,3477
catalog_sales,3478
catalog_sales,3479
catalog_sales,3480
catalog_sales,3481
catalog_sales,3482
catalog_sales,3483
catalog_sales,3484
catalog_sales,3485
catalog_sales,3486
catalog_sales,3487
catalog_sales,3488
catalog_sales,3489
catalog_sales,3490
catalog_sales,3491
catalog_sales,3492
catalog_sales,3493
catalog_sales,3494
catalog_sales,3495
catalog_sales,3496
catalog_sales,3497
catalog_sales,3498
catalog_sales,3499
catalog_sales,3500
catalog_sales,3501
catalog_sales,3502
catalog_sales,3503
catalog_sales,3504
catalog_sales,3505
catalog_sales,3506
catalog_sales,3507
catalog_sales,3508
catalog_sales,3509
catalog_sales,3510
catalog_sales,3511
catalog_sales,3512
catalog_sales,3513
catalog_sales,3514
catalog_sales,3515
catalog_sales,3516
catalog_sales,3517
catalog_sales,3518
catalog_sales,3519
catalog_sales,3520
catalog_sales,3521
catalog_sales,3522
catalog_sales,3523
catalog_sales,3524
catalog_sales,3525
catalog_sales,3526
catalog_sales,3527
catalog_sales,3528
catalog_sales,3529
catalog_sales,3530
catalog_sales,3531
catalog_sales,3532
catalog_sales,3533
catalog_sales,3534
catalog_sales,3535
catalog_sales,3536
catalog_sales,3537
catalog_sales,3538
catalog_sales,3539
catalog_sales,3540
catalog_sales,3541
catalog_sales,3542
catalog_sales,3543
catalog_sales,3544
catalog_sales,3545
catalog_sales,3546
catalog_sales,3547
catalog_sales,3548
catalog_sales,3549
catalog_sales,3550
catalog_sales,3551
catalog_sales,3552
catalog_sales,3553
catalog_sales,3554
catalog_sales,3555
catalog_sales,3556
catalog_sales,3557
catalog_sales,3558
catalog_sales,3559
catalog_sales,3560
catalog_sales,3561
catalog_sales,3562
catalog_sales,3563
catalog_sales,3564
catalog_sales,3565
catalog_sales,3566
catalog_sales,3567
catalog_sales,3568
catalog_sales,3569
catalog_sales,3570
catalog_sales,3571
catalog_sales,3572
catalog_sales,3573
catalog_sales,3574
catalog_sales,3575
catalog_sales,3576
catalog_sales,3577
catalog_sales,3578
catalog_sales,3579
catalog_sales,3580
catalog_sales,3581
catalog_sales,3582
catalog_sales,3583
catalog_sales,3584
catalog_sales,3585
catalog_sales,3586
catalog_sales,3587
catalog_sales,3588
catalog_sales,3589
catalog_sales,3590
catalog_sales,3591
catalog_sales,3592
catalog_sales,3593
catalog_sales,3594
catalog_sales,3595
catalog_sales,3596
catalog_sales,3597
catalog_sales,3598
catalog_sales,3599
catalog_sales,3600
catalog_sales,3601
catalog_sales,3602
catalog_sales,3603
catalog_sales,3604
catalog_sales,3605
catalog_sales,3606
catalog_sales,3607
catalog_sales,3608
catalog_sales,3609
catalog_sales,3610
catalog_sales,3611
catalog_sales,3612
catalog_sales,3613
catalog_sales,3614
catalog_sales,3615
catalog_sales,3616
catalog_sales,3617
catalog_sales,3618
catalog_sales,3619
catalog_sales,3620
catalog_sales,3621
catalog_sales,3622
catalog_sales,3623
catalog_sales,3624
catalog_sales,3625
catalog_sales,3626
catalog_sales,3627
catalog_sales,3628
catalog_sales,3629
catalog_sales,3630
catalog_sales,3631
catalog_sales,3632
catalog_sales,3633
catalog_sales,3634
catalog_sales,3635
catalog_sales,3636
catalog_sales,3637
catalog_sales,3638
catalog_sales,3639
catalog_sales,3640
catalog_sales,3641
catalog_sales,3642
catalog_sales,3643
catalog_sales,3644
catalog_sales,3645
catalog_sales,3646
catalog_sales,3647
catalog_sales,3648
catalog_sales,3649
catalog_sales,3650
catalog_sales,3651
catalog_sales,3652
catalog_sales,3653
catalog_sales,3654
catalog_sales,3655
catalog_sales,3656
catalog_sales,3657
catalog_sales,3658
catalog_sales,3659
catalog_sales,3660
catalog_sales,3661
catalog_sales,3662
catalog_sales,3663
catalog_sales,3664
catalog_sales,3665
catalog_sales,3666
catalog_sales,3667
catalog_sales,3668
catalog_sales,3669
catalog_sales,3670
catalog_sales,3671
catalog_sales,3672
catalog_sales,3673
catalog_sales,3674
catalog_sales,3675
catalog_sales,3676
catalog_sales,3677
catalog_sales,3678
catalog_sales,3679
catalog_sales,3680
catalog_sales,3681
catalog_sales,3682
catalog_sales,3683
catalog_sales,3684
catalog_sales,3685
catalog_sales,3686
catalog_sales,3687
catalog_sales,3688
catalog_sales,3689
catalog_sales,3690
catalog_sales,3691
catalog_sales,3692
catalog_sales,3693
catalog_sales,3694
catalog_sales,3695
catalog_sales,3696
catalog_sales,3697
catalog_sales,3698
catalog_sales,3699
catalog_sales,3700
catalog_sales,3701
catalog_sales,3702
catalog_sales,3703
catalog_sales,3704
catalog_sales,3705
catalog_sales,3706
catalog_sales,3707
catalog_sales,3708
catalog_sales,3709
catalog_sales,3710
catalog_sales,3711
catalog_sales,3712
catalog_sales,3713
catalog_sales,3714
catalog_sales,3715
catalog_sales,3716
catalog_sales,3717
catalog_sales,3718
catalog_sales,3719
catalog_sales,3720
catalog_sales,3721
catalog_sales,3722
catalog_sales,3723
catalog_sales,3724
catalog_sales,3725
catalog_sales,3726
catalog_sales,3727
catalog_sales,3728
catalog_sales,3729
catalog_sales,3730
catalog_sales,3731
catalog_sales,3732
catalog_sales,3733
catalog_sales,3734
catalog_sales,3735
catalog_sales,3736
catalog_sales,3737
catalog_sales,3738
catalog_sales,3739
catalog_sales,3740
catalog_sales,3741
catalog_sales,3742
catalog_sales,3743
catalog_sales,3744
catalog_sales,3745
catalog_sales,3746
catalog_sales,3747
catalog_sales,3748
catalog_sales,3749
catalog_sales,3750
catalog_sales,3751
catalog_sales,3752
catalog_sales,3753
catalog_sales,3754
catalog_sales,3755
catalog_sales,3756
catalog_sales,3757
catalog_sales,3758
catalog_sales,3759
catalog_sales,3760
catalog_sales,3761
catalog_sales,3762
catalog_sales,3763
catalog_sales,3764
catalog_sales,3765
catalog_sales,3766
catalog_sales,3767
catalog_sales,3768
catalog_sales,3769
catalog_sales,3770
catalog_sales,3771
catalog_sales,3772
catalog_sales,3773
catalog_sales,3774
catalog_sales,3775
catalog_sales,3776
catalog_sales,3777
catalog_sales,3778
catalog_sales,3779
catalog_sales,3780
catalog_sales,3781
catalog_sales,3782
catalog_sales,3783
catalog_sales,3784
catalog_sales,3785
catalog_sales,3786
catalog_sales,3787
catalog_sales,3788
catalog_sales,3789
catalog_sales,3790
catalog_sales,3791
catalog_sales,3792
catalog_sales,3793
catalog_sales,3794
catalog_sales,3795
catalog_sales,3796
catalog_sales,3797
catalog_sales,3798
catalog_sales,3799
catalog_sales,3800
catalog_sales,3801
catalog_sales,3802
catalog_sales,3803
catalog_sales,3804
catalog_sales,3805
catalog_sales,3806
catalog_sales,3807
catalog_sales,3808
catalog_sales,3809
catalog_sales,3810
catalog_sales,3811
catalog_sales,3812
catalog_sales,3813
catalog_sales,3814
catalog_sales,3815
catalog_sales,3816
catalog_sales,3817
catalog_sales,3818
catalog_sales,3819
catalog_sales,3820
catalog_sales,3821
catalog_sales,3822
catalog_sales,3823
catalog_sales,3824
catalog_sales,3825
catalog_sales,3826
catalog_sales,3827
catalog_sales,3828
catalog_sales,3829
catalog_sales,3830
catalog_sales,3831
catalog_sales,3832
catalog_sales,3833
catalog_sales,3834
catalog_sales,3835
catalog_sales,3836
catalog_sales,3837
catalog_sales,3838
catalog_sales,3839
catalog_sales,3840
catalog_sales,3841
catalog_sales,3842
catalog_sales,3843
catalog_sales,3844
catalog_sales,3845
catalog_sales,3846
catalog_sales,3847
catalog_sales,3848
catalog_sales,3849
catalog_sales,3850
catalog_sales,3851
catalog_sales,3852
catalog_sales,3853
catalog_sales,3854
catalog_sales,3855
catalog_sales,3856
catalog_sales,3857
catalog_sales,3858
catalog_sales,3859
catalog_sales,3860
catalog_sales,3861
catalog_sales,3862
catalog_sales,3863
catalog_sales,3864
catalog_sales,3865
catalog_sales,3866
catalog_sales,3867
catalog_sales,3868
catalog_sales,3869
catalog_sales,3870
catalog_sales,3871
catalog_sales,3872
catalog_sales,3873
catalog_sales,3874
catalog_sales,3875
catalog_sales,3876
catalog_sales,3877
catalog_sales,3878
catalog_sales,3879
catalog_sales,3880
catalog_sales,3881
catalog_sales,3882
catalog_sales,3883
catalog_sales,3884
catalog_sales,3885
catalog_sales,3886
catalog_sales,3887
catalog_sales,3888
catalog_sales,3889
catalog_sales,3890
catalog_sales,3891
catalog_sales,3892
catalog_sales,3893
catalog_sales,3894
catalog_sales,3895
catalog_sales,3896
catalog_sales,3897
catalog_sales,3898
catalog_sales,3899
catalog_sales,3900
catalog_sales,3901
catalog_sales,3902
catalog_sales,3903
catalog_sales,3904
catalog_sales,3905
catalog_sales,3906
catalog_sales,3907
catalog_sales,3908
catalog_sales,3909
catalog_sales,3910
catalog_sales,3911
catalog_sales,3912
catalog_sales,3913
catalog_sales,3914
catalog_sales,3915
catalog_sales,3916
catalog_sales,3917
catalog_sales,3918
catalog_sales,3919
catalog_sales,3920
catalog_sales,3921
catalog_sales,3922
catalog_sales,3923
catalog_sales,3924
catalog_sales,3925
catalog_sales,3926
catalog_sales,3927
catalog_sales,3928
catalog_sales,3929
catalog_sales,3930
catalog_sales,3931
catalog_sales,3932
catalog_sales,3933
catalog_sales,3934
catalog_sales,3935
catalog_sales,3936
catalog_sales,3937
catalog_sales,3938
catalog_sales,3939
catalog_sales,3940
catalog_sales,3941
catalog_sales,3942
catalog_sales,3943
catalog_sales,3944
catalog_sales,3945
catalog_sales,3946
catalog_sales,3947
catalog_sales,3948
catalog_sales,3949
catalog_sales,3950
catalog_sales,3951
catalog_sales,3952
catalog_sales,3953
catalog_sales,3954
catalog_sales,3955
catalog_sales,3956
catalog_sales,3957
catalog_sales,3958
catalog_sales,3959
catalog_sales,3960
catalog_sales,3961
catalog_sales,3962
catalog_sales,3963
catalog_sales,3964
catalog_sales,3965
catalog_sales,3966
catalog_sales,3967
catalog_sales,3968
catalog_sales,3969
catalog_sales,3970
catalog_sales,3971
catalog_sales,3972
catalog_sales,3973
catalog_sales,3974
catalog_sales,3975
catalog_sales,3976
catalog_sales,3977
catalog_sales,3978
catalog_sales,3979
catalog_sales,3980
catalog_sales,3981
catalog_sales,3982
catalog_sales,3983
catalog_sales,3984
catalog_sales,3985
catalog_sales,3986
catalog_sales,3987
catalog_sales,3988
catalog_sales,3989
catalog_sales,3990
catalog_sales,3991
catalog_sales,3992
catalog_sales,3993
catalog_sales,3994
catalog_sales,3995
catalog_sales,3996
catalog_sales,3997
catalog_sales,3998
catalog_sales,3999
catalog_sales,4000
catalog_sales,4001
catalog_sales,4002
catalog_sales,4003
catalog_sales,4004
catalog_sales,4005
catalog_sales,4006
catalog_sales,4007
catalog_sales,4008
catalog_sales,4009
catalog_sales,4010
catalog_sales,4011
catalog_sales,4012
catalog_sales,4013
catalog_sales,4014
catalog_sales,4015
catalog_sales,4016
catalog_sales,4017
catalog_sales,4018
catalog_sales,4019
catalog_sales,4020
catalog_sales,4021
catalog_sales,4022
catalog_sales,4023
catalog_sales,4024
catalog_sales,4025
catalog_sales,4026
catalog_sales,4027
catalog_sales,4028
catalog_sales,4029
catalog_sales,4030
catalog_sales,4031
catalog_sales,4032
catalog_sales,4033
catalog_sales,4034
catalog_sales,4035
catalog_sales,4036
catalog_sales,4037
catalog_sales,4038
catalog_sales,4039
catalog_sales,4040
catalog_sales,4041
catalog_sales,4042
catalog_sales,4043
catalog_sales,4044
catalog_sales,4045
catalog_sales,4046
catalog_sales,4047
catalog_sales,4048
catalog_sales,4049
catalog_sales,4050
catalog_sales,4051
catalog_sales,4052
catalog_sales,4053
catalog_sales,4054
catalog_sales,4055
catalog_sales,4056
catalog_sales,4057
catalog_sales,4058
catalog_sales,4059
catalog_sales,4060
catalog_sales,4061
catalog_sales,4062
catalog_sales,4063
catalog_sales,4064
catalog_sales,4065
catalog_sales,4066
catalog_sales,4067
catalog_sales,4068
catalog_sales,4069
catalog_sales,4070
catalog_sales,4071
catalog_sales,4072
catalog_sales,4073
catalog_sales,4074
catalog_sales,4075
catalog_sales,4076
catalog_sales,4077
catalog_sales,4078
catalog_sales,4079
catalog_sales,4080
catalog_sales,4081
catalog_sales,4082
catalog_sales,4083
catalog_sales,4084
catalog_sales,4085
catalog_sales,4086
catalog_sales,4087
catalog_sales,4088
catalog_sales,4089
catalog_sales,4090
catalog_sales,4091
catalog_sales,4092
catalog_sales,4093
catalog_sales,4094
catalog_sales,4095
catalog_sales,4096
catalog_sales,4097
catalog_sales,4098
catalog_sales,4099
catalog_sales,4100
catalog_sales,4101
catalog_sales,4102
catalog_sales,4103
catalog_sales,4104
catalog_sales,4105
catalog_sales,4106
catalog_sales,4107
catalog_sales,4108
catalog_sales,4109
catalog_sales,4110
catalog_sales,4111
catalog_sales,4112
catalog_sales,4113
catalog_sales,4114
catalog_sales,4115
catalog_sales,4116
catalog_sales,4117
catalog_sales,4118
catalog_sales,4119
catalog_sales,4120
catalog_sales,4121
catalog_sales,4122
catalog_sales,4123
catalog_sales,4124
catalog_sales,4125
catalog_sales,4126
catalog_sales,4127
catalog_sales,4128
catalog_sales,4129
catalog_sales,4130
catalog_sales,4131
catalog_sales,4132
catalog_sales,4133
catalog_sales,4134
catalog_sales,4135
catalog_sales,4136
catalog_sales,4137
catalog_sales,4138
catalog_sales,4139
catalog_sales,4140
catalog_sales,4141
catalog_sales,4142
catalog_sales,4143
catalog_sales,4144
catalog_sales,4145
catalog_sales,4146
catalog_sales,4147
catalog_sales,4148
catalog_sales,4149
catalog_sales,4150
catalog_sales,4151
catalog_sales,4152
catalog_sales,4153
catalog_sales,4154
catalog_sales,4155
catalog_sales,4156
catalog_sales,4157
catalog_sales,4158
catalog_sales,4159
catalog_sales,4160
catalog_sales,4161
catalog_sales,4162
catalog_sales,4163
catalog_sales,4164
catalog_sales,4165
catalog_sales,4166
catalog_sales,4167
catalog_sales,4168
catalog_sales,4169
catalog_sales,4170
catalog_sales,4171
catalog_sales,4172
catalog_sales,4173
catalog_sales,4174
catalog_sales,4175
catalog_sales,4176
catalog_sales,4177
catalog_sales,4178
catalog_sales,4179
catalog_sales,4180
catalog_sales,4181
catalog_sales,4182
catalog_sales,4183
catalog_sales,4184
catalog_sales,4185
catalog_sales,4186
catalog_sales,4187
catalog_sales,4188
catalog_sales,4189
catalog_sales,4190
catalog_sales,4191
catalog_sales,4192
catalog_sales,4193
catalog_sales,4194
catalog_sales,4195
catalog_sales,4196
catalog_sales,4197
catalog_sales,4198
catalog_sales,4199
catalog_sales,4200
catalog_sales,4201
catalog_sales,4202
catalog_sales,4203
catalog_sales,4204
catalog_sales,4205
catalog_sales,4206
catalog_sales,4207
catalog_sales,4208
catalog_sales,4209
catalog_sales,4210
catalog_sales,4211
catalog_sales,4212
catalog_sales,4213
catalog_sales,4214
catalog_sales,4215
catalog_sales,4216
catalog_sales,4217
catalog_sales,4218
catalog_sales,4219
catalog_sales,4220
catalog_sales,4221
catalog_sales,4222
catalog_sales,4223
catalog_sales,4224
catalog_sales,4225
catalog_sales,4226
catalog_sales,4227
catalog_sales,4228
catalog_sales,4229
catalog_sales,4230
catalog_sales,4231
catalog_sales,4232
catalog_sales,4233
catalog_sales,4234
catalog_sales,4235
catalog_sales,4236
catalog_sales,4237
catalog_sales,4238
catalog_sales,4239
catalog_sales,4240
catalog_sales,4241
catalog_sales,4242
catalog_sales,4243
catalog_sales,4244
catalog_sales,4245
catalog_sales,4246
catalog_sales,4247
catalog_sales,4248
catalog_sales,4249
catalog_sales,4250
catalog_sales,4251
catalog_sales,4252
catalog_sales,4253
catalog_sales,4254
catalog_sales,4255
catalog_sales,4256
catalog_sales,4257
catalog_sales,4258
catalog_sales,4259
catalog_sales,4260
catalog_sales,4261
catalog_sales,4262
catalog_sales,4263
catalog_sales,4264
catalog_sales,4265
catalog_sales,4266
catalog_sales,4267
catalog_sales,4268
catalog_sales,4269
catalog_sales,4270
catalog_sales,4271
catalog_sales,4272
catalog_sales,4273
catalog_sales,4274
catalog_sales,4275
catalog_sales,4276
catalog_sales,4277
catalog_sales,4278
catalog_sales,4279
catalog_sales,4280
catalog_sales,4281
catalog_sales,4282
catalog_sales,4283
catalog_sales,4284
catalog_sales,4285
catalog_sales,4286
catalog_sales,4287
catalog_sales,4288
catalog_sales,4289
catalog_sales,4290
catalog_sales,4291
catalog_sales,4292
catalog_sales,4293
catalog_sales,4294
catalog_sales,4295
catalog_sales,4296
catalog_sales,4297
catalog_sales,4298
catalog_sales,4299
catalog_sales,4300
catalog_sales,4301
catalog_sales,4302
catalog_sales,4303
catalog_sales,4304
catalog_sales,4305
catalog_sales,4306
catalog_sales,4307
catalog_sales,4308
catalog_sales,4309
catalog_sales,4310
catalog_sales,4311
catalog_sales,4312
catalog_sales,4313
catalog_sales,4314
catalog_sales,4315
catalog_sales,4316
catalog_sales,4317
catalog_sales,4318
catalog_sales,4319
catalog_sales,4320
catalog_sales,4321
catalog_sales,4322
catalog_sales,4323
catalog_sales,4324
catalog_sales,4325
catalog_sales,4326
catalog_sales,4327
catalog_sales,4328
catalog_sales,4329
catalog_sales,4330
catalog_sales,4331
catalog_sales,4332
catalog_sales,4333
catalog_sales,4334
catalog_sales,4335
catalog_sales,4336
catalog_sales,4337
catalog_sales,4338
catalog_sales,4339
catalog_sales,4340
catalog_sales,4341
catalog_sales,4342
catalog_sales,4343
catalog_sales,4344
catalog_sales,4345
catalog_sales,4346
catalog_sales,4347
catalog_sales,4348
catalog_sales,4349
catalog_sales,4350
catalog_sales,4351
catalog_sales,4352
catalog_sales,4353
catalog_sales,4354
catalog_sales,4355
catalog_sales,4356
catalog_sales,4357
catalog_sales,4358
catalog_sales,4359
catalog_sales,4360
catalog_sales,4361
catalog_sales,4362
catalog_sales,4363
catalog_sales,4364
catalog_sales,4365
catalog_sales,4366
catalog_sales,4367
catalog_sales,4368
catalog_sales,4369
catalog_sales,4370
catalog_sales,4371
catalog_sales,4372
catalog_sales,4373
catalog_sales,4374
catalog_sales,4375
catalog_sales,4376
catalog_sales,4377
catalog_sales,4378
catalog_sales,4379
catalog_sales,4380
catalog_sales,4381
catalog_sales,4382
catalog_sales,4383
catalog_sales,4384
catalog_sales,4385
catalog_sales,4386
catalog_sales,4387
catalog_sales,4388
catalog_sales,4389
catalog_sales,4390
catalog_sales,4391
catalog_sales,4392
catalog_sales,4393
catalog_sales,4394
catalog_sales,4395
catalog_sales,4396
catalog_sales,4397
catalog_sales,4398
catalog_sales,4399
catalog_sales,4400
catalog_sales,4401
catalog_sales,4402
catalog_sales,4403
catalog_sales,4404
catalog_sales,4405
catalog_sales,4406
catalog_sales,4407
catalog_sales,4408
catalog_sales,4409
catalog_sales,4410
catalog_sales,4411
catalog_sales,4412
catalog_sales,4413
catalog_sales,4414
catalog_sales,4415
catalog_sales,4416
catalog_sales,4417
catalog_sales,4418
catalog_sales,4419
catalog_sales,4420
catalog_sales,4421
catalog_sales,4422
catalog_sales,4423
catalog_sales,4424
catalog_sales,4425
catalog_sales,4426
catalog_sales,4427
catalog_sales,4428
catalog_sales,4429
catalog_sales,4430
catalog_sales,4431
catalog_sales,4432
catalog_sales,4433
catalog_sales,4434
catalog_sales,4435
catalog_sales,4436
catalog_sales,4437
catalog_sales,4438
catalog_sales,4439
catalog_sales,4440
catalog_sales,4441
catalog_sales,4442
catalog_sales,4443
catalog_sales,4444
catalog_sales,4445
catalog_sales,4446
catalog_sales,4447
catalog_sales,4448
catalog_sales,4449
catalog_sales,4450
catalog_sales,4451
catalog_sales,4452
catalog_sales,4453
catalog_sales,4454
catalog_sales,4455
catalog_sales,4456
catalog_sales,4457
catalog_sales,4458
catalog_sales,4459
catalog_sales,4460
catalog_sales,4461
catalog_sales,4462
catalog_sales,4463
catalog_sales,4464
catalog_sales,4465
catalog_sales,4466
catalog_sales,4467
catalog_sales,4468
catalog_sales,4469
catalog_sales,4470
catalog_sales,4471
catalog_sales,4472
catalog_sales,4473
catalog_sales,4474
catalog_sales,4475
catalog_sales,4476
catalog_sales,4477
catalog_sales,4478
catalog_sales,4479
catalog_sales,4480
catalog_sales,4481
catalog_sales,4482
catalog_sales,4483
catalog_sales,4484
catalog_sales,4485
catalog_sales,4486
catalog_sales,4487
catalog_sales,4488
catalog_sales,4489
catalog_sales,4490
catalog_sales,4491
catalog_sales,4492
catalog_sales,4493
catalog_sales,4494
catalog_sales,4495
catalog_sales,4496
catalog_sales,4497
catalog_sales,4498
catalog_sales,4499
catalog_sales,4500
catalog_sales,4501
catalog_sales,4502
catalog_sales,4503
catalog_sales,4504
catalog_sales,4505
catalog_sales,4506
catalog_sales,4507
catalog_sales,4508
catalog_sales,4509
catalog_sales,4510
catalog_sales,4511
catalog_sales,4512
catalog_sales,4513
catalog_sales,4514
catalog_sales,4515
catalog_sales,4516
catalog_sales,4517
catalog_sales,4518
catalog_sales,4519
catalog_sales,4520
catalog_sales,4521
catalog_sales,4522
catalog_sales,4523
catalog_sales,4524
catalog_sales,4525
catalog_sales,4526
catalog_sales,4527
catalog_sales,4528
catalog_sales,4529
catalog_sales,4530
catalog_sales,4531
catalog_sales,4532
catalog_sales,4533
catalog_sales,4534
catalog_sales,4535
catalog_sales,4536
catalog_sales,4537
catalog_sales,4538
catalog_sales,4539
catalog_sales,4540
catalog_sales,4541
catalog_sales,4542
catalog_sales,4543
catalog_sales,4544
catalog_sales,4545
catalog_sales,4546
catalog_sales,4547
catalog_sales,4548
catalog_sales,4549
catalog_sales,4550
catalog_sales,4551
catalog_sales,4552
catalog_sales,4553
catalog_sales,4554
catalog_sales,4555
catalog_sales,4556
catalog_sales,4557
catalog_sales,4558
catalog_sales,4559
catalog_sales,4560
catalog_sales,4561
catalog_sales,4562
catalog_sales,4563
catalog_sales,4564
catalog_sales,4565
catalog_sales,4566
catalog_sales,4567
catalog_sales,4568
catalog_sales,4569
catalog_sales,4570
catalog_sales,4571
catalog_sales,4572
catalog_sales,4573
catalog_sales,4574
catalog_sales,4575
catalog_sales,4576
catalog_sales,4577
catalog_sales,4578
catalog_sales,4579
catalog_sales,4580
catalog_sales,4581
catalog_sales,4582
catalog_sales,4583
catalog_sales,4584
catalog_sales,4585
catalog_sales,4586
catalog_sales,4587
catalog_sales,4588
catalog_sales,4589
catalog_sales,4590
catalog_sales,4591
catalog_sales,4592
catalog_sales,4593
catalog_sales,4594
catalog_sales,4595
catalog_sales,4596
catalog_sales,4597
catalog_sales,4598
catalog_sales,4599
catalog_sales,4600
catalog_sales,4601
catalog_sales,4602
catalog_sales,4603
catalog_sales,4604
catalog_sales,4605
catalog_sales,4606
catalog_sales,4607
catalog_sales,4608
catalog_sales,4609
catalog_sales,4610
catalog_sales,4611
catalog_sales,4612
catalog_sales,4613
catalog_sales,4614
catalog_sales,4615
catalog_sales,4616
catalog_sales,4617
catalog_sales,4618
catalog_sales,4619
catalog_sales,4620
catalog_sales,4621
catalog_sales,4622
catalog_sales,4623
catalog_sales,4624
catalog_sales,4625
catalog_sales,4626
catalog_sales,4627
catalog_sales,4628
catalog_sales,4629
catalog_sales,4630
catalog_sales,4631
catalog_sales,4632
catalog_sales,4633
catalog_sales,4634
catalog_sales,4635
catalog_sales,4636
catalog_sales,4637
catalog_sales,4638
catalog_sales,4639
catalog_sales,4640
catalog_sales,4641
catalog_sales,4642
catalog_sales,4643
catalog_sales,4644
catalog_sales,4645
catalog_sales,4646
catalog_sales,4647
catalog_sales,4648
catalog_sales,4649
catalog_sales,4650
catalog_sales,4651
catalog_sales,4652
catalog_sales,4653
catalog_sales,4654
catalog_sales,4655
catalog_sales,4656
catalog_sales,4657
catalog_sales,4658
catalog_sales,4659
catalog_sales,4660
catalog_sales,4661
catalog_sales,4662
catalog_sales,4663
catalog_sales,4664
catalog_sales,4665
catalog_sales,4666
catalog_sales,4667
catalog_sales,4668
catalog_sales,4669
catalog_sales,4670
catalog_sales,4671
catalog_sales,4672
catalog_sales,4673
catalog_sales,4674
catalog_sales,4675
catalog_sales,4676
catalog_sales,4677
catalog_sales,4678
catalog_sales,4679
catalog_sales,4680
catalog_sales,4681
catalog_sales,4682
catalog_sales,4683
catalog_sales,4684
catalog_sales,4685
catalog_sales,4686
catalog_sales,4687
catalog_sales,4688
catalog_sales,4689
catalog_sales,4690
catalog_sales,4691
catalog_sales,4692
catalog_sales,4693
catalog_sales,4694
catalog_sales,4695
catalog_sales,4696
catalog_sales,4697
catalog_sales,4698
catalog_sales,4699
catalog_sales,4700
catalog_sales,4701
catalog_sales,4702
catalog_sales,4703
catalog_sales,4704
catalog_sales,4705
catalog_sales,4706
catalog_sales,4707
catalog_sales,4708
catalog_sales,4709
catalog_sales,4710
catalog_sales,4711
catalog_sales,4712
catalog_sales,4713
catalog_sales,4714
catalog_sales,4715
catalog_sales,4716
catalog_sales,4717
catalog_sales,4718
catalog_sales,4719
catalog_sales,4720
catalog_sales,4721
catalog_sales,4722
catalog_sales,4723
catalog_sales,4724
catalog_sales,4725
catalog_sales,4726
catalog_sales,4727
catalog_sales,4728
catalog_sales,4729
catalog_sales,4730
catalog_sales,4731
catalog_sales,4732
catalog_sales,4733
catalog_sales,4734
catalog_sales,4735
catalog_sales,4736
catalog_sales,4737
catalog_sales,4738
catalog_sales,4739
catalog_sales,4740
catalog_sales,4741
catalog_sales,4742
catalog_sales,4743
catalog_sales,4744
catalog_sales,4745
catalog_sales,4746
catalog_sales,4747
catalog_sales,4748
catalog_sales,4749
catalog_sales,4750
catalog_sales,4751
catalog_sales,4752
catalog_sales,4753
catalog_sales,4754
catalog_sales,4755
catalog_sales,4756
catalog_sales,4757
catalog_sales,4758
catalog_sales,4759
catalog_sales,4760
catalog_sales,4761
catalog_sales,4762
catalog_sales,4763
catalog_sales,4764
catalog_sales,4765
catalog_sales,4766
catalog_sales,4767
catalog_sales,4768
catalog_sales,4769
catalog_sales,4770
catalog_sales,4771
catalog_sales,4772
catalog_sales,4773
catalog_sales,4774
catalog_sales,4775
catalog_sales,4776
catalog_sales,4777
catalog_sales,4778
catalog_sales,4779
catalog_sales,4780
catalog_sales,4781
catalog_sales,4782
catalog_sales,4783
catalog_sales,4784
catalog_sales,4785
catalog_sales,4786
catalog_sales,4787
catalog_sales,4788
catalog_sales,4789
catalog_sales,4790
catalog_sales,4791
catalog_sales,4792
catalog_sales,4793
catalog_sales,4794
catalog_sales,4795
catalog_sales,4796
catalog_sales,4797
catalog_sales,4798
catalog_sales,4799
catalog_sales,4800
catalog_sales,4801
catalog_sales,4802
catalog_sales,4803
catalog_sales,4804
catalog_sales,4805
catalog_sales,4806
catalog_sales,4807
catalog_sales,4808
catalog_sales,4809
catalog_sales,4810
catalog_sales,4811
catalog_sales,4812
catalog_sales,4813
catalog_sales,4814
catalog_sales,4815
catalog_sales,4816
catalog_sales,4817
catalog_sales,4818
catalog_sales,4819
catalog_sales,4820
catalog_sales,4821
catalog_sales,4822
catalog_sales,4823
catalog_sales,4824
catalog_sales,4825
catalog_sales,4826
catalog_sales,4827
catalog_sales,4828
catalog_sales,4829
catalog_sales,4830
catalog_sales,4831
catalog_sales,4832
catalog_sales,4833
catalog_sales,4834
catalog_sales,4835
catalog_sales,4836
catalog_sales,4837
catalog_sales,4838
catalog_sales,4839
catalog_sales,4840
catalog_sales,4841
catalog_sales,4842
catalog_sales,4843
catalog_sales,4844
catalog_sales,4845
catalog_sales,4846
catalog_sales,4847
catalog_sales,4848
catalog_sales,4849
catalog_sales,4850
catalog_sales,4851
catalog_sales,4852
catalog_sales,4853
catalog_sales,4854
catalog_sales,4855
catalog_sales,4856
catalog_sales,4857
catalog_sales,4858
catalog_sales,4859
catalog_sales,4860
catalog_sales,4861
catalog_sales,4862
catalog_sales,4863
catalog_sales,4864
catalog_sales,4865
catalog_sales,4866
catalog_sales,4867
catalog_sales,4868
catalog_sales,4869
catalog_sales,4870
catalog_sales,4871
catalog_sales,4872
catalog_sales,4873
catalog_sales,4874
catalog_sales,4875
catalog_sales,4876
catalog_sales,4877
catalog_sales,4878
catalog_sales,4879
catalog_sales,4880
catalog_sales,4881
catalog_sales,4882
catalog_sales,4883
catalog_sales,4884
catalog_sales,4885
catalog_sales,4886
catalog_sales,4887
catalog_sales,4888
catalog_sales,4889
catalog_sales,4890
catalog_sales,4891
catalog_sales,4892
catalog_sales,4893
catalog_sales,4894
catalog_sales,4895
catalog_sales,4896
catalog_sales,4897
catalog_sales,4898
catalog_sales,4899
catalog_sales,4900
catalog_sales,4901
catalog_sales,4902
catalog_sales,4903
catalog_sales,4904
catalog_sales,4905
catalog_sales,4906
catalog_sales,4907
catalog_sales,4908
catalog_sales,4909
catalog_sales,4910
catalog_sales,4911
catalog_sales,4912
catalog_sales,4913
catalog_sales,4914
catalog_sales,4915
catalog_sales,4916
catalog_sales,4917
catalog_sales,4918
catalog_sales,4919
catalog_sales,4920
catalog_sales,4921
catalog_sales,4922
catalog_sales,4923
catalog_sales,4924
catalog_sales,4925
catalog_sales,4926
catalog_sales,4927
catalog_sales,4928
catalog_sales,4929
catalog_sales,4930
catalog_sales,4931
catalog_sales,4932
catalog_sales,4933
catalog_sales,4934
catalog_sales,4935
catalog_sales,4936
catalog_sales,4937
catalog_sales,4938
catalog_sales,4939
catalog_sales,4940
catalog_sales,4941
catalog_sales,4942
catalog_sales,4943
catalog_sales,4944
catalog_sales,4945
catalog_sales,4946
catalog_sales,4947
catalog_sales,4948
catalog_sales,4949
catalog_sales,4950
catalog_sales,4951
catalog_sales,4952
catalog_sales,4953
catalog_sales,4954
catalog_sales,4955
catalog_sales,4956
catalog_sales,4957
catalog_sales,4958
catalog_sales,4959
catalog_sales,4960
catalog_sales,4961
catalog_sales,4962
catalog_sales,4963
catalog_sales,4964
catalog_sales,4965
catalog_sales,4966
catalog_sales,4967
catalog_sales,4968
catalog_sales,4969
catalog_sales,4970
catalog_sales,4971
catalog_sales,4972
catalog_sales,4973
catalog_sales,4974
catalog_sales,4975
catalog_sales,4976
catalog_sales,4977
catalog_sales,4978
catalog_sales,4979
catalog_sales,4980
catalog_sales,4981
catalog_sales,4982
catalog_sales,4983
catalog_sales,4984
catalog_sales,4985
catalog_sales,4986
catalog_sales,4987
catalog_sales,4988
catalog_sales,4989
catalog_sales,4990
catalog_sales,4991
catalog_sales,4992
catalog_sales,4993
catalog_sales,4994
catalog_sales,4995
catalog_sales,4996
catalog_sales,4997
catalog_sales,4998
catalog_sales,4999
catalog_sales,5000
catalog_sales,5001
catalog_sales,5002
catalog_sales,5003
catalog_sales,5004
catalog_sales,5005
catalog_sales,5006
catalog_sales,5007
catalog_sales,5008
catalog_sales,5009
catalog_sales,5010
catalog_sales,5011
catalog_sales,5012
catalog_sales,5013
catalog_sales,5014
catalog_sales,5015
catalog_sales,5016
catalog_sales,5017
catalog_sales,5018
catalog_sales,5019
catalog_sales,5020
catalog_sales,5021
catalog_sales,5022
catalog_sales,5023
catalog_sales,5024
catalog_sales,5025
catalog_sales,5026
catalog_sales,5027
catalog_sales,5028
catalog_sales,5029
catalog_sales,5030
catalog_sales,5031
catalog_sales,5032
catalog_sales,5033
catalog_sales,5034
catalog_sales,5035
catalog_sales,5036
catalog_sales,5037
catalog_sales,5038
catalog_sales,5039
catalog_sales,5040
catalog_sales,5041
catalog_sales,5042
catalog_sales,5043
catalog_sales,5044
catalog_sales,5045
catalog_sales,5046
catalog_sales,5047
catalog_sales,5048
catalog_sales,5049
catalog_sales,5050
catalog_sales,5051
catalog_sales,5052
catalog_sales,5053
catalog_sales,5054
catalog_sales,5055
catalog_sales,5056
catalog_sales,5057
catalog_sales,5058
catalog_sales,5059
catalog_sales,5060
catalog_sales,5061
catalog_sales,5062
catalog_sales,5063
catalog_sales,5064
catalog_sales,5065
catalog_sales,5066
catalog_sales,5067
catalog_sales,5068
catalog_sales,5069
catalog_sales,5070
catalog_sales,5071
catalog_sales,5072
catalog_sales,5073
catalog_sales,5074
catalog_sales,5075
catalog_sales,5076
catalog_sales,5077
catalog_sales,5078
catalog_sales,5079
catalog_sales,5080
catalog_sales,5081
catalog_sales,5082
catalog_sales,5083
catalog_sales,5084
catalog_sales,5085
catalog_sales,5086
catalog_sales,5087
catalog_sales,5088
catalog_sales,5089
catalog_sales,5090
catalog_sales,5091
catalog_sales,5092
catalog_sales,5093
catalog_sales,5094
catalog_sales,5095
catalog_sales,5096
catalog_sales,5097
catalog_sales,5098
catalog_sales,5099
catalog_sales,5100
catalog_sales,5101
catalog_sales,5102
catalog_sales,5103
catalog_sales,5104
catalog_sales,5105
catalog_sales,5106
catalog_sales,5107
catalog_sales,5108
catalog_sales,5109
catalog_sales,5110
catalog_sales,5111
catalog_sales,5112
catalog_sales,5113
catalog_sales,5114
catalog_sales,5115
catalog_sales,5116
catalog_sales,5117
catalog_sales,5118
catalog_sales,5119
catalog_sales,5120
catalog_sales,5121
catalog_sales,5122
catalog_sales,5123
catalog_sales,5124
catalog_sales,5125
catalog_sales,5126
catalog_sales,5127
catalog_sales,5128
catalog_sales,5129
catalog_sales,5130
catalog_sales,5131
catalog_sales,5132
catalog_sales,5133
catalog_sales,5134
catalog_sales,5135
catalog_sales,5136
catalog_sales,5137
catalog_sales,5138
catalog_sales,5139
catalog_sales,5140
catalog_sales,5141
catalog_sales,5142
catalog_sales,5143
catalog_sales,5144
catalog_sales,5145
catalog_sales,5146
catalog_sales,5147
catalog_sales,5148
catalog_sales,5149
catalog_sales,5150
catalog_sales,5151
catalog_sales,5152
catalog_sales,5153
catalog_sales,5154
catalog_sales,5155
catalog_sales,5156
catalog_sales,5157
catalog_sales,5158
catalog_sales,5159
catalog_sales,5160
catalog_sales,5161
catalog_sales,5162
catalog_sales,5163
catalog_sales,5164
catalog_sales,5165
catalog_sales,5166
catalog_sales,5167
catalog_sales,5168
catalog_sales,5169
catalog_sales,5170
catalog_sales,5171
catalog_sales,5172
catalog_sales,5173
catalog_sales,5174
catalog_sales,5175
catalog_sales,5176
catalog_sales,5177
catalog_sales,5178
catalog_sales,5179
catalog_sales,5180
catalog_sales,5181
catalog_sales,5182
catalog_sales,5183
catalog_sales,5184
catalog_sales,5185
catalog_sales,5186
catalog_sales,5187
catalog_sales,5188
catalog_sales,5189
catalog_sales,5190
catalog_sales,5191
catalog_sales,5192
catalog_sales,5193
catalog_sales,5194
catalog_sales,5195
catalog_sales,5196
catalog_sales,5197
catalog_sales,5198
catalog_sales,5199
catalog_sales,5200
catalog_sales,5201
catalog_sales,5202
catalog_sales,5203
catalog_sales,5204
catalog_sales,5205
catalog_sales,5206
catalog_sales,5207
catalog_sales,5208
catalog_sales,5209
catalog_sales,5210
catalog_sales,5211
catalog_sales,5212
catalog_sales,5213
catalog_sales,5214
catalog_sales,5215
catalog_sales,5216
catalog_sales,5217
catalog_sales,5218
catalog_sales,5219
catalog_sales,5220
catalog_sales,5221
catalog_sales,5222
catalog_sales,5223
catalog_sales,5224
catalog_sales,5225
catalog_sales,5226
catalog_sales,5227
catalog_sales,5228
catalog_sales,5229
catalog_sales,5230
catalog_sales,5231
catalog_sales,5232
catalog_sales,5233
catalog_sales,5234
catalog_sales,5235
catalog_sales,5236
catalog_sales,5237
catalog_sales,5238
catalog_sales,5239
catalog_sales,5240
catalog_sales,5241
catalog_sales,5242
catalog_sales,5243
catalog_sales,5244
catalog_sales,5245
catalog_sales,5246
catalog_sales,5247
catalog_sales,5248
catalog_sales,5249
catalog_sales,5250
catalog_sales,5251
catalog_sales,5252
catalog_sales,5253
catalog_sales,5254
catalog_sales,5255
catalog_sales,5256
catalog_sales,5257
catalog_sales,5258
catalog_sales,5259
catalog_sales,5260
catalog_sales,5261
catalog_sales,5262
catalog_sales,5263
catalog_sales,5264
catalog_sales,5265
catalog_sales,5266
catalog_sales,5267
catalog_sales,5268
catalog_sales,5269
catalog_sales,5270
catalog_sales,5271
catalog_sales,5272
catalog_sales,5273
catalog_sales,5274
catalog_sales,5275
catalog_sales,5276
catalog_sales,5277
catalog_sales,5278
catalog_sales,5279
catalog_sales,5280
catalog_sales,5281
catalog_sales,5282
catalog_sales,5283
catalog_sales,5284
catalog_sales,5285
catalog_sales,5286
catalog_sales,5287
catalog_sales,5288
catalog_sales,5289
catalog_sales,5290
catalog_sales,5291
catalog_sales,5292
catalog_sales,5293
catalog_sales,5294
catalog_sales,5295
catalog_sales,5296
catalog_sales,5297
catalog_sales,5298
catalog_sales,5299
catalog_sales,5300
catalog_sales,5301
catalog_sales,5302
catalog_sales,5303
catalog_sales,5304
catalog_sales,5305
catalog_sales,5306
catalog_sales,5307
catalog_sales,5308
catalog_sales,5309
catalog_sales,5310
catalog_sales,5311
catalog_sales,5312
catalog_sales,5313
catalog_sales,5314
catalog_sales,5315
catalog_sales,5316
catalog_sales,5317
catalog_sales,5318
catalog_sales,5319
catalog_sales,5320
catalog_sales,5321
catalog_sales,5322
catalog_sales,5323
catalog_sales,5324
catalog_sales,5325
catalog_sales,5326
catalog_sales,5327
catalog_sales,5328
catalog_sales,5329
catalog_sales,5330
catalog_sales,5331
catalog_sales,5332
catalog_sales,5333
catalog_sales,5334
catalog_sales,5335
catalog_sales,5336
catalog_sales,5337
catalog_sales,5338
catalog_sales,5339
catalog_sales,5340
catalog_sales,5341
catalog_sales,5342
catalog_sales,5343
catalog_sales,5344
catalog_sales,5345
catalog_sales,5346
catalog_sales,5347
catalog_sales,5348
catalog_sales,5349
catalog_sales,5350
catalog_sales,5351
catalog_sales,5352
catalog_sales,5353
catalog_sales,5354
catalog_sales,5355
catalog_sales,5356
catalog_sales,5357
catalog_sales,5358
catalog_sales,5359
catalog_sales,5360
catalog_sales,5361
catalog_sales,5362
catalog_sales,5363
catalog_sales,5364
catalog_sales,5365
catalog_sales,5366
catalog_sales,5367
catalog_sales,5368
catalog_sales,5369
catalog_sales,5370
catalog_sales,5371
catalog_sales,5372
catalog_sales,5373
catalog_sales,5374
catalog_sales,5375
catalog_sales,5376
catalog_sales,5377
catalog_sales,5378
catalog_sales,5379
catalog_sales,5380
catalog_sales,5381
catalog_sales,5382
catalog_sales,5383
catalog_sales,5384
catalog_sales,5385
catalog_sales,5386
catalog_sales,5387
catalog_sales,5388
catalog_sales,5389
catalog_sales,5390
catalog_sales,5391
catalog_sales,5392
catalog_sales,5393
catalog_sales,5394
catalog_sales,5395
catalog_sales,5396
catalog_sales,5397
catalog_sales,5398
catalog_sales,5399
catalog_sales,5400
catalog_sales,5401
catalog_sales,5402
catalog_sales,5403
catalog_sales,5404
catalog_sales,5405
catalog_sales,5406
catalog_sales,5407
catalog_sales,5408
catalog_sales,5409
catalog_sales,5410
catalog_sales,5411
catalog_sales,5412
catalog_sales,5413
catalog_sales,5414
catalog_sales,5415
catalog_sales,5416
catalog_sales,5417
catalog_sales,5418
catalog_sales,5419
catalog_sales,5420
catalog_sales,5421
catalog_sales,5422
catalog_sales,5423
catalog_sales,5424
catalog_sales,5425
catalog_sales,5426
catalog_sales,5427
catalog_sales,5428
catalog_sales,5429
catalog_sales,5430
catalog_sales,5431
catalog_sales,5432
catalog_sales,5433
catalog_sales,5434
catalog_sales,5435
catalog_sales,5436
catalog_sales,5437
catalog_sales,5438
catalog_sales,5439
catalog_sales,5440
catalog_sales,5441
catalog_sales,5442
catalog_sales,5443
catalog_sales,5444
catalog_sales,5445
catalog_sales,5446
catalog_sales,5447
catalog_sales,5448
catalog_sales,5449
catalog_sales,5450
catalog_sales,5451
catalog_sales,5452
catalog_sales,5453
catalog_sales,5454
catalog_sales,5455
catalog_sales,5456
catalog_sales,5457
catalog_sales,5458
catalog_sales,5459
catalog_sales,5460
catalog_sales,5461
catalog_sales,5462
catalog_sales,5463
catalog_sales,5464
catalog_sales,5465
catalog_sales,5466
catalog_sales,5467
catalog_sales,5468
catalog_sales,5469
catalog_sales,5470
catalog_sales,5471
catalog_sales,5472
catalog_sales,5473
catalog_sales,5474
catalog_sales,5475
catalog_sales,5476
catalog_sales,5477
catalog_sales,5478
catalog_sales,5479
catalog_sales,5480
catalog_sales,5481
catalog_sales,5482
catalog_sales,5483
catalog_sales,5484
catalog_sales,5485
catalog_sales,5486
catalog_sales,5487
catalog_sales,5488
catalog_sales,5489
catalog_sales,5490
catalog_sales,5491
catalog_sales,5492
catalog_sales,5493
catalog_sales,5494
catalog_sales,5495
catalog_sales,5496
catalog_sales,5497
catalog_sales,5498
catalog_sales,5499
catalog_sales,5500
catalog_sales,5501
catalog_sales,5502
catalog_sales,5503
catalog_sales,5504
catalog_sales,5505
catalog_sales,5506
catalog_sales,5507
catalog_sales,5508
catalog_sales,5509
catalog_sales,5510
catalog_sales,5511
catalog_sales,5512
catalog_sales,5513
catalog_sales,5514
catalog_sales,5515
catalog_sales,5516
catalog_sales,5517
catalog_sales,5518
catalog_sales,5519
catalog_sales,5520
catalog_sales,5521
catalog_sales,5522
catalog_sales,5523
catalog_sales,5524
catalog_sales,5525
catalog_sales,5526
catalog_sales,5527
catalog_sales,5528
catalog_sales,5529
catalog_sales,5530
catalog_sales,5531
catalog_sales,5532
catalog_sales,5533
catalog_sales,5534
catalog_sales,5535
catalog_sales,5536
catalog_sales,5537
catalog_sales,5538
catalog_sales,5539
catalog_sales,5540
catalog_sales,5541
catalog_sales,5542
catalog_sales,5543
catalog_sales,5544
catalog_sales,5545
catalog_sales,5546
catalog_sales,5547
catalog_sales,5548
catalog_sales,5549
catalog_sales,5550
catalog_sales,5551
catalog_sales,5552
catalog_sales,5553
catalog_sales,5554
catalog_sales,5555
catalog_sales,5556
catalog_sales,5557
catalog_sales,5558
catalog_sales,5559
catalog_sales,5560
catalog_sales,5561
catalog_sales,5562
catalog_sales,5563
catalog_sales,5564
catalog_sales,5565
catalog_sales,5566
catalog_sales,5567
catalog_sales,5568
catalog_sales,5569
catalog_sales,5570
catalog_sales,5571
catalog_sales,5572
catalog_sales,5573
catalog_sales,5574
catalog_sales,5575
catalog_sales,5576
catalog_sales,5577
catalog_sales,5578
catalog_sales,5579
catalog_sales,5580
catalog_sales,5581
catalog_sales,5582
catalog_sales,5583
catalog_sales,5584
catalog_sales,5585
catalog_sales,5586
catalog_sales,5587
catalog_sales,5588
catalog_sales,5589
catalog_sales,5590
catalog_sales,5591
catalog_sales,5592
catalog_sales,5593
catalog_sales,5594
catalog_sales,5595
catalog_sales,5596
catalog_sales,5597
catalog_sales,5598
catalog_sales,5599
catalog_sales,5600
catalog_sales,5601
catalog_sales,5602
catalog_sales,5603
catalog_sales,5604
catalog_sales,5605
catalog_sales,5606
catalog_sales,5607
catalog_sales,5608
catalog_sales,5609
catalog_sales,5610
catalog_sales,5611
catalog_sales,5612
catalog_sales,5613
catalog_sales,5614
catalog_sales,5615
catalog_sales,5616
catalog_sales,5617
catalog_sales,5618
catalog_sales,5619
catalog_sales,5620
catalog_sales,5621
catalog_sales,5622
catalog_sales,5623
catalog_sales,5624
catalog_sales,5625
catalog_sales,5626
catalog_sales,5627
catalog_sales,5628
catalog_sales,5629
catalog_sales,5630
catalog_sales,5631
catalog_sales,5632
catalog_sales,5633
catalog_sales,5634
catalog_sales,5635
catalog_sales,5636
catalog_sales,5637
catalog_sales,5638
catalog_sales,5639
catalog_sales,5640
catalog_sales,5641
catalog_sales,5642
catalog_sales,5643
catalog_sales,5644
catalog_sales,5645
catalog_sales,5646
catalog_sales,5647
catalog_sales,5648
catalog_sales,5649
catalog_sales,5650
catalog_sales,5651
catalog_sales,5652
catalog_sales,5653
catalog_sales,5654
catalog_sales,5655
catalog_sales,5656
catalog_sales,5657
catalog_sales,5658
catalog_sales,5659
catalog_sales,5660
catalog_sales,5661
catalog_sales,5662
catalog_sales,5663
catalog_sales,5664
catalog_sales,5665
catalog_sales,5666
catalog_sales,5667
catalog_sales,5668
catalog_sales,5669
catalog_sales,5670
catalog_sales,5671
catalog_sales,5672
catalog_sales,5673
catalog_sales,5674
catalog_sales,5675
catalog_sales,5676
catalog_sales,5677
catalog_sales,5678
catalog_sales,5679
catalog_sales,5680
catalog_sales,5681
catalog_sales,5682
catalog_sales,5683
catalog_sales,5684
catalog_sales,5685
catalog_sales,5686
catalog_sales,5687
catalog_sales,5688
catalog_sales,5689
catalog_sales,5690
catalog_sales,5691
catalog_sales,5692
catalog_sales,5693
catalog_sales,5694
catalog_sales,5695
catalog_sales,5696
catalog_sales,5697
catalog_sales,5698
catalog_sales,5699
catalog_sales,5700
catalog_sales,5701
catalog_sales,5702
catalog_sales,5703
catalog_sales,5704
catalog_sales,5705
catalog_sales,5706
catalog_sales,5707
catalog_sales,5708
catalog_sales,5709
catalog_sales,5710
catalog_sales,5711
catalog_sales,5712
catalog_sales,5713
catalog_sales,5714
catalog_sales,5715
catalog_sales,5716
catalog_sales,5717
catalog_sales,5718
catalog_sales,5719
catalog_sales,5720
catalog_sales,5721
catalog_sales,5722
catalog_sales,5723
catalog_sales,5724
catalog_sales,5725
catalog_sales,5726
catalog_sales,5727
catalog_sales,5728
catalog_sales,5729
catalog_sales,5730
catalog_sales,5731
catalog_sales,5732
catalog_sales,5733
catalog_sales,5734
catalog_sales,5735
catalog_sales,5736
catalog_sales,5737
catalog_sales,5738
catalog_sales,5739
catalog_sales,5740
catalog_sales,5741
catalog_sales,5742
catalog_sales,5743
catalog_sales,5744
catalog_sales,5745
catalog_sales,5746
catalog_sales,5747
catalog_sales,5748
catalog_sales,5749
catalog_sales,5750
catalog_sales,5751
catalog_sales,5752
catalog_sales,5753
catalog_sales,5754
catalog_sales,5755
catalog_sales,5756
catalog_sales,5757
catalog_sales,5758
catalog_sales,5759
catalog_sales,5760
catalog_sales,5761
catalog_sales,5762
catalog_sales,5763
catalog_sales,5764
catalog_sales,5765
catalog_sales,5766
catalog_sales,5767
catalog_sales,5768
catalog_sales,5769
catalog_sales,5770
catalog_sales,5771
catalog_sales,5772
catalog_sales,5773
catalog_sales,5774
catalog_sales,5775
catalog_sales,5776
catalog_sales,5777
catalog_sales,5778
catalog_sales,5779
catalog_sales,5780
catalog_sales,5781
catalog_sales,5782
catalog_sales,5783
catalog_sales,5784
catalog_sales,5785
catalog_sales,5786
catalog_sales,5787
catalog_sales,5788
catalog_sales,5789
catalog_sales,5790
catalog_sales,5791
catalog_sales,5792
catalog_sales,5793
catalog_sales,5794
catalog_sales,5795
catalog_sales,5796
catalog_sales,5797
catalog_sales,5798
catalog_sales,5799
catalog_sales,5800
catalog_sales,5801
catalog_sales,5802
catalog_sales,5803
catalog_sales,5804
catalog_sales,5805
catalog_sales,5806
catalog_sales,5807
catalog_sales,5808
catalog_sales,5809
catalog_sales,5810
catalog_sales,5811
catalog_sales,5812
catalog_sales,5813
catalog_sales,5814
catalog_sales,5815
catalog_sales,5816
catalog_sales,5817
catalog_sales,5818
catalog_sales,5819
catalog_sales,5820
catalog_sales,5821
catalog_sales,5822
catalog_sales,5823
catalog_sales,5824
catalog_sales,5825
catalog_sales,5826
catalog_sales,5827
catalog_sales,5828
catalog_sales,5829
catalog_sales,5830
catalog_sales,5831
catalog_sales,5832
catalog_sales,5833
catalog_sales,5834
catalog_sales,5835
catalog_sales,5836
catalog_sales,5837
catalog_sales,5838
catalog_sales,5839
catalog_sales,5840
catalog_sales,5841
catalog_sales,5842
catalog_sales,5843
catalog_sales,5844
catalog_sales,5845
catalog_sales,5846
catalog_sales,5847
catalog_sales,5848
catalog_sales,5849
catalog_sales,5850
catalog_sales,5851
catalog_sales,5852
catalog_sales,5853
catalog_sales,5854
catalog_sales,5855
catalog_sales,5856
catalog_sales,5857
catalog_sales,5858
catalog_sales,5859
catalog_sales,5860
catalog_sales,5861
catalog_sales,5862
catalog_sales,5863
catalog_sales,5864
catalog_sales,5865
catalog_sales,5866
catalog_sales,5867
catalog_sales,5868
catalog_sales,5869
catalog_sales,5870
catalog_sales,5871
catalog_sales,5872
catalog_sales,5873
catalog_sales,5874
catalog_sales,5875
catalog_sales,5876
catalog_sales,5877
catalog_sales,5878
catalog_sales,5879
catalog_sales,5880
catalog_sales,5881
catalog_sales,5882
catalog_sales,5883
catalog_sales,5884
catalog_sales,5885
catalog_sales,5886
catalog_sales,5887
catalog_sales,5888
catalog_sales,5889
catalog_sales,5890
catalog_sales,5891
catalog_sales,5892
catalog_sales,5893
catalog_sales,5894
catalog_sales,5895
catalog_sales,5896
catalog_sales,5897
catalog_sales,5898
catalog_sales,5899
catalog_sales,5900
catalog_sales,5901
catalog_sales,5902
catalog_sales,5903
catalog_sales,5904
catalog_sales,5905
catalog_sales,5906
catalog_sales,5907
catalog_sales,5908
catalog_sales,5909
catalog_sales,5910
catalog_sales,5911
catalog_sales,5912
catalog_sales,5913
catalog_sales,5914
catalog_sales,5915
catalog_sales,5916
catalog_sales,5917
catalog_sales,5918
catalog_sales,5919
catalog_sales,5920
catalog_sales,5921
catalog_sales,5922
catalog_sales,5923
catalog_sales,5924
catalog_sales,5925
catalog_sales,5926
catalog_sales,5927
catalog_sales,5928
catalog_sales,5929
catalog_sales,5930
catalog_sales,5931
catalog_sales,5932
catalog_sales,5933
catalog_sales,5934
catalog_sales,5935
catalog_sales,5936
catalog_sales,5937
catalog_sales,5938
catalog_sales,5939
catalog_sales,5940
catalog_sales,5941
catalog_sales,5942
catalog_sales,5943
catalog_sales,5944
catalog_sales,5945
catalog_sales,5946
catalog_sales,5947
catalog_sales,5948
catalog_sales,5949
catalog_sales,5950
catalog_sales,5951
catalog_sales,5952
catalog_sales,5953
catalog_sales,5954
catalog_sales,5955
catalog_sales,5956
catalog_sales,5957
catalog_sales,5958
catalog_sales,5959
catalog_sales,5960
catalog_sales,5961
catalog_sales,5962
catalog_sales,5963
catalog_sales,5964
catalog_sales,5965
catalog_sales,5966
catalog_sales,5967
catalog_sales,5968
catalog_sales,5969
catalog_sales,5970
catalog_sales,5971
catalog_sales,5972
catalog_sales,5973
catalog_sales,5974
catalog_sales,5975
catalog_sales,5976
catalog_sales,5977
catalog_sales,5978
catalog_sales,5979
catalog_sales,5980
catalog_sales,5981
catalog_sales,5982
catalog_sales,5983
catalog_sales,5984
catalog_sales,5985
catalog_sales,5986
catalog_sales,5987
catalog_sales,5988
catalog_sales,5989
catalog_sales,5990
catalog_sales,5991
catalog_sales,5992
catalog_sales,5993
catalog_sales,5994
catalog_sales,5995
catalog_sales,5996
catalog_sales,5997
catalog_sales,5998
catalog_sales,5999
catalog_sales,6000
catalog_sales,6001
catalog_sales,6002
catalog_sales,6003
catalog_sales,6004
catalog_sales,6005
catalog_sales,6006
catalog_sales,6007
catalog_sales,6008
catalog_sales,6009
catalog_sales,6010
catalog_sales,6011
catalog_sales,6012
catalog_sales,6013
catalog_sales,6014
catalog_sales,6015
catalog_sales,6016
catalog_sales,6017
catalog_sales,6018
catalog_sales,6019
catalog_sales,6020
catalog_sales,6021
catalog_sales,6022
catalog_sales,6023
catalog_sales,6024
catalog_sales,6025
catalog_sales,6026
catalog_sales,6027
catalog_sales,6028
catalog_sales,6029
catalog_sales,6030
catalog_sales,6031
catalog_sales,6032
catalog_sales,6033
catalog_sales,6034
catalog_sales,6035
catalog_sales,6036
catalog_sales,6037
catalog_sales,6038
catalog_sales,6039
catalog_sales,6040
catalog_sales,6041
catalog_sales,6042
catalog_sales,6043
catalog_sales,6044
catalog_sales,6045
catalog_sales,6046
catalog_sales,6047
catalog_sales,6048
catalog_sales,6049
catalog_sales,6050
catalog_sales,6051
catalog_sales,6052
catalog_sales,6053
catalog_sales,6054
catalog_sales,6055
catalog_sales,6056
catalog_sales,6057
catalog_sales,6058
catalog_sales,6059
catalog_sales,6060
catalog_sales,6061
catalog_sales,6062
catalog_sales,6063
catalog_sales,6064
catalog_sales,6065
catalog_sales,6066
catalog_sales,6067
catalog_sales,6068
catalog_sales,6069
catalog_sales,6070
catalog_sales,6071
catalog_sales,6072
catalog_sales,6073
catalog_sales,6074
catalog_sales,6075
catalog_sales,6076
catalog_sales,6077
catalog_sales,6078
catalog_sales,6079
catalog_sales,6080
catalog_sales,6081
catalog_sales,6082
catalog_sales,6083
catalog_sales,6084
catalog_sales,6085
catalog_sales,6086
catalog_sales,6087
catalog_sales,6088
catalog_sales,6089
catalog_sales,6090
catalog_sales,6091
catalog_sales,6092
catalog_sales,6093
catalog_sales,6094
catalog_sales,6095
catalog_sales,6096
catalog_sales,6097
catalog_sales,6098
catalog_sales,6099
catalog_sales,6100
catalog_sales,6101
catalog_sales,6102
catalog_sales,6103
catalog_sales,6104
catalog_sales,6105
catalog_sales,6106
catalog_sales,6107
catalog_sales,6108
catalog_sales,6109
catalog_sales,6110
catalog_sales,6111
catalog_sales,6112
catalog_sales,6113
catalog_sales,6114
catalog_sales,6115
catalog_sales,6116
catalog_sales,6117
catalog_sales,6118
catalog_sales,6119
catalog_sales,6120
catalog_sales,6121
catalog_sales,6122
catalog_sales,6123
catalog_sales,6124
catalog_sales,6125
catalog_sales,6126
catalog_sales,6127
catalog_sales,6128
catalog_sales,6129
catalog_sales,6130
catalog_sales,6131
catalog_sales,6132
catalog_sales,6133
catalog_sales,6134
catalog_sales,6135
catalog_sales,6136
catalog_sales,6137
catalog_sales,6138
catalog_sales,6139
catalog_sales,6140
catalog_sales,6141
catalog_sales,6142
catalog_sales,6143
catalog_sales,6144
catalog_sales,6145
catalog_sales,6146
catalog_sales,6147
catalog_sales,6148
catalog_sales,6149
catalog_sales,6150
catalog_sales,6151
catalog_sales,6152
catalog_sales,6153
catalog_sales,6154
catalog_sales,6155
catalog_sales,6156
catalog_sales,6157
catalog_sales,6158
catalog_sales,6159
catalog_sales,6160
catalog_sales,6161
catalog_sales,6162
catalog_sales,6163
catalog_sales,6164
catalog_sales,6165
catalog_sales,6166
catalog_sales,6167
catalog_sales,6168
catalog_sales,6169
catalog_sales,6170
catalog_sales,6171
catalog_sales,6172
catalog_sales,6173
catalog_sales,6174
catalog_sales,6175
catalog_sales,6176
catalog_sales,6177
catalog_sales,6178
catalog_sales,6179
catalog_sales,6180
catalog_sales,6181
catalog_sales,6182
catalog_sales,6183
catalog_sales,6184
catalog_sales,6185
catalog_sales,6186
catalog_sales,6187
catalog_sales,6188
catalog_sales,6189
catalog_sales,6190
catalog_sales,6191
catalog_sales,6192
catalog_sales,6193
catalog_sales,6194
catalog_sales,6195
catalog_sales,6196
catalog_sales,6197
catalog_sales,6198
catalog_sales,6199
catalog_sales,6200
catalog_sales,6201
catalog_sales,6202
catalog_sales,6203
catalog_sales,6204
catalog_sales,6205
catalog_sales,6206
catalog_sales,6207
catalog_sales,6208
catalog_sales,6209
catalog_sales,6210
catalog_sales,6211
catalog_sales,6212
catalog_sales,6213
catalog_sales,6214
catalog_sales,6215
catalog_sales,6216
catalog_sales,6217
catalog_sales,6218
catalog_sales,6219
catalog_sales,6220
catalog_sales,6221
catalog_sales,6222
catalog_sales,6223
catalog_sales,6224
catalog_sales,6225
catalog_sales,6226
catalog_sales,6227
catalog_sales,6228
catalog_sales,6229
catalog_sales,6230
catalog_sales,6231
catalog_sales,6232
catalog_sales,6233
catalog_sales,6234
catalog_sales,6235
catalog_sales,6236
catalog_sales,6237
catalog_sales,6238
catalog_sales,6239
catalog_sales,6240
catalog_sales,6241
catalog_sales,6242
catalog_sales,6243
catalog_sales,6244
catalog_sales,6245
catalog_sales,6246
catalog_sales,6247
catalog_sales,6248
catalog_sales,6249
catalog_sales,6250
catalog_sales,6251
catalog_sales,6252
catalog_sales,6253
catalog_sales,6254
catalog_sales,6255
catalog_sales,6256
catalog_sales,6257
catalog_sales,6258
catalog_sales,6259
catalog_sales,6260
catalog_sales,6261
catalog_sales,6262
catalog_sales,6263
catalog_sales,6264
catalog_sales,6265
catalog_sales,6266
catalog_sales,6267
catalog_sales,6268
catalog_sales,6269
catalog_sales,6270
catalog_sales,6271
catalog_sales,6272
catalog_sales,6273
catalog_sales,6274
catalog_sales,6275
catalog_sales,6276
catalog_sales,6277
catalog_sales,6278
catalog_sales,6279
catalog_sales,6280
catalog_sales,6281
catalog_sales,6282
catalog_sales,6283
catalog_sales,6284
catalog_sales,6285
catalog_sales,6286
catalog_sales,6287
catalog_sales,6288
catalog_sales,6289
catalog_sales,6290
catalog_sales,6291
catalog_sales,6292
catalog_sales,6293
catalog_sales,6294
catalog_sales,6295
catalog_sales,6296
catalog_sales,6297
catalog_sales,6298
catalog_sales,6299
catalog_sales,6300
catalog_sales,6301
catalog_sales,6302
catalog_sales,6303
catalog_sales,6304
catalog_sales,6305
catalog_sales,6306
catalog_sales,6307
catalog_sales,6308
catalog_sales,6309
catalog_sales,6310
catalog_sales,6311
catalog_sales,6312
catalog_sales,6313
catalog_sales,6314
catalog_sales,6315
catalog_sales,6316
catalog_sales,6317
catalog_sales,6318
catalog_sales,6319
catalog_sales,6320
catalog_sales,6321
catalog_sales,6322
catalog_sales,6323
catalog_sales,6324
catalog_sales,6325
catalog_sales,6326
catalog_sales,6327
catalog_sales,6328
catalog_sales,6329
catalog_sales,6330
catalog_sales,6331
catalog_sales,6332
catalog_sales,6333
catalog_sales,6334
catalog_sales,6335
catalog_sales,6336
catalog_sales,6337
catalog_sales,6338
catalog_sales,6339
catalog_sales,6340
catalog_sales,6341
catalog_sales,6342
catalog_sales,6343
catalog_sales,6344
catalog_sales,6345
catalog_sales,6346
catalog_sales,6347
catalog_sales,6348
catalog_sales,6349
catalog_sales,6350
catalog_sales,6351
catalog_sales,6352
catalog_sales,6353
catalog_sales,6354
catalog_sales,6355
catalog_sales,6356
catalog_sales,6357
catalog_sales,6358
catalog_sales,6359
catalog_sales,6360
catalog_sales,6361
catalog_sales,6362
catalog_sales,6363
catalog_sales,6364
catalog_sales,6365
catalog_sales,6366
catalog_sales,6367
catalog_sales,6368
catalog_sales,6369
catalog_sales,6370
catalog_sales,6371
catalog_sales,6372
catalog_sales,6373
catalog_sales,6374
catalog_sales,6375
catalog_sales,6376
catalog_sales,6377
catalog_sales,6378
catalog_sales,6379
catalog_sales,6380
catalog_sales,6381
catalog_sales,6382
catalog_sales,6383
catalog_sales,6384
catalog_sales,6385
catalog_sales,6386
catalog_sales,6387
catalog_sales,6388
catalog_sales,6389
catalog_sales,6390
catalog_sales,6391
catalog_sales,6392
catalog_sales,6393
catalog_sales,6394
catalog_sales,6395
catalog_sales,6396
catalog_sales,6397
catalog_sales,6398
catalog_sales,6399
catalog_sales,6400
catalog_sales,6401
catalog_sales,6402
catalog_sales,6403
catalog_sales,6404
catalog_sales,6405
catalog_sales,6406
catalog_sales,6407
catalog_sales,6408
catalog_sales,6409
catalog_sales,6410
catalog_sales,6411
catalog_sales,6412
catalog_sales,6413
catalog_sales,6414
catalog_sales,6415
catalog_sales,6416
catalog_sales,6417
catalog_sales,6418
catalog_sales,6419
catalog_sales,6420
catalog_sales,6421
catalog_sales,6422
catalog_sales,6423
catalog_sales,6424
catalog_sales,6425
catalog_sales,6426
catalog_sales,6427
catalog_sales,6428
catalog_sales,6429
catalog_sales,6430
catalog_sales,6431
catalog_sales,6432
catalog_sales,6433
catalog_sales,6434
catalog_sales,6435
catalog_sales,6436
catalog_sales,6437
catalog_sales,6438
catalog_sales,6439
catalog_sales,6440
catalog_sales,6441
catalog_sales,6442
catalog_sales,6443
catalog_sales,6444
catalog_sales,6445
catalog_sales,6446
catalog_sales,6447
catalog_sales,6448
catalog_sales,6449
catalog_sales,6450
catalog_sales,6451
catalog_sales,6452
catalog_sales,6453
catalog_sales,6454
catalog_sales,6455
catalog_sales,6456
catalog_sales,6457
catalog_sales,6458
catalog_sales,6459
catalog_sales,6460
catalog_sales,6461
catalog_sales,6462
catalog_sales,6463
catalog_sales,6464
catalog_sales,6465
catalog_sales,6466
catalog_sales,6467
catalog_sales,6468
catalog_sales,6469
catalog_sales,6470
catalog_sales,6471
catalog_sales,6472
catalog_sales,6473
catalog_sales,6474
catalog_sales,6475
catalog_sales,6476
catalog_sales,6477
catalog_sales,6478
catalog_sales,6479
catalog_sales,6480
catalog_sales,6481
catalog_sales,6482
catalog_sales,6483
catalog_sales,6484
catalog_sales,6485
catalog_sales,6486
catalog_sales,6487
catalog_sales,6488
catalog_sales,6489
catalog_sales,6490
catalog_sales,6491
catalog_sales,6492
catalog_sales,6493
catalog_sales,6494
catalog_sales,6495
catalog_sales,6496
catalog_sales,6497
catalog_sales,6498
catalog_sales,6499
catalog_sales,6500
catalog_sales,6501
catalog_sales,6502
catalog_sales,6503
catalog_sales,6504
catalog_sales,6505
catalog_sales,6506
catalog_sales,6507
catalog_sales,6508
catalog_sales,6509
catalog_sales,6510
catalog_sales,6511
catalog_sales,6512
catalog_sales,6513
catalog_sales,6514
catalog_sales,6515
catalog_sales,6516
catalog_sales,6517
catalog_sales,6518
catalog_sales,6519
catalog_sales,6520
catalog_sales,6521
catalog_sales,6522
catalog_sales,6523
catalog_sales,6524
catalog_sales,6525
catalog_sales,6526
catalog_sales,6527
catalog_sales,6528
catalog_sales,6529
catalog_sales,6530
catalog_sales,6531
catalog_sales,6532
catalog_sales,6533
catalog_sales,6534
catalog_sales,6535
catalog_sales,6536
catalog_sales,6537
catalog_sales,6538
catalog_sales,6539
catalog_sales,6540
catalog_sales,6541
catalog_sales,6542
catalog_sales,6543
catalog_sales,6544
catalog_sales,6545
catalog_sales,6546
catalog_sales,6547
catalog_sales,6548
catalog_sales,6549
catalog_sales,6550
catalog_sales,6551
catalog_sales,6552
catalog_sales,6553
catalog_sales,6554
catalog_sales,6555
catalog_sales,6556
catalog_sales,6557
catalog_sales,6558
catalog_sales,6559
catalog_sales,6560
catalog_sales,6561
catalog_sales,6562
catalog_sales,6563
catalog_sales,6564
catalog_sales,6565
catalog_sales,6566
catalog_sales,6567
catalog_sales,6568
catalog_sales,6569
catalog_sales,6570
catalog_sales,6571
catalog_sales,6572
catalog_sales,6573
catalog_sales,6574
catalog_sales,6575
catalog_sales,6576
catalog_sales,6577
catalog_sales,6578
catalog_sales,6579
catalog_sales,6580
catalog_sales,6581
catalog_sales,6582
catalog_sales,6583
catalog_sales,6584
catalog_sales,6585
catalog_sales,6586
catalog_sales,6587
catalog_sales,6588
catalog_sales,6589
catalog_sales,6590
catalog_sales,6591
catalog_sales,6592
catalog_sales,6593
catalog_sales,6594
catalog_sales,6595
catalog_sales,6596
catalog_sales,6597
catalog_sales,6598
catalog_sales,6599
catalog_sales,6600
catalog_sales,6601
catalog_sales,6602
catalog_sales,6603
catalog_sales,6604
catalog_sales,6605
catalog_sales,6606
catalog_sales,6607
catalog_sales,6608
catalog_sales,6609
catalog_sales,6610
catalog_sales,6611
catalog_sales,6612
catalog_sales,6613
catalog_sales,6614
catalog_sales,6615
catalog_sales,6616
catalog_sales,6617
catalog_sales,6618
catalog_sales,6619
catalog_sales,6620
catalog_sales,6621
catalog_sales,6622
catalog_sales,6623
catalog_sales,6624
catalog_sales,6625
catalog_sales,6626
catalog_sales,6627
catalog_sales,6628
catalog_sales,6629
catalog_sales,6630
catalog_sales,6631
catalog_sales,6632
catalog_sales,6633
catalog_sales,6634
catalog_sales,6635
catalog_sales,6636
catalog_sales,6637
catalog_sales,6638
catalog_sales,6639
catalog_sales,6640
catalog_sales,6641
catalog_sales,6642
catalog_sales,6643
catalog_sales,6644
catalog_sales,6645
catalog_sales,6646
catalog_sales,6647
catalog_sales,6648
catalog_sales,6649
catalog_sales,6650
catalog_sales,6651
catalog_sales,6652
catalog_sales,6653
catalog_sales,6654
catalog_sales,6655
catalog_sales,6656
catalog_sales,6657
catalog_sales,6658
catalog_sales,6659
catalog_sales,6660
catalog_sales,6661
catalog_sales,6662
catalog_sales,6663
catalog_sales,6664
catalog_sales,6665
catalog_sales,6666
catalog_sales,6667
catalog_sales,6668
catalog_sales,6669
catalog_sales,6670
catalog_sales,6671
catalog_sales,6672
catalog_sales,6673
catalog_sales,6674
catalog_sales,6675
catalog_sales,6676
catalog_sales,6677
catalog_sales,6678
catalog_sales,6679
catalog_sales,6680
catalog_sales,6681
catalog_sales,6682
catalog_sales,6683
catalog_sales,6684
catalog_sales,6685
catalog_sales,6686
catalog_sales,6687
catalog_sales,6688
catalog_sales,6689
catalog_sales,6690
catalog_sales,6691
catalog_sales,6692
catalog_sales,6693
catalog_sales,6694
catalog_sales,6695
catalog_sales,6696
catalog_sales,6697
catalog_sales,6698
catalog_sales,6699
catalog_sales,6700
catalog_sales,6701
catalog_sales,6702
catalog_sales,6703
catalog_sales,6704
catalog_sales,6705
catalog_sales,6706
catalog_sales,6707
catalog_sales,6708
catalog_sales,6709
catalog_sales,6710
catalog_sales,6711
catalog_sales,6712
catalog_sales,6713
catalog_sales,6714
catalog_sales,6715
catalog_sales,6716
catalog_sales,6717
catalog_sales,6718
catalog_sales,6719
catalog_sales,6720
catalog_sales,6721
catalog_sales,6722
catalog_sales,6723
catalog_sales,6724
catalog_sales,6725
catalog_sales,6726
catalog_sales,6727
catalog_sales,6728
catalog_sales,6729
catalog_sales,6730
catalog_sales,6731
catalog_sales,6732
catalog_sales,6733
catalog_sales,6734
catalog_sales,6735
catalog_sales,6736
catalog_sales,6737
catalog_sales,6738
catalog_sales,6739
catalog_sales,6740
catalog_sales,6741
catalog_sales,6742
catalog_sales,6743
catalog_sales,6744
catalog_sales,6745
catalog_sales,6746
catalog_sales,6747
catalog_sales,6748
catalog_sales,6749
catalog_sales,6750
catalog_sales,6751
catalog_sales,6752
catalog_sales,6753
catalog_sales,6754
catalog_sales,6755
catalog_sales,6756
catalog_sales,6757
catalog_sales,6758
catalog_sales,6759
catalog_sales,6760
catalog_sales,6761
catalog_sales,6762
catalog_sales,6763
catalog_sales,6764
catalog_sales,6765
catalog_sales,6766
catalog_sales,6767
catalog_sales,6768
catalog_sales,6769
catalog_sales,6770
catalog_sales,6771
catalog_sales,6772
catalog_sales,6773
catalog_sales,6774
catalog_sales,6775
catalog_sales,6776
catalog_sales,6777
catalog_sales,6778
catalog_sales,6779
catalog_sales,6780
catalog_sales,6781
catalog_sales,6782
catalog_sales,6783
catalog_sales,6784
catalog_sales,6785
catalog_sales,6786
catalog_sales,6787
catalog_sales,6788
catalog_sales,6789
catalog_sales,6790
catalog_sales,6791
catalog_sales,6792
catalog_sales,6793
catalog_sales,6794
catalog_sales,6795
catalog_sales,6796
catalog_sales,6797
catalog_sales,6798
catalog_sales,6799
catalog_sales,6800
catalog_sales,6801
catalog_sales,6802
catalog_sales,6803
catalog_sales,6804
catalog_sales,6805
catalog_sales,6806
catalog_sales,6807
catalog_sales,6808
catalog_sales,6809
catalog_sales,6810
catalog_sales,6811
catalog_sales,6812
catalog_sales,6813
catalog_sales,6814
catalog_sales,6815
catalog_sales,6816
catalog_sales,6817
catalog_sales,6818
catalog_sales,6819
catalog_sales,6820
catalog_sales,6821
catalog_sales,6822
catalog_sales,6823
catalog_sales,6824
catalog_sales,6825
catalog_sales,6826
catalog_sales,6827
catalog_sales,6828
catalog_sales,6829
catalog_sales,6830
catalog_sales,6831
catalog_sales,6832
catalog_sales,6833
catalog_sales,6834
catalog_sales,6835
catalog_sales,6836
catalog_sales,6837
catalog_sales,6838
catalog_sales,6839
catalog_sales,6840
catalog_sales,6841
catalog_sales,6842
catalog_sales,6843
catalog_sales,6844
catalog_sales,6845
catalog_sales,6846
catalog_sales,6847
catalog_sales,6848
catalog_sales,6849
catalog_sales,6850
catalog_sales,6851
catalog_sales,6852
catalog_sales,6853
catalog_sales,6854
catalog_sales,6855
catalog_sales,6856
catalog_sales,6857
catalog_sales,6858
catalog_sales,6859
catalog_sales,6860
catalog_sales,6861
catalog_sales,6862
catalog_sales,6863
catalog_sales,6864
catalog_sales,6865
catalog_sales,6866
catalog_sales,6867
catalog_sales,6868
catalog_sales,6869
catalog_sales,6870
catalog_sales,6871
catalog_sales,6872
catalog_sales,6873
catalog_sales,6874
catalog_sales,6875
catalog_sales,6876
catalog_sales,6877
catalog_sales,6878
catalog_sales,6879
catalog_sales,6880
catalog_sales,6881
catalog_sales,6882
catalog_sales,6883
catalog_sales,6884
catalog_sales,6885
catalog_sales,6886
catalog_sales,6887
catalog_sales,6888
catalog_sales,6889
catalog_sales,6890
catalog_sales,6891
catalog_sales,6892
catalog_sales,6893
catalog_sales,6894
catalog_sales,6895
catalog_sales,6896
catalog_sales,6897
catalog_sales,6898
catalog_sales,6899
catalog_sales,6900
catalog_sales,6901
catalog_sales,6902
catalog_sales,6903
catalog_sales,6904
catalog_sales,6905
catalog_sales,6906
catalog_sales,6907
catalog_sales,6908
catalog_sales,6909
catalog_sales,6910
catalog_sales,6911
catalog_sales,6912
catalog_sales,6913
catalog_sales,6914
catalog_sales,6915
catalog_sales,6916
catalog_sales,6917
catalog_sales,6918
catalog_sales,6919
catalog_sales,6920
catalog_sales,6921
catalog_sales,6922
catalog_sales,6923
catalog_sales,6924
catalog_sales,6925
catalog_sales,6926
catalog_sales,6927
catalog_sales,6928
catalog_sales,6929
catalog_sales,6930
catalog_sales,6931
catalog_sales,6932
catalog_sales,6933
catalog_sales,6934
catalog_sales,6935
catalog_sales,6936
catalog_sales,6937
catalog_sales,6938
catalog_sales,6939
catalog_sales,6940
catalog_sales,6941
catalog_sales,6942
catalog_sales,6943
catalog_sales,6944
catalog_sales,6945
catalog_sales,6946
catalog_sales,6947
catalog_sales,6948
catalog_sales,6949
catalog_sales,6950
catalog_sales,6951
catalog_sales,6952
catalog_sales,6953
catalog_sales,6954
catalog_sales,6955
catalog_sales,6956
catalog_sales,6957
catalog_sales,6958
catalog_sales,6959
catalog_sales,6960
catalog_sales,6961
catalog_sales,6962
catalog_sales,6963
catalog_sales,6964
catalog_sales,6965
catalog_sales,6966
catalog_sales,6967
catalog_sales,6968
catalog_sales,6969
catalog_sales,6970
catalog_sales,6971
catalog_sales,6972
catalog_sales,6973
catalog_sales,6974
catalog_sales,6975
catalog_sales,6976
catalog_sales,6977
catalog_sales,6978
catalog_sales,6979
catalog_sales,6980
catalog_sales,6981
catalog_sales,6982
catalog_sales,6983
catalog_sales,6984
catalog_sales,6985
catalog_sales,6986
catalog_sales,6987
catalog_sales,6988
catalog_sales,6989
catalog_sales,6990
catalog_sales,6991
catalog_sales,6992
catalog_sales,6993
catalog_sales,6994
catalog_sales,6995
catalog_sales,6996
catalog_sales,6997
catalog_sales,6998
catalog_sales,6999
catalog_sales,7000
catalog_sales,7001
catalog_sales,7002
catalog_sales,7003
catalog_sales,7004
catalog_sales,7005
catalog_sales,7006
catalog_sales,7007
catalog_sales,7008
catalog_sales,7009
catalog_sales,7010
catalog_sales,7011
catalog_sales,7012
catalog_sales,7013
catalog_sales,7014
catalog_sales,7015
catalog_sales,7016
catalog_sales,7017
catalog_sales,7018
catalog_sales,7019
catalog_sales,7020
catalog_sales,7021
catalog_sales,7022
catalog_sales,7023
catalog_sales,7024
catalog_sales,7025
catalog_sales,7026
catalog_sales,7027
catalog_sales,7028
catalog_sales,7029
catalog_sales,7030
catalog_sales,7031
catalog_sales,7032
catalog_sales,7033
catalog_sales,7034
catalog_sales,7035
catalog_sales,7036
catalog_sales,7037
catalog_sales,7038
catalog_sales,7039
catalog_sales,7040
catalog_sales,7041
catalog_sales,7042
catalog_sales,7043
catalog_sales,7044
catalog_sales,7045
catalog_sales,7046
catalog_sales,7047
catalog_sales,7048
catalog_sales,7049
catalog_sales,7050
catalog_sales,7051
catalog_sales,7052
catalog_sales,7053
catalog_sales,7054
catalog_sales,7055
catalog_sales,7056
catalog_sales,7057
catalog_sales,7058
catalog_sales,7059
catalog_sales,7060
catalog_sales,7061
catalog_sales,7062
catalog_sales,7063
catalog_sales,7064
catalog_sales,7065
catalog_sales,7066
catalog_sales,7067
catalog_sales,7068
catalog_sales,7069
catalog_sales,7070
catalog_sales,7071
catalog_sales,7072
catalog_sales,7073
catalog_sales,7074
catalog_sales,7075
catalog_sales,7076
catalog_sales,7077
catalog_sales,7078
catalog_sales,7079
catalog_sales,7080
catalog_sales,7081
catalog_sales,7082
catalog_sales,7083
catalog_sales,7084
catalog_sales,7085
catalog_sales,7086
catalog_sales,7087
catalog_sales,7088
catalog_sales,7089
catalog_sales,7090
catalog_sales,7091
catalog_sales,7092
catalog_sales,7093
catalog_sales,7094
catalog_sales,7095
catalog_sales,7096
catalog_sales,7097
catalog_sales,7098
catalog_sales,7099
catalog_sales,7100
catalog_sales,7101
catalog_sales,7102
catalog_sales,7103
catalog_sales,7104
catalog_sales,7105
catalog_sales,7106
catalog_sales,7107
catalog_sales,7108
catalog_sales,7109
catalog_sales,7110
catalog_sales,7111
catalog_sales,7112
catalog_sales,7113
catalog_sales,7114
catalog_sales,7115
catalog_sales,7116
catalog_sales,7117
catalog_sales,7118
catalog_sales,7119
catalog_sales,7120
catalog_sales,7121
catalog_sales,7122
catalog_sales,7123
catalog_sales,7124
catalog_sales,7125
catalog_sales,7126
catalog_sales,7127
catalog_sales,7128
catalog_sales,7129
catalog_sales,7130
catalog_sales,7131
catalog_sales,7132
catalog_sales,7133
catalog_sales,7134
catalog_sales,7135
catalog_sales,7136
catalog_sales,7137
catalog_sales,7138
catalog_sales,7139
catalog_sales,7140
catalog_sales,7141
catalog_sales,7142
catalog_sales,7143
catalog_sales,7144
catalog_sales,7145
catalog_sales,7146
catalog_sales,7147
catalog_sales,7148
catalog_sales,7149
catalog_sales,7150
catalog_sales,7151
catalog_sales,7152
catalog_sales,7153
catalog_sales,7154
catalog_sales,7155
catalog_sales,7156
catalog_sales,7157
catalog_sales,7158
catalog_sales,7159
catalog_sales,7160
catalog_sales,7161
catalog_sales,7162
catalog_sales,7163
catalog_sales,7164
catalog_sales,7165
catalog_sales,7166
catalog_sales,7167
catalog_sales,7168
catalog_sales,7169
catalog_sales,7170
catalog_sales,7171
catalog_sales,7172
catalog_sales,7173
catalog_sales,7174
catalog_sales,7175
catalog_sales,7176
catalog_sales,7177
catalog_sales,7178
catalog_sales,7179
catalog_sales,7180
catalog_sales,7181
catalog_sales,7182
catalog_sales,7183
catalog_sales,7184
catalog_sales,7185
catalog_sales,7186
catalog_sales,7187
catalog_sales,7188
catalog_sales,7189
catalog_sales,7190
catalog_sales,7191
catalog_sales,7192
catalog_sales,7193
catalog_sales,7194
catalog_sales,7195
catalog_sales,7196
catalog_sales,7197
catalog_sales,7198
catalog_sales,7199
catalog_sales,7200
catalog_sales,7201
catalog_sales,7202
catalog_sales,7203
catalog_sales,7204
catalog_sales,7205
catalog_sales,7206
catalog_sales,7207
catalog_sales,7208
catalog_sales,7209
catalog_sales,7210
catalog_sales,7211
catalog_sales,7212
catalog_sales,7213
catalog_sales,7214
catalog_sales,7215
catalog_sales,7216
catalog_sales,7217
catalog_sales,7218
catalog_sales,7219
catalog_sales,7220
catalog_sales,7221
catalog_sales,7222
catalog_sales,7223
catalog_sales,7224
catalog_sales,7225
catalog_sales,7226
catalog_sales,7227
catalog_sales,7228
catalog_sales,7229
catalog_sales,7230
catalog_sales,7231
catalog_sales,7232
catalog_sales,7233
catalog_sales,7234
catalog_sales,7235
catalog_sales,7236
catalog_sales,7237
catalog_sales,7238
catalog_sales,7239
catalog_sales,7240
catalog_sales,7241
catalog_sales,7242
catalog_sales,7243
catalog_sales,7244
catalog_sales,7245
catalog_sales,7246
catalog_sales,7247
catalog_sales,7248
catalog_sales,7249
catalog_sales,7250
catalog_sales,7251
catalog_sales,7252
catalog_sales,7253
catalog_sales,7254
catalog_sales,7255
catalog_sales,7256
catalog_sales,7257
catalog_sales,7258
catalog_sales,7259
catalog_sales,7260
catalog_sales,7261
catalog_sales,7262
catalog_sales,7263
catalog_sales,7264
catalog_sales,7265
catalog_sales,7266
catalog_sales,7267
catalog_sales,7268
catalog_sales,7269
catalog_sales,7270
catalog_sales,7271
catalog_sales,7272
catalog_sales,7273
catalog_sales,7274
catalog_sales,7275
catalog_sales,7276
catalog_sales,7277
catalog_sales,7278
catalog_sales,7279
catalog_sales,7280
catalog_sales,7281
catalog_sales,7282
catalog_sales,7283
catalog_sales,7284
catalog_sales,7285
catalog_sales,7286
catalog_sales,7287
catalog_sales,7288
catalog_sales,7289
catalog_sales,7290
catalog_sales,7291
catalog_sales,7292
catalog_sales,7293
catalog_sales,7294
catalog_sales,7295
catalog_sales,7296
catalog_sales,7297
catalog_sales,7298
catalog_sales,7299
catalog_sales,7300
catalog_sales,7301
catalog_sales,7302
catalog_sales,7303
catalog_sales,7304
catalog_sales,7305
catalog_sales,7306
catalog_sales,7307
catalog_sales,7308
catalog_sales,7309
catalog_sales,7310
catalog_sales,7311
catalog_sales,7312
catalog_sales,7313
catalog_sales,7314
catalog_sales,7315
catalog_sales,7316
catalog_sales,7317
catalog_sales,7318
catalog_sales,7319
catalog_sales,7320
catalog_sales,7321
catalog_sales,7322
catalog_sales,7323
catalog_sales,7324
catalog_sales,7325
catalog_sales,7326
catalog_sales,7327
catalog_sales,7328
catalog_sales,7329
catalog_sales,7330
catalog_sales,7331
catalog_sales,7332
catalog_sales,7333
catalog_sales,7334
catalog_sales,7335
catalog_sales,7336
catalog_sales,7337
catalog_sales,7338
catalog_sales,7339
catalog_sales,7340
catalog_sales,7341
catalog_sales,7342
catalog_sales,7343
catalog_sales,7344
catalog_sales,7345
catalog_sales,7346
catalog_sales,7347
catalog_sales,7348
catalog_sales,7349
catalog_sales,7350
catalog_sales,7351
catalog_sales,7352
catalog_sales,7353
catalog_sales,7354
catalog_sales,7355
catalog_sales,7356
catalog_sales,7357
catalog_sales,7358
catalog_sales,7359
catalog_sales,7360
catalog_sales,7361
catalog_sales,7362
catalog_sales,7363
catalog_sales,7364
catalog_sales,7365
catalog_sales,7366
catalog_sales,7367
catalog_sales,7368
catalog_sales,7369
catalog_sales,7370
catalog_sales,7371
catalog_sales,7372
catalog_sales,7373
catalog_sales,7374
catalog_sales,7375
catalog_sales,7376
catalog_sales,7377
catalog_sales,7378
catalog_sales,7379
catalog_sales,7380
catalog_sales,7381
catalog_sales,7382
catalog_sales,7383
catalog_sales,7384
catalog_sales,7385
catalog_sales,7386
catalog_sales,7387
catalog_sales,7388
catalog_sales,7389
catalog_sales,7390
catalog_sales,7391
catalog_sales,7392
catalog_sales,7393
catalog_sales,7394
catalog_sales,7395
catalog_sales,7396
catalog_sales,7397
catalog_sales,7398
catalog_sales,7399
catalog_sales,7400
catalog_sales,7401
catalog_sales,7402
catalog_sales,7403
catalog_sales,7404
catalog_sales,7405
catalog_sales,7406
catalog_sales,7407
catalog_sales,7408
catalog_sales,7409
catalog_sales,7410
catalog_sales,7411
catalog_sales,7412
catalog_sales,7413
catalog_sales,7414
catalog_sales,7415
catalog_sales,7416
catalog_sales,7417
catalog_sales,7418
catalog_sales,7419
catalog_sales,7420
catalog_sales,7421
catalog_sales,7422
catalog_sales,7423
catalog_sales,7424
catalog_sales,7425
catalog_sales,7426
catalog_sales,7427
catalog_sales,7428
catalog_sales,7429
catalog_sales,7430
catalog_sales,7431
catalog_sales,7432
catalog_sales,7433
catalog_sales,7434
catalog_sales,7435
catalog_sales,7436
catalog_sales,7437
catalog_sales,7438
catalog_sales,7439
catalog_sales,7440
catalog_sales,7441
catalog_sales,7442
catalog_sales,7443
catalog_sales,7444
catalog_sales,7445
catalog_sales,7446
catalog_sales,7447
catalog_sales,7448
catalog_sales,7449
catalog_sales,7450
catalog_sales,7451
catalog_sales,7452
catalog_sales,7453
catalog_sales,7454
catalog_sales,7455
catalog_sales,7456
catalog_sales,7457
catalog_sales,7458
catalog_sales,7459
catalog_sales,7460
catalog_sales,7461
catalog_sales,7462
catalog_sales,7463
catalog_sales,7464
catalog_sales,7465
catalog_sales,7466
catalog_sales,7467
catalog_sales,7468
catalog_sales,7469
catalog_sales,7470
catalog_sales,7471
catalog_sales,7472
catalog_sales,7473
catalog_sales,7474
catalog_sales,7475
catalog_sales,7476
catalog_sales,7477
catalog_sales,7478
catalog_sales,7479
catalog_sales,7480
catalog_sales,7481
catalog_sales,7482
catalog_sales,7483
catalog_sales,7484
catalog_sales,7485
catalog_sales,7486
catalog_sales,7487
catalog_sales,7488
catalog_sales,7489
catalog_sales,7490
catalog_sales,7491
catalog_sales,7492
catalog_sales,7493
catalog_sales,7494
catalog_sales,7495
catalog_sales,7496
catalog_sales,7497
catalog_sales,7498
catalog_sales,7499
catalog_sales,7500
catalog_sales,7501
catalog_sales,7502
catalog_sales,7503
catalog_sales,7504
catalog_sales,7505
catalog_sales,7506
catalog_sales,7507
catalog_sales,7508
catalog_sales,7509
catalog_sales,7510
catalog_sales,7511
catalog_sales,7512
catalog_sales,7513
catalog_sales,7514
catalog_sales,7515
catalog_sales,7516
catalog_sales,7517
catalog_sales,7518
catalog_sales,7519
catalog_sales,7520
catalog_sales,7521
catalog_sales,7522
catalog_sales,7523
catalog_sales,7524
catalog_sales,7525
catalog_sales,7526
catalog_sales,7527
catalog_sales,7528
catalog_sales,7529
catalog_sales,7530
catalog_sales,7531
catalog_sales,7532
catalog_sales,7533
catalog_sales,7534
catalog_sales,7535
catalog_sales,7536
catalog_sales,7537
catalog_sales,7538
catalog_sales,7539
catalog_sales,7540
catalog_sales,7541
catalog_sales,7542
catalog_sales,7543
catalog_sales,7544
catalog_sales,7545
catalog_sales,7546
catalog_sales,7547
catalog_sales,7548
catalog_sales,7549
catalog_sales,7550
catalog_sales,7551
catalog_sales,7552
catalog_sales,7553
catalog_sales,7554
catalog_sales,7555
catalog_sales,7556
catalog_sales,7557
catalog_sales,7558
catalog_sales,7559
catalog_sales,7560
catalog_sales,7561
catalog_sales,7562
catalog_sales,7563
catalog_sales,7564
catalog_sales,7565
catalog_sales,7566
catalog_sales,7567
catalog_sales,7568
catalog_sales,7569
catalog_sales,7570
catalog_sales,7571
catalog_sales,7572
catalog_sales,7573
catalog_sales,7574
catalog_sales,7575
catalog_sales,7576
catalog_sales,7577
catalog_sales,7578
catalog_sales,7579
catalog_sales,7580
catalog_sales,7581
catalog_sales,7582
catalog_sales,7583
catalog_sales,7584
catalog_sales,7585
catalog_sales,7586
catalog_sales,7587
catalog_sales,7588
catalog_sales,7589
catalog_sales,7590
catalog_sales,7591
catalog_sales,7592
catalog_sales,7593
catalog_sales,7594
catalog_sales,7595
catalog_sales,7596
catalog_sales,7597
catalog_sales,7598
catalog_sales,7599
catalog_sales,7600
catalog_sales,7601
catalog_sales,7602
catalog_sales,7603
catalog_sales,7604
catalog_sales,7605
catalog_sales,7606
catalog_sales,7607
catalog_sales,7608
catalog_sales,7609
catalog_sales,7610
catalog_sales,7611
catalog_sales,7612
catalog_sales,7613
catalog_sales,7614
catalog_sales,7615
catalog_sales,7616
catalog_sales,7617
catalog_sales,7618
catalog_sales,7619
catalog_sales,7620
catalog_sales,7621
catalog_sales,7622
catalog_sales,7623
catalog_sales,7624
catalog_sales,7625
catalog_sales,7626
catalog_sales,7627
catalog_sales,7628
catalog_sales,7629
catalog_sales,7630
catalog_sales,7631
catalog_sales,7632
catalog_sales,7633
catalog_sales,7634
catalog_sales,7635
catalog_sales,7636
catalog_sales,7637
catalog_sales,7638
catalog_sales,7639
catalog_sales,7640
catalog_sales,7641
catalog_sales,7642
catalog_sales,7643
catalog_sales,7644
catalog_sales,7645
catalog_sales,7646
catalog_sales,7647
catalog_sales,7648
catalog_sales,7649
catalog_sales,7650
catalog_sales,7651
catalog_sales,7652
catalog_sales,7653
catalog_sales,7654
catalog_sales,7655
catalog_sales,7656
catalog_sales,7657
catalog_sales,7658
catalog_sales,7659
catalog_sales,7660
catalog_sales,7661
catalog_sales,7662
catalog_sales,7663
catalog_sales,7664
catalog_sales,7665
catalog_sales,7666
catalog_sales,7667
catalog_sales,7668
catalog_sales,7669
catalog_sales,7670
catalog_sales,7671
catalog_sales,7672
catalog_sales,7673
catalog_sales,7674
catalog_sales,7675
catalog_sales,7676
catalog_sales,7677
catalog_sales,7678
catalog_sales,7679
catalog_sales,7680
catalog_sales,7681
catalog_sales,7682
catalog_sales,7683
catalog_sales,7684
catalog_sales,7685
catalog_sales,7686
catalog_sales,7687
catalog_sales,7688
catalog_sales,7689
catalog_sales,7690
catalog_sales,7691
catalog_sales,7692
catalog_sales,7693
catalog_sales,7694
catalog_sales,7695
catalog_sales,7696
catalog_sales,7697
catalog_sales,7698
catalog_sales,7699
catalog_sales,7700
catalog_sales,7701
catalog_sales,7702
catalog_sales,7703
catalog_sales,7704
catalog_sales,7705
catalog_sales,7706
catalog_sales,7707
catalog_sales,7708
catalog_sales,7709
catalog_sales,7710
catalog_sales,7711
catalog_sales,7712
catalog_sales,7713
catalog_sales,7714
catalog_sales,7715
catalog_sales,7716
catalog_sales,7717
catalog_sales,7718
catalog_sales,7719
catalog_sales,7720
catalog_sales,7721
catalog_sales,7722
catalog_sales,7723
catalog_sales,7724
catalog_sales,7725
catalog_sales,7726
catalog_sales,7727
catalog_sales,7728
catalog_sales,7729
catalog_sales,7730
catalog_sales,7731
catalog_sales,7732
catalog_sales,7733
catalog_sales,7734
catalog_sales,7735
catalog_sales,7736
catalog_sales,7737
catalog_sales,7738
catalog_sales,7739
catalog_sales,7740
catalog_sales,7741
catalog_sales,7742
catalog_sales,7743
catalog_sales,7744
catalog_sales,7745
catalog_sales,7746
catalog_sales,7747
catalog_sales,7748
catalog_sales,7749
catalog_sales,7750
catalog_sales,7751
catalog_sales,7752
catalog_sales,7753
catalog_sales,7754
catalog_sales,7755
catalog_sales,7756
catalog_sales,7757
catalog_sales,7758
catalog_sales,7759
catalog_sales,7760
catalog_sales,7761
catalog_sales,7762
catalog_sales,7763
catalog_sales,7764
catalog_sales,7765
catalog_sales,7766
catalog_sales,7767
catalog_sales,7768
catalog_sales,7769
catalog_sales,7770
catalog_sales,7771
catalog_sales,7772
catalog_sales,7773
catalog_sales,7774
catalog_sales,7775
catalog_sales,7776
catalog_sales,7777
catalog_sales,7778
catalog_sales,7779
catalog_sales,7780
catalog_sales,7781
catalog_sales,7782
catalog_sales,7783
catalog_sales,7784
catalog_sales,7785
catalog_sales,7786
catalog_sales,7787
catalog_sales,7788
catalog_sales,7789
catalog_sales,7790
catalog_sales,7791
catalog_sales,7792
catalog_sales,7793
catalog_sales,7794
catalog_sales,7795
catalog_sales,7796
catalog_sales,7797
catalog_sales,7798
catalog_sales,7799
catalog_sales,7800
catalog_sales,7801
catalog_sales,7802
catalog_sales,7803
catalog_sales,7804
catalog_sales,7805
catalog_sales,7806
catalog_sales,7807
catalog_sales,7808
catalog_sales,7809
catalog_sales,7810
catalog_sales,7811
catalog_sales,7812
catalog_sales,7813
catalog_sales,7814
catalog_sales,7815
catalog_sales,7816
catalog_sales,7817
catalog_sales,7818
catalog_sales,7819
catalog_sales,7820
catalog_sales,7821
catalog_sales,7822
catalog_sales,7823
catalog_sales,7824
catalog_sales,7825
catalog_sales,7826
catalog_sales,7827
catalog_sales,7828
catalog_sales,7829
catalog_sales,7830
catalog_sales,7831
catalog_sales,7832
catalog_sales,7833
catalog_sales,7834
catalog_sales,7835
catalog_sales,7836
catalog_sales,7837
catalog_sales,7838
catalog_sales,7839
catalog_sales,7840
catalog_sales,7841
catalog_sales,7842
catalog_sales,7843
catalog_sales,7844
catalog_sales,7845
catalog_sales,7846
catalog_sales,7847
catalog_sales,7848
catalog_sales,7849
catalog_sales,7850
catalog_sales,7851
catalog_sales,7852
catalog_sales,7853
catalog_sales,7854
catalog_sales,7855
catalog_sales,7856
catalog_sales,7857
catalog_sales,7858
catalog_sales,7859
catalog_sales,7860
catalog_sales,7861
catalog_sales,7862
catalog_sales,7863
catalog_sales,7864
catalog_sales,7865
catalog_sales,7866
catalog_sales,7867
catalog_sales,7868
catalog_sales,7869
catalog_sales,7870
catalog_sales,7871
catalog_sales,7872
catalog_sales,7873
catalog_sales,7874
catalog_sales,7875
catalog_sales,7876
catalog_sales,7877
catalog_sales,7878
catalog_sales,7879
catalog_sales,7880
catalog_sales,7881
catalog_sales,7882
catalog_sales,7883
catalog_sales,7884
catalog_sales,7885
catalog_sales,7886
catalog_sales,7887
catalog_sales,7888
catalog_sales,7889
catalog_sales,7890
catalog_sales,7891
catalog_sales,7892
catalog_sales,7893
catalog_sales,7894
catalog_sales,7895
catalog_sales,7896
catalog_sales,7897
catalog_sales,7898
catalog_sales,7899
catalog_sales,7900
catalog_sales,7901
catalog_sales,7902
catalog_sales,7903
catalog_sales,7904
catalog_sales,7905
catalog_sales,7906
catalog_sales,7907
catalog_sales,7908
catalog_sales,7909
catalog_sales,7910
catalog_sales,7911
catalog_sales,7912
catalog_sales,7913
catalog_sales,7914
catalog_sales,7915
catalog_sales,7916
catalog_sales,7917
catalog_sales,7918
catalog_sales,7919
catalog_sales,7920
catalog_sales,7921
catalog_sales,7922
catalog_sales,7923
catalog_sales,7924
catalog_sales,7925
catalog_sales,7926
catalog_sales,7927
catalog_sales,7928
catalog_sales,7929
catalog_sales,7930
catalog_sales,7931
catalog_sales,7932
catalog_sales,7933
catalog_sales,7934
catalog_sales,7935
catalog_sales,7936
catalog_sales,7937
catalog_sales,7938
catalog_sales,7939
catalog_sales,7940
catalog_sales,7941
catalog_sales,7942
catalog_sales,7943
catalog_sales,7944
catalog_sales,7945
catalog_sales,7946
catalog_sales,7947
catalog_sales,7948
catalog_sales,7949
catalog_sales,7950
catalog_sales,7951
catalog_sales,7952
catalog_sales,7953
catalog_sales,7954
catalog_sales,7955
catalog_sales,7956
catalog_sales,7957
catalog_sales,7958
catalog_sales,7959
catalog_sales,7960
catalog_sales,7961
catalog_sales,7962
catalog_sales,7963
catalog_sales,7964
catalog_sales,7965
catalog_sales,7966
catalog_sales,7967
catalog_sales,7968
catalog_sales,7969
catalog_sales,7970
catalog_sales,7971
catalog_sales,7972
catalog_sales,7973
catalog_sales,7974
catalog_sales,7975
catalog_sales,7976
catalog_sales,7977
catalog_sales,7978
catalog_sales,7979
catalog_sales,7980
catalog_sales,7981
catalog_sales,7982
catalog_sales,7983
catalog_sales,7984
catalog_sales,7985
catalog_sales,7986
catalog_sales,7987
catalog_sales,7988
catalog_sales,7989
catalog_sales,7990
catalog_sales,7991
catalog_sales,7992
catalog_sales,7993
catalog_sales,7994
catalog_sales,7995
catalog_sales,7996
catalog_sales,7997
catalog_sales,7998
catalog_sales,7999
catalog_sales,8000
catalog_sales,8001
catalog_sales,8002
catalog_sales,8003
catalog_sales,8004
catalog_sales,8005
catalog_sales,8006
catalog_sales,8007
catalog_sales,8008
catalog_sales,8009
catalog_sales,8010
catalog_sales,8011
catalog_sales,8012
catalog_sales,8013
catalog_sales,8014
catalog_sales,8015
catalog_sales,8016
catalog_sales,8017
catalog_sales,8018
catalog_sales,8019
catalog_sales,8020
catalog_sales,8021
catalog_sales,8022
catalog_sales,8023
catalog_sales,8024
catalog_sales,8025
catalog_sales,8026
catalog_sales,8027
catalog_sales,8028
catalog_sales,8029
catalog_sales,8030
catalog_sales,8031
catalog_sales,8032
catalog_sales,8033
catalog_sales,8034
catalog_sales,8035
catalog_sales,8036
catalog_sales,8037
catalog_sales,8038
catalog_sales,8039
catalog_sales,8040
catalog_sales,8041
catalog_sales,8042
catalog_sales,8043
catalog_sales,8044
catalog_sales,8045
catalog_sales,8046
catalog_sales,8047
catalog_sales,8048
catalog_sales,8049
catalog_sales,8050
catalog_sales,8051
catalog_sales,8052
catalog_sales,8053
catalog_sales,8054
catalog_sales,8055
catalog_sales,8056
catalog_sales,8057
catalog_sales,8058
catalog_sales,8059
catalog_sales,8060
catalog_sales,8061
catalog_sales,8062
catalog_sales,8063
catalog_sales,8064
catalog_sales,8065
catalog_sales,8066
catalog_sales,8067
catalog_sales,8068
catalog_sales,8069
catalog_sales,8070
catalog_sales,8071
catalog_sales,8072
catalog_sales,8073
catalog_sales,8074
catalog_sales,8075
catalog_sales,8076
catalog_sales,8077
catalog_sales,8078
catalog_sales,8079
catalog_sales,8080
catalog_sales,8081
catalog_sales,8082
catalog_sales,8083
catalog_sales,8084
catalog_sales,8085
catalog_sales,8086
catalog_sales,8087
catalog_sales,8088
catalog_sales,8089
catalog_sales,8090
catalog_sales,8091
catalog_sales,8092
catalog_sales,8093
catalog_sales,8094
catalog_sales,8095
catalog_sales,8096
catalog_sales,8097
catalog_sales,8098
catalog_sales,8099
catalog_sales,8100
catalog_sales,8101
catalog_sales,8102
catalog_sales,8103
catalog_sales,8104
catalog_sales,8105
catalog_sales,8106
catalog_sales,8107
catalog_sales,8108
catalog_sales,8109
catalog_sales,8110
catalog_sales,8111
catalog_sales,8112
catalog_sales,8113
catalog_sales,8114
catalog_sales,8115
catalog_sales,8116
catalog_sales,8117
catalog_sales,8118
catalog_sales,8119
catalog_sales,8120
catalog_sales,8121
catalog_sales,8122
catalog_sales,8123
catalog_sales,8124
catalog_sales,8125
catalog_sales,8126
catalog_sales,8127
catalog_sales,8128
catalog_sales,8129
catalog_sales,8130
catalog_sales,8131
catalog_sales,8132
catalog_sales,8133
catalog_sales,8134
catalog_sales,8135
catalog_sales,8136
catalog_sales,8137
catalog_sales,8138
catalog_sales,8139
catalog_sales,8140
catalog_sales,8141
catalog_sales,8142
catalog_sales,8143
catalog_sales,8144
catalog_sales,8145
catalog_sales,8146
catalog_sales,8147
catalog_sales,8148
catalog_sales,8149
catalog_sales,8150
catalog_sales,8151
catalog_sales,8152
catalog_sales,8153
catalog_sales,8154
catalog_sales,8155
catalog_sales,8156
catalog_sales,8157
catalog_sales,8158
catalog_sales,8159
catalog_sales,8160
catalog_sales,8161
catalog_sales,8162
catalog_sales,8163
catalog_sales,8164
catalog_sales,8165
catalog_sales,8166
catalog_sales,8167
catalog_sales,8168
catalog_sales,8169
catalog_sales,8170
catalog_sales,8171
catalog_sales,8172
catalog_sales,8173
catalog_sales,8174
catalog_sales,8175
catalog_sales,8176
catalog_sales,8177
catalog_sales,8178
catalog_sales,8179
catalog_sales,8180
catalog_sales,8181
catalog_sales,8182
catalog_sales,8183
catalog_sales,8184
catalog_sales,8185
catalog_sales,8186
catalog_sales,8187
catalog_sales,8188
catalog_sales,8189
catalog_sales,8190
catalog_sales,8191
catalog_sales,8192
catalog_sales,8193
catalog_sales,8194
catalog_sales,8195
catalog_sales,8196
catalog_sales,8197
catalog_sales,8198
catalog_sales,8199
catalog_sales,8200
catalog_sales,8201
catalog_sales,8202
catalog_sales,8203
catalog_sales,8204
catalog_sales,8205
catalog_sales,8206
catalog_sales,8207
catalog_sales,8208
catalog_sales,8209
catalog_sales,8210
catalog_sales,8211
catalog_sales,8212
catalog_sales,8213
catalog_sales,8214
catalog_sales,8215
catalog_sales,8216
catalog_sales,8217
catalog_sales,8218
catalog_sales,8219
catalog_sales,8220
catalog_sales,8221
catalog_sales,8222
catalog_sales,8223
catalog_sales,8224
catalog_sales,8225
catalog_sales,8226
catalog_sales,8227
catalog_sales,8228
catalog_sales,8229
catalog_sales,8230
catalog_sales,8231
catalog_sales,8232
catalog_sales,8233
catalog_sales,8234
catalog_sales,8235
catalog_sales,8236
catalog_sales,8237
catalog_sales,8238
catalog_sales,8239
catalog_sales,8240
catalog_sales,8241
catalog_sales,8242
catalog_sales,8243
catalog_sales,8244
catalog_sales,8245
catalog_sales,8246
catalog_sales,8247
catalog_sales,8248
catalog_sales,8249
catalog_sales,8250
catalog_sales,8251
catalog_sales,8252
catalog_sales,8253
catalog_sales,8254
catalog_sales,8255
catalog_sales,8256
catalog_sales,8257
catalog_sales,8258
catalog_sales,8259
catalog_sales,8260
catalog_sales,8261
catalog_sales,8262
catalog_sales,8263
catalog_sales,8264
catalog_sales,8265
catalog_sales,8266
catalog_sales,8267
catalog_sales,8268
catalog_sales,8269
catalog_sales,8270
catalog_sales,8271
catalog_sales,8272
catalog_sales,8273
catalog_sales,8274
catalog_sales,8275
catalog_sales,8276
catalog_sales,8277
catalog_sales,8278
catalog_sales,8279
catalog_sales,8280
catalog_sales,8281
catalog_sales,8282
catalog_sales,8283
catalog_sales,8284
catalog_sales,8285
catalog_sales,8286
catalog_sales,8287
catalog_sales,8288
catalog_sales,8289
catalog_sales,8290
catalog_sales,8291
catalog_sales,8292
catalog_sales,8293
catalog_sales,8294
catalog_sales,8295
catalog_sales,8296
catalog_sales,8297
catalog_sales,8298
catalog_sales,8299
catalog_sales,8300
catalog_sales,8301
catalog_sales,8302
catalog_sales,8303
catalog_sales,8304
catalog_sales,8305
catalog_sales,8306
catalog_sales,8307
catalog_sales,8308
catalog_sales,8309
catalog_sales,8310
catalog_sales,8311
catalog_sales,8312
catalog_sales,8313
catalog_sales,8314
catalog_sales,8315
catalog_sales,8316
catalog_sales,8317
catalog_sales,8318
catalog_sales,8319
catalog_sales,8320
catalog_sales,8321
catalog_sales,8322
catalog_sales,8323
catalog_sales,8324
catalog_sales,8325
catalog_sales,8326
catalog_sales,8327
catalog_sales,8328
catalog_sales,8329
catalog_sales,8330
catalog_sales,8331
catalog_sales,8332
catalog_sales,8333
catalog_sales,8334
catalog_sales,8335
catalog_sales,8336
catalog_sales,8337
catalog_sales,8338
catalog_sales,8339
catalog_sales,8340
catalog_sales,8341
catalog_sales,8342
catalog_sales,8343
catalog_sales,8344
catalog_sales,8345
catalog_sales,8346
catalog_sales,8347
catalog_sales,8348
catalog_sales,8349
catalog_sales,8350
catalog_sales,8351
catalog_sales,8352
catalog_sales,8353
catalog_sales,8354
catalog_sales,8355
catalog_sales,8356
catalog_sales,8357
catalog_sales,8358
catalog_sales,8359
catalog_sales,8360
catalog_sales,8361
catalog_sales,8362
catalog_sales,8363
catalog_sales,8364
catalog_sales,8365
catalog_sales,8366
catalog_sales,8367
catalog_sales,8368
catalog_sales,8369
catalog_sales,8370
catalog_sales,8371
catalog_sales,8372
catalog_sales,8373
catalog_sales,8374
catalog_sales,8375
catalog_sales,8376
catalog_sales,8377
catalog_sales,8378
catalog_sales,8379
catalog_sales,8380
catalog_sales,8381
catalog_sales,8382
catalog_sales,8383
catalog_sales,8384
catalog_sales,8385
catalog_sales,8386
catalog_sales,8387
catalog_sales,8388
catalog_sales,8389
catalog_sales,8390
catalog_sales,8391
catalog_sales,8392
catalog_sales,8393
catalog_sales,8394
catalog_sales,8395
catalog_sales,8396
catalog_sales,8397
catalog_sales,8398
catalog_sales,8399
catalog_sales,8400
catalog_sales,8401
catalog_sales,8402
catalog_sales,8403
catalog_sales,8404
catalog_sales,8405
catalog_sales,8406
catalog_sales,8407
catalog_sales,8408
catalog_sales,8409
catalog_sales,8410
catalog_sales,8411
catalog_sales,8412
catalog_sales,8413
catalog_sales,8414
catalog_sales,8415
catalog_sales,8416
catalog_sales,8417
catalog_sales,8418
catalog_sales,8419
catalog_sales,8420
catalog_sales,8421
catalog_sales,8422
catalog_sales,8423
catalog_sales,8424
catalog_sales,8425
catalog_sales,8426
catalog_sales,8427
catalog_sales,8428
catalog_sales,8429
catalog_sales,8430
catalog_sales,8431
catalog_sales,8432
catalog_sales,8433
catalog_sales,8434
catalog_sales,8435
catalog_sales,8436
catalog_sales,8437
catalog_sales,8438
catalog_sales,8439
catalog_sales,8440
catalog_sales,8441
catalog_sales,8442
catalog_sales,8443
catalog_sales,8444
catalog_sales,8445
catalog_sales,8446
catalog_sales,8447
catalog_sales,8448
catalog_sales,8449
catalog_sales,8450
catalog_sales,8451
catalog_sales,8452
catalog_sales,8453
catalog_sales,8454
catalog_sales,8455
catalog_sales,8456
catalog_sales,8457
catalog_sales,8458
catalog_sales,8459
catalog_sales,8460
catalog_sales,8461
catalog_sales,8462
catalog_sales,8463
catalog_sales,8464
catalog_sales,8465
catalog_sales,8466
catalog_sales,8467
catalog_sales,8468
catalog_sales,8469
catalog_sales,8470
catalog_sales,8471
catalog_sales,8472
catalog_sales,8473
catalog_sales,8474
catalog_sales,8475
catalog_sales,8476
catalog_sales,8477
catalog_sales,8478
catalog_sales,8479
catalog_sales,8480
catalog_sales,8481
catalog_sales,8482
catalog_sales,8483
catalog_sales,8484
catalog_sales,8485
catalog_sales,8486
catalog_sales,8487
catalog_sales,8488
catalog_sales,8489
catalog_sales,8490
catalog_sales,8491
catalog_sales,8492
catalog_sales,8493
catalog_sales,8494
catalog_sales,8495
catalog_sales,8496
catalog_sales,8497
catalog_sales,8498
catalog_sales,8499
catalog_sales,8500
catalog_sales,8501
catalog_sales,8502
catalog_sales,8503
catalog_sales,8504
catalog_sales,8505
catalog_sales,8506
catalog_sales,8507
catalog_sales,8508
catalog_sales,8509
catalog_sales,8510
catalog_sales,8511
catalog_sales,8512
catalog_sales,8513
catalog_sales,8514
catalog_sales,8515
catalog_sales,8516
catalog_sales,8517
catalog_sales,8518
catalog_sales,8519
catalog_sales,8520
catalog_sales,8521
catalog_sales,8522
catalog_sales,8523
catalog_sales,8524
catalog_sales,8525
catalog_sales,8526
catalog_sales,8527
catalog_sales,8528
catalog_sales,8529
catalog_sales,8530
catalog_sales,8531
catalog_sales,8532
catalog_sales,8533
catalog_sales,8534
catalog_sales,8535
catalog_sales,8536
catalog_sales,8537
catalog_sales,8538
catalog_sales,8539
catalog_sales,8540
catalog_sales,8541
catalog_sales,8542
catalog_sales,8543
catalog_sales,8544
catalog_sales,8545
catalog_sales,8546
catalog_sales,8547
catalog_sales,8548
catalog_sales,8549
catalog_sales,8550
catalog_sales,8551
catalog_sales,8552
catalog_sales,8553
catalog_sales,8554
catalog_sales,8555
catalog_sales,8556
catalog_sales,8557
catalog_sales,8558
catalog_sales,8559
catalog_sales,8560
catalog_sales,8561
catalog_sales,8562
catalog_sales,8563
catalog_sales,8564
catalog_sales,8565
catalog_sales,8566
catalog_sales,8567
catalog_sales,8568
catalog_sales,8569
catalog_sales,8570
catalog_sales,8571
catalog_sales,8572
catalog_sales,8573
catalog_sales,8574
catalog_sales,8575
catalog_sales,8576
catalog_sales,8577
catalog_sales,8578
catalog_sales,8579
catalog_sales,8580
catalog_sales,8581
catalog_sales,8582
catalog_sales,8583
catalog_sales,8584
catalog_sales,8585
catalog_sales,8586
catalog_sales,8587
catalog_sales,8588
catalog_sales,8589
catalog_sales,8590
catalog_sales,8591
catalog_sales,8592
catalog_sales,8593
catalog_sales,8594
catalog_sales,8595
catalog_sales,8596
catalog_sales,8597
catalog_sales,8598
catalog_sales,8599
catalog_sales,8600
catalog_sales,8601
catalog_sales,8602
catalog_sales,8603
catalog_sales,8604
catalog_sales,8605
catalog_sales,8606
catalog_sales,8607
catalog_sales,8608
catalog_sales,8609
catalog_sales,8610
catalog_sales,8611
catalog_sales,8612
catalog_sales,8613
catalog_sales,8614
catalog_sales,8615
catalog_sales,8616
catalog_sales,8617
catalog_sales,8618
catalog_sales,8619
catalog_sales,8620
catalog_sales,8621
catalog_sales,8622
catalog_sales,8623
catalog_sales,8624
catalog_sales,8625
catalog_sales,8626
catalog_sales,8627
catalog_sales,8628
catalog_sales,8629
catalog_sales,8630
catalog_sales,8631
catalog_sales,8632
catalog_sales,8633
catalog_sales,8634
catalog_sales,8635
catalog_sales,8636
catalog_sales,8637
catalog_sales,8638
catalog_sales,8639
catalog_sales,8640
catalog_sales,8641
catalog_sales,8642
catalog_sales,8643
catalog_sales,8644
catalog_sales,8645
catalog_sales,8646
catalog_sales,8647
catalog_sales,8648
catalog_sales,8649
catalog_sales,8650
catalog_sales,8651
catalog_sales,8652
catalog_sales,8653
catalog_sales,8654
catalog_sales,8655
catalog_sales,8656
catalog_sales,8657
catalog_sales,8658
catalog_sales,8659
catalog_sales,8660
catalog_sales,8661
catalog_sales,8662
catalog_sales,8663
catalog_sales,8664
catalog_sales,8665
catalog_sales,8666
catalog_sales,8667
catalog_sales,8668
catalog_sales,8669
catalog_sales,8670
catalog_sales,8671
catalog_sales,8672
catalog_sales,8673
catalog_sales,8674
catalog_sales,8675
catalog_sales,8676
catalog_sales,8677
catalog_sales,8678
catalog_sales,8679
catalog_sales,8680
catalog_sales,8681
catalog_sales,8682
catalog_sales,8683
catalog_sales,8684
catalog_sales,8685
catalog_sales,8686
catalog_sales,8687
catalog_sales,8688
catalog_sales,8689
catalog_sales,8690
catalog_sales,8691
catalog_sales,8692
catalog_sales,8693
catalog_sales,8694
catalog_sales,8695
catalog_sales,8696
catalog_sales,8697
catalog_sales,8698
catalog_sales,8699
catalog_sales,8700
catalog_sales,8701
catalog_sales,8702
catalog_sales,8703
catalog_sales,8704
catalog_sales,8705
catalog_sales,8706
catalog_sales,8707
catalog_sales,8708
catalog_sales,8709
catalog_sales,8710
catalog_sales,8711
catalog_sales,8712
catalog_sales,8713
catalog_sales,8714
catalog_sales,8715
catalog_sales,8716
catalog_sales,8717
catalog_sales,8718
catalog_sales,8719
catalog_sales,8720
catalog_sales,8721
catalog_sales,8722
catalog_sales,8723
catalog_sales,8724
catalog_sales,8725
catalog_sales,8726
catalog_sales,8727
catalog_sales,8728
catalog_sales,8729
catalog_sales,8730
catalog_sales,8731
catalog_sales,8732
catalog_sales,8733
catalog_sales,8734
catalog_sales,8735
catalog_sales,8736
catalog_sales,8737
catalog_sales,8738
catalog_sales,8739
catalog_sales,8740
catalog_sales,8741
catalog_sales,8742
catalog_sales,8743
catalog_sales,8744
catalog_sales,8745
catalog_sales,8746
catalog_sales,8747
catalog_sales,8748
catalog_sales,8749
catalog_sales,8750
catalog_sales,8751
catalog_sales,8752
catalog_sales,8753
catalog_sales,8754
catalog_sales,8755
catalog_sales,8756
catalog_sales,8757
catalog_sales,8758
catalog_sales,8759
catalog_sales,8760
catalog_sales,8761
catalog_sales,8762
catalog_sales,8763
catalog_sales,8764
catalog_sales,8765
catalog_sales,8766
catalog_sales,8767
catalog_sales,8768
catalog_sales,8769
catalog_sales,8770
catalog_sales,8771
catalog_sales,8772
catalog_sales,8773
catalog_sales,8774
catalog_sales,8775
catalog_sales,8776
catalog_sales,8777
catalog_sales,8778
catalog_sales,8779
catalog_sales,8780
catalog_sales,8781
catalog_sales,8782
catalog_sales,8783
catalog_sales,8784
catalog_sales,8785
catalog_sales,8786
catalog_sales,8787
catalog_sales,8788
catalog_sales,8789
catalog_sales,8790
catalog_sales,8791
catalog_sales,8792
catalog_sales,8793
catalog_sales,8794
catalog_sales,8795
catalog_sales,8796
catalog_sales,8797
catalog_sales,8798
catalog_sales,8799
catalog_sales,8800
catalog_sales,8801
catalog_sales,8802
catalog_sales,8803
catalog_sales,8804
catalog_sales,8805
catalog_sales,8806
catalog_sales,8807
catalog_sales,8808
catalog_sales,8809
catalog_sales,8810
catalog_sales,8811
catalog_sales,8812
catalog_sales,8813
catalog_sales,8814
catalog_sales,8815
catalog_sales,8816
catalog_sales,8817
catalog_sales,8818
catalog_sales,8819
catalog_sales,8820
catalog_sales,8821
catalog_sales,8822
catalog_sales,8823
catalog_sales,8824
catalog_sales,8825
catalog_sales,8826
catalog_sales,8827
catalog_sales,8828
catalog_sales,8829
catalog_sales,8830
catalog_sales,8831
catalog_sales,8832
catalog_sales,8833
catalog_sales,8834
catalog_sales,8835
catalog_sales,8836
catalog_sales,8837
catalog_sales,8838
catalog_sales,8839
catalog_sales,8840
catalog_sales,8841
catalog_sales,8842
catalog_sales,8843
catalog_sales,8844
catalog_sales,8845
catalog_sales,8846
catalog_sales,8847
catalog_sales,8848
catalog_sales,8849
catalog_sales,8850
catalog_sales,8851
catalog_sales,8852
catalog_sales,8853
catalog_sales,8854
catalog_sales,8855
catalog_sales,8856
catalog_sales,8857
catalog_sales,8858
catalog_sales,8859
catalog_sales,8860
catalog_sales,8861
catalog_sales,8862
catalog_sales,8863
catalog_sales,8864
catalog_sales,8865
catalog_sales,8866
catalog_sales,8867
catalog_sales,8868
catalog_sales,8869
catalog_sales,8870
catalog_sales,8871
catalog_sales,8872
catalog_sales,8873
catalog_sales,8874
catalog_sales,8875
catalog_sales,8876
catalog_sales,8877
catalog_sales,8878
catalog_sales,8879
catalog_sales,8880
catalog_sales,8881
catalog_sales,8882
catalog_sales,8883
catalog_sales,8884
catalog_sales,8885
catalog_sales,8886
catalog_sales,8887
catalog_sales,8888
catalog_sales,8889
catalog_sales,8890
catalog_sales,8891
catalog_sales,8892
catalog_sales,8893
catalog_sales,8894
catalog_sales,8895
catalog_sales,8896
catalog_sales,8897
catalog_sales,8898
catalog_sales,8899
catalog_sales,8900
catalog_sales,8901
catalog_sales,8902
catalog_sales,8903
catalog_sales,8904
catalog_sales,8905
catalog_sales,8906
catalog_sales,8907
catalog_sales,8908
catalog_sales,8909
catalog_sales,8910
catalog_sales,8911
catalog_sales,8912
catalog_sales,8913
catalog_sales,8914
catalog_sales,8915
catalog_sales,8916
catalog_sales,8917
catalog_sales,8918
catalog_sales,8919
catalog_sales,8920
catalog_sales,8921
catalog_sales,8922
catalog_sales,8923
catalog_sales,8924
catalog_sales,8925
catalog_sales,8926
catalog_sales,8927
catalog_sales,8928
catalog_sales,8929
catalog_sales,8930
catalog_sales,8931
catalog_sales,8932
catalog_sales,8933
catalog_sales,8934
catalog_sales,8935
catalog_sales,8936
catalog_sales,8937
catalog_sales,8938
catalog_sales,8939
catalog_sales,8940
catalog_sales,8941
catalog_sales,8942
catalog_sales,8943
catalog_sales,8944
catalog_sales,8945
catalog_sales,8946
catalog_sales,8947
catalog_sales,8948
catalog_sales,8949
catalog_sales,8950
catalog_sales,8951
catalog_sales,8952
catalog_sales,8953
catalog_sales,8954
catalog_sales,8955
catalog_sales,8956
catalog_sales,8957
catalog_sales,8958
catalog_sales,8959
catalog_sales,8960
catalog_sales,8961
catalog_sales,8962
catalog_sales,8963
catalog_sales,8964
catalog_sales,8965
catalog_sales,8966
catalog_sales,8967
catalog_sales,8968
catalog_sales,8969
catalog_sales,8970
catalog_sales,8971
catalog_sales,8972
catalog_sales,8973
catalog_sales,8974
catalog_sales,8975
catalog_sales,8976
catalog_sales,8977
catalog_sales,8978
catalog_sales,8979
catalog_sales,8980
catalog_sales,8981
catalog_sales,8982
catalog_sales,8983
catalog_sales,8984
catalog_sales,8985
catalog_sales,8986
catalog_sales,8987
catalog_sales,8988
catalog_sales,8989
catalog_sales,8990
catalog_sales,8991
catalog_sales,8992
catalog_sales,8993
catalog_sales,8994
catalog_sales,8995
catalog_sales,8996
catalog_sales,8997
catalog_sales,8998
catalog_sales,8999
catalog_sales,9000
catalog_sales,9001
catalog_sales,9002
catalog_sales,9003
catalog_sales,9004
catalog_sales,9005
catalog_sales,9006
catalog_sales,9007
catalog_sales,9008
catalog_sales,9009
catalog_sales,9010
catalog_sales,9011
catalog_sales,9012
catalog_sales,9013
catalog_sales,9014
catalog_sales,9015
catalog_sales,9016
catalog_sales,9017
catalog_sales,9018
catalog_sales,9019
catalog_sales,9020
catalog_sales,9021
catalog_sales,9022
catalog_sales,9023
catalog_sales,9024
catalog_sales,9025
catalog_sales,9026
catalog_sales,9027
catalog_sales,9028
catalog_sales,9029
catalog_sales,9030
catalog_sales,9031
catalog_sales,9032
catalog_sales,9033
catalog_sales,9034
catalog_sales,9035
catalog_sales,9036
catalog_sales,9037
catalog_sales,9038
catalog_sales,9039
catalog_sales,9040
catalog_sales,9041
catalog_sales,9042
catalog_sales,9043
catalog_sales,9044
catalog_sales,9045
catalog_sales,9046
catalog_sales,9047
catalog_sales,9048
catalog_sales,9049
catalog_sales,9050
catalog_sales,9051
catalog_sales,9052
catalog_sales,9053
catalog_sales,9054
catalog_sales,9055
catalog_sales,9056
catalog_sales,9057
catalog_sales,9058
catalog_sales,9059
catalog_sales,9060
catalog_sales,9061
catalog_sales,9062
catalog_sales,9063
catalog_sales,9064
catalog_sales,9065
catalog_sales,9066
catalog_sales,9067
catalog_sales,9068
catalog_sales,9069
catalog_sales,9070
catalog_sales,9071
catalog_sales,9072
catalog_sales,9073
catalog_sales,9074
catalog_sales,9075
catalog_sales,9076
catalog_sales,9077
catalog_sales,9078
catalog_sales,9079
catalog_sales,9080
catalog_sales,9081
catalog_sales,9082
catalog_sales,9083
catalog_sales,9084
catalog_sales,9085
catalog_sales,9086
catalog_sales,9087
catalog_sales,9088
catalog_sales,9089
catalog_sales,9090
catalog_sales,9091
catalog_sales,9092
catalog_sales,9093
catalog_sales,9094
catalog_sales,9095
catalog_sales,9096
catalog_sales,9097
catalog_sales,9098
catalog_sales,9099
catalog_sales,9100
catalog_sales,9101
catalog_sales,9102
catalog_sales,9103
catalog_sales,9104
catalog_sales,9105
catalog_sales,9106
catalog_sales,9107
catalog_sales,9108
catalog_sales,9109
catalog_sales,9110
catalog_sales,9111
catalog_sales,9112
catalog_sales,9113
catalog_sales,9114
catalog_sales,9115
catalog_sales,9116
catalog_sales,9117
catalog_sales,9118
catalog_sales,9119
catalog_sales,9120
catalog_sales,9121
catalog_sales,9122
catalog_sales,9123
catalog_sales,9124
catalog_sales,9125
catalog_sales,9126
catalog_sales,9127
catalog_sales,9128
catalog_sales,9129
catalog_sales,9130
catalog_sales,9131
catalog_sales,9132
catalog_sales,9133
catalog_sales,9134
catalog_sales,9135
catalog_sales,9136
catalog_sales,9137
catalog_sales,9138
catalog_sales,9139
catalog_sales,9140
catalog_sales,9141
catalog_sales,9142
catalog_sales,9143
catalog_sales,9144
catalog_sales,9145
catalog_sales,9146
catalog_sales,9147
catalog_sales,9148
catalog_sales,9149
catalog_sales,9150
catalog_sales,9151
catalog_sales,9152
catalog_sales,9153
catalog_sales,9154
catalog_sales,9155
catalog_sales,9156
catalog_sales,9157
catalog_sales,9158
catalog_sales,9159
catalog_sales,9160
catalog_sales,9161
catalog_sales,9162
catalog_sales,9163
catalog_sales,9164
catalog_sales,9165
catalog_sales,9166
catalog_sales,9167
catalog_sales,9168
catalog_sales,9169
catalog_sales,9170
catalog_sales,9171
catalog_sales,9172
catalog_sales,9173
catalog_sales,9174
catalog_sales,9175
catalog_sales,9176
catalog_sales,9177
catalog_sales,9178
catalog_sales,9179
catalog_sales,9180
catalog_sales,9181
catalog_sales,9182
catalog_sales,9183
catalog_sales,9184
catalog_sales,9185
catalog_sales,9186
catalog_sales,9187
catalog_sales,9188
catalog_sales,9189
catalog_sales,9190
catalog_sales,9191
catalog_sales,9192
catalog_sales,9193
catalog_sales,9194
catalog_sales,9195
catalog_sales,9196
catalog_sales,9197
catalog_sales,9198
catalog_sales,9199
catalog_sales,9200
catalog_sales,9201
catalog_sales,9202
catalog_sales,9203
catalog_sales,9204
catalog_sales,9205
catalog_sales,9206
catalog_sales,9207
catalog_sales,9208
catalog_sales,9209
catalog_sales,9210
catalog_sales,9211
catalog_sales,9212
catalog_sales,9213
catalog_sales,9214
catalog_sales,9215
catalog_sales,9216
catalog_sales,9217
catalog_sales,9218
catalog_sales,9219
catalog_sales,9220
catalog_sales,9221
catalog_sales,9222
catalog_sales,9223
catalog_sales,9224
catalog_sales,9225
catalog_sales,9226
catalog_sales,9227
catalog_sales,9228
catalog_sales,9229
catalog_sales,9230
catalog_sales,9231
catalog_sales,9232
catalog_sales,9233
catalog_sales,9234
catalog_sales,9235
catalog_sales,9236
catalog_sales,9237
catalog_sales,9238
catalog_sales,9239
catalog_sales,9240
catalog_sales,9241
catalog_sales,9242
catalog_sales,9243
catalog_sales,9244
catalog_sales,9245
catalog_sales,9246
catalog_sales,9247
catalog_sales,9248
catalog_sales,9249
catalog_sales,9250
catalog_sales,9251
catalog_sales,9252
catalog_sales,9253
catalog_sales,9254
catalog_sales,9255
catalog_sales,9256
catalog_sales,9257
catalog_sales,9258
catalog_sales,9259
catalog_sales,9260
catalog_sales,9261
catalog_sales,9262
catalog_sales,9263
catalog_sales,9264
catalog_sales,9265
catalog_sales,9266
catalog_sales,9267
catalog_sales,9268
catalog_sales,9269
catalog_sales,9270
catalog_sales,9271
catalog_sales,9272
catalog_sales,9273
catalog_sales,9274
catalog_sales,9275
catalog_sales,9276
catalog_sales,9277
catalog_sales,9278
catalog_sales,9279
catalog_sales,9280
catalog_sales,9281
catalog_sales,9282
catalog_sales,9283
catalog_sales,9284
catalog_sales,9285
catalog_sales,9286
catalog_sales,9287
catalog_sales,9288
catalog_sales,9289
catalog_sales,9290
catalog_sales,9291
catalog_sales,9292
catalog_sales,9293
catalog_sales,9294
catalog_sales,9295
catalog_sales,9296
catalog_sales,9297
catalog_sales,9298
catalog_sales,9299
catalog_sales,9300
catalog_sales,9301
catalog_sales,9302
catalog_sales,9303
catalog_sales,9304
catalog_sales,9305
catalog_sales,9306
catalog_sales,9307
catalog_sales,9308
catalog_sales,9309
catalog_sales,9310
catalog_sales,9311
catalog_sales,9312
catalog_sales,9313
catalog_sales,9314
catalog_sales,9315
catalog_sales,9316
catalog_sales,9317
catalog_sales,9318
catalog_sales,9319
catalog_sales,9320
catalog_sales,9321
catalog_sales,9322
catalog_sales,9323
catalog_sales,9324
catalog_sales,9325
catalog_sales,9326
catalog_sales,9327
catalog_sales,9328
catalog_sales,9329
catalog_sales,9330
catalog_sales,9331
catalog_sales,9332
catalog_sales,9333
catalog_sales,9334
catalog_sales,9335
catalog_sales,9336
catalog_sales,9337
catalog_sales,9338
catalog_sales,9339
catalog_sales,9340
catalog_sales,9341
catalog_sales,9342
catalog_sales,9343
catalog_sales,9344
catalog_sales,9345
catalog_sales,9346
catalog_sales,9347
catalog_sales,9348
catalog_sales,9349
catalog_sales,9350
catalog_sales,9351
catalog_sales,9352
catalog_sales,9353
catalog_sales,9354
catalog_sales,9355
catalog_sales,9356
catalog_sales,9357
catalog_sales,9358
catalog_sales,9359
catalog_sales,9360
catalog_sales,9361
catalog_sales,9362
catalog_sales,9363
catalog_sales,9364
catalog_sales,9365
catalog_sales,9366
catalog_sales,9367
catalog_sales,9368
catalog_sales,9369
catalog_sales,9370
catalog_sales,9371
catalog_sales,9372
catalog_sales,9373
catalog_sales,9374
catalog_sales,9375
catalog_sales,9376
catalog_sales,9377
catalog_sales,9378
catalog_sales,9379
catalog_sales,9380
catalog_sales,9381
catalog_sales,9382
catalog_sales,9383
catalog_sales,9384
catalog_sales,9385
catalog_sales,9386
catalog_sales,9387
catalog_sales,9388
catalog_sales,9389
catalog_sales,9390
catalog_sales,9391
catalog_sales,9392
catalog_sales,9393
catalog_sales,9394
catalog_sales,9395
catalog_sales,9396
catalog_sales,9397
catalog_sales,9398
catalog_sales,9399
catalog_sales,9400
catalog_sales,9401
catalog_sales,9402
catalog_sales,9403
catalog_sales,9404
catalog_sales,9405
catalog_sales,9406
catalog_sales,9407
catalog_sales,9408
catalog_sales,9409
catalog_sales,9410
catalog_sales,9411
catalog_sales,9412
catalog_sales,9413
catalog_sales,9414
catalog_sales,9415
catalog_sales,9416
catalog_sales,9417
catalog_sales,9418
catalog_sales,9419
catalog_sales,9420
catalog_sales,9421
catalog_sales,9422
catalog_sales,9423
catalog_sales,9424
catalog_sales,9425
catalog_sales,9426
catalog_sales,9427
catalog_sales,9428
catalog_sales,9429
catalog_sales,9430
catalog_sales,9431
catalog_sales,9432
catalog_sales,9433
catalog_sales,9434
catalog_sales,9435
catalog_sales,9436
catalog_sales,9437
catalog_sales,9438
catalog_sales,9439
catalog_sales,9440
catalog_sales,9441
catalog_sales,9442
catalog_sales,9443
catalog_sales,9444
catalog_sales,9445
catalog_sales,9446
catalog_sales,9447
catalog_sales,9448
catalog_sales,9449
catalog_sales,9450
catalog_sales,9451
catalog_sales,9452
catalog_sales,9453
catalog_sales,9454
catalog_sales,9455
catalog_sales,9456
catalog_sales,9457
catalog_sales,9458
catalog_sales,9459
catalog_sales,9460
catalog_sales,9461
catalog_sales,9462
catalog_sales,9463
catalog_sales,9464
catalog_sales,9465
catalog_sales,9466
catalog_sales,9467
catalog_sales,9468
catalog_sales,9469
catalog_sales,9470
catalog_sales,9471
catalog_sales,9472
catalog_sales,9473
catalog_sales,9474
catalog_sales,9475
catalog_sales,9476
catalog_sales,9477
catalog_sales,9478
catalog_sales,9479
catalog_sales,9480
catalog_sales,9481
catalog_sales,9482
catalog_sales,9483
catalog_sales,9484
catalog_sales,9485
catalog_sales,9486
catalog_sales,9487
catalog_sales,9488
catalog_sales,9489
catalog_sales,9490
catalog_sales,9491
catalog_sales,9492
catalog_sales,9493
catalog_sales,9494
catalog_sales,9495
catalog_sales,9496
catalog_sales,9497
catalog_sales,9498
catalog_sales,9499
catalog_sales,9500
catalog_sales,9501
catalog_sales,9502
catalog_sales,9503
catalog_sales,9504
catalog_sales,9505
catalog_sales,9506
catalog_sales,9507
catalog_sales,9508
catalog_sales,9509
catalog_sales,9510
catalog_sales,9511
catalog_sales,9512
catalog_sales,9513
catalog_sales,9514
catalog_sales,9515
catalog_sales,9516
catalog_sales,9517
catalog_sales,9518
catalog_sales,9519
catalog_sales,9520
catalog_sales,9521
catalog_sales,9522
catalog_sales,9523
catalog_sales,9524
catalog_sales,9525
catalog_sales,9526
catalog_sales,9527
catalog_sales,9528
catalog_sales,9529
catalog_sales,9530
catalog_sales,9531
catalog_sales,9532
catalog_sales,9533
catalog_sales,9534
catalog_sales,9535
catalog_sales,9536
catalog_sales,9537
catalog_sales,9538
catalog_sales,9539
catalog_sales,9540
catalog_sales,9541
catalog_sales,9542
catalog_sales,9543
catalog_sales,9544
catalog_sales,9545
catalog_sales,9546
catalog_sales,9547
catalog_sales,9548
catalog_sales,9549
catalog_sales,9550
catalog_sales,9551
catalog_sales,9552
catalog_sales,9553
catalog_sales,9554
catalog_sales,9555
catalog_sales,9556
catalog_sales,9557
catalog_sales,9558
catalog_sales,9559
catalog_sales,9560
catalog_sales,9561
catalog_sales,9562
catalog_sales,9563
catalog_sales,9564
catalog_sales,9565
catalog_sales,9566
catalog_sales,9567
catalog_sales,9568
catalog_sales,9569
catalog_sales,9570
catalog_sales,9571
catalog_sales,9572
catalog_sales,9573
catalog_sales,9574
catalog_sales,9575
catalog_sales,9576
catalog_sales,9577
catalog_sales,9578
catalog_sales,9579
catalog_sales,9580
catalog_sales,9581
catalog_sales,9582
catalog_sales,9583
catalog_sales,9584
catalog_sales,9585
catalog_sales,9586
catalog_sales,9587
catalog_sales,9588
catalog_sales,9589
catalog_sales,9590
catalog_sales,9591
catalog_sales,9592
catalog_sales,9593
catalog_sales,9594
catalog_sales,9595
catalog_sales,9596
catalog_sales,9597
catalog_sales,9598
catalog_sales,9599
catalog_sales,9600
catalog_sales,9601
catalog_sales,9602
catalog_sales,9603
catalog_sales,9604
catalog_sales,9605
catalog_sales,9606
catalog_sales,9607
catalog_sales,9608
catalog_sales,9609
catalog_sales,9610
catalog_sales,9611
catalog_sales,9612
catalog_sales,9613
catalog_sales,9614
catalog_sales,9615
catalog_sales,9616
catalog_sales,9617
catalog_sales,9618
catalog_sales,9619
catalog_sales,9620
catalog_sales,9621
catalog_sales,9622
catalog_sales,9623
catalog_sales,9624
catalog_sales,9625
catalog_sales,9626
catalog_sales,9627
catalog_sales,9628
catalog_sales,9629
catalog_sales,9630
catalog_sales,9631
catalog_sales,9632
catalog_sales,9633
catalog_sales,9634
catalog_sales,9635
catalog_sales,9636
catalog_sales,9637
catalog_sales,9638
catalog_sales,9639
catalog_sales,9640
catalog_sales,9641
catalog_sales,9642
catalog_sales,9643
catalog_sales,9644
catalog_sales,9645
catalog_sales,9646
catalog_sales,9647
catalog_sales,9648
catalog_sales,9649
catalog_sales,9650
catalog_sales,9651
catalog_sales,9652
catalog_sales,9653
catalog_sales,9654
catalog_sales,9655
catalog_sales,9656
catalog_sales,9657
catalog_sales,9658
catalog_sales,9659
catalog_sales,9660
catalog_sales,9661
catalog_sales,9662
catalog_sales,9663
catalog_sales,9664
catalog_sales,9665
catalog_sales,9666
catalog_sales,9667
catalog_sales,9668
catalog_sales,9669
catalog_sales,9670
catalog_sales,9671
catalog_sales,9672
catalog_sales,9673
catalog_sales,9674
catalog_sales,9675
catalog_sales,9676
catalog_sales,9677
catalog_sales,9678
catalog_sales,9679
catalog_sales,9680
catalog_sales,9681
catalog_sales,9682
catalog_sales,9683
catalog_sales,9684
catalog_sales,9685
catalog_sales,9686
catalog_sales,9687
catalog_sales,9688
catalog_sales,9689
catalog_sales,9690
catalog_sales,9691
catalog_sales,9692
catalog_sales,9693
catalog_sales,9694
catalog_sales,9695
catalog_sales,9696
catalog_sales,9697
catalog_sales,9698
catalog_sales,9699
catalog_sales,9700
catalog_sales,9701
catalog_sales,9702
catalog_sales,9703
catalog_sales,9704
catalog_sales,9705
catalog_sales,9706
catalog_sales,9707
catalog_sales,9708
catalog_sales,9709
catalog_sales,9710
catalog_sales,9711
catalog_sales,9712
catalog_sales,9713
catalog_sales,9714
catalog_sales,9715
catalog_sales,9716
catalog_sales,9717
catalog_sales,9718
catalog_sales,9719
catalog_sales,9720
catalog_sales,9721
catalog_sales,9722
catalog_sales,9723
catalog_sales,9724
catalog_sales,9725
catalog_sales,9726
catalog_sales,9727
catalog_sales,9728
catalog_sales,9729
catalog_sales,9730
catalog_sales,9731
catalog_sales,9732
catalog_sales,9733
catalog_sales,9734
catalog_sales,9735
catalog_sales,9736
catalog_sales,9737
catalog_sales,9738
catalog_sales,9739
catalog_sales,9740
catalog_sales,9741
catalog_sales,9742
catalog_sales,9743
catalog_sales,9744
catalog_sales,9745
catalog_sales,9746
catalog_sales,9747
catalog_sales,9748
catalog_sales,9749
catalog_sales,9750
catalog_sales,9751
catalog_sales,9752
catalog_sales,9753
catalog_sales,9754
catalog_sales,9755
catalog_sales,9756
catalog_sales,9757
catalog_sales,9758
catalog_sales,9759
catalog_sales,9760
catalog_sales,9761
catalog_sales,9762
catalog_sales,9763
catalog_sales,9764
catalog_sales,9765
catalog_sales,9766
catalog_sales,9767
catalog_sales,9768
catalog_sales,9769
catalog_sales,9770
catalog_sales,9771
catalog_sales,9772
catalog_sales,9773
catalog_sales,9774
catalog_sales,9775
catalog_sales,9776
catalog_sales,9777
catalog_sales,9778
catalog_sales,9779
catalog_sales,9780
catalog_sales,9781
catalog_sales,9782
catalog_sales,9783
catalog_sales,9784
catalog_sales,9785
catalog_sales,9786
catalog_sales,9787
catalog_sales,9788
catalog_sales,9789
catalog_sales,9790
catalog_sales,9791
catalog_sales,9792
catalog_sales,9793
catalog_sales,9794
catalog_sales,9795
catalog_sales,9796
catalog_sales,9797
catalog_sales,9798
catalog_sales,9799
catalog_sales,9800
catalog_sales,9801
catalog_sales,9802
catalog_sales,9803
catalog_sales,9804
catalog_sales,9805
catalog_sales,9806
catalog_sales,9807
catalog_sales,9808
catalog_sales,9809
catalog_sales,9810
catalog_sales,9811
catalog_sales,9812
catalog_sales,9813
catalog_sales,9814
catalog_sales,9815
catalog_sales,9816
catalog_sales,9817
catalog_sales,9818
catalog_sales,9819
catalog_sales,9820
catalog_sales,9821
catalog_sales,9822
catalog_sales,9823
catalog_sales,9824
catalog_sales,9825
catalog_sales,9826
catalog_sales,9827
catalog_sales,9828
catalog_sales,9829
catalog_sales,9830
catalog_sales,9831
catalog_sales,9832
catalog_sales,9833
catalog_sales,9834
catalog_sales,9835
catalog_sales,9836
catalog_sales,9837
catalog_sales,9838
catalog_sales,9839
catalog_sales,9840
catalog_sales,9841
catalog_sales,9842
catalog_sales,9843
catalog_sales,9844
catalog_sales,9845
catalog_sales,9846
catalog_sales,9847
catalog_sales,9848
catalog_sales,9849
catalog_sales,9850
catalog_sales,9851
catalog_sales,9852
catalog_sales,9853
catalog_sales,9854
catalog_sales,9855
catalog_sales,9856
catalog_sales,9857
catalog_sales,9858
catalog_sales,9859
catalog_sales,9860
catalog_sales,9861
catalog_sales,9862
catalog_sales,9863
catalog_sales,9864
catalog_sales,9865
catalog_sales,9866
catalog_sales,9867
catalog_sales,9868
catalog_sales,9869
catalog_sales,9870
catalog_sales,9871
catalog_sales,9872
catalog_sales,9873
catalog_sales,9874
catalog_sales,9875
catalog_sales,9876
catalog_sales,9877
catalog_sales,9878
catalog_sales,9879
catalog_sales,9880
catalog_sales,9881
catalog_sales,9882
catalog_sales,9883
catalog_sales,9884
catalog_sales,9885
catalog_sales,9886
catalog_sales,9887
catalog_sales,9888
catalog_sales,9889
catalog_sales,9890
catalog_sales,9891
catalog_sales,9892
catalog_sales,9893
catalog_sales,9894
catalog_sales,9895
catalog_sales,9896
catalog_sales,9897
catalog_sales,9898
catalog_sales,9899
catalog_sales,9900
catalog_sales,9901
catalog_sales,9902
catalog_sales,9903
catalog_sales,9904
catalog_sales,9905
catalog_sales,9906
catalog_sales,9907
catalog_sales,9908
catalog_sales,9909
catalog_sales,9910
catalog_sales,9911
catalog_sales,9912
catalog_sales,9913
catalog_sales,9914
catalog_sales,9915
catalog_sales,9916
catalog_sales,9917
catalog_sales,9918
catalog_sales,9919
catalog_sales,9920
catalog_sales,9921
catalog_sales,9922
catalog_sales,9923
catalog_sales,9924
catalog_sales,9925
catalog_sales,9926
catalog_sales,9927
catalog_sales,9928
catalog_sales,9929
catalog_sales,9930
catalog_sales,9931
catalog_sales,9932
catalog_sales,9933
catalog_sales,9934
catalog_sales,9935
catalog_sales,9936
catalog_sales,9937
catalog_sales,9938
catalog_sales,9939
catalog_sales,9940
catalog_sales,9941
catalog_sales,9942
catalog_sales,9943
catalog_sales,9944
catalog_sales,9945
catalog_sales,9946
catalog_sales,9947
catalog_sales,9948
catalog_sales,9949
catalog_sales,9950
catalog_sales,9951
catalog_sales,9952
catalog_sales,9953
catalog_sales,9954
catalog_sales,9955
catalog_sales,9956
catalog_sales,9957
catalog_sales,9958
catalog_sales,9959
catalog_sales,9960
catalog_sales,9961
catalog_sales,9962
catalog_sales,9963
catalog_sales,9964
catalog_sales,9965
catalog_sales,9966
catalog_sales,9967
catalog_sales,9968
catalog_sales,9969
catalog_sales,9970
catalog_sales,9971
catalog_sales,9972
catalog_sales,9973
catalog_sales,9974
catalog_sales,9975
catalog_sales,9976
catalog_sales,9977
catalog_sales,9978
catalog_sales,9979
catalog_sales,9980
catalog_sales,9981
catalog_sales,9982
catalog_sales,9983
catalog_sales,9984
catalog_sales,9985
catalog_sales,9986
catalog_sales,9987
catalog_sales,9988
catalog_sales,9989
catalog_sales,9990
catalog_sales,9991
catalog_sales,9992
catalog_sales,9993
catalog_sales,9994
catalog_sales,9995
catalog_sales,9996
catalog_sales,9997
catalog_sales,9998
catalog_sales,9999
catalog_sales,10000
catalog_sales,10001
catalog_sales,10002
catalog_sales,10003
catalog_sales,10004
catalog_sales,10005
catalog_sales,10006
catalog_sales,10007
catalog_sales,10008
catalog_sales,10009
catalog_sales,10010
catalog_sales,10011
catalog_sales,10012
catalog_sales,10013
catalog_sales,10014
catalog_sales,10015
catalog_sales,10016
catalog_sales,10017
catalog_sales,10018
catalog_sales,10019
catalog_sales,10020
catalog_sales,10021
catalog_sales,10022
catalog_sales,10023
catalog_sales,10024
catalog_sales,10025
catalog_sales,10026
catalog_sales,10027
catalog_sales,10028
catalog_sales,10029
catalog_sales,10030
catalog_sales,10031
catalog_sales,10032
catalog_sales,10033
catalog_sales,10034
catalog_sales,10035
catalog_sales,10036
catalog_sales,10037
catalog_sales,10038
catalog_sales,10039
catalog_sales,10040
catalog_sales,10041
catalog_sales,10042
catalog_sales,10043
catalog_sales,10044
catalog_sales,10045
catalog_sales,10046
catalog_sales,10047
catalog_sales,10048
catalog_sales,10049
catalog_sales,10050
catalog_sales,10051
catalog_sales,10052
catalog_sales,10053
catalog_sales,10054
catalog_sales,10055
catalog_sales,10056
catalog_sales,10057
catalog_sales,10058
catalog_sales,10059
catalog_sales,10060
catalog_sales,10061
catalog_sales,10062
catalog_sales,10063
catalog_sales,10064
catalog_sales,10065
catalog_sales,10066
catalog_sales,10067
catalog_sales,10068
catalog_sales,10069
catalog_sales,10070
catalog_sales,10071
catalog_sales,10072
catalog_sales,10073
catalog_sales,10074
catalog_sales,10075
catalog_sales,10076
catalog_sales,10077
catalog_sales,10078
catalog_sales,10079
catalog_sales,10080
catalog_sales,10081
catalog_sales,10082
catalog_sales,10083
catalog_sales,10084
catalog_sales,10085
catalog_sales,10086
catalog_sales,10087
catalog_sales,10088
catalog_sales,10089
catalog_sales,10090
catalog_sales,10091
catalog_sales,10092
catalog_sales,10093
catalog_sales,10094
catalog_sales,10095
catalog_sales,10096
catalog_sales,10097
catalog_sales,10098
catalog_sales,10099
catalog_sales,10100
catalog_sales,10101
catalog_sales,10102
catalog_sales,10103
catalog_sales,10104
catalog_sales,10105
catalog_sales,10106
catalog_sales,10107
catalog_sales,10108
catalog_sales,10109
catalog_sales,10110
catalog_sales,10111
catalog_sales,10112
catalog_sales,10113
catalog_sales,10114
catalog_sales,10115
catalog_sales,10116
catalog_sales,10117
catalog_sales,10118
catalog_sales,10119
catalog_sales,10120
catalog_sales,10121
catalog_sales,10122
catalog_sales,10123
catalog_sales,10124
catalog_sales,10125
catalog_sales,10126
catalog_sales,10127
catalog_sales,10128
catalog_sales,10129
catalog_sales,10130
catalog_sales,10131
catalog_sales,10132
catalog_sales,10133
catalog_sales,10134
catalog_sales,10135
catalog_sales,10136
catalog_sales,10137
catalog_sales,10138
catalog_sales,10139
catalog_sales,10140
catalog_sales,10141
catalog_sales,10142
catalog_sales,10143
catalog_sales,10144
catalog_sales,10145
catalog_sales,10146
catalog_sales,10147
catalog_sales,10148
catalog_sales,10149
catalog_sales,10150
catalog_sales,10151
catalog_sales,10152
catalog_sales,10153
catalog_sales,10154
catalog_sales,10155
catalog_sales,10156
catalog_sales,10157
catalog_sales,10158
catalog_sales,10159
catalog_sales,10160
catalog_sales,10161
catalog_sales,10162
catalog_sales,10163
catalog_sales,10164
catalog_sales,10165
catalog_sales,10166
catalog_sales,10167
catalog_sales,10168
catalog_sales,10169
catalog_sales,10170
catalog_sales,10171
catalog_sales,10172
catalog_sales,10173
catalog_sales,10174
catalog_sales,10175
catalog_sales,10176
catalog_sales,10177
catalog_sales,10178
catalog_sales,10179
catalog_sales,10180
catalog_sales,10181
catalog_sales,10182
catalog_sales,10183
catalog_sales,10184
catalog_sales,10185
catalog_sales,10186
catalog_sales,10187
catalog_sales,10188
catalog_sales,10189
catalog_sales,10190
catalog_sales,10191
catalog_sales,10192
catalog_sales,10193
catalog_sales,10194
catalog_sales,10195
catalog_sales,10196
catalog_sales,10197
catalog_sales,10198
catalog_sales,10199
catalog_sales,10200
catalog_sales,10201
catalog_sales,10202
catalog_sales,10203
catalog_sales,10204
catalog_sales,10205
catalog_sales,10206
catalog_sales,10207
catalog_sales,10208
catalog_sales,10209
catalog_sales,10210
catalog_sales,10211
catalog_sales,10212
catalog_sales,10213
catalog_sales,10214
catalog_sales,10215
catalog_sales,10216
catalog_sales,10217
catalog_sales,10218
catalog_sales,10219
catalog_sales,10220
catalog_sales,10221
catalog_sales,10222
catalog_sales,10223
catalog_sales,10224
catalog_sales,10225
catalog_sales,10226
catalog_sales,10227
catalog_sales,10228
catalog_sales,10229
catalog_sales,10230
catalog_sales,10231
catalog_sales,10232
catalog_sales,10233
catalog_sales,10234
catalog_sales,10235
catalog_sales,10236
catalog_sales,10237
catalog_sales,10238
catalog_sales,10239
catalog_sales,10240
catalog_sales,10241
catalog_sales,10242
catalog_sales,10243
catalog_sales,10244
catalog_sales,10245
catalog_sales,10246
catalog_sales,10247
catalog_sales,10248
catalog_sales,10249
catalog_sales,10250
catalog_sales,10251
catalog_sales,10252
catalog_sales,10253
catalog_sales,10254
catalog_sales,10255
catalog_sales,10256
catalog_sales,10257
catalog_sales,10258
catalog_sales,10259
catalog_sales,10260
catalog_sales,10261
catalog_sales,10262
catalog_sales,10263
catalog_sales,10264
catalog_sales,10265
catalog_sales,10266
catalog_sales,10267
catalog_sales,10268
catalog_sales,10269
catalog_sales,10270
catalog_sales,10271
catalog_sales,10272
catalog_sales,10273
catalog_sales,10274
catalog_sales,10275
catalog_sales,10276
catalog_sales,10277
catalog_sales,10278
catalog_sales,10279
catalog_sales,10280
catalog_sales,10281
catalog_sales,10282
catalog_sales,10283
catalog_sales,10284
catalog_sales,10285
catalog_sales,10286
catalog_sales,10287
catalog_sales,10288
catalog_sales,10289
catalog_sales,10290
catalog_sales,10291
catalog_sales,10292
catalog_sales,10293
catalog_sales,10294
catalog_sales,10295
catalog_sales,10296
catalog_sales,10297
catalog_sales,10298
catalog_sales,10299
catalog_sales,10300
catalog_sales,10301
catalog_sales,10302
catalog_sales,10303
catalog_sales,10304
catalog_sales,10305
catalog_sales,10306
catalog_sales,10307
catalog_sales,10308
catalog_sales,10309
catalog_sales,10310
catalog_sales,10311
catalog_sales,10312
catalog_sales,10313
catalog_sales,10314
catalog_sales,10315
catalog_sales,10316
catalog_sales,10317
catalog_sales,10318
catalog_sales,10319
catalog_sales,10320
catalog_sales,10321
catalog_sales,10322
catalog_sales,10323
catalog_sales,10324
catalog_sales,10325
catalog_sales,10326
catalog_sales,10327
catalog_sales,10328
catalog_sales,10329
catalog_sales,10330
catalog_sales,10331
catalog_sales,10332
catalog_sales,10333
catalog_sales,10334
catalog_sales,10335
catalog_sales,10336
catalog_sales,10337
catalog_sales,10338
catalog_sales,10339
catalog_sales,10340
catalog_sales,10341
catalog_sales,10342
catalog_sales,10343
catalog_sales,10344
catalog_sales,10345
catalog_sales,10346
catalog_sales,10347
catalog_sales,10348
catalog_sales,10349
catalog_sales,10350
catalog_sales,10351
catalog_sales,10352
catalog_sales,10353
catalog_sales,10354
catalog_sales,10355
catalog_sales,10356
catalog_sales,10357
catalog_sales,10358
catalog_sales,10359
catalog_sales,10360
catalog_sales,10361
catalog_sales,10362
catalog_sales,10363
catalog_sales,10364
catalog_sales,10365
catalog_sales,10366
catalog_sales,10367
catalog_sales,10368
catalog_sales,10369
catalog_sales,10370
catalog_sales,10371
catalog_sales,10372
catalog_sales,10373
catalog_sales,10374
catalog_sales,10375
catalog_sales,10376
catalog_sales,10377
catalog_sales,10378
catalog_sales,10379
catalog_sales,10380
catalog_sales,10381
catalog_sales,10382
catalog_sales,10383
catalog_sales,10384
catalog_sales,10385
catalog_sales,10386
catalog_sales,10387
catalog_sales,10388
catalog_sales,10389
catalog_sales,10390
catalog_sales,10391
catalog_sales,10392
catalog_sales,10393
catalog_sales,10394
catalog_sales,10395
catalog_sales,10396
catalog_sales,10397
catalog_sales,10398
catalog_sales,10399
catalog_sales,10400
catalog_sales,10401
catalog_sales,10402
catalog_sales,10403
catalog_sales,10404
catalog_sales,10405
catalog_sales,10406
catalog_sales,10407
catalog_sales,10408
catalog_sales,10409
catalog_sales,10410
catalog_sales,10411
catalog_sales,10412
catalog_sales,10413
catalog_sales,10414
catalog_sales,10415
catalog_sales,10416
catalog_sales,10417
catalog_sales,10418
catalog_sales,10419
catalog_sales,10420
catalog_sales,10421
catalog_sales,10422
catalog_sales,10423
catalog_sales,10424
catalog_sales,10425
catalog_sales,10426
catalog_sales,10427
catalog_sales,10428
catalog_sales,10429
catalog_sales,10430
catalog_sales,10431
catalog_sales,10432
catalog_sales,10433
catalog_sales,10434
catalog_sales,10435
catalog_sales,10436
catalog_sales,10437
catalog_sales,10438
catalog_sales,10439
catalog_sales,10440
catalog_sales,10441
catalog_sales,10442
catalog_sales,10443
catalog_sales,10444
catalog_sales,10445
catalog_sales,10446
catalog_sales,10447
catalog_sales,10448
catalog_sales,10449
catalog_sales,10450
catalog_sales,10451
catalog_sales,10452
catalog_sales,10453
catalog_sales,10454
catalog_sales,10455
catalog_sales,10456
catalog_sales,10457
catalog_sales,10458
catalog_sales,10459
catalog_sales,10460
catalog_sales,10461
catalog_sales,10462
catalog_sales,10463
catalog_sales,10464
catalog_sales,10465
catalog_sales,10466
catalog_sales,10467
catalog_sales,10468
catalog_sales,10469
catalog_sales,10470
catalog_sales,10471
catalog_sales,10472
catalog_sales,10473
catalog_sales,10474
catalog_sales,10475
catalog_sales,10476
catalog_sales,10477
catalog_sales,10478
catalog_sales,10479
catalog_sales,10480
catalog_sales,10481
catalog_sales,10482
catalog_sales,10483
catalog_sales,10484
catalog_sales,10485
catalog_sales,10486
catalog_sales,10487
catalog_sales,10488
catalog_sales,10489
catalog_sales,10490
catalog_sales,10491
catalog_sales,10492
catalog_sales,10493
catalog_sales,10494
catalog_sales,10495
catalog_sales,10496
catalog_sales,10497
catalog_sales,10498
catalog_sales,10499
catalog_sales,10500
catalog_sales,10501
catalog_sales,10502
catalog_sales,10503
catalog_sales,10504
catalog_sales,10505
catalog_sales,10506
catalog_sales,10507
catalog_sales,10508
catalog_sales,10509
catalog_sales,10510
catalog_sales,10511
catalog_sales,10512
catalog_sales,10513
catalog_sales,10514
catalog_sales,10515
catalog_sales,10516
catalog_sales,10517
catalog_sales,10518
catalog_sales,10519
catalog_sales,10520
catalog_sales,10521
catalog_sales,10522
catalog_sales,10523
catalog_sales,10524
catalog_sales,10525
catalog_sales,10526
catalog_sales,10527
catalog_sales,10528
catalog_sales,10529
catalog_sales,10530
catalog_sales,10531
catalog_sales,10532
catalog_sales,10533
catalog_sales,10534
catalog_sales,10535
catalog_sales,10536
catalog_sales,10537
catalog_sales,10538
catalog_sales,10539
catalog_sales,10540
catalog_sales,10541
catalog_sales,10542
catalog_sales,10543
catalog_sales,10544
catalog_sales,10545
catalog_sales,10546
catalog_sales,10547
catalog_sales,10548
catalog_sales,10549
catalog_sales,10550
catalog_sales,10551
catalog_sales,10552
catalog_sales,10553
catalog_sales,10554
catalog_sales,10555
catalog_sales,10556
catalog_sales,10557
catalog_sales,10558
catalog_sales,10559
catalog_sales,10560
catalog_sales,10561
catalog_sales,10562
catalog_sales,10563
catalog_sales,10564
catalog_sales,10565
catalog_sales,10566
catalog_sales,10567
catalog_sales,10568
catalog_sales,10569
catalog_sales,10570
catalog_sales,10571
catalog_sales,10572
catalog_sales,10573
catalog_sales,10574
catalog_sales,10575
catalog_sales,10576
catalog_sales,10577
catalog_sales,10578
catalog_sales,10579
catalog_sales,10580
catalog_sales,10581
catalog_sales,10582
catalog_sales,10583
catalog_sales,10584
catalog_sales,10585
catalog_sales,10586
catalog_sales,10587
catalog_sales,10588
catalog_sales,10589
catalog_sales,10590
catalog_sales,10591
catalog_sales,10592
catalog_sales,10593
catalog_sales,10594
catalog_sales,10595
catalog_sales,10596
catalog_sales,10597
catalog_sales,10598
catalog_sales,10599
catalog_sales,10600
catalog_sales,10601
catalog_sales,10602
catalog_sales,10603
catalog_sales,10604
catalog_sales,10605
catalog_sales,10606
catalog_sales,10607
catalog_sales,10608
catalog_sales,10609
catalog_sales,10610
catalog_sales,10611
catalog_sales,10612
catalog_sales,10613
catalog_sales,10614
catalog_sales,10615
catalog_sales,10616
catalog_sales,10617
catalog_sales,10618
catalog_sales,10619
catalog_sales,10620
catalog_sales,10621
catalog_sales,10622
catalog_sales,10623
catalog_sales,10624
catalog_sales,10625
catalog_sales,10626
catalog_sales,10627
catalog_sales,10628
catalog_sales,10629
catalog_sales,10630
catalog_sales,10631
catalog_sales,10632
catalog_sales,10633
catalog_sales,10634
catalog_sales,10635
catalog_sales,10636
catalog_sales,10637
catalog_sales,10638
catalog_sales,10639
catalog_sales,10640
catalog_sales,10641
catalog_sales,10642
catalog_sales,10643
catalog_sales,10644
catalog_sales,10645
catalog_sales,10646
catalog_sales,10647
catalog_sales,10648
catalog_sales,10649
catalog_sales,10650
catalog_sales,10651
catalog_sales,10652
catalog_sales,10653
catalog_sales,10654
catalog_sales,10655
catalog_sales,10656
catalog_sales,10657
catalog_sales,10658
catalog_sales,10659
catalog_sales,10660
catalog_sales,10661
catalog_sales,10662
catalog_sales,10663
catalog_sales,10664
customer,0
customer,0
customer,1
customer,2
customer,3
customer,4
customer,5
customer,6
customer,7
customer,8
customer,9
customer,10
customer,11
customer,12
customer,13
customer,14
customer,15
customer,16
customer,17
customer,18
customer,19
customer,20
customer,21
customer,22
customer,23
customer,24
customer,25
customer,26
customer,27
customer,28
customer,29
customer,30
customer,31
customer,32
customer,34
customer,35
customer,36
customer,37
customer,38
customer,39
customer,40
customer,41
customer,42
customer,43
customer,44
customer,45
customer,47
customer,48
customer,49
customer,50
customer,51
customer,52
customer,53
customer,54
customer,55
customer,56
customer,57
customer,58
customer,59
customer,60
customer,61
customer,62
customer,63
customer,64
customer,65
customer,66
customer,67
customer,68
customer,69
customer,70
customer,71
customer,72
customer,73
customer,74
customer,75
customer,76
customer,77
customer,78
customer,79
customer,80
customer,81
customer,82
customer,83
customer,84
customer,85
customer,86
customer,87
customer,88
customer,89
customer,90
customer,91
customer,92
customer,93
customer,94
customer,95
customer,97
customer,98
customer,99
customer,100
customer,101
customer,102
customer,103
customer,104
customer,105
customer,106
customer,107
customer,108
customer,109
customer,110
customer,111
customer,112
customer,113
customer,114
customer,115
customer,116
customer,117
customer,118
customer,119
customer,120
customer,121
customer,122
customer,123
customer,124
customer,125
customer,126
customer,127
customer,128
customer,129
customer,130
customer,131
customer,132
customer,133
customer,134
customer,135
customer,136
customer,137
customer,138
customer,139
customer,140
customer,141
customer,142
customer,143
customer,144
customer,145
customer,146
customer,147
customer,148
customer,149
customer,150
customer,151
customer,152
customer,153
customer,154
customer,155
customer,156
customer,157
customer,158
customer,159
customer,160
customer,161
customer,162
customer,163
customer,164
customer,165
customer,166
customer,168
customer,169
customer,170
customer,171
customer,172
customer,173
customer,174
customer,175
customer,176
customer,177
customer,178
customer,179
customer,180
customer,181
customer,182
customer,183
customer,184
customer,185
customer,186
customer,187
customer,188
customer,189
customer,190
customer,191
customer,192
customer,193
customer,194
customer,195
customer,196
customer,197
customer,198
customer,199
customer,200
customer,201
customer,202
customer,203
customer,204
customer,205
customer,206
customer,207
customer,208
customer,209
customer,210
customer,211
customer,212
customer,213
customer,214
customer,215
customer,216
customer,217
customer,218
customer,219
customer,220
customer,221
customer,222
customer,223
customer,224
customer,226
customer,227
customer,229
customer,230
customer,231
customer,232
customer,233
customer,234
customer,235
customer,236
customer,237
customer,238
customer,239
customer,240
customer,241
customer,242
customer,243
customer,244
customer,245
customer,246
customer,247
customer,248
customer,249
customer,250
customer,251
customer,253
customer,254
customer,255
customer,256
customer,258
customer,259
customer,260
customer,261
customer,262
customer,263
customer,264
customer,265
customer,266
customer,267
customer,268
customer,269
customer,270
customer,271
customer,272
customer,273
customer,274
customer,275
customer,276
customer,277
customer,278
customer,279
customer,280
customer,281
customer,282
customer,283
customer,284
customer,285
customer,286
customer,287
customer,288
customer,289
customer,290
customer,291
customer,292
customer,293
customer,294
customer,295
customer,296
customer,297
customer,298
customer,299
customer,300
customer,301
customer,302
customer,303
customer,304
customer,305
customer,306
customer,307
customer,308
customer,309
customer,310
customer,311
customer,312
customer,313
customer,314
customer,315
customer,317
customer,318
customer,319
customer,320
customer,321
customer,322
customer,323
customer,324
customer,325
customer,326
customer,327
customer,328
customer,329
customer,330
customer,331
customer,332
customer,333
customer,334
customer,335
customer,336
customer,337
customer,338
customer,339
customer,341
customer,342
customer,343
customer,344
customer,345
customer,346
customer,347
customer,348
customer,349
customer,350
customer,351
customer,352
customer,353
customer,354
customer,355
customer,356
customer,357
customer,358
customer,359
customer,361
customer,362
customer,363
customer,364
customer,365
customer,366
customer,367
customer,368
customer,369
customer,370
customer,371
customer,372
customer,373
customer,374
customer,375
customer,376
customer,377
customer,378
customer,379
customer,380
customer,381
customer,382
customer,383
customer,384
customer,385
customer,386
customer,387
customer,388
customer,389
customer,390
customer,391
customer,392
customer,393
customer,394
customer,395
customer,396
customer,397
customer,398
customer,399
customer,400
customer,401
customer,402
customer,403
customer,404
customer,405
customer,406
customer,407
customer,408
customer,409
customer,410
customer,412
customer,413
customer,414
customer,415
customer,416
customer,417
customer,418
customer,419
customer,420
customer,421
customer,422
customer,423
customer,424
customer,426
customer,427
customer,429
customer,430
customer,431
customer,432
customer,433
customer,434
customer,435
customer,436
customer,437
customer,438
customer,439
customer,440
customer,441
customer,442
customer,443
customer,444
customer,445
customer,446
customer,447
customer,448
customer,449
customer,450
customer,451
customer,452
customer,453
customer,454
customer,455
customer,456
customer,457
customer,458
customer,459
customer,460
customer,461
customer,462
customer,463
customer,464
customer,465
customer,466
customer,467
customer,468
customer,469
customer,470
customer,471
customer,472
customer,473
customer,474
customer,475
customer,476
customer,477
customer,478
customer,480
customer,482
customer,483
customer,484
customer,485
customer,486
customer,487
customer,488
customer,489
customer,490
customer,491
customer,492
customer,493
customer,494
customer,495
customer,496
customer,497
customer,498
customer,499
customer,500
customer,501
customer,502
customer,503
customer,504
customer,505
customer,506
customer,507
customer,508
customer,509
customer,510
customer,511
customer,512
customer,513
customer,514
customer,515
customer,516
customer,518
customer,519
customer,520
customer,521
customer,522
customer,523
customer,524
customer,525
customer,526
customer,527
customer,528
customer,529
customer,530
customer,531
customer,532
customer,533
customer,534
customer,535
customer,536
customer,537
customer,538
customer,539
customer,540
customer,541
customer,542
customer,543
customer,544
customer,545
customer,546
customer,547
customer,548
customer,549
customer,550
customer,551
customer,552
customer,553
customer,554
customer,555
customer,556
customer,557
customer,558
customer,559
customer,560
customer,561
customer,562
customer,563
customer,564
customer,565
customer,566
customer,567
customer,568
customer,569
customer,570
customer,571
customer,572
customer,573
customer,574
customer,575
customer,576
customer,577
customer,578
customer,580
customer,581
customer,582
customer,583
customer,584
customer,585
customer,586
customer,587
customer,588
customer,589
customer,590
customer,591
customer,592
customer,593
customer,594
customer,595
customer,596
customer,597
customer,598
customer,599
customer,601
customer,602
customer,603
customer,604
customer,605
customer,606
customer,607
customer,608
customer,609
customer,610
customer,611
customer,612
customer,613
customer,614
customer,615
customer,616
customer,617
customer,618
customer,619
customer,620
customer,621
customer,622
customer,623
customer,624
customer,626
customer,627
customer,628
customer,629
customer,630
customer,631
customer,632
customer,633
customer,634
customer,635
customer,636
customer,637
customer,638
customer,639
customer,640
customer,641
customer,642
customer,643
customer,644
customer,645
customer,646
customer,647
customer,648
customer,649
customer,650
customer,651
customer,652
customer,653
customer,654
customer,655
customer,656
customer,657
customer,659
customer,660
customer,662
customer,663
customer,664
customer,665
customer,666
customer,667
customer,668
customer,669
customer,670
customer,671
customer,672
customer,673
customer,674
customer,675
customer,676
customer,677
customer,678
customer,679
customer,680
customer,681
customer,682
customer,683
customer,684
customer,685
customer,686
customer,687
customer,688
customer,689
customer,690
customer,691
customer,692
customer,693
customer,694
customer,696
customer,697
customer,698
customer,699
customer,700
customer,701
customer,702
customer,703
customer,704
customer,705
customer,706
customer,707
customer,708
customer,709
customer,710
customer,711
customer,712
customer,713
customer,714
customer,715
customer,716
customer,717
customer,718
customer,719
customer,720
customer,721
customer,722
customer,723
customer,724
customer,725
customer,726
customer,727
customer,728
customer,729
customer,730
customer,732
customer,733
customer,734
customer,735
customer,736
customer,737
customer,738
customer,739
customer,741
customer,742
customer,743
customer,744
customer,745
customer,746
customer,747
customer,748
customer,749
customer,750
customer,751
customer,752
customer,753
customer,754
customer,755
customer,756
customer,757
customer,758
customer,759
customer,760
customer,761
customer,762
customer,763
customer,764
customer,765
customer,766
customer,767
customer,768
customer,769
customer,770
customer,771
customer,772
customer,774
customer,775
customer,776
customer,777
customer,778
customer,779
customer,780
customer,781
customer,782
customer,783
customer,784
customer,785
customer,786
customer,787
customer,788
customer,789
customer,790
customer,791
customer,792
customer,793
customer,794
customer,795
customer,796
customer,797
customer,798
customer,799
customer,800
customer,801
customer,802
customer,803
customer,804
customer,805
customer,807
customer,808
customer,809
customer,810
customer,811
customer,812
customer,813
customer,814
customer,815
customer,816
customer,817
customer,818
customer,819
customer,821
customer,822
customer,823
customer,824
customer,825
customer,826
customer,827
customer,828
customer,829
customer,830
customer,831
customer,832
customer,833
customer,834
customer,835
customer,836
customer,837
customer,838
customer,839
customer,840
customer,841
customer,843
customer,844
customer,845
customer,846
customer,847
customer,848
customer,849
customer,850
customer,851
customer,852
customer,853
customer,854
customer,855
customer,857
customer,859
customer,860
customer,861
customer,862
customer,863
customer,864
customer,865
customer,866
customer,867
customer,868
customer,869
customer,870
customer,871
customer,872
customer,873
customer,874
customer,875
customer,876
customer,877
customer,878
customer,879
customer,880
customer,881
customer,882
customer,883
customer,884
customer,886
customer,887
customer,888
customer,889
customer,890
customer,891
customer,892
customer,893
customer,894
customer,895
customer,896
customer,897
customer,898
customer,899
customer,900
customer,901
customer,902
customer,903
customer,904
customer,905
customer,906
customer,907
customer,908
customer,910
customer,911
customer,912
customer,913
customer,914
customer,915
customer,916
customer,917
customer,918
customer,919
customer,920
customer,921
customer,922
customer,923
customer,924
customer,925
customer,926
customer,927
customer,928
customer,929
customer,931
customer,932
customer,934
customer,936
customer,937
customer,938
customer,939
customer,940
customer,941
customer,942
customer,943
customer,944
customer,945
customer,946
customer,947
customer,948
customer,949
customer,950
customer,951
customer,952
customer,953
customer,954
customer,955
customer,956
customer,957
customer,958
customer,959
customer,960
customer,961
customer,962
customer,963
customer,964
customer,965
customer,966
customer,967
customer,969
customer,970
customer,971
customer,972
customer,973
customer,974
customer,975
customer,976
customer,977
customer,979
customer,980
customer,981
customer,982
customer,983
customer,984
customer,985
customer,986
customer,987
customer,988
customer,990
customer,991
customer,992
customer,993
customer,994
customer,995
customer,996
customer,997
customer,998
customer,999
customer,1000
customer,1001
customer,1002
customer,1003
customer,1004
customer,1005
customer,1006
customer,1007
customer,1008
customer,1009
customer,1010
customer,1011
customer,1013
customer,1014
customer,1015
customer,1016
customer,1017
customer,1018
customer,1019
customer,1020
customer,1021
customer,1022
customer,1023
customer,1024
customer,1025
customer,1026
customer,1027
customer,1028
customer,1029
customer,1030
customer,1031
customer,1032
customer,1033
customer,1034
customer,1035
customer,1036
customer,1037
customer,1038
customer,1039
customer,1040
customer,1041
customer,1042
customer,1043
customer,1044
customer,1045
customer,1046
customer,1047
customer,1048
customer,1049
customer,1050
customer,1051
customer,1052
customer,1053
customer,1054
customer,1055
customer,1056
customer,1057
customer,1058
customer,1059
customer,1060
customer,1061
customer,1062
customer,1063
customer,1064
customer,1065
customer,1066
customer,1067
customer,1068
customer,1069
customer,1070
customer,1071
customer,1072
customer,1073
customer,1074
customer,1075
customer,1076
customer,1077
customer,1078
customer,1079
customer,1080
customer,1081
customer,1082
customer,1083
customer,1084
customer,1085
customer,1086
customer,1087
customer,1088
customer,1089
customer,1090
customer,1091
customer,1092
customer,1093
customer,1094
customer,1095
customer,1096
customer,1097
customer,1098
customer,1099
customer,1100
customer,1101
customer,1102
customer,1103
customer,1104
customer,1105
customer,1106
customer,1107
customer,1108
customer,1109
customer,1110
customer,1111
customer,1112
customer,1113
customer,1114
customer,1115
customer,1116
customer,1117
customer,1118
customer,1119
customer,1120
customer,1121
customer,1122
customer,1123
customer,1124
customer,1125
customer,1126
customer,1127
customer,1128
customer,1129
customer,1130
customer,1131
customer,1132
customer,1133
customer,1134
customer,1135
customer,1136
customer,1137
customer,1138
customer,1139
customer,1140
customer,1141
customer,1142
customer,1143
customer,1144
customer,1145
customer,1146
customer,1148
customer,1149
customer,1150
customer,1151
customer,1152
customer,1153
customer,1154
customer,1155
customer,1156
customer,1157
customer,1158
customer,1159
customer,1160
customer,1161
customer,1162
customer,1163
customer,1164
customer,1165
customer,1166
customer,1167
customer,1168
customer,1169
customer,1170
customer,1171
customer,1172
customer,1173
customer,1174
customer,1175
customer,1176
customer,1177
customer,1178
customer,1179
customer,1180
customer,1182
customer,1183
customer,1184
customer,1185
customer,1186
customer,1187
customer,1188
customer,1189
customer,1190
customer,1191
customer,1192
customer,1193
customer,1194
customer,1195
customer,1196
customer,1197
customer,1198
customer,1199
customer,1200
customer,1201
customer,1202
customer,1203
customer,1204
customer,1205
customer,1206
customer,1207
customer,1208
customer,1209
customer,1210
customer,1211
customer,1212
customer,1213
customer,1214
customer,1215
customer,1216
customer,1217
customer,1218
customer,1219
customer,1220
customer,1221
customer,1223
customer,1224
customer,1225
customer,1226
customer,1227
customer,1228
customer,1229
customer,1230
customer,1231
customer,1232
customer,1233
customer,1234
customer,1235
customer,1236
customer,1237
customer,1238
customer,1239
customer,1240
customer,1241
customer,1242
customer,1243
customer,1244
customer,1245
customer,1246
customer,1247
customer,1248
customer,1249
customer,1250
customer,1251
customer,1253
customer,1254
customer,1255
customer,1256
customer,1257
customer,1258
customer,1259
customer,1260
customer,1261
customer,1263
customer,1264
customer,1265
customer,1266
customer,1267
customer,1268
customer,1269
customer,1270
customer,1271
customer,1272
customer,1273
customer,1274
customer,1275
customer,1276
customer,1277
customer,1278
customer,1279
customer,1280
customer,1281
customer,1282
customer,1283
customer,1284
customer,1285
customer,1286
customer,1287
customer,1288
customer,1289
customer,1290
customer,1291
customer,1292
customer,1293
customer,1294
customer,1295
customer,1296
customer,1297
customer,1298
customer,1299
customer,1300
customer,1301
customer,1302
customer,1303
customer,1304
customer,1305
customer,1306
customer,1307
customer,1308
customer,1309
customer,1310
customer,1311
customer,1312
customer,1313
customer,1314
customer,1315
customer,1316
customer,1317
customer,1318
customer,1319
customer,1320
customer,1321
customer,1322
customer,1323
customer,1324
customer,1325
customer,1326
customer,1327
customer,1328
customer,1329
customer,1330
customer,1331
customer,1332
customer,1333
customer,1334
customer,1335
customer,1336
customer,1337
customer,1338
customer,1339
customer,1340
customer,1342
customer,1343
customer,1344
customer,1346
customer,1347
customer,1348
customer,1349
customer,1350
customer,1351
customer,1352
customer,1353
customer,1354
customer,1355
customer,1356
customer,1357
customer,1358
customer,1359
customer,1360
customer,1361
customer,1362
customer,1363
customer,1364
customer,1365
customer,1366
customer,1367
customer,1368
customer,1369
customer,1370
customer,1371
customer,1372
customer,1373
customer,1374
customer,1375
customer,1376
customer,1377
customer,1378
customer,1379
customer,1380
customer,1381
customer,1382
customer,1383
customer,1384
customer,1385
customer,1386
customer,1387
customer,1388
customer,1389
customer,1390
customer,1391
customer,1392
customer,1393
customer,1394
customer,1395
customer,1396
customer,1397
customer,1398
customer,1399
customer,1400
customer,1401
customer,1402
customer,1403
customer,1404
customer,1405
customer,1406
customer,1407
customer,1408
customer,1409
customer,1410
customer,1411
customer,1412
customer,1413
customer,1414
customer,1416
customer,1417
customer,1418
customer,1419
customer,1420
customer,1421
customer,1422
customer,1423
customer,1424
customer,1425
customer,1427
customer,1428
customer,1429
customer,1430
customer,1431
customer,1432
customer,1433
customer,1434
customer,1435
customer,1437
customer,1438
customer,1439
customer,1440
customer,1441
customer,1442
customer,1443
customer,1444
customer,1446
customer,1447
customer,1448
customer,1449
customer,1450
customer,1451
customer,1452
customer,1453
customer,1454
customer,1455
customer,1456
customer,1457
customer,1458
customer,1459
customer,1460
customer,1461
customer,1462
customer,1463
customer,1464
customer,1465
customer,1466
customer,1467
customer,1468
customer,1469
customer,1470
customer,1471
customer,1472
customer,1473
customer,1474
customer,1475
customer,1476
customer,1477
customer,1478
customer,1479
customer,1480
customer,1481
customer,1482
customer,1483
customer,1484
customer,1485
customer,1486
customer,1487
customer,1488
customer,1489
customer,1490
customer,1491
customer,1492
customer,1493
customer,1494
customer,1495
customer,1496
customer,1497
customer,1498
customer,1499
customer,1500
customer,1501
customer,1502
customer,1503
customer,1504
customer,1505
customer,1507
customer,1508
customer,1509
customer,1510
customer,1511
customer,1512
customer,1513
customer,1514
customer,1515
customer,1516
customer,1517
customer,1518
customer,1519
customer,1520
customer,1521
customer,1522
customer,1523
customer,1524
customer,1525
customer,1526
customer,1527
customer,1528
customer,1529
customer,1530
customer,1532
customer,1533
customer,1534
customer,1535
customer,1536
customer,1537
customer,1538
customer,1539
customer,1540
customer,1541
customer,1542
customer,1543
customer,1544
customer,1545
customer,1546
customer,1547
customer,1549
customer,1550
customer,1551
customer,1552
customer,1553
customer,1555
customer,1556
customer,1557
customer,1558
customer,1559
customer,1560
customer,1561
customer,1562
customer,1563
customer,1564
customer,1565
customer,1566
customer,1567
customer,1568
customer,1569
customer,1570
customer,1572
customer,1573
customer,1574
customer,1575
customer,1577
customer,1578
customer,1579
customer,1580
customer,1581
customer,1582
customer,1583
customer,1584
customer,1585
customer,1586
customer,1587
customer,1588
customer,1589
customer,1590
customer,1591
customer,1592
customer,1593
customer,1594
customer,1595
customer,1596
customer,1597
customer,1598
customer,1599
customer,1600
customer,1601
customer,1602
customer,1603
customer,1604
customer,1605
customer,1606
customer,1607
customer,1608
customer,1609
customer,1610
customer,1611
customer,1612
customer,1613
customer,1614
customer,1615
customer,1616
customer,1617
customer,1618
customer,1619
customer,1620
customer,1621
customer,1622
customer,1623
customer,1625
customer,1626
customer,1627
customer,1628
customer,1629
customer,1630
customer,1631
customer,1632
customer,1633
customer,1634
customer,1635
customer,1636
customer,1637
customer,1638
customer,1639
customer,1641
customer,1642
customer,1643
customer,1644
customer,1645
customer,1646
customer,1647
customer,1648
customer,1649
customer,1650
customer,1651
customer,1652
customer,1653
customer,1654
customer,1655
customer,1656
customer,1657
customer,1659
customer,1660
customer,1661
customer,1662
customer,1664
customer,1665
customer,1666
customer,1667
customer,1668
customer,1669
customer,1670
customer,1671
customer,1672
customer,1673
customer,1674
customer,1675
customer,1676
customer,1677
customer,1678
customer,1679
customer,1680
customer,1681
customer,1682
customer,1683
customer,1684
customer,1685
customer,1686
customer,1687
customer,1689
customer,1690
customer,1691
customer,1692
customer,1694
customer,1695
customer,1696
customer,1697
customer,1698
customer,1699
customer,1700
customer,1701
customer,1702
customer,1703
customer,1704
customer,1705
customer,1706
customer,1707
customer,1708
customer,1709
customer,1711
customer,1712
customer,1713
customer,1714
customer,1715
customer,1716
customer,1717
customer,1718
customer,1719
customer,1720
customer,1721
customer,1722
customer,1723
customer,1724
customer,1725
customer,1726
customer,1727
customer,1728
customer,1730
customer,1731
customer,1732
customer,1733
customer,1734
customer,1735
customer,1736
customer,1737
customer,1738
customer,1739
customer,1740
customer,1741
customer,1742
customer,1743
customer,1744
customer,1745
customer,1746
customer,1747
customer,1749
customer,1751
customer,1752
customer,1753
customer,1754
customer,1755
customer,1756
customer,1757
customer,1758
customer,1759
customer,1760
customer,1761
customer,1762
customer,1763
customer,1764
customer,1766
customer,1767
customer,1768
customer,1769
customer,1770
customer,1771
customer,1772
customer,1773
customer,1774
customer,1775
customer,1776
customer,1778
customer,1779
customer,1780
customer,1781
customer,1782
customer,1783
customer,1784
customer,1785
customer,1786
customer,1787
customer,1788
customer,1789
customer,1790
customer,1791
customer,1792
customer,1793
customer,1794
customer,1795
customer,1796
customer,1797
customer,1798
customer,1799
customer,1800
customer,1801
customer,1802
customer,1803
customer,1804
customer,1805
customer,1806
customer,1807
customer,1808
customer,1809
customer,1810
customer,1811
customer,1812
customer,1813
customer,1814
customer,1815
customer,1816
customer,1817
customer,1818
customer,1819
customer,1820
customer,1821
customer,1822
customer,1823
customer,1824
customer,1825
customer,1826
customer,1827
customer,1828
customer,1829
customer,1830
customer,1831
customer,1832
customer,1833
customer,1834
customer,1835
customer,1836
customer,1837
customer,1838
customer,1839
customer,1841
customer,1842
customer,1843
customer,1844
customer,1845
customer,1846
customer,1847
customer,1848
customer,1849
customer,1850
customer,1851
customer,1852
customer,1853
customer,1854
customer,1855
customer,1856
customer,1857
customer,1858
customer,1859
customer,1860
customer,1862
customer,1863
customer,1864
customer,1865
customer,1866
customer,1867
customer,1868
customer,1869
customer,1870
customer,1871
customer,1872
customer,1873
customer,1874
customer,1875
customer,1876
customer,1877
customer,1878
customer,1879
customer,1880
customer,1881
customer,1883
customer,1884
customer,1885
customer,1886
customer,1887
customer,1888
customer,1889
customer,1890
customer,1891
customer,1892
customer,1893
customer,1894
customer,1895
customer,1896
customer,1897
customer,1898
customer,1899
customer,1900
customer,1901
customer,1902
customer,1903
customer,1904
customer,1905
customer,1906
customer,1907
customer,1908
customer,1909
customer,1910
customer,1911
customer,1912
customer,1913
customer,1914
customer,1915
customer,1916
customer,1917
customer,1918
customer,1920
customer,1921
customer,1922
customer,1923
customer,1924
customer,1925
customer,1926
customer,1927
customer,1928
customer,1929
customer,1930
customer,1931
customer,1932
customer,1933
customer,1934
customer,1935
customer,1936
customer,1937
customer,1938
customer,1939
customer,1940
customer,1941
customer,1942
customer,1943
customer,1944
customer,1945
customer,1946
customer,1948
customer,1949
customer,1950
customer,1951
customer,1952
customer,1953
customer,1954
customer,1955
customer,1956
customer,1957
customer,1958
customer,1959
customer,1960
customer,1961
customer,1962
customer,1963
customer,1964
customer,1965
customer,1966
customer,1967
customer,1968
customer,1969
customer,1970
customer,1971
customer,1972
customer,1973
customer,1974
customer,1975
customer,1976
customer,1977
customer,1978
customer,1979
customer,1980
customer,1981
customer,1982
customer,1983
customer,1984
customer,1985
customer,1986
customer,1987
customer,1988
customer,1989
customer,1990
customer,1991
customer,1992
customer,1993
customer,1994
customer,1995
customer,1996
customer,1997
customer,1998
customer,1999
customer,2000
customer,2001
customer,2002
customer,2003
customer,2004
customer,2005
customer,2006
customer,2007
customer,2008
customer,2009
customer,2010
customer,2011
customer,2012
customer,2013
customer,2014
customer,2015
customer,2016
customer,2017
customer,2018
customer,2020
customer,2021
customer,2022
customer,2023
customer,2024
customer,2025
customer,2026
customer,2027
customer,2028
customer,2029
customer,2030
customer,2031
customer,2032
customer,2033
customer,2034
customer,2035
customer,2036
customer,2037
customer,2038
customer,2039
customer,2040
customer,2041
customer,2042
customer,2044
customer,2045
customer,2046
customer,2047
customer,2048
customer,2049
customer,2050
customer,2051
customer,2052
customer,2053
customer,2054
customer,2055
customer,2056
customer,2057
customer,2058
customer,2059
customer,2060
customer,2061
customer,2062
customer,2063
customer,2064
customer,2065
customer,2066
customer,2067
customer,2068
customer,2069
customer,2070
customer,2071
customer,2072
customer,2073
customer,2074
customer,2075
customer,2076
customer,2077
customer,2078
customer,2079
customer,2080
customer,2081
customer,2082
customer,2083
customer,2084
customer,2085
customer,2086
customer,2087
customer,2088
customer,2089
customer,2090
customer,2091
customer,2092
customer,2093
customer,2094
customer,2095
customer,2096
customer,2097
customer,2098
customer,2099
customer,2100
customer,2101
customer,2102
customer,2103
customer,2104
customer,2105
customer,2106
customer,2107
customer,2108
customer,2109
customer,2110
customer,2111
customer,2112
customer,2113
customer,2114
customer,2115
customer,2116
customer,2117
customer,2118
customer,2119
customer,2120
customer,2121
customer,2122
customer,2123
customer,2125
customer,2126
customer,2127
customer,2128
customer,2129
customer,2130
customer,2131
customer,2132
customer,2133
customer,2134
customer,2135
customer,2136
customer,2137
customer,2138
customer,2139
customer,2140
customer,2141
customer,2142
customer,2143
customer,2144
customer,2145
customer,2146
customer,2147
customer,2148
customer,2149
customer,2150
customer,2151
customer,2152
customer,2153
customer,2154
customer,2155
customer,2156
customer,2157
customer,2158
customer,2159
customer,2160
customer,2161
customer,2162
customer,2163
customer,2164
customer,2165
customer,2166
customer,2167
customer,2168
customer,2169
customer,2170
customer,2171
customer,2172
customer,2173
customer,2174
customer,2175
customer,2176
customer,2177
customer,2178
customer,2179
customer,2180
customer,2181
customer,2182
customer,2183
customer,2184
customer,2185
customer,2186
customer,2187
customer,2188
customer,2189
customer,2190
customer,2191
customer,2192
customer,2193
customer,2194
customer,2195
customer,2196
customer,2197
customer,2198
customer,2199
customer,2201
customer,2202
customer,2204
customer,2206
customer,2207
customer,2208
customer,2209
customer,2210
customer,2211
customer,2212
customer,2213
customer,2214
customer,2215
customer,2216
customer,2217
customer,2218
customer,2219
customer,2220
customer,2221
customer,2222
customer,2223
customer,2224
customer,2225
customer,2226
customer,2227
customer,2228
customer,2229
customer,2230
customer,2231
customer,2232
customer,2233
customer,2234
customer,2235
customer,2236
customer,2237
customer,2238
customer,2239
customer,2240
customer,2241
customer,2242
customer,2243
customer,2244
customer,2245
customer,2246
customer,2247
customer,2248
customer,2249
customer,2250
customer,2251
customer,2252
customer,2254
customer,2255
customer,2256
customer,2257
customer,2258
customer,2259
customer,2260
customer,2261
customer,2262
customer,2263
customer,2264
customer,2265
customer,2266
customer,2267
customer,2268
customer,2269
customer,2270
customer,2271
customer,2272
customer,2273
customer,2274
customer,2275
customer,2276
customer,2277
customer,2278
customer,2279
customer,2280
customer,2281
customer,2282
customer,2284
customer,2285
customer,2286
customer,2287
customer,2288
customer,2289
customer,2290
customer,2291
customer,2292
customer,2293
customer,2294
customer,2295
customer,2296
customer,2297
customer,2298
customer,2299
customer,2300
customer,2301
customer,2302
customer,2303
customer,2304
customer,2305
customer,2306
customer,2307
customer,2308
customer,2309
customer,2310
customer,2311
customer,2312
customer,2313
customer,2314
customer,2315
customer,2316
customer,2317
customer,2319
customer,2320
customer,2321
customer,2322
customer,2323
customer,2324
customer,2325
customer,2326
customer,2327
customer,2328
customer,2329
customer,2330
customer,2331
customer,2332
customer,2333
customer,2334
customer,2335
customer,2336
customer,2337
customer,2338
customer,2339
customer,2340
customer,2341
customer,2342
customer,2343
customer,2344
customer,2345
customer,2346
customer,2347
customer,2348
customer,2349
customer,2350
customer,2352
customer,2353
customer,2354
customer,2355
customer,2356
customer,2358
customer,2359
customer,2360
customer,2361
customer,2362
customer,2363
customer,2364
customer,2365
customer,2366
customer,2367
customer,2369
customer,2370
customer,2371
customer,2373
customer,2374
customer,2375
customer,2376
customer,2377
customer,2378
customer,2379
customer,2380
customer,2381
customer,2382
customer,2383
customer,2384
customer,2385
customer,2386
customer,2387
customer,2388
customer,2389
customer,2390
customer,2391
customer,2392
customer,2393
customer,2394
customer,2395
customer,2396
customer,2397
customer,2398
customer,2399
customer,2400
customer,2401
customer,2402
customer,2403
customer,2404
customer,2405
customer,2406
customer,2408
customer,2409
customer,2410
customer,2412
customer,2413
customer,2414
customer,2415
customer,2416
customer,2417
customer,2418
customer,2419
customer,2420
customer,2421
customer,2422
customer,2423
customer,2425
customer,2426
customer,2428
customer,2429
customer,2430
customer,2431
customer,2432
customer,2433
customer,2434
customer,2435
customer,2436
customer,2437
customer,2438
customer,2439
customer,2440
customer,2441
customer,2442
customer,2443
customer,2444
customer,2445
customer,2446
customer,2447
customer,2448
customer,2450
customer,2451
customer,2453
customer,2454
customer,2455
customer,2457
customer,2458
customer,2459
customer,2460
customer,2461
customer,2462
customer,2463
customer,2465
customer,2466
customer,2467
customer,2468
customer,2469
customer,2470
customer,2471
customer,2472
customer,2473
customer,2474
customer,2475
customer,2476
customer,2477
customer,2478
customer,2479
customer,2480
customer,2481
customer,2482
customer,2483
customer,2484
customer,2485
customer,2486
customer,2487
customer,2488
customer,2489
customer,2490
customer,2491
customer,2492
customer,2493
customer,2495
customer,2496
customer,2497
customer,2498
customer,2499
customer,2500
customer,2501
customer,2502
customer,2503
customer,2504
customer,2505
customer,2506
customer,2507
customer,2508
customer,2509
customer,2510
customer,2511
customer,2512
customer,2513
customer,2514
customer,2515
customer,2516
customer,2517
customer,2518
customer,2519
customer,2520
customer,2521
customer,2522
customer,2523
customer,2524
customer,2525
customer,2526
customer,2527
customer,2528
customer,2529
customer,2530
customer,2531
customer,2532
customer,2533
customer,2534
customer,2535
customer,2536
customer,2537
customer,2538
customer,2539
customer,2540
customer,2541
customer,2542
customer,2543
customer,2544
customer,2545
customer,2546
customer,2547
customer,2548
customer,2549
customer,2550
customer,2551
customer,2552
customer,2553
customer,2554
customer,2555
customer,2556
customer,2557
customer,2558
customer,2559
customer,2560
customer,2561
customer,2562
customer,2563
customer,2564
customer,2565
customer,2566
customer,2567
customer,2568
customer,2569
customer,2570
customer,2571
customer,2573
customer,2574
customer,2575
customer,2576
customer,2577
customer,2578
customer,2579
customer,2580
customer,2581
customer,2582
customer,2583
customer,2584
customer,2585
customer,2586
customer,2587
customer,2588
customer,2589
customer,2590
customer,2591
customer,2592
customer,2593
customer,2594
customer,2595
customer,2596
customer,2597
customer,2598
customer,2599
customer,2600
customer,2601
customer,2602
customer,2603
customer,2604
customer,2605
customer,2607
customer,2608
customer,2609
customer,2610
customer,2611
customer,2612
customer,2614
customer,2615
customer,2616
customer,2617
customer,2618
customer,2619
customer,2620
customer,2621
customer,2622
customer,2623
customer,2624
customer,2625
customer,2626
customer,2627
customer,2628
customer,2629
customer,2630
customer,2631
customer,2632
customer,2633
customer,2634
customer,2635
customer,2636
customer,2637
customer,2638
customer,2639
customer,2640
customer,2641
customer,2642
customer,2643
customer,2645
customer,2646
customer,2647
customer,2648
customer,2649
customer,2650
customer,2651
customer,2652
customer,2653
customer,2654
customer,2655
customer,2656
customer,2657
customer,2658
customer,2659
customer,2660
customer,2661
customer,2662
customer,2663
customer,2664
customer,2665
customer,2666
customer,2667
customer,2668
customer,2669
customer,2670
customer,2671
customer,2672
customer,2673
customer,2674
customer,2675
customer,2676
customer,2677
customer,2678
customer,2679
customer,2680
customer,2681
customer,2682
customer,2683
customer,2684
customer,2685
customer,2686
customer,2687
customer,2688
customer,2689
customer,2690
customer,2691
customer,2692
customer,2693
customer,2694
customer,2695
customer,2697
customer,2698
customer,2699
customer,2700
customer,2701
customer,2702
customer,2703
customer,2704
customer,2705
customer,2706
customer,2707
customer,2708
customer,2709
customer,2710
customer,2711
customer,2712
customer,2713
customer,2714
customer,2715
customer,2717
customer,2718
customer,2719
customer,2720
customer,2721
customer,2722
customer,2723
customer,2724
customer,2725
customer,2726
customer,2727
customer,2728
customer,2729
customer,2730
customer,2731
customer,2733
customer,2734
customer,2735
customer,2736
customer,2737
customer,2738
customer,2739
customer,2740
customer,2741
customer,2742
customer,2743
customer,2744
customer,2745
customer,2746
customer,2747
customer,2748
customer,2749
customer,2750
customer,2751
customer,2752
customer,2753
customer,2754
customer,2755
customer,2756
customer,2757
customer,2758
customer,2759
customer,2760
customer,2761
customer,2762
customer,2763
customer,2764
customer,2765
customer,2766
customer,2767
customer,2768
customer,2769
customer,2770
customer,2771
customer,2772
customer,2773
customer,2774
customer,2775
customer,2776
customer,2777
customer,2778
customer,2779
customer,2780
customer,2781
customer,2782
customer,2783
customer,2784
customer,2785
customer,2786
customer,2787
customer,2788
customer,2789
customer,2790
customer,2791
customer,2792
customer,2793
customer,2794
customer,2795
customer,2796
customer,2797
customer,2798
customer,2799
customer,2800
customer,2801
customer,2802
customer,2803
customer,2805
customer,2806
customer,2807
customer,2808
customer,2809
customer,2810
customer,2813
customer,2814
customer,2816
customer,2817
customer,2818
customer,2819
customer,2820
customer,2821
customer,2822
customer,2823
customer,2824
customer,2825
customer,2826
customer,2827
customer,2828
customer,2829
customer,2830
customer,2831
customer,2832
customer,2833
customer,2834
customer,2835
customer,2836
customer,2837
customer,2838
customer,2839
customer,2840
customer,2841
customer,2842
customer,2843
customer,2844
customer,2845
customer,2846
customer,2847
customer,2848
customer,2849
customer,2850
customer,2851
customer,2852
customer,2853
customer,2854
customer,2855
customer,2856
customer,2857
customer,2858
customer,2859
customer,2860
customer,2861
customer,2862
customer,2863
customer,2864
customer,2865
customer,2866
customer,2867
customer,2868
customer,2869
customer,2870
customer,2872
customer,2873
customer,2875
customer,2876
customer,2877
customer,2878
customer,2879
customer,2881
customer,2882
customer,2883
customer,2884
customer,2885
customer,2886
customer,2887
customer,2888
customer,2889
customer,2890
customer,2891
customer,2892
customer,2893
customer,2894
customer,2895
customer,2896
customer,2897
customer,2898
customer,2899
customer,2900
customer,2901
customer,2902
customer,2903
customer,2904
customer,2905
customer,2906
customer,2907
customer,2908
customer,2909
customer,2910
customer,2911
customer,2912
customer,2913
customer,2914
customer,2915
customer,2916
customer,2917
customer,2918
customer,2919
customer,2920
customer,2921
customer,2922
customer,2923
customer,2924
customer,2925
customer,2926
customer,2927
customer,2928
customer,2929
customer,2930
customer,2931
customer,2932
customer,2933
customer,2934
customer,2935
customer,2936
customer,2937
customer,2938
customer,2939
customer,2940
customer,2941
customer,2942
customer,2943
customer,2944
customer,2945
customer,2946
customer,2947
customer,2948
customer,2949
customer,2950
customer,2951
customer,2952
customer,2953
customer,2954
customer,2955
customer,2956
customer,2957
customer,2958
customer,2959
customer,2960
customer,2961
customer,2962
customer,2963
customer,2964
customer,2965
customer,2966
customer,2967
customer,2968
customer,2969
customer,2970
customer,2971
customer,2972
customer,2973
customer,2974
customer,2975
customer,2976
customer,2977
customer,2978
customer,2979
customer,2980
customer,2981
customer,2982
customer,2983
customer,2984
customer,2985
customer,2986
customer,2987
customer,2988
customer,2989
customer,2990
customer,2991
customer,2992
customer,2993
customer,2994
customer,2995
customer,2996
customer,2998
customer,2999
customer,3000
customer,3001
customer,3002
customer,3003
customer,3004
customer,3005
customer,3006
customer,3007
customer,3008
customer,3009
customer,3010
customer,3011
customer,3012
customer,3013
customer,3014
customer,3015
customer,3016
customer,3017
customer,3018
customer,3019
customer,3020
customer,3021
customer,3022
customer,3023
customer,3024
customer,3025
customer,3026
customer,3027
customer,3028
customer,3029
customer,3030
customer,3031
customer,3032
customer,3033
customer,3034
customer,3035
customer,3036
customer,3037
customer,3038
customer,3039
customer,3040
customer,3041
customer,3042
customer,3043
customer,3044
customer,3045
customer,3046
customer,3047
customer,3048
customer,3049
customer,3050
customer,3051
customer,3052
customer,3053
customer,3054
customer,3055
customer,3056
customer,3057
customer,3058
customer,3059
customer,3060
customer,3061
customer,3062
customer,3063
customer,3064
customer,3065
customer,3066
customer,3067
customer,3068
customer,3069
customer,3070
customer,3072
customer,3073
customer,3074
customer,3075
customer,3076
customer,3077
customer,3078
customer,3079
customer,3081
customer,3082
customer,3083
customer,3084
customer,3085
customer,3086
customer,3087
customer,3088
customer,3089
customer,3090
customer,3091
customer,3092
customer,3093
customer,3094
customer,3095
customer,3096
customer,3097
customer,3098
customer,3099
customer,3100
customer,3101
customer,3102
customer,3103
customer,3104
customer,3105
customer,3106
customer,3107
customer,3108
customer,3109
customer,3110
customer,3111
customer,3112
customer,3113
customer,3114
customer,3115
customer,3116
customer,3117
customer,3118
customer,3119
customer,3120
customer,3122
customer,3123
customer,3124
customer,3125
customer,3126
customer,3128
customer,3129
customer,3130
customer,3131
customer,3132
customer,3133
customer,3134
customer,3135
customer,3136
customer,3137
customer,3138
customer,3139
customer,3140
customer,3141
customer,3142
customer,3143
customer,3144
customer,3145
customer,3146
customer,3147
customer,3150
customer,3151
customer,3152
customer,3153
customer,3154
customer,3155
customer,3156
customer,3157
customer,3158
customer,3159
customer,3160
customer,3161
customer,3162
customer,3163
customer,3164
customer,3166
customer,3167
customer,3168
customer,3169
customer,3170
customer,3171
customer,3172
customer,3173
customer,3174
customer,3175
customer,3177
customer,3178
customer,3179
customer,3180
customer,3181
customer,3184
customer,3185
customer,3186
customer,3187
customer,3188
customer,3189
customer,3190
customer,3191
customer,3192
customer,3193
customer,3194
customer,3196
customer,3197
customer,3198
customer,3199
customer,3200
customer,3201
customer,3202
customer,3203
customer,3204
customer,3205
customer,3206
customer,3207
customer,3208
customer,3209
customer,3210
customer,3211
customer,3212
customer,3213
customer,3214
customer,3215
customer,3216
customer,3217
customer,3218
customer,3219
customer,3220
customer,3221
customer,3223
customer,3224
customer,3225
customer,3226
customer,3227
customer,3228
customer,3229
customer,3230
customer,3231
customer,3232
customer,3233
customer,3234
customer,3236
customer,3237
customer,3238
customer,3239
customer,3240
customer,3241
customer,3242
customer,3243
customer,3244
customer,3245
customer,3246
customer,3247
customer,3248
customer,3249
customer,3250
customer,3251
customer,3252
customer,3253
customer,3254
customer,3255
customer,3256
customer,3257
customer,3258
customer,3259
customer,3260
customer,3261
customer,3262
customer,3263
customer,3264
customer,3265
customer,3266
customer,3267
customer,3268
customer,3269
customer,3270
customer,3271
customer,3272
customer,3273
customer,3274
customer,3275
customer,3276
customer,3277
customer,3278
customer,3279
customer,3280
customer,3281
customer,3282
customer,3283
customer,3284
customer,3285
customer,3286
customer,3287
customer,3288
customer,3289
customer,3290
customer,3291
customer,3292
customer,3293
customer,3294
customer,3295
customer,3296
customer,3297
customer,3298
customer,3299
customer,3300
customer,3301
customer,3302
customer,3303
customer,3304
customer,3305
customer,3306
customer,3307
customer,3308
customer,3309
customer,3310
customer,3311
customer,3312
customer,3314
customer,3315
customer,3316
customer,3317
customer,3318
customer,3319
customer,3320
customer,3321
customer,3322
customer,3323
customer,3324
customer,3326
customer,3327
customer,3328
customer,3329
customer,3330
customer,3331
customer,3332
customer,3333
customer,3334
customer,3335
customer,3336
customer,3337
customer,3338
customer,3339
customer,3340
customer,3341
customer,3342
customer,3343
customer,3345
customer,3346
customer,3347
customer,3348
customer,3349
customer,3350
customer,3351
customer,3352
customer,3353
customer,3354
customer,3355
customer,3356
customer,3357
customer,3358
customer,3359
customer,3360
customer,3361
customer,3362
customer,3363
customer,3364
customer,3365
customer,3366
customer,3367
customer,3368
customer,3369
customer,3370
customer,3371
customer,3372
customer,3373
customer,3374
customer,3375
customer,3376
customer,3377
customer,3378
customer,3379
customer,3380
customer,3381
customer,3382
customer,3383
customer,3384
customer,3385
customer,3386
customer,3387
customer,3388
customer,3390
customer,3391
customer,3392
customer,3393
customer,3394
customer,3395
customer,3396
customer,3397
customer,3398
customer,3399
customer,3400
customer,3401
customer,3402
customer,3403
customer,3404
customer,3405
customer,3406
customer,3407
customer,3408
customer,3409
customer,3410
customer,3411
customer,3412
customer,3413
customer,3414
customer,3415
customer,3416
customer,3417
customer,3418
customer,3419
customer,3420
customer,3421
customer,3422
customer,3423
customer,3424
customer,3426
customer,3427
customer,3428
customer,3429
customer,3430
customer,3431
customer,3432
customer,3433
customer,3434
customer,3435
customer,3436
customer,3437
customer,3438
customer,3439
customer,3440
customer,3441
customer,3442
customer,3443
customer,3445
customer,3446
customer,3447
customer,3448
customer,3449
customer,3450
customer,3451
customer,3452
customer,3453
customer,3454
customer,3455
customer,3456
customer,3457
customer,3458
customer,3459
customer,3460
customer,3461
customer,3462
customer,3463
customer,3464
customer,3465
customer,3466
customer,3467
customer,3468
customer,3469
customer,3470
customer,3471
customer,3472
customer,3473
customer,3474
customer,3475
customer,3476
customer,3477
customer,3478
customer,3479
customer,3480
customer,3481
customer,3482
customer,3483
customer,3484
customer,3486
customer,3487
customer,3488
customer,3489
customer,3490
customer,3491
customer,3492
customer,3493
customer,3494
customer,3495
customer,3496
customer,3497
customer,3498
customer,3499
customer,3500
customer,3501
customer,3502
customer,3503
customer,3504
customer,3505
customer,3506
customer,3507
customer,3508
customer,3509
customer,3510
customer,3511
customer,3512
customer,3513
customer,3514
customer,3515
customer,3516
customer,3517
customer,3518
customer,3519
customer,3520
customer,3521
customer,3522
customer,3523
customer,3524
customer,3525
customer,3526
customer,3527
customer,3528
customer,3530
customer,3531
customer,3532
customer,3533
customer,3534
customer,3535
customer,3536
customer,3537
customer,3538
customer,3539
customer,3540
customer,3541
customer,3542
customer,3543
customer,3544
customer,3545
customer,3546
customer,3547
customer,3548
customer,3549
customer,3550
customer,3551
customer,3552
customer,3553
customer,3554
customer,3555
customer,3556
customer,3557
customer,3558
customer,3559
customer,3560
customer,3561
customer,3562
customer,3563
customer,3564
customer,3565
customer,3566
customer,3568
customer,3569
customer,3570
customer,3571
customer,3572
customer,3573
customer,3574
customer,3575
customer,3576
customer,3577
customer,3578
customer,3579
customer,3580
customer,3581
customer,3582
customer,3584
customer,3585
customer,3586
customer,3587
customer,3588
customer,3589
customer,3590
customer,3591
customer,3592
customer,3593
customer,3594
customer,3595
customer,3596
customer,3597
customer,3598
customer,3599
customer,3600
customer,3601
customer,3602
customer,3603
customer,3604
customer,3605
customer,3606
customer,3607
customer,3608
customer,3610
customer,3611
customer,3612
customer,3613
customer,3614
customer,3615
customer,3616
customer,3617
customer,3618
customer,3619
customer,3620
customer,3621
customer,3622
customer,3623
customer,3624
customer,3625
customer,3626
customer,3627
customer,3628
customer,3629
customer,3630
customer,3631
customer,3632
customer,3633
customer,3634
customer,3635
customer,3636
customer,3637
customer,3638
customer,3639
customer,3640
customer,3641
customer,3642
customer,3643
customer,3644
customer,3645
customer,3646
customer,3647
customer,3648
customer,3649
customer,3650
customer,3651
customer,3652
customer,3653
customer,3654
customer,3655
customer,3656
customer,3657
customer,3658
customer,3659
customer,3660
customer,3661
customer,3662
customer,3663
customer,3664
customer,3665
customer,3666
customer,3667
customer,3668
customer,3669
customer,3670
customer,3671
customer,3672
customer,3673
customer,3674
customer,3675
customer,3676
customer,3677
customer,3678
customer,3679
customer,3680
customer,3681
customer,3682
customer,3683
customer,3684
customer,3685
customer,3686
customer,3687
customer,3688
customer,3689
customer,3690
customer,3691
customer,3692
customer,3693
customer,3694
customer,3695
customer,3696
customer,3697
customer,3698
customer,3699
customer,3700
customer,3701
customer,3702
customer,3703
customer,3705
customer,3706
customer,3707
customer,3708
customer,3709
customer,3710
customer,3711
customer,3712
customer,3713
customer,3714
customer,3715
customer,3716
customer,3717
customer,3718
customer,3719
customer,3720
customer,3721
customer,3722
customer,3723
customer,3724
customer,3725
customer,3726
customer,3727
customer,3728
customer,3729
customer,3730
customer,3731
customer,3732
customer,3733
customer,3734
customer,3735
customer,3736
customer,3737
customer,3738
customer,3740
customer,3741
customer,3742
customer,3743
customer,3744
customer,3745
customer,3746
customer,3747
customer,3748
customer,3749
customer,3750
customer,3751
customer,3752
customer,3753
customer,3754
customer,3755
customer,3756
customer,3757
customer,3758
customer,3759
customer,3760
customer,3761
customer,3762
customer,3763
customer,3764
customer,3765
customer,3766
customer,3767
customer,3768
customer,3769
customer,3770
customer,3771
customer,3772
customer,3773
customer,3774
customer,3775
customer,3776
customer,3777
customer,3779
customer,3780
customer,3781
customer,3782
customer,3783
customer,3784
customer,3785
customer,3786
customer,3787
customer,3788
customer,3789
customer,3790
customer,3791
customer,3792
customer,3793
customer,3794
customer,3795
customer,3796
customer,3797
customer,3798
customer,3799
customer,3800
customer,3801
customer,3802
customer,3803
customer,3804
customer,3805
customer,3806
customer,3807
customer,3808
customer,3809
customer,3810
customer,3811
customer,3812
customer,3813
customer,3814
customer,3815
customer,3816
customer,3817
customer,3818
customer,3819
customer,3820
customer,3821
customer,3822
customer,3823
customer,3824
customer,3825
customer,3826
customer,3827
customer,3828
customer,3829
customer,3830
customer,3831
customer,3832
customer,3833
customer,3834
customer,3835
customer,3836
customer,3837
customer,3838
customer,3839
customer,3840
customer,3841
customer,3842
customer,3843
customer,3844
customer,3845
customer,3846
customer,3847
customer,3848
customer,3849
customer,3850
customer,3851
customer,3852
customer,3853
customer,3854
customer,3855
customer,3856
customer,3857
customer,3858
customer,3859
customer,3860
customer,3861
customer,3862
customer,3863
customer,3866
customer,3867
customer,3868
customer,3869
customer,3870
customer,3871
customer,3872
customer,3873
customer,3874
customer,3875
customer,3876
customer,3877
customer,3878
customer,3879
customer,3880
customer,3881
customer,3882
customer,3883
customer,3884
customer,3885
customer,3886
customer,3887
customer,3888
customer,3889
customer,3890
customer,3891
customer,3893
customer,3894
customer,3895
customer,3896
customer,3897
customer,3898
customer,3899
customer,3900
customer,3901
customer,3902
customer,3903
customer,3904
customer,3905
customer,3906
customer,3907
customer,3908
customer,3909
customer,3910
customer,3911
customer,3912
customer,3913
customer,3914
customer,3915
customer,3916
customer,3917
customer,3918
customer,3919
customer,3920
customer,3921
customer,3922
customer,3923
customer,3924
customer,3925
customer,3926
customer,3927
customer,3928
customer,3929
customer,3930
customer,3931
customer,3932
customer,3933
customer,3934
customer,3935
customer,3936
customer,3937
customer,3938
customer,3939
customer,3940
customer,3941
customer,3942
customer,3943
customer,3944
customer,3945
customer,3946
customer,3947
customer,3948
customer,3949
customer,3950
customer,3951
customer,3952
customer,3953
customer,3954
customer,3955
customer,3956
customer,3957
customer,3958
customer,3959
customer,3960
customer,3961
customer,3962
customer,3963
customer,3964
customer,3965
customer,3966
customer,3967
customer,3968
customer,3969
customer,3970
customer,3971
customer,3972
customer,3973
customer,3974
customer,3975
customer,3976
customer,3977
customer,3978
customer,3979
customer,3981
customer,3982
customer,3983
customer,3984
customer,3985
customer,3986
customer,3987
customer,3988
customer,3989
customer,3990
customer,3991
customer,3992
customer,3993
customer,3994
customer,3995
customer,3996
customer,3997
customer,3998
customer,3999
customer,4000
customer,4001
customer,4002
customer,4003
customer,4004
customer,4005
customer,4006
customer,4007
customer,4008
customer,4009
customer,4010
customer,4011
customer,4012
customer,4013
customer,4014
customer,4015
customer,4016
customer,4017
customer,4018
customer,4019
customer,4020
customer,4021
customer,4022
customer,4023
customer,4024
customer,4025
customer,4026
customer,4027
customer,4028
customer,4029
customer,4030
customer,4031
customer,4032
customer,4034
customer,4035
customer,4036
customer,4037
customer,4038
customer,4039
customer,4040
customer,4041
customer,4042
customer,4043
customer,4044
customer,4045
customer,4046
customer,4047
customer,4048
customer,4049
customer,4050
customer,4051
customer,4052
customer,4053
customer,4054
customer,4055
customer,4056
customer,4057
customer,4058
customer,4059
customer,4060
customer,4061
customer,4062
customer,4063
customer,4064
customer,4065
customer,4066
customer,4067
customer,4068
customer,4070
customer,4071
customer,4072
customer,4073
customer,4074
customer,4075
customer,4076
customer,4077
customer,4078
customer,4079
customer,4080
customer,4081
customer,4082
customer,4083
customer,4084
customer,4085
customer,4086
customer,4087
customer,4088
customer,4089
customer,4090
customer,4091
customer,4092
customer,4093
customer,4094
customer,4095
customer,4096
customer,4097
customer,4098
customer,4099
customer,4100
customer,4101
customer,4102
customer,4103
customer,4104
customer,4105
customer,4106
customer,4107
customer,4108
customer,4109
customer,4110
customer,4111
customer,4112
customer,4114
customer,4115
customer,4117
customer,4118
customer,4119
customer,4120
customer,4121
customer,4122
customer,4123
customer,4124
customer,4125
customer,4126
customer,4127
customer,4128
customer,4129
customer,4130
customer,4131
customer,4133
customer,4134
customer,4135
customer,4136
customer,4137
customer,4138
customer,4139
customer,4140
customer,4141
customer,4142
customer,4143
customer,4144
customer,4145
customer,4146
customer,4148
customer,4149
customer,4150
customer,4151
customer,4152
customer,4153
customer,4154
customer,4156
customer,4157
customer,4158
customer,4159
customer,4160
customer,4161
customer,4162
customer,4163
customer,4164
customer,4165
customer,4166
customer,4167
customer,4168
customer,4169
customer,4170
customer,4171
customer,4172
customer,4173
customer,4174
customer,4175
customer,4176
customer,4177
customer,4178
customer,4179
customer,4180
customer,4181
customer,4182
customer,4183
customer,4184
customer,4185
customer,4186
customer,4187
customer,4188
customer,4189
customer,4190
customer,4191
customer,4192
customer,4193
customer,4194
customer,4195
customer,4196
customer,4197
customer,4198
customer,4199
customer,4200
customer,4201
customer,4202
customer,4203
customer,4204
customer,4205
customer,4206
customer,4207
customer,4208
customer,4209
customer,4210
customer,4211
customer,4212
customer,4213
customer,4214
customer,4215
customer,4216
customer,4217
customer,4218
customer,4219
customer,4220
customer,4221
customer,4223
customer,4224
customer,4225
customer,4226
customer,4227
customer,4228
customer,4229
customer,4230
customer,4232
customer,4233
customer,4234
customer,4235
customer,4236
customer,4237
customer,4238
customer,4239
customer,4240
customer,4241
customer,4242
customer,4243
customer,4244
customer,4245
customer,4246
customer,4248
customer,4249
customer,4250
customer,4251
customer,4252
customer,4253
customer,4254
customer,4255
customer,4256
customer,4257
customer,4258
customer,4259
customer,4260
customer,4261
customer,4262
customer,4263
customer,4264
customer,4265
customer,4266
customer,4267
customer,4268
customer,4269
customer,4270
customer,4271
customer,4272
customer,4273
customer,4274
customer,4275
customer,4276
customer,4277
customer,4278
customer,4279
customer,4280
customer,4281
customer,4282
customer,4283
customer,4284
customer,4285
customer,4286
customer,4287
customer,4288
customer,4289
customer,4290
customer,4291
customer,4292
customer,4293
customer,4294
customer,4295
customer,4296
customer,4297
customer,4298
customer,4299
customer,4300
customer,4301
customer,4302
customer,4303
customer,4304
customer,4305
customer,4306
customer,4307
customer,4308
customer,4309
customer,4310
customer,4311
customer,4312
customer,4313
customer,4314
customer,4315
customer,4316
customer,4317
customer,4318
customer,4319
customer,4320
customer,4321
customer,4324
customer,4325
customer,4326
customer,4327
customer,4328
customer,4329
customer,4330
customer,4331
customer,4332
customer,4333
customer,4334
customer,4335
customer,4336
customer,4337
customer,4338
customer,4339
customer,4340
customer,4341
customer,4342
customer,4343
customer,4344
customer,4345
customer,4346
customer,4347
customer,4348
customer,4349
customer,4350
customer,4351
customer,4352
customer,4353
customer,4354
customer,4355
customer,4356
customer,4357
customer,4358
customer,4359
customer,4360
customer,4361
customer,4362
customer,4363
customer,4366
customer,4367
customer,4368
customer,4369
customer,4370
customer,4371
customer,4372
customer,4373
customer,4374
customer,4375
customer,4376
customer,4377
customer,4378
customer,4379
customer,4380
customer,4381
customer,4382
customer,4383
customer,4384
customer,4385
customer,4386
customer,4387
customer,4388
customer,4389
customer,4390
customer,4391
customer,4392
customer,4393
customer,4394
customer,4395
customer,4396
customer,4397
customer,4398
customer,4399
customer,4400
customer,4401
customer,4402
customer,4403
customer,4404
customer,4405
customer,4406
customer,4408
customer,4409
customer,4410
customer,4411
customer,4413
customer,4415
customer,4416
customer,4417
customer,4418
customer,4419
customer,4420
customer,4421
customer,4422
customer,4423
customer,4424
customer,4425
customer,4426
customer,4427
customer,4428
customer,4429
customer,4431
customer,4432
customer,4433
customer,4434
customer,4435
customer,4436
customer,4437
customer,4438
customer,4439
customer,4440
customer,4441
customer,4442
customer,4443
customer,4444
customer,4445
customer,4446
customer,4447
customer,4448
customer,4449
customer,4450
customer,4451
customer,4452
customer,4453
customer,4454
customer,4455
customer,4456
customer,4457
customer,4458
customer,4459
customer,4460
customer,4462
customer,4463
customer,4464
customer,4465
customer,4466
customer,4467
customer,4468
customer,4469
customer,4470
customer,4471
customer,4472
customer,4473
customer,4474
customer,4475
customer,4476
customer,4477
customer,4478
customer,4479
customer,4480
customer,4481
customer,4482
customer,4483
customer,4484
customer,4485
customer,4486
customer,4487
customer,4488
customer,4489
customer,4490
customer,4491
customer,4492
customer,4493
customer,4494
customer,4495
customer,4496
customer,4497
customer,4498
customer,4499
customer,4500
customer,4501
customer,4502
customer,4503
customer,4504
customer,4505
customer,4506
customer,4507
customer,4508
customer,4509
customer,4510
customer,4511
customer,4512
customer,4513
customer,4514
customer,4516
customer,4518
customer,4519
customer,4520
customer,4521
customer,4522
customer,4523
customer,4524
customer,4525
customer,4526
customer,4527
customer,4528
customer,4529
customer,4530
customer,4531
customer,4532
customer,4533
customer,4534
customer,4535
customer,4536
customer,4537
customer,4538
customer,4539
customer,4540
customer,4541
customer,4542
customer,4543
customer,4545
customer,4547
customer,4548
customer,4549
customer,4550
customer,4551
customer,4552
customer,4553
customer,4554
customer,4555
customer,4557
customer,4558
customer,4559
customer,4560
customer,4561
customer,4562
customer,4564
customer,4566
customer,4567
customer,4568
customer,4569
customer,4570
customer,4571
customer,4572
customer,4573
customer,4574
customer,4575
customer,4576
customer,4578
customer,4579
customer,4580
customer,4581
customer,4582
customer,4583
customer,4584
customer,4585
customer,4586
customer,4587
customer,4588
customer,4589
customer,4590
customer,4591
customer,4592
customer,4593
customer,4594
customer,4595
customer,4596
customer,4597
customer,4598
customer,4599
customer,4600
customer,4601
customer,4602
customer,4603
customer,4604
customer,4605
customer,4606
customer,4607
customer,4608
customer,4609
customer,4610
customer,4611
customer,4612
customer,4613
customer,4614
customer,4615
customer,4616
customer,4617
customer,4618
customer,4619
customer,4620
customer,4621
customer,4622
customer,4623
customer,4624
customer,4625
customer,4626
customer,4627
customer,4628
customer,4629
customer,4630
customer,4631
customer,4632
customer,4633
customer,4634
customer,4635
customer,4636
customer,4637
customer,4638
customer,4639
customer,4640
customer,4641
customer,4642
customer,4643
customer,4644
customer,4645
customer,4646
customer,4647
customer,4648
customer,4649
customer,4650
customer,4651
customer,4652
customer,4653
customer,4654
customer,4655
customer,4656
customer,4657
customer,4658
customer,4660
customer,4661
customer,4662
customer,4663
customer,4664
customer,4665
customer,4666
customer,4667
customer,4668
customer,4669
customer,4670
customer,4671
customer,4672
customer,4673
customer,4674
customer,4675
customer,4676
customer,4677
customer,4678
customer,4679
customer,4680
customer,4681
customer,4682
customer,4683
customer,4684
customer,4685
customer,4687
customer,4688
customer,4689
customer,4690
customer,4691
customer,4692
customer,4693
customer,4694
customer,4695
customer,4696
customer,4697
customer,4698
customer,4699
customer,4700
customer,4701
customer,4702
customer,4703
customer,4704
customer,4705
customer,4706
customer,4707
customer,4708
customer,4709
customer,4710
customer,4711
customer,4712
customer,4713
customer,4714
customer,4715
customer,4716
customer,4717
customer,4718
customer,4719
customer,4720
customer,4721
customer,4722
customer,4723
customer,4724
customer,4725
customer,4726
customer,4727
customer,4728
customer,4729
customer,4730
customer,4731
customer,4732
customer,4733
customer,4734
customer,4735
customer,4736
customer,4737
customer,4738
customer,4739
customer,4740
customer,4741
customer,4742
customer,4743
customer,4744
customer,4745
customer,4746
customer,4747
customer,4748
customer,4749
customer,4750
customer,4751
customer,4752
customer,4753
customer,4754
customer,4755
customer,4756
customer,4757
customer,4758
customer,4759
customer,4760
customer,4762
customer,4763
customer,4764
customer,4765
customer,4766
customer,4767
customer,4768
customer,4769
customer,4770
customer,4771
customer,4772
customer,4773
customer,4775
customer,4776
customer,4777
customer,4778
customer,4779
customer,4780
customer,4781
customer,4782
customer,4783
customer,4784
customer,4785
customer,4786
customer,4787
customer,4788
customer,4789
customer,4790
customer,4791
customer,4792
customer,4793
customer,4794
customer,4795
customer,4796
customer,4797
customer,4798
customer,4799
customer,4800
customer,4801
customer,4802
customer,4803
customer,4804
customer,4805
customer,4806
customer,4807
customer,4808
customer,4809
customer,4810
customer,4811
customer,4812
customer,4813
customer,4814
customer,4815
customer,4816
customer,4817
customer,4818
customer,4819
customer,4820
customer,4821
customer,4822
customer,4823
customer,4824
customer,4825
customer,4828
customer,4829
customer,4830
customer,4831
customer,4832
customer,4833
customer,4834
customer,4835
customer,4836
customer,4837
customer,4838
customer,4839
customer,4840
customer,4841
customer,4842
customer,4843
customer,4844
customer,4845
customer,4846
customer,4847
customer,4848
customer,4850
customer,4851
customer,4853
customer,4854
customer,4855
customer,4856
customer,4857
customer,4858
customer,4859
customer,4860
customer,4861
customer,4862
customer,4863
customer,4864
customer,4865
customer,4866
customer,4867
customer,4868
customer,4869
customer,4870
customer,4871
customer,4872
customer,4873
customer,4874
customer,4875
customer,4876
customer,4877
customer,4878
customer,4879
customer,4880
customer,4881
customer,4882
customer,4883
customer,4884
customer,4885
customer,4886
customer,4887
customer,4888
customer,4889
customer,4890
customer,4891
customer,4892
customer,4893
customer,4894
customer,4895
customer,4896
customer,4897
customer,4898
customer,4899
customer,4900
customer,4901
customer,4902
customer,4903
customer,4904
customer,4905
customer,4906
customer,4907
customer,4908
customer,4909
customer,4910
customer,4911
customer,4912
customer,4913
customer,4914
customer,4915
customer,4916
customer,4917
customer,4918
customer,4919
customer,4920
customer,4921
customer,4922
customer,4923
customer,4924
customer,4925
customer,4926
customer,4927
customer,4928
customer,4929
customer,4930
customer,4931
customer,4932
customer,4933
customer,4934
customer,4936
customer,4937
customer,4938
customer,4939
customer,4940
customer,4941
customer,4942
customer,4943
customer,4945
customer,4946
customer,4947
customer,4948
customer,4949
customer,4950
customer,4951
customer,4952
customer,4953
customer,4954
customer,4955
customer,4956
customer,4957
customer,4958
customer,4959
customer,4961
customer,4963
customer,4964
customer,4965
customer,4966
customer,4967
customer,4968
customer,4969
customer,4970
customer,4971
customer,4972
customer,4973
customer,4974
customer,4975
customer,4976
customer,4977
customer,4978
customer,4979
customer,4980
customer,4981
customer,4982
customer,4983
customer,4984
customer,4985
customer,4986
customer,4987
customer,4988
customer,4989
customer,4990
customer,4991
customer,4992
customer,4993
customer,4994
customer,4995
customer,4996
customer,4997
customer,4998
customer,4999
customer,5000
customer,5001
customer,5002
customer,5003
customer,5004
customer,5005
customer,5006
customer,5007
customer,5008
customer,5009
customer,5010
customer,5011
customer,5012
customer,5013
customer,5014
customer,5015
customer,5016
customer,5017
customer,5018
customer,5019
customer,5020
customer,5021
customer,5022
customer,5023
customer,5024
customer,5026
customer,5027
customer,5028
customer,5029
customer,5030
customer,5031
customer,5032
customer,5033
customer,5034
customer,5035
customer,5036
customer,5037
customer,5038
customer,5039
customer,5040
customer,5041
customer,5042
customer,5043
customer,5044
customer,5045
customer,5046
customer,5047
customer,5048
customer,5049
customer,5050
customer,5051
customer,5052
customer,5053
customer,5054
customer,5055
customer,5056
customer,5057
customer,5058
customer,5059
customer,5060
customer,5061
customer,5062
customer,5063
customer,5064
customer,5065
customer,5066
customer,5067
customer,5068
customer,5069
customer,5070
customer,5071
customer,5072
customer,5073
customer,5074
customer,5075
customer,5076
customer,5077
customer,5078
customer,5079
customer,5080
customer,5081
customer,5082
customer,5083
customer,5084
customer,5085
customer,5086
customer,5087
customer,5088
customer,5089
customer,5090
customer,5091
customer,5092
customer,5093
customer,5095
customer,5097
customer,5098
customer,5099
customer,5100
customer,5101
customer,5102
customer,5103
customer,5104
customer,5105
customer,5106
customer,5110
customer,5111
customer,5113
customer,5114
customer,5115
customer,5117
customer,5118
customer,5119
customer,5120
customer,5121
customer,5122
customer,5123
customer,5124
customer,5125
customer,5126
customer,5127
customer,5128
customer,5129
customer,5130
customer,5132
customer,5133
customer,5135
customer,5136
customer,5137
customer,5138
customer,5139
customer,5140
customer,5141
customer,5142
customer,5143
customer,5144
customer,5145
customer,5146
customer,5147
customer,5148
customer,5149
customer,5150
customer,5151
customer,5152
customer,5153
customer,5154
customer,5155
customer,5156
customer,5157
customer,5158
customer,5159
customer,5160
customer,5161
customer,5162
customer,5163
customer,5164
customer,5165
customer,5166
customer,5167
customer,5168
customer,5169
customer,5170
customer,5171
customer,5172
customer,5173
customer,5174
customer,5175
customer,5176
customer,5177
customer,5178
customer,5179
customer,5180
customer,5181
customer,5182
customer,5183
customer,5184
customer,5185
customer,5187
customer,5188
customer,5189
customer,5190
customer,5191
customer,5192
customer,5193
customer,5194
customer,5195
customer,5196
customer,5197
customer,5198
customer,5199
customer,5200
customer,5201
customer,5203
customer,5204
customer,5205
customer,5206
customer,5207
customer,5208
customer,5209
customer,5211
customer,5212
customer,5213
customer,5214
customer,5215
customer,5216
customer,5217
customer,5218
customer,5219
customer,5220
customer,5221
customer,5222
customer,5223
customer,5224
customer,5225
customer,5226
customer,5227
customer,5228
customer,5229
customer,5231
customer,5232
customer,5233
customer,5234
customer,5235
customer,5236
customer,5237
customer,5238
customer,5239
customer,5240
customer,5241
customer,5242
customer,5243
customer,5244
customer,5245
customer,5246
customer,5247
customer,5248
customer,5249
customer,5250
customer,5251
customer,5252
customer,5253
customer,5254
customer,5255
customer,5256
customer,5257
customer,5258
customer,5259
customer,5260
customer,5261
customer,5262
customer,5263
customer,5264
customer,5265
customer,5266
customer,5267
customer,5268
customer,5270
customer,5271
customer,5272
customer,5273
customer,5274
customer,5275
customer,5276
customer,5277
customer,5278
customer,5279
customer,5280
customer,5281
customer,5282
customer,5283
customer,5284
customer,5285
customer,5286
customer,5288
customer,5289
customer,5290
customer,5291
customer,5292
customer,5293
customer,5294
customer,5295
customer,5296
customer,5297
customer,5298
customer,5299
customer,5300
customer,5301
customer,5302
customer,5303
customer,5304
customer,5306
customer,5307
customer,5308
customer,5309
customer,5310
customer,5311
customer,5312
customer,5313
customer,5314
customer,5315
customer,5316
customer,5317
customer,5318
customer,5319
customer,5321
customer,5322
customer,5323
customer,5324
customer,5325
customer,5326
customer,5327
customer,5328
customer,5329
customer,5330
customer,5331
customer,5332
customer,5333
customer,5335
customer,5336
customer,5337
customer,5338
customer,5339
customer,5340
customer,5341
customer,5342
customer,5343
customer,5344
customer,5346
customer,5347
customer,5348
customer,5349
customer,5350
customer,5351
customer,5352
customer,5353
customer,5354
customer,5355
customer,5356
customer,5358
customer,5359
customer,5360
customer,5361
customer,5362
customer,5363
customer,5364
customer,5365
customer,5366
customer,5367
customer,5368
customer,5369
customer,5370
customer,5371
customer,5372
customer,5373
customer,5374
customer,5375
customer,5376
customer,5377
customer,5378
customer,5379
customer,5380
customer,5381
customer,5382
customer,5383
customer,5384
customer,5385
customer,5386
customer,5387
customer,5388
customer,5389
customer,5390
customer,5391
customer,5392
customer,5393
customer,5394
customer,5395
customer,5396
customer,5397
customer,5398
customer,5399
customer,5400
customer,5401
customer,5402
customer,5403
customer,5404
customer,5405
customer,5406
customer,5407
customer,5409
customer,5410
customer,5412
customer,5413
customer,5414
customer,5415
customer,5416
customer,5417
customer,5418
customer,5419
customer,5420
customer,5421
customer,5422
customer,5423
customer,5424
customer,5425
customer,5426
customer,5427
customer,5428
customer,5429
customer,5430
customer,5431
customer,5432
customer,5433
customer,5434
customer,5435
customer,5436
customer,5437
customer,5438
customer,5439
customer,5440
customer,5441
customer,5442
customer,5443
customer,5444
customer,5445
customer,5446
customer,5447
customer,5448
customer,5449
customer,5450
customer,5451
customer,5452
customer,5453
customer,5454
customer,5455
customer,5456
customer,5457
customer,5458
customer,5459
customer,5460
customer,5461
customer,5462
customer,5463
customer,5464
customer,5465
customer,5466
customer,5470
customer,5471
customer,5472
customer,5473
customer,5474
customer,5476
customer,5477
customer,5478
customer,5479
customer,5480
customer,5481
customer,5482
customer,5483
customer,5484
customer,5485
customer,5486
customer,5487
customer,5488
customer,5489
customer,5490
customer,5491
customer,5492
customer,5493
customer,5494
customer,5495
customer,5496
customer,5497
customer,5498
customer,5499
customer,5500
customer,5501
customer,5502
customer,5503
customer,5505
customer,5506
customer,5507
customer,5508
customer,5509
customer,5510
customer,5511
customer,5512
customer,5513
customer,5515
customer,5516
customer,5517
customer,5518
customer,5519
customer,5520
customer,5521
customer,5522
customer,5523
customer,5524
customer,5525
customer,5526
customer,5527
customer,5528
customer,5529
customer,5530
customer,5531
customer,5532
customer,5533
customer,5535
customer,5536
customer,5537
customer,5538
customer,5539
customer,5540
customer,5541
customer,5542
customer,5543
customer,5544
customer,5545
customer,5546
customer,5547
customer,5548
customer,5549
customer,5550
customer,5551
customer,5552
customer,5554
customer,5555
customer,5556
customer,5557
customer,5558
customer,5559
customer,5560
customer,5562
customer,5563
customer,5564
customer,5565
customer,5566
customer,5567
customer,5568
customer,5569
customer,5570
customer,5572
customer,5573
customer,5574
customer,5575
customer,5576
customer,5577
customer,5578
customer,5579
customer,5580
customer,5581
customer,5582
customer,5583
customer,5584
customer,5585
customer,5586
customer,5587
customer,5588
customer,5589
customer,5590
customer,5591
customer,5592
customer,5593
customer,5594
customer,5595
customer,5596
customer,5597
customer,5598
customer,5599
customer,5600
customer,5601
customer,5602
customer,5603
customer,5604
customer,5605
customer,5606
customer,5607
customer,5608
customer,5609
customer,5610
customer,5611
customer,5612
customer,5613
customer,5614
customer,5615
customer,5616
customer,5617
customer,5618
customer,5619
customer,5620
customer,5621
customer,5622
customer,5623
customer,5624
customer,5625
customer,5626
customer,5627
customer,5628
customer,5629
customer,5630
customer,5631
customer,5632
customer,5633
customer,5634
customer,5635
customer,5636
customer,5637
customer,5638
customer,5639
customer,5640
customer,5641
customer,5642
customer,5643
customer,5644
customer,5645
customer,5646
customer,5647
customer,5648
customer,5649
customer,5650
customer,5652
customer,5653
customer,5654
customer,5655
customer,5656
customer,5657
customer,5658
customer,5659
customer,5660
customer,5661
customer,5662
customer,5663
customer,5664
customer,5665
customer,5666
customer,5667
customer,5668
customer,5669
customer,5670
customer,5671
customer,5672
customer,5673
customer,5674
customer,5675
customer,5676
customer,5677
customer,5678
customer,5680
customer,5681
customer,5682
customer,5683
customer,5684
customer,5685
customer,5686
customer,5687
customer,5688
customer,5689
customer,5690
customer,5691
customer,5692
customer,5693
customer,5694
customer,5695
customer,5696
customer,5697
customer,5698
customer,5699
customer,5700
customer,5701
customer,5703
customer,5704
customer,5705
customer,5706
customer,5707
customer,5708
customer,5709
customer,5710
customer,5711
customer,5712
customer,5713
customer,5714
customer,5715
customer,5716
customer,5717
customer,5718
customer,5719
customer,5720
customer,5721
customer,5722
customer,5723
customer,5725
customer,5726
customer,5727
customer,5728
customer,5729
customer,5730
customer,5731
customer,5732
customer,5733
customer,5734
customer,5735
customer,5737
customer,5738
customer,5739
customer,5740
customer,5741
customer,5742
customer,5743
customer,5744
customer,5745
customer,5746
customer,5747
customer,5748
customer,5749
customer,5750
customer,5751
customer,5752
customer,5753
customer,5755
customer,5756
customer,5757
customer,5758
customer,5759
customer,5760
customer,5761
customer,5762
customer,5763
customer,5764
customer,5765
customer,5766
customer,5768
customer,5769
customer,5770
customer,5771
customer,5773
customer,5774
customer,5776
customer,5777
customer,5778
customer,5779
customer,5780
customer,5781
customer,5782
customer,5783
customer,5784
customer,5785
customer,5786
customer,5787
customer,5788
customer,5789
customer,5790
customer,5791
customer,5793
customer,5794
customer,5795
customer,5796
customer,5798
customer,5800
customer,5801
customer,5802
customer,5803
customer,5804
customer,5805
customer,5806
customer,5807
customer,5808
customer,5809
customer,5810
customer,5811
customer,5812
customer,5813
customer,5814
customer,5815
customer,5816
customer,5817
customer,5818
customer,5819
customer,5820
customer,5821
customer,5822
customer,5823
customer,5824
customer,5825
customer,5826
customer,5827
customer,5828
customer,5829
customer,5830
customer,5831
customer,5832
customer,5833
customer,5834
customer,5835
customer,5836
customer,5837
customer,5838
customer,5839
customer,5840
customer,5841
customer,5842
customer,5843
customer,5844
customer,5846
customer,5847
customer,5848
customer,5849
customer,5850
customer,5851
customer,5852
customer,5853
customer,5854
customer,5855
customer,5856
customer,5857
customer,5858
customer,5859
customer,5860
customer,5861
customer,5862
customer,5863
customer,5864
customer,5865
customer,5866
customer,5867
customer,5868
customer,5869
customer,5870
customer,5871
customer,5872
customer,5873
customer,5874
customer,5875
customer,5876
customer,5877
customer,5878
customer,5880
customer,5881
customer,5882
customer,5883
customer,5884
customer,5885
customer,5886
customer,5887
customer,5888
customer,5889
customer,5890
customer,5892
customer,5893
customer,5894
customer,5895
customer,5896
customer,5897
customer,5898
customer,5899
customer,5900
customer,5901
customer,5902
customer,5903
customer,5904
customer,5905
customer,5906
customer,5907
customer,5908
customer,5909
customer,5910
customer,5911
customer,5912
customer,5913
customer,5914
customer,5915
customer,5916
customer,5917
customer,5918
customer,5919
customer,5920
customer,5921
customer,5922
customer,5923
customer,5924
customer,5925
customer,5926
customer,5927
customer,5928
customer,5929
customer,5930
customer,5931
customer,5932
customer,5933
customer,5934
customer,5935
customer,5936
customer,5937
customer,5938
customer,5939
customer,5940
customer,5941
customer,5942
customer,5943
customer,5944
customer,5945
customer,5946
customer,5947
customer,5948
customer,5949
customer,5950
customer,5951
customer,5952
customer,5953
customer,5954
customer,5955
customer,5956
customer,5957
customer,5958
customer,5959
customer,5960
customer,5961
customer,5962
customer,5963
customer,5965
customer,5966
customer,5967
customer,5968
customer,5970
customer,5971
customer,5972
customer,5973
customer,5974
customer,5975
customer,5976
customer,5977
customer,5978
customer,5979
customer,5980
customer,5981
customer,5982
customer,5983
customer,5984
customer,5985
customer,5986
customer,5987
customer,5988
customer,5989
customer,5990
customer,5991
customer,5992
customer,5993
customer,5994
customer,5995
customer,5996
customer,5997
customer,5998
customer,5999
customer,6000
customer,6001
customer,6002
customer,6004
customer,6005
customer,6006
customer,6008
customer,6009
customer,6010
customer,6011
customer,6012
customer,6013
customer,6015
customer,6016
customer,6017
customer,6018
customer,6020
customer,6021
customer,6022
customer,6023
customer,6024
customer,6025
customer,6026
customer,6027
customer,6028
customer,6030
customer,6031
customer,6032
customer,6034
customer,6035
customer,6036
customer,6037
customer,6038
customer,6039
customer,6041
customer,6042
customer,6043
customer,6044
customer,6045
customer,6046
customer,6047
customer,6048
customer,6049
customer,6050
customer,6051
customer,6052
customer,6053
customer,6054
customer,6055
customer,6056
customer,6057
customer,6058
customer,6059
customer,6060
customer,6061
customer,6062
customer,6063
customer,6064
customer,6065
customer,6066
customer,6067
customer,6068
customer,6069
customer,6070
customer,6071
customer,6072
customer,6073
customer,6074
customer,6075
customer,6077
customer,6078
customer,6079
customer,6080
customer,6081
customer,6082
customer,6083
customer,6084
customer,6085
customer,6086
customer,6087
customer,6088
customer,6089
customer,6090
customer,6091
customer,6092
customer,6093
customer,6094
customer,6095
customer,6096
customer,6097
customer,6098
customer,6099
customer,6100
customer,6101
customer,6102
customer,6103
customer,6104
customer,6105
customer,6106
customer,6107
customer,6108
customer,6109
customer,6110
customer,6111
customer,6112
customer,6113
customer,6114
customer,6115
customer,6116
customer,6117
customer,6118
customer,6119
customer,6120
customer,6121
customer,6122
customer,6123
customer,6124
customer,6125
customer,6126
customer,6127
customer,6128
customer,6129
customer,6130
customer,6131
customer,6132
customer,6133
customer,6134
customer,6135
customer,6136
customer,6137
customer,6138
customer,6139
customer,6140
customer,6142
customer,6143
customer,6144
customer,6145
customer,6146
customer,6147
customer,6148
customer,6149
customer,6150
customer,6151
customer,6152
customer,6153
customer,6154
customer,6155
customer,6156
customer,6157
customer,6158
customer,6159
customer,6160
customer,6161
customer,6162
customer,6163
customer,6164
customer,6165
customer,6166
customer,6167
customer,6168
customer,6169
customer,6170
customer,6171
customer,6172
customer,6173
customer,6174
customer,6175
customer,6176
customer,6177
customer,6178
customer,6179
customer,6180
customer,6181
customer,6184
customer,6185
customer,6186
customer,6187
customer,6188
customer,6189
customer,6190
customer,6191
customer,6192
customer,6193
customer,6194
customer,6195
customer,6196
customer,6197
customer,6198
customer,6199
customer,6200
customer,6201
customer,6202
customer,6203
customer,6204
customer,6205
customer,6206
customer,6207
customer,6208
customer,6209
customer,6210
customer,6211
customer,6213
customer,6214
customer,6215
customer,6217
customer,6218
customer,6219
customer,6220
customer,6221
customer,6222
customer,6223
customer,6224
customer,6225
customer,6226
customer,6227
customer,6228
customer,6229
customer,6230
customer,6231
customer,6232
customer,6233
customer,6234
customer,6235
customer,6236
customer,6237
customer,6238
customer,6239
customer,6240
customer,6241
customer,6242
customer,6243
customer,6244
customer,6246
customer,6247
customer,6248
customer,6249
customer,6250
customer,6251
customer,6252
customer,6253
customer,6254
customer,6256
customer,6257
customer,6258
customer,6259
customer,6260
customer,6261
customer,6263
customer,6264
customer,6265
customer,6266
customer,6267
customer,6268
customer,6269
customer,6270
customer,6271
customer,6272
customer,6273
customer,6274
customer,6275
customer,6276
customer,6277
customer,6278
customer,6279
customer,6280
customer,6281
customer,6282
customer,6283
customer,6284
customer,6285
customer,6286
customer,6288
customer,6289
customer,6290
customer,6291
customer,6292
customer,6293
customer,6294
customer,6295
customer,6296
customer,6297
customer,6298
customer,6299
customer,6300
customer,6301
customer,6302
customer,6303
customer,6304
customer,6305
customer,6306
customer,6307
customer,6308
customer,6309
customer,6310
customer,6311
customer,6312
customer,6313
customer,6314
customer,6315
customer,6316
customer,6317
customer,6318
customer,6319
customer,6320
customer,6321
customer,6322
customer,6323
customer,6324
customer,6325
customer,6326
customer,6327
customer,6328
customer,6329
customer,6330
customer,6331
customer,6332
customer,6333
customer,6334
customer,6335
customer,6336
customer,6337
customer,6339
customer,6340
customer,6341
customer,6342
customer,6343
customer,6344
customer,6345
customer,6346
customer,6347
customer,6348
customer,6349
customer,6350
customer,6351
customer,6352
customer,6353
customer,6354
customer,6355
customer,6356
customer,6357
customer,6358
customer,6359
customer,6360
customer,6361
customer,6362
customer,6363
customer,6365
customer,6366
customer,6367
customer,6368
customer,6369
customer,6370
customer,6371
customer,6372
customer,6373
customer,6374
customer,6375
customer,6376
customer,6377
customer,6378
customer,6379
customer,6380
customer,6381
customer,6382
customer,6383
customer,6384
customer,6385
customer,6386
customer,6387
customer,6388
customer,6389
customer,6390
customer,6391
customer,6392
customer,6393
customer,6394
customer,6395
customer,6396
customer,6397
customer,6398
customer,6399
customer,6400
customer,6401
customer,6402
customer,6403
customer,6404
customer,6405
customer,6406
customer,6407
customer,6408
customer,6409
customer,6410
customer,6411
customer,6412
customer,6413
customer,6414
customer,6415
customer,6416
customer,6417
customer,6418
customer,6419
customer,6420
customer,6421
customer,6422
customer,6423
customer,6424
customer,6425
customer,6426
customer,6427
customer,6428
customer,6429
customer,6430
customer,6431
customer,6432
customer,6434
customer,6435
customer,6436
customer,6437
customer,6438
customer,6439
customer,6440
customer,6441
customer,6442
customer,6443
customer,6444
customer,6445
customer,6446
customer,6447
customer,6448
customer,6449
customer,6450
customer,6451
customer,6452
customer,6453
customer,6454
customer,6455
customer,6456
customer,6457
customer,6458
customer,6459
customer,6460
customer,6461
customer,6462
customer,6463
customer,6464
customer,6465
customer,6466
customer,6467
customer,6468
customer,6469
customer,6470
customer,6471
customer,6472
customer,6473
customer,6474
customer,6475
customer,6476
customer,6477
customer,6478
customer,6479
customer,6480
customer,6481
customer,6482
customer,6483
customer,6484
customer,6485
customer,6486
customer,6487
customer,6488
customer,6489
customer,6490
customer,6491
customer,6492
customer,6493
customer,6494
customer,6495
customer,6496
customer,6497
customer,6498
customer,6499
customer,6500
customer,6501
customer,6502
customer,6503
customer,6504
customer,6505
customer,6506
customer,6507
customer,6508
customer,6509
customer,6510
customer,6511
customer,6512
customer,6513
customer,6514
customer,6515
customer,6516
customer,6517
customer,6518
customer,6519
customer,6520
customer,6521
customer,6522
customer,6523
customer,6524
customer,6525
customer,6526
customer,6527
customer,6528
customer,6529
customer,6530
customer,6531
customer,6532
customer,6533
customer,6534
customer,6535
customer,6536
customer,6537
customer,6538
customer,6539
customer,6540
customer,6541
customer,6542
customer,6543
customer,6544
customer,6546
customer,6548
customer,6549
customer,6550
customer,6551
customer,6552
customer,6553
customer,6555
customer,6556
customer,6557
customer,6558
customer,6559
customer,6560
customer,6561
customer,6562
customer,6563
customer,6564
customer,6565
customer,6566
customer,6567
customer,6568
customer,6569
customer,6570
customer,6571
customer,6572
customer,6573
customer,6574
customer,6575
customer,6576
customer,6577
customer,6578
customer,6579
customer,6580
customer,6581
customer,6582
customer,6583
customer,6584
customer,6585
customer,6586
customer,6587
customer,6588
customer,6589
customer,6590
customer,6591
customer,6592
customer,6593
customer,6594
customer,6595
customer,6596
customer,6597
customer,6598
customer,6599
customer,6600
customer,6601
customer,6602
customer,6603
customer,6604
customer,6605
customer,6606
customer,6607
customer,6608
customer,6609
customer,6610
customer,6611
customer,6612
customer,6613
customer,6614
customer,6615
customer,6616
customer,6617
customer,6618
customer,6619
customer,6620
customer,6621
customer,6622
customer,6623
customer,6624
customer,6625
customer,6626
customer,6627
customer,6628
customer,6629
customer,6630
customer,6631
customer,6632
customer,6633
customer,6634
customer,6635
customer,6636
customer,6637
customer,6638
customer,6639
customer,6640
customer,6641
customer,6642
customer,6643
customer,6644
customer,6645
customer,6646
customer,6647
customer,6648
customer,6649
customer,6650
customer,6651
customer,6652
customer,6653
customer,6654
customer,6655
customer,6656
customer,6657
customer,6658
customer,6659
customer,6660
customer,6661
customer,6662
customer,6663
customer,6664
customer,6665
customer,6666
customer,6667
customer,6668
customer,6669
customer,6670
customer,6671
customer,6672
customer,6673
customer,6674
customer,6675
customer,6676
customer,6677
customer,6678
customer,6679
customer,6680
customer,6681
customer,6682
customer,6683
customer,6684
customer,6685
customer,6686
customer,6687
customer,6688
customer,6689
customer,6690
customer,6691
customer,6692
customer,6693
customer,6694
customer,6695
customer,6696
customer,6697
customer,6698
customer,6699
customer,6700
customer,6701
customer,6702
customer,6703
customer,6704
customer,6705
customer,6706
customer,6707
customer,6708
customer,6709
customer,6710
customer,6711
customer,6712
customer,6713
customer,6714
customer,6715
customer,6716
customer,6717
customer,6718
customer,6719
customer,6720
customer,6721
customer,6722
customer,6723
customer,6724
customer,6725
customer,6726
customer,6727
customer,6728
customer,6729
customer,6730
customer,6731
customer,6732
customer,6733
customer,6734
customer,6735
customer,6736
customer,6737
customer,6738
customer,6739
customer,6740
customer,6741
customer,6742
customer,6743
customer,6744
customer,6746
customer,6747
customer,6748
customer,6749
customer,6751
customer,6752
customer,6753
customer,6754
customer,6755
customer,6757
customer,6758
customer,6759
customer,6760
customer,6761
customer,6762
customer,6763
customer,6764
customer,6766
customer,6767
customer,6768
customer,6769
customer,6770
customer,6771
customer,6772
customer,6773
customer,6774
customer,6775
customer,6776
customer,6777
customer,6778
customer,6779
customer,6780
customer,6781
customer,6782
customer,6783
customer,6784
customer,6785
customer,6786
customer,6787
customer,6788
customer,6789
customer,6790
customer,6791
customer,6792
customer,6793
customer,6794
customer,6795
customer,6796
customer,6797
customer,6798
customer,6799
customer,6800
customer,6801
customer,6802
customer,6803
customer,6804
customer,6805
customer,6806
customer,6807
customer,6808
customer,6809
customer,6810
customer,6811
customer,6812
customer,6813
customer,6814
customer,6815
customer,6816
customer,6817
customer,6818
customer,6819
customer,6820
customer,6821
customer,6822
customer,6823
customer,6824
customer,6826
customer,6827
customer,6828
customer,6829
customer,6830
customer,6831
customer,6832
customer,6833
customer,6834
customer,6835
customer,6836
customer,6837
customer,6838
customer,6839
customer,6840
customer,6841
customer,6842
customer,6843
customer,6844
customer,6845
customer,6846
customer,6847
customer,6848
customer,6849
customer,6850
customer,6851
customer,6852
customer,6853
customer,6854
customer,6855
customer,6856
customer,6857
customer,6858
customer,6859
customer,6861
customer,6864
customer,6865
customer,6866
customer,6867
customer,6868
customer,6869
customer,6870
customer,6871
customer,6872
customer,6873
customer,6874
customer,6875
customer,6876
customer,6877
customer,6878
customer,6880
customer,6881
customer,6882
customer,6883
customer,6885
customer,6886
customer,6887
customer,6888
customer,6889
customer,6890
customer,6891
customer,6892
customer,6893
customer,6894
customer,6895
customer,6896
customer,6898
customer,6899
customer,6900
customer,6901
customer,6902
customer,6903
customer,6904
customer,6905
customer,6906
customer,6907
customer,6908
customer,6909
customer,6910
customer,6911
customer,6912
customer,6913
customer,6914
customer,6916
customer,6917
customer,6918
customer,6919
customer,6920
customer,6921
customer,6923
customer,6924
customer,6925
customer,6926
customer,6927
customer,6928
customer,6929
customer,6930
customer,6931
customer,6932
customer,6933
customer,6934
customer,6935
customer,6936
customer,6937
customer,6938
customer,6939
customer,6940
customer,6942
customer,6943
customer,6944
customer,6945
customer,6946
customer,6947
customer,6948
customer,6950
customer,6951
customer,6952
customer,6953
customer,6954
customer,6955
customer,6956
customer,6957
customer,6958
customer,6959
customer,6960
customer,6961
customer,6962
customer,6963
customer,6964
customer,6965
customer,6966
customer,6967
customer,6968
customer,6969
customer,6970
customer,6971
customer,6972
customer,6973
customer,6974
customer,6975
customer,6976
customer,6977
customer,6978
customer,6979
customer,6980
customer,6981
customer,6982
customer,6983
customer,6984
customer,6985
customer,6986
customer,6987
customer,6988
customer,6989
customer,6990
customer,6991
customer,6992
customer,6993
customer,6994
customer,6995
customer,6996
customer,6997
customer,6998
customer,6999
customer,7000
customer,7001
customer,7002
customer,7003
customer,7004
customer,7005
customer,7006
customer,7007
customer,7008
customer,7009
customer,7010
customer,7011
customer,7012
customer,7013
customer,7014
customer,7016
customer,7017
customer,7018
customer,7019
customer,7020
customer,7021
customer,7022
customer,7023
customer,7024
customer,7025
customer,7026
customer,7027
customer,7028
customer,7029
customer,7030
customer,7031
customer,7032
customer,7033
customer,7034
customer,7035
customer,7036
customer,7037
customer,7038
customer,7039
customer,7040
customer,7041
customer,7042
customer,7043
customer,7044
customer,7045
customer,7046
customer,7047
customer,7048
customer,7049
customer,7050
customer,7051
customer,7052
customer,7054
customer,7055
customer,7056
customer,7057
customer,7060
customer,7061
customer,7062
customer,7063
customer,7064
customer,7065
customer,7066
customer,7067
customer,7068
customer,7070
customer,7071
customer,7072
customer,7073
customer,7074
customer,7075
customer,7076
customer,7077
customer,7078
customer,7079
customer,7081
customer,7082
customer,7083
customer,7084
customer,7085
customer,7086
customer,7087
customer,7088
customer,7089
customer,7090
customer,7091
customer,7092
customer,7093
customer,7094
customer,7095
customer,7096
customer,7097
customer,7098
customer,7099
customer,7100
customer,7102
customer,7103
customer,7104
customer,7105
customer,7106
customer,7107
customer,7108
customer,7109
customer,7110
customer,7111
customer,7112
customer,7113
customer,7114
customer,7115
customer,7116
customer,7117
customer,7118
customer,7119
customer,7120
customer,7121
customer,7122
customer,7123
customer,7124
customer,7125
customer,7126
customer,7127
customer,7128
customer,7129
customer,7130
customer,7131
customer,7132
customer,7133
customer,7134
customer,7135
customer,7136
customer,7137
customer,7138
customer,7139
customer,7140
customer,7141
customer,7142
customer,7143
customer,7144
customer,7145
customer,7146
customer,7148
customer,7149
customer,7150
customer,7151
customer,7152
customer,7153
customer,7154
customer,7155
customer,7156
customer,7157
customer,7158
customer,7159
customer,7160
customer,7161
customer,7162
customer,7163
customer,7164
customer,7165
customer,7166
customer,7167
customer,7168
customer,7169
customer,7170
customer,7171
customer,7172
customer,7173
customer,7174
customer,7175
customer,7176
customer,7177
customer,7178
customer,7179
customer,7180
customer,7181
customer,7182
customer,7183
customer,7184
customer,7185
customer,7186
customer,7187
customer,7188
customer,7189
customer,7190
customer,7191
customer,7192
customer,7193
customer,7194
customer,7195
customer,7196
customer,7197
customer,7198
customer,7199
customer,7200
customer,7201
customer,7202
customer,7203
customer,7204
customer,7205
customer,7206
customer,7207
customer,7208
customer,7209
customer,7210
customer,7212
customer,7213
customer,7214
customer,7215
customer,7216
customer,7217
customer,7218
customer,7219
customer,7220
customer,7221
customer,7222
customer,7223
customer,7224
customer,7225
customer,7227
customer,7228
customer,7229
customer,7230
customer,7231
customer,7232
customer,7233
customer,7234
customer,7235
customer,7236
customer,7237
customer,7238
customer,7239
customer,7240
customer,7241
customer,7242
customer,7243
customer,7244
customer,7245
customer,7246
customer,7247
customer,7248
customer,7249
customer,7250
customer,7251
customer,7252
customer,7254
customer,7255
customer,7256
customer,7257
customer,7258
customer,7259
customer,7260
customer,7261
customer,7262
customer,7263
customer,7264
customer,7265
customer,7266
customer,7267
customer,7268
customer,7269
customer,7271
customer,7272
customer,7273
customer,7274
customer,7275
customer,7276
customer,7277
customer,7278
customer,7279
customer,7280
customer,7281
customer,7282
customer,7283
customer,7284
customer,7285
customer,7286
customer,7287
customer,7288
customer,7289
customer,7291
customer,7292
customer,7293
customer,7294
customer,7295
customer,7296
customer,7297
customer,7298
customer,7299
customer,7300
customer,7301
customer,7302
customer,7303
customer,7304
customer,7305
customer,7306
customer,7307
customer,7308
customer,7309
customer,7311
customer,7312
customer,7313
customer,7314
customer,7315
customer,7316
customer,7317
customer,7318
customer,7319
customer,7320
customer,7321
customer,7322
customer,7323
customer,7324
customer,7325
customer,7326
customer,7327
customer,7328
customer,7329
customer,7330
customer,7331
customer,7332
customer,7333
customer,7334
customer,7335
customer,7336
customer,7337
customer,7338
customer,7339
customer,7340
customer,7341
customer,7342
customer,7343
customer,7344
customer,7345
customer,7346
customer,7347
customer,7348
customer,7349
customer,7350
customer,7351
customer,7352
customer,7353
customer,7354
customer,7355
customer,7356
customer,7357
customer,7358
customer,7359
customer,7360
customer,7361
customer,7362
customer,7363
customer,7364
customer,7365
customer,7366
customer,7367
customer,7368
customer,7369
customer,7370
customer,7371
customer,7372
customer,7373
customer,7374
customer,7375
customer,7376
customer,7377
customer,7378
customer,7379
customer,7380
customer,7381
customer,7382
customer,7383
customer,7384
customer,7385
customer,7386
customer,7387
customer,7388
customer,7389
customer,7390
customer,7391
customer,7392
customer,7393
customer,7394
customer,7395
customer,7396
customer,7397
customer,7398
customer,7399
customer,7400
customer,7402
customer,7403
customer,7404
customer,7405
customer,7406
customer,7407
customer,7408
customer,7411
customer,7412
customer,7413
customer,7414
customer,7415
customer,7416
customer,7417
customer,7418
customer,7419
customer,7421
customer,7422
customer,7423
customer,7424
customer,7425
customer,7426
customer,7427
customer,7428
customer,7429
customer,7431
customer,7432
customer,7433
customer,7434
customer,7435
customer,7436
customer,7437
customer,7438
customer,7439
customer,7440
customer,7441
customer,7442
customer,7443
customer,7444
customer,7445
customer,7446
customer,7447
customer,7448
customer,7449
customer,7450
customer,7451
customer,7452
customer,7453
customer,7454
customer,7455
customer,7456
customer,7458
customer,7459
customer,7460
customer,7461
customer,7462
customer,7463
customer,7464
customer,7465
customer,7466
customer,7467
customer,7468
customer,7469
customer,7470
customer,7471
customer,7472
customer,7473
customer,7474
customer,7475
customer,7476
customer,7477
customer,7478
customer,7479
customer,7480
customer,7481
customer,7482
customer,7483
customer,7484
customer,7485
customer,7487
customer,7488
customer,7489
customer,7490
customer,7491
customer,7492
customer,7493
customer,7494
customer,7495
customer,7498
customer,7499
customer,7500
customer,7501
customer,7502
customer,7503
customer,7504
customer,7505
customer,7506
customer,7507
customer,7508
customer,7509
customer,7510
customer,7511
customer,7512
customer,7513
customer,7514
customer,7515
customer,7516
customer,7517
customer,7518
customer,7519
customer,7520
customer,7521
customer,7522
customer,7523
customer,7524
customer,7525
customer,7526
customer,7527
customer,7528
customer,7529
customer,7530
customer,7531
customer,7532
customer,7533
customer,7534
customer,7535
customer,7536
customer,7537
customer,7538
customer,7539
customer,7540
customer,7541
customer,7542
customer,7543
customer,7544
customer,7545
customer,7547
customer,7548
customer,7549
customer,7550
customer,7551
customer,7552
customer,7553
customer,7554
customer,7555
customer,7557
customer,7558
customer,7559
customer,7560
customer,7561
customer,7562
customer,7563
customer,7564
customer,7565
customer,7566
customer,7567
customer,7568
customer,7569
customer,7570
customer,7571
customer,7572
customer,7573
customer,7574
customer,7575
customer,7576
customer,7577
customer,7579
customer,7580
customer,7581
customer,7582
customer,7583
customer,7584
customer,7585
customer,7586
customer,7587
customer,7588
customer,7589
customer,7590
customer,7591
customer,7592
customer,7593
customer,7594
customer,7596
customer,7597
customer,7598
customer,7599
customer,7600
customer,7601
customer,7602
customer,7603
customer,7604
customer,7605
customer,7606
customer,7607
customer,7608
customer,7609
customer,7610
customer,7611
customer,7613
customer,7614
customer,7615
customer,7617
customer,7618
customer,7619
customer,7620
customer,7621
customer,7622
customer,7623
customer,7624
customer,7625
customer,7626
customer,7627
customer,7628
customer,7629
customer,7630
customer,7631
customer,7632
customer,7633
customer,7634
customer,7635
customer,7636
customer,7637
customer,7638
customer,7639
customer,7640
customer,7641
customer,7642
customer,7643
customer,7644
customer,7645
customer,7646
customer,7647
customer,7648
customer,7649
customer,7650
customer,7651
customer,7652
customer,7653
customer,7655
customer,7656
customer,7657
customer,7658
customer,7659
customer,7660
customer,7661
customer,7663
customer,7664
customer,7666
customer,7667
customer,7668
customer,7669
customer,7670
customer,7671
customer,7672
customer,7673
customer,7674
customer,7675
customer,7676
customer,7677
customer,7678
customer,7679
customer,7680
customer,7681
customer,7682
customer,7683
customer,7684
customer,7685
customer,7686
customer,7687
customer,7688
customer,7689
customer,7690
customer,7691
customer,7692
customer,7693
customer,7694
customer,7695
customer,7696
customer,7697
customer,7698
customer,7699
customer,7700
customer,7701
customer,7702
customer,7703
customer,7704
customer,7705
customer,7706
customer,7707
customer,7708
customer,7709
customer,7710
customer,7711
customer,7712
customer,7713
customer,7714
customer,7715
customer,7716
customer,7717
customer,7718
customer,7719
customer,7720
customer,7721
customer,7722
customer,7723
customer,7725
customer,7726
customer,7728
customer,7729
customer,7730
customer,7731
customer,7732
customer,7733
customer,7734
customer,7735
customer,7736
customer,7737
customer,7738
customer,7739
customer,7740
customer,7741
customer,7742
customer,7743
customer,7744
customer,7745
customer,7746
customer,7747
customer,7748
customer,7749
customer,7750
customer,7751
customer,7752
customer,7753
customer,7754
customer,7755
customer,7756
customer,7757
customer,7758
customer,7759
customer,7760
customer,7761
customer,7762
customer,7763
customer,7764
customer,7765
customer,7766
customer,7767
customer,7768
customer,7769
customer,7770
customer,7771
customer,7772
customer,7773
customer,7774
customer,7775
customer,7776
customer,7777
customer,7778
customer,7779
customer,7780
customer,7781
customer,7782
customer,7783
customer,7784
customer,7785
customer,7787
customer,7788
customer,7790
customer,7791
customer,7792
customer,7793
customer,7794
customer,7795
customer,7796
customer,7797
customer,7798
customer,7799
customer,7801
customer,7802
customer,7803
customer,7804
customer,7805
customer,7806
customer,7808
customer,7809
customer,7810
customer,7811
customer,7812
customer,7813
customer,7814
customer,7815
customer,7816
customer,7817
customer,7818
customer,7819
customer,7820
customer,7821
customer,7822
customer,7823
customer,7825
customer,7826
customer,7827
customer,7828
customer,7829
customer,7830
customer,7831
customer,7832
customer,7833
customer,7834
customer,7835
customer,7836
customer,7838
customer,7839
customer,7840
customer,7841
customer,7842
customer,7843
customer,7844
customer,7845
customer,7846
customer,7847
customer,7848
customer,7849
customer,7850
customer,7851
customer,7852
customer,7853
customer,7854
customer,7855
customer,7856
customer,7857
customer,7858
customer,7859
customer,7860
customer,7861
customer,7862
customer,7863
customer,7864
customer,7865
customer,7866
customer,7867
customer,7868
customer,7869
customer,7871
customer,7872
customer,7873
customer,7874
customer,7875
customer,7876
customer,7877
customer,7878
customer,7879
customer,7880
customer,7881
customer,7882
customer,7883
customer,7884
customer,7885
customer,7886
customer,7887
customer,7888
customer,7889
customer,7890
customer,7891
customer,7892
customer,7893
customer,7894
customer,7895
customer,7896
customer,7897
customer,7898
customer,7899
customer,7900
customer,7901
customer,7902
customer,7903
customer,7904
customer,7905
customer,7906
customer,7907
customer,7908
customer,7909
customer,7910
customer,7911
customer,7912
customer,7913
customer,7914
customer,7915
customer,7916
customer,7917
customer,7918
customer,7920
customer,7921
customer,7922
customer,7923
customer,7924
customer,7926
customer,7927
customer,7929
customer,7930
customer,7931
customer,7932
customer,7933
customer,7934
customer,7935
customer,7936
customer,7937
customer,7938
customer,7939
customer,7940
customer,7941
customer,7942
customer,7943
customer,7944
customer,7945
customer,7946
customer,7947
customer,7948
customer,7949
customer,7950
customer,7951
customer,7952
customer,7953
customer,7954
customer,7955
customer,7956
customer,7957
customer,7958
customer,7959
customer,7960
customer,7961
customer,7962
customer,7963
customer,7964
customer,7965
customer,7966
customer,7967
customer,7968
customer,7969
customer,7970
customer,7971
customer,7972
customer,7973
customer,7974
customer,7975
customer,7976
customer,7977
customer,7978
customer,7979
customer,7980
customer,7981
customer,7982
customer,7983
customer,7984
customer,7985
customer,7986
customer,7987
customer,7988
customer,7989
customer,7990
customer,7991
customer,7992
customer,7993
customer,7994
customer,7995
customer,7996
customer,7997
customer,7998
customer,7999
customer,8000
customer,8001
customer,8002
customer,8003
customer,8004
customer,8005
customer,8006
customer,8007
customer,8008
customer,8009
customer,8010
customer,8011
customer,8012
customer,8013
customer,8014
customer,8015
customer,8016
customer,8017
customer,8018
customer,8020
customer,8021
customer,8022
customer,8023
customer,8024
customer,8025
customer,8026
customer,8028
customer,8029
customer,8030
customer,8031
customer,8032
customer,8033
customer,8034
customer,8035
customer,8036
customer,8037
customer,8038
customer,8039
customer,8040
customer,8041
customer,8042
customer,8043
customer,8044
customer,8045
customer,8046
customer,8047
customer,8048
customer,8049
customer,8050
customer,8051
customer,8052
customer,8053
customer,8054
customer,8055
customer,8056
customer,8057
customer,8058
customer,8059
customer,8060
customer,8061
customer,8063
customer,8064
customer,8065
customer,8066
customer,8067
customer,8068
customer,8069
customer,8070
customer,8071
customer,8073
customer,8074
customer,8075
customer,8076
customer,8077
customer,8078
customer,8079
customer,8080
customer,8081
customer,8082
customer,8083
customer,8084
customer,8086
customer,8087
customer,8088
customer,8089
customer,8090
customer,8091
customer,8092
customer,8093
customer,8094
customer,8095
customer,8096
customer,8097
customer,8098
customer,8099
customer,8100
customer,8102
customer,8103
customer,8104
customer,8105
customer,8106
customer,8107
customer,8108
customer,8109
customer,8110
customer,8111
customer,8112
customer,8113
customer,8114
customer,8115
customer,8118
customer,8119
customer,8120
customer,8121
customer,8122
customer,8123
customer,8124
customer,8125
customer,8126
customer,8127
customer,8128
customer,8129
customer,8130
customer,8131
customer,8132
customer,8133
customer,8134
customer,8135
customer,8136
customer,8137
customer,8138
customer,8139
customer,8140
customer,8141
customer,8142
customer,8143
customer,8144
customer,8145
customer,8146
customer,8147
customer,8148
customer,8149
customer,8150
customer,8152
customer,8153
customer,8154
customer,8155
customer,8156
customer,8157
customer,8158
customer,8159
customer,8160
customer,8161
customer,8162
customer,8163
customer,8164
customer,8165
customer,8166
customer,8167
customer,8168
customer,8169
customer,8170
customer,8171
customer,8172
customer,8173
customer,8174
customer,8175
customer,8176
customer,8177
customer,8178
customer,8179
customer,8180
customer,8181
customer,8182
customer,8183
customer,8184
customer,8186
customer,8187
customer,8188
customer,8189
customer,8190
customer,8191
customer,8192
customer,8194
customer,8195
customer,8196
customer,8197
customer,8198
customer,8199
customer,8200
customer,8201
customer,8202
customer,8203
customer,8204
customer,8205
customer,8207
customer,8208
customer,8209
customer,8210
customer,8211
customer,8213
customer,8214
customer,8215
customer,8216
customer,8217
customer,8218
customer,8219
customer,8220
customer,8222
customer,8223
customer,8224
customer,8226
customer,8227
customer,8228
customer,8229
customer,8230
customer,8231
customer,8232
customer,8233
customer,8234
customer,8235
customer,8236
customer,8237
customer,8238
customer,8239
customer,8240
customer,8241
customer,8242
customer,8243
customer,8244
customer,8245
customer,8246
customer,8247
customer,8248
customer,8249
customer,8250
customer,8251
customer,8252
customer,8253
customer,8254
customer,8255
customer,8256
customer,8257
customer,8258
customer,8259
customer,8260
customer,8261
customer,8262
customer,8263
customer,8264
customer,8265
customer,8266
customer,8267
customer,8268
customer,8269
customer,8270
customer,8271
customer,8272
customer,8273
customer,8274
customer,8275
customer,8276
customer,8277
customer,8279
customer,8280
customer,8281
customer,8282
customer,8283
customer,8284
customer,8285
customer,8286
customer,8287
customer,8288
customer,8289
customer,8290
customer,8291
customer,8292
customer,8293
customer,8294
customer,8295
customer,8296
customer,8297
customer,8298
customer,8299
customer,8300
customer,8301
customer,8302
customer,8304
customer,8305
customer,8306
customer,8307
customer,8308
customer,8309
customer,8310
customer,8311
customer,8312
customer,8313
customer,8314
customer,8315
customer,8316
customer,8317
customer,8318
customer,8319
customer,8320
customer,8321
customer,8322
customer,8323
customer,8324
customer,8325
customer,8326
customer,8327
customer,8328
customer,8329
customer,8330
customer,8331
customer,8333
customer,8334
customer,8335
customer,8336
customer,8337
customer,8338
customer,8339
customer,8340
customer,8341
customer,8342
customer,8343
customer,8345
customer,8346
customer,8347
customer,8348
customer,8349
customer,8350
customer,8351
customer,8352
customer,8353
customer,8354
customer,8356
customer,8357
customer,8358
customer,8359
customer,8360
customer,8361
customer,8362
customer,8363
customer,8364
customer,8365
customer,8366
customer,8367
customer,8368
customer,8369
customer,8370
customer,8371
customer,8372
customer,8373
customer,8374
customer,8375
customer,8376
customer,8377
customer,8378
customer,8379
customer,8380
customer,8381
customer,8382
customer,8383
customer,8384
customer,8386
customer,8388
customer,8389
customer,8390
customer,8391
customer,8392
customer,8393
customer,8394
customer,8395
customer,8396
customer,8397
customer,8398
customer,8399
customer,8400
customer,8401
customer,8402
customer,8403
customer,8404
customer,8405
customer,8406
customer,8407
customer,8408
customer,8409
customer,8410
customer,8411
customer,8412
customer,8413
customer,8414
customer,8415
customer,8416
customer,8417
customer,8418
customer,8419
customer,8420
customer,8421
customer,8422
customer,8423
customer,8424
customer,8425
customer,8426
customer,8427
customer,8428
customer,8429
customer,8430
customer,8431
customer,8432
customer,8433
customer,8434
customer,8435
customer,8436
customer,8437
customer,8438
customer,8439
customer,8440
customer,8441
customer,8442
customer,8443
customer,8444
customer,8445
customer,8446
customer,8447
customer,8448
customer,8449
customer,8450
customer,8451
customer,8453
customer,8454
customer,8455
customer,8456
customer,8457
customer,8459
customer,8460
customer,8461
customer,8462
customer,8463
customer,8464
customer,8465
customer,8466
customer,8467
customer,8468
customer,8469
customer,8470
customer,8471
customer,8472
customer,8473
customer,8474
customer,8475
customer,8476
customer,8477
customer,8478
customer,8479
customer,8480
customer,8482
customer,8483
customer,8484
customer,8485
customer,8486
customer,8487
customer,8489
customer,8490
customer,8491
customer,8492
customer,8493
customer,8494
customer,8495
customer,8496
customer,8497
customer,8498
customer,8499
customer,8500
customer,8501
customer,8502
customer,8503
customer,8504
customer,8505
customer,8506
customer,8507
customer,8508
customer,8509
customer,8510
customer,8511
customer,8512
customer,8513
customer,8514
customer,8515
customer,8516
customer,8517
customer,8518
customer,8519
customer,8520
customer,8521
customer,8522
customer,8523
customer,8524
customer,8525
customer,8526
customer,8527
customer,8528
customer,8529
customer,8530
customer,8531
customer,8532
customer,8533
customer,8534
customer,8535
customer,8536
customer,8537
customer,8538
customer,8539
customer,8541
customer,8542
customer,8543
customer,8544
customer,8545
customer,8546
customer,8547
customer,8548
customer,8549
customer,8551
customer,8552
customer,8553
customer,8554
customer,8556
customer,8557
customer,8558
customer,8559
customer,8562
customer,8563
customer,8564
customer,8565
customer,8566
customer,8567
customer,8569
customer,8570
customer,8571
customer,8572
customer,8573
customer,8575
customer,8576
customer,8577
customer,8578
customer,8579
customer,8580
customer,8581
customer,8582
customer,8583
customer,8584
customer,8585
customer,8586
customer,8587
customer,8588
customer,8589
customer,8590
customer,8591
customer,8592
customer,8594
customer,8595
customer,8596
customer,8597
customer,8598
customer,8599
customer,8600
customer,8601
customer,8602
customer,8603
customer,8604
customer,8605
customer,8606
customer,8607
customer,8608
customer,8609
customer,8610
customer,8611
customer,8612
customer,8613
customer,8614
customer,8615
customer,8616
customer,8617
customer,8618
customer,8619
customer,8620
customer,8621
customer,8622
customer,8623
customer,8625
customer,8626
customer,8627
customer,8628
customer,8629
customer,8630
customer,8631
customer,8632
customer,8633
customer,8634
customer,8635
customer,8636
customer,8637
customer,8638
customer,8640
customer,8641
customer,8642
customer,8643
customer,8644
customer,8645
customer,8646
customer,8647
customer,8648
customer,8649
customer,8650
customer,8651
customer,8652
customer,8653
customer,8654
customer,8655
customer,8656
customer,8658
customer,8659
customer,8660
customer,8661
customer,8662
customer,8663
customer,8664
customer,8665
customer,8666
customer,8667
customer,8668
customer,8669
customer,8670
customer,8671
customer,8672
customer,8673
customer,8674
customer,8675
customer,8676
customer,8677
customer,8678
customer,8679
customer,8680
customer,8681
customer,8682
customer,8683
customer,8684
customer,8685
customer,8686
customer,8687
customer,8688
customer,8689
customer,8690
customer,8692
customer,8693
customer,8694
customer,8695
customer,8696
customer,8697
customer,8698
customer,8699
customer,8700
customer,8701
customer,8702
customer,8703
customer,8704
customer,8705
customer,8706
customer,8707
customer,8708
customer,8709
customer,8710
customer,8711
customer,8712
customer,8713
customer,8714
customer,8715
customer,8716
customer,8717
customer,8718
customer,8719
customer,8720
customer,8721
customer,8722
customer,8723
customer,8724
customer,8725
customer,8726
customer,8727
customer,8728
customer,8729
customer,8730
customer,8731
customer,8732
customer,8733
customer,8734
customer,8735
customer,8736
customer,8737
customer,8738
customer,8739
customer,8740
customer,8741
customer,8742
customer,8743
customer,8744
customer,8745
customer,8746
customer,8747
customer,8748
customer,8749
customer,8750
customer,8751
customer,8752
customer,8753
customer,8754
customer,8755
customer,8756
customer,8757
customer,8758
customer,8759
customer,8760
customer,8761
customer,8762
customer,8763
customer,8764
customer,8765
customer,8766
customer,8767
customer,8768
customer,8769
customer,8770
customer,8771
customer,8772
customer,8773
customer,8774
customer,8775
customer,8776
customer,8778
customer,8779
customer,8780
customer,8781
customer,8782
customer,8783
customer,8784
customer,8785
customer,8786
customer,8787
customer,8788
customer,8789
customer,8790
customer,8791
customer,8792
customer,8793
customer,8794
customer,8795
customer,8796
customer,8797
customer,8798
customer,8799
customer,8800
customer,8801
customer,8802
customer,8803
customer,8804
customer,8805
customer,8806
customer,8807
customer,8808
customer,8809
customer,8810
customer,8811
customer,8812
customer,8813
customer,8814
customer,8815
customer,8816
customer,8817
customer,8818
customer,8819
customer,8820
customer,8821
customer,8822
customer,8823
customer,8824
customer,8825
customer,8826
customer,8827
customer,8828
customer,8829
customer,8830
customer,8831
customer,8832
customer,8833
customer,8834
customer,8836
customer,8837
customer,8838
customer,8839
customer,8840
customer,8841
customer,8842
customer,8843
customer,8844
customer,8845
customer,8846
customer,8848
customer,8849
customer,8850
customer,8851
customer,8852
customer,8853
customer,8855
customer,8856
customer,8857
customer,8858
customer,8859
customer,8861
customer,8862
customer,8863
customer,8864
customer,8865
customer,8866
customer,8867
customer,8868
customer,8869
customer,8870
customer,8872
customer,8873
customer,8874
customer,8875
customer,8876
customer,8877
customer,8878
customer,8879
customer,8880
customer,8881
customer,8882
customer,8883
customer,8884
customer,8885
customer,8887
customer,8888
customer,8889
customer,8890
customer,8891
customer,8892
customer,8893
customer,8894
customer,8895
customer,8896
customer,8897
customer,8898
customer,8899
customer,8900
customer,8901
customer,8902
customer,8903
customer,8904
customer,8905
customer,8906
customer,8907
customer,8908
customer,8909
customer,8910
customer,8911
customer,8912
customer,8913
customer,8914
customer,8915
customer,8916
customer,8917
customer,8918
customer,8919
customer,8920
customer,8921
customer,8922
customer,8923
customer,8924
customer,8925
customer,8926
customer,8927
customer,8928
customer,8929
customer,8930
customer,8931
customer,8932
customer,8933
customer,8934
customer,8935
customer,8936
customer,8937
customer,8938
customer,8939
customer,8940
customer,8941
customer,8942
customer,8943
customer,8944
customer,8945
customer,8946
customer,8947
customer,8949
customer,8950
customer,8951
customer,8952
customer,8953
customer,8954
customer,8955
customer,8956
customer,8957
customer,8958
customer,8959
customer,8960
customer,8961
customer,8962
customer,8963
customer,8964
customer,8965
customer,8966
customer,8967
customer,8968
customer,8969
customer,8970
customer,8971
customer,8972
customer,8973
customer,8974
customer,8975
customer,8976
customer,8977
customer,8978
customer,8979
customer,8980
customer,8981
customer,8983
customer,8984
customer,8985
customer,8986
customer,8987
customer,8988
customer,8989
customer,8990
customer,8991
customer,8992
customer,8993
customer,8995
customer,8996
customer,8997
customer,8998
customer,8999
customer,9000
customer,9003
customer,9004
customer,9005
customer,9006
customer,9007
customer,9008
customer,9009
customer,9010
customer,9011
customer,9012
customer,9013
customer,9014
customer,9015
customer,9016
customer,9017
customer,9018
customer,9019
customer,9020
customer,9021
customer,9022
customer,9023
customer,9024
customer,9025
customer,9026
customer,9027
customer,9028
customer,9029
customer,9030
customer,9031
customer,9032
customer,9033
customer,9034
customer,9035
customer,9036
customer,9037
customer,9038
customer,9039
customer,9040
customer,9041
customer,9042
customer,9043
customer,9044
customer,9045
customer,9046
customer,9047
customer,9048
customer,9049
customer,9050
customer,9051
customer,9052
customer,9053
customer,9054
customer,9055
customer,9056
customer,9057
customer,9058
customer,9060
customer,9061
customer,9062
customer,9063
customer,9064
customer,9065
customer,9066
customer,9067
customer,9068
customer,9069
customer,9070
customer,9071
customer,9072
customer,9073
customer,9074
customer,9075
customer,9076
customer,9077
customer,9078
customer,9080
customer,9081
customer,9082
customer,9083
customer,9084
customer,9085
customer,9086
customer,9087
customer,9089
customer,9090
customer,9091
customer,9092
customer,9093
customer,9094
customer,9095
customer,9096
customer,9097
customer,9098
customer,9099
customer,9100
customer,9101
customer,9103
customer,9104
customer,9105
customer,9106
customer,9107
customer,9108
customer,9109
customer,9110
customer,9111
customer,9112
customer,9113
customer,9114
customer,9115
customer,9116
customer,9117
customer,9118
customer,9119
customer,9120
customer,9121
customer,9122
customer,9123
customer,9124
customer,9125
customer,9126
customer,9127
customer,9129
customer,9130
customer,9131
customer,9132
customer,9133
customer,9134
customer,9135
customer,9136
customer,9137
customer,9138
customer,9139
customer,9140
customer,9141
customer,9142
customer,9144
customer,9145
customer,9146
customer,9147
customer,9148
customer,9149
customer,9150
customer,9151
customer,9152
customer,9153
customer,9154
customer,9155
customer,9156
customer,9157
customer,9158
customer,9160
customer,9161
customer,9162
customer,9163
customer,9164
customer,9165
customer,9167
customer,9168
customer,9170
customer,9171
customer,9172
customer,9173
customer,9174
customer,9175
customer,9176
customer,9177
customer,9178
customer,9179
customer,9180
customer,9181
customer,9182
customer,9183
customer,9184
customer,9185
customer,9186
customer,9187
customer,9188
customer,9189
customer,9190
customer,9191
customer,9192
customer,9193
customer,9194
customer,9195
customer,9196
customer,9197
customer,9198
customer,9199
customer,9200
customer,9201
customer,9202
customer,9203
customer,9204
customer,9205
customer,9206
customer,9207
customer,9208
customer,9209
customer,9210
customer,9211
customer,9212
customer,9213
customer,9214
customer,9215
customer,9216
customer,9217
customer,9218
customer,9219
customer,9220
customer,9221
customer,9222
customer,9223
customer,9224
customer,9225
customer,9226
customer,9228
customer,9229
customer,9231
customer,9232
customer,9233
customer,9234
customer,9235
customer,9236
customer,9237
customer,9238
customer,9239
customer,9240
customer,9241
customer,9242
customer,9243
customer,9244
customer,9245
customer,9246
customer,9247
customer,9248
customer,9249
customer,9250
customer,9251
customer,9252
customer,9254
customer,9255
customer,9256
customer,9257
customer,9258
customer,9259
customer,9260
customer,9261
customer,9262
customer,9263
customer,9264
customer,9265
customer,9266
customer,9267
customer,9268
customer,9269
customer,9270
customer,9271
customer,9272
customer,9273
customer,9274
customer,9276
customer,9277
customer,9278
customer,9279
customer,9281
customer,9282
customer,9283
customer,9284
customer,9285
customer,9286
customer,9287
customer,9288
customer,9289
customer,9290
customer,9291
customer,9292
customer,9293
customer,9294
customer,9295
customer,9296
customer,9297
customer,9298
customer,9299
customer,9300
customer,9301
customer,9302
customer,9303
customer,9304
customer,9305
customer,9306
customer,9307
customer,9308
customer,9309
customer,9310
customer,9311
customer,9312
customer,9313
customer,9314
customer,9315
customer,9316
customer,9317
customer,9318
customer,9319
customer,9320
customer,9321
customer,9322
customer,9323
customer,9324
customer,9325
customer,9326
customer,9327
customer,9328
customer,9329
customer,9330
customer,9331
customer,9332
customer,9333
customer,9334
customer,9335
customer,9336
customer,9337
customer,9338
customer,9339
customer,9340
customer,9341
customer,9342
customer,9343
customer,9344
customer,9345
customer,9346
customer,9347
customer,9348
customer,9349
customer,9350
customer,9351
customer,9352
customer,9353
customer,9354
customer,9355
customer,9356
customer,9357
customer,9358
customer,9359
customer,9360
customer,9361
customer,9362
customer,9363
customer,9364
customer,9365
customer,9366
customer,9367
customer,9368
customer,9369
customer,9370
customer,9371
customer,9372
customer,9373
customer,9374
customer,9375
customer,9376
customer,9377
customer,9378
customer,9379
customer,9380
customer,9381
customer,9382
customer,9383
customer,9384
customer,9385
customer,9386
customer,9387
customer,9389
customer,9390
customer,9391
customer,9392
customer,9393
customer,9394
customer,9395
customer,9396
customer,9397
customer,9398
customer,9399
customer,9400
customer,9401
customer,9402
customer,9403
customer,9404
customer,9405
customer,9407
customer,9408
customer,9409
customer,9410
customer,9411
customer,9412
customer,9413
customer,9415
customer,9416
customer,9417
customer,9418
customer,9419
customer,9420
customer,9421
customer,9422
customer,9423
customer,9424
customer,9425
customer,9426
customer,9427
customer,9428
customer,9429
customer,9430
customer,9431
customer,9432
customer,9433
customer,9434
customer,9435
customer,9436
customer,9437
customer,9438
customer,9439
customer,9440
customer,9441
customer,9442
customer,9443
customer,9444
customer,9445
customer,9446
customer,9447
customer,9448
customer,9450
customer,9451
customer,9452
customer,9453
customer,9454
customer,9456
customer,9457
customer,9458
customer,9459
customer,9460
customer,9461
customer,9462
customer,9463
customer,9464
customer,9465
customer,9466
customer,9467
customer,9468
customer,9469
customer,9470
customer,9471
customer,9472
customer,9473
customer,9474
customer,9475
customer,9476
customer,9477
customer,9478
customer,9479
customer,9480
customer,9481
customer,9482
customer,9484
customer,9485
customer,9486
customer,9487
customer,9488
customer,9489
customer,9490
customer,9491
customer,9492
customer,9493
customer,9494
customer,9495
customer,9496
customer,9497
customer,9498
customer,9499
customer,9500
customer,9501
customer,9502
customer,9505
customer,9506
customer,9507
customer,9508
customer,9509
customer,9510
customer,9511
customer,9512
customer,9513
customer,9514
customer,9515
customer,9516
customer,9517
customer,9518
customer,9519
customer,9520
customer,9521
customer,9522
customer,9523
customer,9524
customer,9525
customer,9526
customer,9527
customer,9528
customer,9529
customer,9530
customer,9531
customer,9532
customer,9533
customer,9534
customer,9535
customer,9536
customer,9537
customer,9538
customer,9539
customer,9540
customer,9541
customer,9542
customer,9543
customer,9544
customer,9545
customer,9546
customer,9547
customer,9549
customer,9550
customer,9551
customer,9552
customer,9553
customer,9554
customer,9555
customer,9558
customer,9559
customer,9560
customer,9561
customer,9562
customer,9563
customer,9564
customer,9565
customer,9566
customer,9567
customer,9568
customer,9569
customer,9570
customer,9571
customer,9572
customer,9573
customer,9574
customer,9575
customer,9576
customer,9577
customer,9578
customer,9579
customer,9580
customer,9581
customer,9582
customer,9583
customer,9584
customer,9585
customer,9586
customer,9587
customer,9588
customer,9589
customer,9590
customer,9591
customer,9592
customer,9593
customer,9594
customer,9595
customer,9596
customer,9597
customer,9598
customer,9599
customer,9600
customer,9601
customer,9602
customer,9603
customer,9604
customer,9605
customer,9606
customer,9607
customer,9608
customer,9609
customer,9610
customer,9612
customer,9613
customer,9614
customer,9615
customer,9616
customer,9617
customer,9618
customer,9619
customer,9620
customer,9621
customer,9622
customer,9623
customer,9624
customer,9625
customer,9626
customer,9627
customer,9628
customer,9629
customer,9630
customer,9631
customer,9632
customer,9633
customer,9634
customer,9635
customer,9636
customer,9638
customer,9639
customer,9640
customer,9641
customer,9642
customer,9643
customer,9644
customer,9645
customer,9646
customer,9647
customer,9648
customer,9649
customer,9650
customer,9651
customer,9652
customer,9653
customer,9654
customer,9655
customer,9656
customer,9657
customer,9658
customer,9659
customer,9660
customer,9661
customer,9662
customer,9663
customer,9664
customer,9665
customer,9666
customer,9667
customer,9668
customer,9669
customer,9670
customer,9671
customer,9672
customer,9673
customer,9674
customer,9675
customer,9676
customer,9677
customer,9678
customer,9679
customer,9680
customer,9681
customer,9682
customer,9683
customer,9684
customer,9685
customer,9686
customer,9687
customer,9688
customer,9689
customer,9690
customer,9691
customer,9692
customer,9693
customer,9694
customer,9695
customer,9696
customer,9697
customer,9698
customer,9699
customer,9700
customer,9702
customer,9703
customer,9704
customer,9705
customer,9706
customer,9707
customer,9708
customer,9710
customer,9711
customer,9712
customer,9713
customer,9714
customer,9715
customer,9716
customer,9717
customer,9718
customer,9719
customer,9720
customer,9721
customer,9722
customer,9723
customer,9724
customer,9725
customer,9726
customer,9727
customer,9728
customer,9729
customer,9730
customer,9731
customer,9732
customer,9733
customer,9734
customer,9736
customer,9737
customer,9738
customer,9739
customer,9740
customer,9741
customer,9742
customer,9743
customer,9744
customer,9745
customer,9746
customer,9747
customer,9748
customer,9749
customer,9750
customer,9751
customer,9752
customer,9753
customer,9754
customer,9755
customer,9756
customer,9757
customer,9758
customer,9759
customer,9760
customer,9761
customer,9762
customer,9763
customer,9764
customer,9765
customer,9766
customer,9767
customer,9768
customer,9769
customer,9770
customer,9771
customer,9772
customer,9773
customer,9774
customer,9775
customer,9776
customer,9777
customer,9778
customer,9779
customer,9781
customer,9782
customer,9783
customer,9784
customer,9785
customer,9786
customer,9787
customer,9788
customer,9789
customer,9790
customer,9791
customer,9792
customer,9793
customer,9794
customer,9795
customer,9796
customer,9797
customer,9798
customer,9799
customer,9800
customer,9801
customer,9802
customer,9803
customer,9804
customer,9805
customer,9806
customer,9807
customer,9808
customer,9809
customer,9810
customer,9811
customer,9812
customer,9813
customer,9814
customer,9815
customer,9816
customer,9817
customer,9818
customer,9819
customer,9820
customer,9821
customer,9822
customer,9823
customer,9824
customer,9825
customer,9826
customer,9827
customer,9828
customer,9829
customer,9830
customer,9831
customer,9832
customer,9833
customer,9834
customer,9835
customer,9836
customer,9837
customer,9838
customer,9839
customer,9841
customer,9842
customer,9843
customer,9844
customer,9845
customer,9846
customer,9847
customer,9848
customer,9849
customer,9850
customer,9851
customer,9853
customer,9854
customer,9855
customer,9856
customer,9857
customer,9858
customer,9859
customer,9860
customer,9861
customer,9862
customer,9863
customer,9864
customer,9865
customer,9866
customer,9868
customer,9869
customer,9870
customer,9871
customer,9872
customer,9873
customer,9874
customer,9875
customer,9876
customer,9877
customer,9878
customer,9879
customer,9880
customer,9881
customer,9882
customer,9883
customer,9884
customer,9885
customer,9886
customer,9887
customer,9888
customer,9889
customer,9890
customer,9891
customer,9892
customer,9894
customer,9895
customer,9896
customer,9897
customer,9898
customer,9899
customer,9900
customer,9901
customer,9902
customer,9903
customer,9904
customer,9905
customer,9906
customer,9907
customer,9908
customer,9909
customer,9910
customer,9911
customer,9912
customer,9913
customer,9914
customer,9915
customer,9916
customer,9917
customer,9918
customer,9919
customer,9920
customer,9921
customer,9922
customer,9923
customer,9924
customer,9925
customer,9926
customer,9927
customer,9928
customer,9929
customer,9930
customer,9931
customer,9932
customer,9933
customer,9935
customer,9936
customer,9937
customer,9938
customer,9939
customer,9940
customer,9941
customer,9942
customer,9943
customer,9945
customer,9946
customer,9947
customer,9948
customer,9949
customer,9950
customer,9951
customer,9952
customer,9953
customer,9954
customer,9955
customer,9956
customer,9957
customer,9958
customer,9959
customer,9960
customer,9961
customer,9962
customer,9963
customer,9964
customer,9965
customer,9966
customer,9967
customer,9968
customer,9969
customer,9970
customer,9971
customer,9972
customer,9973
customer,9974
customer,9975
customer,9976
customer,9977
customer,9978
customer,9979
customer,9980
customer,9981
customer,9982
customer,9983
customer,9984
customer,9985
customer,9986
customer,9987
customer,9988
customer,9989
customer,9990
customer,9991
customer,9992
customer,9993
customer,9994
customer,9995
customer,9996
customer,9997
customer,9998
customer,9999
customer,10000
customer,10001
customer,10002
customer,10003
customer,10004
customer,10005
customer,10006
customer,10007
customer,10008
customer,10009
customer,10010
customer,10011
customer,10012
customer,10013
customer,10014
customer,10016
customer,10017
customer,10018
customer,10019
customer,10020
customer,10021
customer,10022
customer,10023
customer,10024
customer,10025
customer,10027
customer,10028
customer,10029
customer,10030
customer,10031
customer,10032
customer,10033
customer,10034
customer,10035
customer,10036
customer,10037
customer,10038
customer,10039
customer,10040
customer,10041
customer,10042
customer,10043
customer,10044
customer,10045
customer,10046
customer,10047
customer,10048
customer,10049
customer,10050
customer,10051
customer,10052
customer,10053
customer,10054
customer,10055
customer,10056
customer,10057
customer,10058
customer,10060
customer,10061
customer,10062
customer,10063
customer,10064
customer,10065
customer,10066
customer,10067
customer,10068
customer,10069
customer,10070
customer,10072
customer,10073
customer,10074
customer,10075
customer,10076
customer,10077
customer,10078
customer,10079
customer,10080
customer,10081
customer,10082
customer,10083
customer,10084
customer,10086
customer,10087
customer,10088
customer,10089
customer,10090
customer,10092
customer,10093
customer,10094
customer,10095
customer,10096
customer,10097
customer,10099
customer,10100
customer,10101
customer,10102
customer,10103
customer,10104
customer,10105
customer,10106
customer,10107
customer,10108
customer,10109
customer,10110
customer,10111
customer,10112
customer,10113
customer,10114
customer,10115
customer,10116
customer,10117
customer,10118
customer,10120
customer,10121
customer,10122
customer,10123
customer,10124
customer,10125
customer,10126
customer,10127
customer,10128
customer,10129
customer,10130
customer,10131
customer,10132
customer,10133
customer,10134
customer,10135
customer,10136
customer,10137
customer,10138
customer,10139
customer,10140
customer,10141
customer,10142
customer,10143
customer,10144
customer,10145
customer,10146
customer,10147
customer,10148
customer,10149
customer,10150
customer,10152
customer,10153
customer,10154
customer,10155
customer,10156
customer,10157
customer,10158
customer,10159
customer,10161
customer,10162
customer,10163
customer,10164
customer,10165
customer,10166
customer,10167
customer,10168
customer,10169
customer,10170
customer,10171
customer,10172
customer,10173
customer,10174
customer,10175
customer,10176
customer,10177
customer,10178
customer,10179
customer,10180
customer,10181
customer,10182
customer,10183
customer,10184
customer,10185
customer,10186
customer,10187
customer,10188
customer,10189
customer,10190
customer,10191
customer,10192
customer,10193
customer,10194
customer,10195
customer,10196
customer,10197
customer,10198
customer,10199
customer,10200
customer,10201
customer,10202
customer,10203
customer,10204
customer,10205
customer,10206
customer,10207
customer,10208
customer,10209
customer,10210
customer,10211
customer,10212
customer,10213
customer,10214
customer,10215
customer,10216
customer,10217
customer,10218
customer,10219
customer,10220
customer,10221
customer,10222
customer,10223
customer,10224
customer,10225
customer,10226
customer,10227
customer,10228
customer,10229
customer,10230
customer,10231
customer,10232
customer,10233
customer,10234
customer,10235
customer,10236
customer,10237
customer,10238
customer,10239
customer,10240
customer,10241
customer,10242
customer,10243
customer,10244
customer,10245
customer,10246
customer,10247
customer,10248
customer,10249
customer,10250
customer,10251
customer,10253
customer,10254
customer,10255
customer,10256
customer,10257
customer,10258
customer,10259
customer,10260
customer,10261
customer,10262
customer,10263
customer,10264
customer,10265
customer,10266
customer,10267
customer,10268
customer,10269
customer,10270
customer,10271
customer,10272
customer,10273
customer,10274
customer,10275
customer,10276
customer,10277
customer,10278
customer,10279
customer,10281
customer,10282
customer,10283
customer,10284
customer,10285
customer,10286
customer,10287
customer,10288
customer,10289
customer,10290
customer,10291
customer,10292
customer,10293
customer,10294
customer,10295
customer,10296
customer,10297
customer,10298
customer,10299
customer,10300
customer,10301
customer,10302
customer,10303
customer,10304
customer,10305
customer,10306
customer,10307
customer,10308
customer,10310
customer,10311
customer,10313
customer,10314
customer,10315
customer,10316
customer,10317
customer,10318
customer,10319
customer,10320
customer,10321
customer,10322
customer,10323
customer,10324
customer,10325
customer,10326
customer,10327
customer,10328
customer,10329
customer,10330
customer,10331
customer,10332
customer,10333
customer,10334
customer,10335
customer,10336
customer,10337
customer,10338
customer,10339
customer,10340
customer,10341
customer,10342
customer,10343
customer,10344
customer,10345
customer,10346
customer,10348
customer,10349
customer,10350
customer,10351
customer,10352
customer,10353
customer,10354
customer,10355
customer,10356
customer,10357
customer,10358
customer,10359
customer,10360
customer,10361
customer,10363
customer,10364
customer,10365
customer,10366
customer,10367
customer,10368
customer,10369
customer,10370
customer,10371
customer,10372
customer,10374
customer,10375
customer,10376
customer,10378
customer,10379
customer,10380
customer,10381
customer,10382
customer,10383
customer,10384
customer,10385
customer,10386
customer,10387
customer,10388
customer,10389
customer,10390
customer,10391
customer,10392
customer,10393
customer,10394
customer,10395
customer,10396
customer,10397
customer,10398
customer,10399
customer,10400
customer,10401
customer,10402
customer,10403
customer,10404
customer,10406
customer,10407
customer,10409
customer,10410
customer,10411
customer,10412
customer,10413
customer,10414
customer,10415
customer,10416
customer,10417
customer,10418
customer,10419
customer,10420
customer,10421
customer,10422
customer,10423
customer,10424
customer,10425
customer,10426
customer,10427
customer,10428
customer,10429
customer,10430
customer,10431
customer,10432
customer,10433
customer,10434
customer,10435
customer,10436
customer,10437
customer,10438
customer,10439
customer,10440
customer,10441
customer,10442
customer,10443
customer,10444
customer,10445
customer,10446
customer,10447
customer,10448
customer,10449
customer,10450
customer,10451
customer,10452
customer,10453
customer,10455
customer,10456
customer,10457
customer,10458
customer,10459
customer,10460
customer,10461
customer,10462
customer,10463
customer,10464
customer,10465
customer,10466
customer,10467
customer,10468
customer,10469
customer,10470
customer,10471
customer,10472
customer,10473
customer,10474
customer,10475
customer,10476
customer,10477
customer,10478
customer,10479
customer,10480
customer,10481
customer,10482
customer,10483
customer,10484
customer,10485
customer,10486
customer,10487
customer,10488
customer,10489
customer,10490
customer,10491
customer,10492
customer,10494
customer,10495
customer,10496
customer,10497
customer,10498
customer,10499
customer,10500
customer,10501
customer,10502
customer,10503
customer,10504
customer,10505
customer,10507
customer,10508
customer,10509
customer,10510
customer,10511
customer,10512
customer,10513
customer,10514
customer,10515
customer,10516
customer,10517
customer,10518
customer,10519
customer,10520
customer,10521
customer,10522
customer,10523
customer,10524
customer,10525
customer,10526
customer,10527
customer,10528
customer,10529
customer,10530
customer,10531
customer,10532
customer,10533
customer,10534
customer,10535
customer,10536
customer,10537
customer,10538
customer,10539
customer,10540
customer,10541
customer,10542
customer,10543
customer,10544
customer,10545
customer,10546
customer,10547
customer,10548
customer,10549
customer,10550
customer,10551
customer,10552
customer,10553
customer,10554
customer,10555
customer,10556
customer,10557
customer,10558
customer,10559
customer,10560
customer,10561
customer,10562
customer,10563
customer,10564
customer,10565
customer,10566
customer,10567
customer,10568
customer,10569
customer,10570
customer,10571
customer,10572
customer,10573
customer,10574
customer,10575
customer,10576
customer,10577
customer,10578
customer,10579
customer,10580
customer,10581
customer,10582
customer,10583
customer,10584
customer,10585
customer,10586
customer,10588
customer,10589
customer,10590
customer,10591
customer,10592
customer,10593
customer,10594
customer,10595
customer,10596
customer,10597
customer,10598
customer,10599
customer,10600
customer,10601
customer,10602
customer,10605
customer,10606
customer,10607
customer,10608
customer,10609
customer,10610
customer,10611
customer,10612
customer,10613
customer,10614
customer,10615
customer,10616
customer,10617
customer,10618
customer,10620
customer,10621
customer,10622
customer,10623
customer,10624
customer,10625
customer,10626
customer,10627
customer,10628
customer,10629
customer,10630
customer,10631
customer,10632
customer,10633
customer,10634
customer,10635
customer,10636
customer,10637
customer,10638
customer,10639
customer,10640
customer,10641
customer,10642
customer,10643
customer,10644
customer,10645
customer,10646
customer,10647
customer,10648
customer,10649
customer,10650
customer,10651
customer,10652
customer,10653
customer,10654
customer,10655
customer,10656
customer,10657
customer,10658
customer,10659
customer,10660
customer,10661
customer,10662
customer,10663
customer,10664
customer,10665
customer,10666
customer,10667
customer,10668
customer,10669
customer,10670
customer,10671
customer,10672
customer,10673
customer,10674
customer,10675
customer,10676
customer,10677
customer,10678
customer,10679
customer,10680
customer,10681
customer,10682
customer,10683
customer,10684
customer,10685
customer,10686
customer,10687
customer,10688
customer,10689
customer,10690
customer,10691
customer,10692
customer,10693
customer,10694
customer,10695
customer,10696
customer,10697
customer,10698
customer,10699
customer,10700
customer,10701
customer,10702
customer,10703
customer,10704
customer,10705
customer,10706
customer,10707
customer,10708
customer,10709
customer,10710
customer,10711
customer,10712
customer,10713
customer,10714
customer,10715
customer,10716
customer,10717
customer,10718
customer,10719
customer,10720
customer,10721
customer,10722
customer,10723
customer,10724
customer,10725
customer,10726
customer,10727
customer,10728
customer,10729
customer,10730
customer,10731
customer,10732
customer,10733
customer,10734
customer,10735
customer,10736
customer,10737
customer,10738
customer,10739
customer,10740
customer,10741
customer,10742
customer,10743
customer,10744
customer,10745
customer,10746
customer,10747
customer,10748
customer,10749
customer,10751
customer,10752
customer,10753
customer,10754
customer,10755
customer,10756
customer,10757
customer,10758
customer,10759
customer,10760
customer,10761
customer,10762
customer,10763
customer,10764
customer,10765
customer,10766
customer,10767
customer,10768
customer,10769
customer,10770
customer,10771
customer,10772
customer,10773
customer,10774
customer,10775
customer,10776
customer,10777
customer,10778
customer,10779
customer,10780
customer,10781
customer,10782
customer,10783
customer,10784
customer,10785
customer,10786
customer,10787
customer,10788
customer,10789
customer,10790
customer,10791
customer,10792
customer,10793
customer,10794
customer,10795
customer,10796
customer,10797
customer,10798
customer,10799
customer,10800
customer,10801
customer,10802
customer,10803
customer,10804
customer,10805
customer,10806
customer,10807
customer,10808
customer,10809
customer,10811
customer,10812
customer,10813
customer,10814
customer,10815
customer,10816
customer,10817
customer,10818
customer,10819
customer,10820
customer,10821
customer,10822
customer,10823
customer,10824
customer,10825
customer,10826
customer,10827
customer,10828
customer,10829
customer,10830
customer,10831
customer,10832
customer,10833
customer,10834
customer,10835
customer,10836
customer,10837
customer,10838
customer,10839
customer,10840
customer,10841
customer,10842
customer,10843
customer,10844
customer,10845
customer,10846
customer,10847
customer,10848
customer,10849
customer,10850
customer,10851
customer,10852
customer,10853
customer,10855
customer,10856
customer,10857
customer,10858
customer,10859
customer,10860
customer,10861
customer,10862
customer,10863
customer,10864
customer,10865
customer,10867
customer,10868
customer,10869
customer,10870
customer,10871
customer,10872
customer,10873
customer,10874
customer,10875
customer,10876
customer,10877
customer,10878
customer,10879
customer,10880
customer,10881
customer,10882
customer,10883
customer,10884
customer,10885
customer,10886
customer,10887
customer,10888
customer,10889
customer,10890
customer,10891
customer,10892
customer,10893
customer,10894
customer,10895
customer,10896
customer,10897
customer,10898
customer,10899
customer,10900
customer,10901
customer,10902
customer,10903
customer,10904
customer,10905
customer,10906
customer,10907
customer,10908
customer,10909
customer,10910
customer,10911
customer,10913
customer,10914
customer,10915
customer,10916
customer,10917
customer,10918
customer,10919
customer,10920
customer,10921
customer,10922
customer,10923
customer,10924
customer,10925
customer,10926
customer,10927
customer,10928
customer,10929
customer,10930
customer,10931
customer,10932
customer,10933
customer,10934
customer,10935
customer,10936
customer,10937
customer,10938
customer,10939
customer,10940
customer,10941
customer,10942
customer,10943
customer,10945
customer,10946
customer,10947
customer,10948
customer,10949
customer,10950
customer,10951
customer,10952
customer,10953
customer,10955
customer,10956
customer,10957
customer,10958
customer,10959
customer,10960
customer,10961
customer,10962
customer,10963
customer,10964
customer,10965
customer,10966
customer,10967
customer,10968
customer,10969
customer,10970
customer,10971
customer,10972
customer,10973
customer,10974
customer,10975
customer,10976
customer,10977
customer,10978
customer,10979
customer,10980
customer,10981
customer,10982
customer,10983
customer,10984
customer,10985
customer,10986
customer,10987
customer,10988
customer,10989
customer,10990
customer,10991
customer,10992
customer,10993
customer,10994
customer,10995
customer,10996
customer,10997
customer,10998
customer,10999
customer,11000
customer,11001
customer,11002
customer,11003
customer,11004
customer,11005
customer,11006
customer,11007
customer,11008
customer,11009
customer,11010
customer,11011
customer,11012
customer,11013
customer,11014
customer,11015
customer,11016
customer,11017
customer,11018
customer,11019
customer,11020
customer,11021
customer,11022
customer,11023
customer,11024
customer,11025
customer,11026
customer,11027
customer,11028
customer,11029
customer,11030
customer,11031
customer,11032
customer,11033
customer,11034
customer,11035
customer,11036
customer,11037
customer,11038
customer,11039
customer,11040
customer,11041
customer,11042
customer,11043
customer,11044
customer,11045
customer,11046
customer,11047
customer,11048
customer,11049
customer,11050
customer,11051
customer,11052
customer,11053
customer,11054
customer,11055
customer,11056
customer,11057
customer,11058
customer,11059
customer,11060
customer,11061
customer,11062
customer,11063
customer,11064
customer,11065
customer,11066
customer,11067
customer,11068
customer,11069
customer,11070
customer,11071
customer,11072
customer,11073
customer,11074
customer,11075
customer,11076
customer,11077
customer,11078
customer,11079
customer,11080
customer,11081
customer,11082
customer,11083
customer,11084
customer,11085
customer,11086
customer,11087
customer,11088
customer,11089
customer,11090
customer,11091
customer,11092
customer,11093
customer,11094
customer,11095
customer,11096
customer,11097
customer,11098
customer,11099
customer,11100
customer,11101
customer,11102
customer,11103
customer,11105
customer,11106
customer,11107
customer,11108
customer,11109
customer,11110
customer,11111
customer,11112
customer,11113
customer,11114
customer,11115
customer,11116
customer,11117
customer,11118
customer,11119
customer,11120
customer,11121
customer,11122
customer,11123
customer,11124
customer,11125
customer,11127
customer,11128
customer,11129
customer,11130
customer,11131
customer,11132
customer,11133
customer,11134
customer,11135
customer,11136
customer,11137
customer,11138
customer,11139
customer,11140
customer,11141
customer,11142
customer,11143
customer,11144
customer,11145
customer,11146
customer,11147
customer,11148
customer,11149
customer,11150
customer,11151
customer,11153
customer,11154
customer,11155
customer,11156
customer,11157
customer,11158
customer,11159
customer,11160
customer,11161
customer,11162
customer,11163
customer,11164
customer,11165
customer,11167
customer,11168
customer,11169
customer,11170
customer,11171
customer,11172
customer,11173
customer,11174
customer,11175
customer,11176
customer,11177
customer,11178
customer,11179
customer,11180
customer,11182
customer,11183
customer,11184
customer,11185
customer,11186
customer,11188
customer,11189
customer,11191
customer,11192
customer,11193
customer,11194
customer,11195
customer,11196
customer,11197
customer,11198
customer,11199
customer,11200
customer,11201
customer,11202
customer,11203
customer,11204
customer,11205
customer,11206
customer,11207
customer,11208
customer,11209
customer,11210
customer,11211
customer,11212
customer,11213
customer,11214
customer,11215
customer,11216
customer,11217
customer,11218
customer,11219
customer,11220
customer,11221
customer,11222
customer,11223
customer,11224
customer,11225
customer,11226
customer,11227
customer,11228
customer,11229
customer,11230
customer,11231
customer,11232
customer,11233
customer,11234
customer,11235
customer,11236
customer,11237
customer,11238
customer,11239
customer,11240
customer,11241
customer,11242
customer,11243
customer,11244
customer,11245
customer,11246
customer,11247
customer,11248
customer,11249
customer,11250
customer,11251
customer,11252
customer,11253
customer,11254
customer,11255
customer,11256
customer,11257
customer,11258
customer,11259
customer,11260
customer,11261
customer,11262
customer,11263
customer,11264
customer,11265
customer,11267
customer,11268
customer,11269
customer,11270
customer,11271
customer,11272
customer,11273
customer,11274
customer,11275
customer,11276
customer,11277
customer,11278
customer,11280
customer,11281
customer,11282
customer,11283
customer,11284
customer,11285
customer,11286
customer,11287
customer,11288
customer,11289
customer,11290
customer,11291
customer,11292
customer,11293
customer,11294
customer,11295
customer,11296
customer,11297
customer,11298
customer,11299
customer,11300
customer,11301
customer,11302
customer,11304
customer,11305
customer,11306
customer,11307
customer,11308
customer,11309
customer,11310
customer,11311
customer,11312
customer,11313
customer,11314
customer,11315
customer,11316
customer,11317
customer,11318
customer,11319
customer,11320
customer,11321
customer,11322
customer,11323
customer,11324
customer,11325
customer,11326
customer,11327
customer,11328
customer,11329
customer,11330
customer,11331
customer,11332
customer,11333
customer,11334
customer,11335
customer,11336
customer,11337
customer,11338
customer,11339
customer,11340
customer,11341
customer,11342
customer,11343
customer,11344
customer,11345
customer,11346
customer,11347
customer,11348
customer,11350
customer,11351
customer,11352
customer,11353
customer,11354
customer,11355
customer,11356
customer,11357
customer,11358
customer,11359
customer,11360
customer,11361
customer,11362
customer,11363
customer,11364
customer,11365
customer,11366
customer,11367
customer,11368
customer,11369
customer,11371
customer,11372
customer,11373
customer,11374
customer,11375
customer,11376
customer,11377
customer,11378
customer,11379
customer,11380
customer,11381
customer,11382
customer,11383
customer,11384
customer,11385
customer,11386
customer,11387
customer,11388
customer,11389
customer,11390
customer,11391
customer,11392
customer,11393
customer,11394
customer,11395
customer,11396
customer,11397
customer,11398
customer,11399
customer,11400
customer,11401
customer,11402
customer,11403
customer,11404
customer,11405
customer,11406
customer,11407
customer,11408
customer,11409
customer,11410
customer,11411
customer,11412
customer,11413
customer,11414
customer,11415
customer,11416
customer,11417
customer,11418
customer,11419
customer,11420
customer,11421
customer,11422
customer,11423
customer,11424
customer,11425
customer,11426
customer,11427
customer,11428
customer,11429
customer,11430
customer,11431
customer,11433
customer,11434
customer,11435
customer,11436
customer,11437
customer,11439
customer,11440
customer,11441
customer,11442
customer,11443
customer,11444
customer,11445
customer,11446
customer,11447
customer,11448
customer,11449
customer,11450
customer,11451
customer,11452
customer,11453
customer,11454
customer,11455
customer,11456
customer,11458
customer,11459
customer,11460
customer,11461
customer,11462
customer,11463
customer,11464
customer,11465
customer,11466
customer,11468
customer,11469
customer,11470
customer,11471
customer,11472
customer,11473
customer,11474
customer,11476
customer,11477
customer,11478
customer,11479
customer,11480
customer,11481
customer,11482
customer,11483
customer,11484
customer,11485
customer,11486
customer,11487
customer,11488
customer,11489
customer,11490
customer,11491
customer,11492
customer,11493
customer,11494
customer,11495
customer,11496
customer,11497
customer,11498
customer,11499
customer,11500
customer,11501
customer,11502
customer,11503
customer,11504
customer,11505
customer,11506
customer,11507
customer,11508
customer,11509
customer,11510
customer,11511
customer,11512
customer,11513
customer,11514
customer,11515
customer,11516
customer,11517
customer,11518
customer,11519
customer,11520
customer,11521
customer,11522
customer,11523
customer,11524
customer,11525
customer,11526
customer,11527
customer,11529
customer,11531
customer,11532
customer,11533
customer,11534
customer,11535
customer,11536
customer,11537
customer,11538
customer,11539
customer,11540
customer,11542
customer,11543
customer,11544
customer,11545
customer,11546
customer,11547
customer,11548
customer,11549
customer,11550
customer,11551
customer,11552
customer,11553
customer,11554
customer,11555
customer,11556
customer,11557
customer,11558
customer,11559
customer,11561
customer,11562
customer,11563
customer,11564
customer,11565
customer,11566
customer,11567
customer,11569
customer,11570
customer,11571
customer,11572
customer,11573
customer,11574
customer,11575
customer,11576
customer,11577
customer,11578
customer,11579
customer,11581
customer,11582
customer,11583
customer,11584
customer,11585
customer,11586
customer,11587
customer,11588
customer,11589
customer,11590
customer,11591
customer,11592
customer,11593
customer,11594
customer,11595
customer,11596
customer,11597
customer,11598
customer,11599
customer,11600
customer,11601
customer,11602
customer,11603
customer,11604
customer,11605
customer,11606
customer,11607
customer,11608
customer,11609
customer,11610
customer,11611
customer,11612
customer,11613
customer,11614
customer,11615
customer,11616
customer,11617
customer,11619
customer,11620
customer,11621
customer,11622
customer,11623
customer,11624
customer,11625
customer,11626
customer,11627
customer,11628
customer,11629
customer,11630
customer,11631
customer,11632
customer,11633
customer,11634
customer,11635
customer,11636
customer,11637
customer,11638
customer,11639
customer,11640
customer,11641
customer,11642
customer,11643
customer,11644
customer,11645
customer,11646
customer,11647
customer,11648
customer,11649
customer,11650
customer,11651
customer,11652
customer,11653
customer,11654
customer,11655
customer,11656
customer,11657
customer,11658
customer,11659
customer,11660
customer,11661
customer,11662
customer,11663
customer,11664
customer,11665
customer,11666
customer,11667
customer,11668
customer,11669
customer,11670
customer,11671
customer,11672
customer,11673
customer,11674
customer,11675
customer,11676
customer,11677
customer,11678
customer,11679
customer,11680
customer,11681
customer,11682
customer,11683
customer,11684
customer,11685
customer,11686
customer,11687
customer,11688
customer,11689
customer,11690
customer,11691
customer,11692
customer,11693
customer,11694
customer,11695
customer,11696
customer,11697
customer,11698
customer,11699
customer,11700
customer,11701
customer,11702
customer,11703
customer,11704
customer,11705
customer,11706
customer,11707
customer,11708
customer,11709
customer,11710
customer,11711
customer,11712
customer,11713
customer,11714
customer,11715
customer,11716
customer,11717
customer,11718
customer,11719
customer,11720
customer,11721
customer,11722
customer,11723
customer,11724
customer,11725
customer,11726
customer,11727
customer,11728
customer,11729
customer,11730
customer,11731
customer,11732
customer,11733
customer,11734
customer,11735
customer,11736
customer,11737
customer,11738
customer,11739
customer,11740
customer,11741
customer,11742
customer,11743
customer,11744
customer,11745
customer,11746
customer,11747
customer,11748
customer,11749
customer,11750
customer,11751
customer,11752
customer,11753
customer,11754
customer,11755
customer,11756
customer,11758
customer,11759
customer,11760
customer,11762
customer,11763
customer,11764
customer,11765
customer,11766
customer,11767
customer,11768
customer,11769
customer,11770
customer,11771
customer,11772
customer,11773
customer,11774
customer,11775
customer,11776
customer,11777
customer,11778
customer,11779
customer,11780
customer,11781
customer,11782
customer,11783
customer,11784
customer,11785
customer,11786
customer,11787
customer,11788
customer,11789
customer,11790
customer,11791
customer,11792
customer,11793
customer,11794
customer,11795
customer,11796
customer,11797
customer,11798
customer,11799
customer,11800
customer,11801
customer,11802
customer,11803
customer,11804
customer,11805
customer,11806
customer,11807
customer,11808
customer,11809
customer,11810
customer,11811
customer,11813
customer,11815
customer,11816
customer,11817
customer,11818
customer,11819
customer,11820
customer,11821
customer,11822
customer,11823
customer,11824
customer,11825
customer,11826
customer,11828
customer,11829
customer,11831
customer,11832
customer,11833
customer,11834
customer,11835
customer,11836
customer,11837
customer,11838
customer,11839
customer,11840
customer,11841
customer,11842
customer,11843
customer,11844
customer,11845
customer,11846
customer,11847
customer,11848
customer,11849
customer,11850
customer,11851
customer,11852
customer,11853
customer,11854
customer,11855
customer,11856
customer,11857
customer,11858
customer,11859
customer,11860
customer,11861
customer,11862
customer,11863
customer,11864
customer,11865
customer,11866
customer,11867
customer,11868
customer,11869
customer,11870
customer,11871
customer,11872
customer,11873
customer,11874
customer,11875
customer,11876
customer,11877
customer,11878
customer,11879
customer,11880
customer,11881
customer,11882
customer,11883
customer,11884
customer,11885
customer,11886
customer,11887
customer,11888
customer,11889
customer,11890
customer,11891
customer,11892
customer,11893
customer,11894
customer,11895
customer,11896
customer,11897
customer,11898
customer,11899
customer,11900
customer,11901
customer,11902
customer,11903
customer,11904
customer,11905
customer,11906
customer,11907
customer,11908
customer,11909
customer,11910
customer,11911
customer,11912
customer,11913
customer,11914
customer,11915
customer,11916
customer,11917
customer,11918
customer,11919
customer,11921
customer,11922
customer,11923
customer,11924
customer,11925
customer,11926
customer,11927
customer,11928
customer,11929
customer,11930
customer,11931
customer,11932
customer,11933
customer,11934
customer,11935
customer,11936
customer,11937
customer,11938
customer,11939
customer,11940
customer,11941
customer,11942
customer,11943
customer,11944
customer,11945
customer,11946
customer,11947
customer,11948
customer,11949
customer,11950
customer,11951
customer,11952
customer,11953
customer,11954
customer,11955
customer,11957
customer,11958
customer,11959
customer,11960
customer,11961
customer,11962
customer,11963
customer,11964
customer,11965
customer,11966
customer,11967
customer,11968
customer,11969
customer,11971
customer,11972
customer,11973
customer,11974
customer,11975
customer,11976
customer,11978
customer,11979
customer,11980
customer,11981
customer,11982
customer,11983
customer,11984
customer,11985
customer,11986
customer,11987
customer,11988
customer,11989
customer,11990
customer,11991
customer,11992
customer,11993
customer,11994
customer,11995
customer,11996
customer,11997
customer,11998
customer,11999
customer,12000
customer,12001
customer,12002
customer,12003
customer,12004
customer,12005
customer,12006
customer,12008
customer,12009
customer,12010
customer,12012
customer,12013
customer,12014
customer,12015
customer,12016
customer,12017
customer,12018
customer,12019
customer,12020
customer,12021
customer,12022
customer,12023
customer,12025
customer,12026
customer,12027
customer,12028
customer,12029
customer,12030
customer,12032
customer,12033
customer,12034
customer,12035
customer,12036
customer,12038
customer,12039
customer,12040
customer,12041
customer,12042
customer,12043
customer,12044
customer,12045
customer,12046
customer,12047
customer,12048
customer,12049
customer,12050
customer,12051
customer,12052
customer,12054
customer,12055
customer,12056
customer,12057
customer,12058
customer,12059
customer,12060
customer,12061
customer,12062
customer,12063
customer,12064
customer,12065
customer,12066
customer,12067
customer,12068
customer,12069
customer,12070
customer,12071
customer,12072
customer,12074
customer,12075
customer,12076
customer,12077
customer,12079
customer,12080
customer,12081
customer,12082
customer,12083
customer,12084
customer,12085
customer,12086
customer,12087
customer,12088
customer,12089
customer,12090
customer,12092
customer,12093
customer,12095
customer,12096
customer,12097
customer,12098
customer,12099
customer,12100
customer,12101
customer,12102
customer,12103
customer,12105
customer,12106
customer,12107
customer,12108
customer,12109
customer,12111
customer,12112
customer,12113
customer,12114
customer,12115
customer,12116
customer,12117
customer,12118
customer,12119
customer,12120
customer,12121
customer,12122
customer,12123
customer,12124
customer,12125
customer,12126
customer,12127
customer,12128
customer,12129
customer,12130
customer,12131
customer,12132
customer,12133
customer,12134
customer,12135
customer,12137
customer,12138
customer,12139
customer,12141
customer,12142
customer,12143
customer,12144
customer,12145
customer,12146
customer,12147
customer,12148
customer,12149
customer,12150
customer,12151
customer,12152
customer,12153
customer,12154
customer,12156
customer,12157
customer,12158
customer,12160
customer,12161
customer,12162
customer,12163
customer,12164
customer,12165
customer,12166
customer,12167
customer,12168
customer,12169
customer,12170
customer,12171
customer,12172
customer,12173
customer,12174
customer,12175
customer,12176
customer,12177
customer,12178
customer,12179
customer,12180
customer,12181
customer,12182
customer,12183
customer,12184
customer,12185
customer,12186
customer,12187
customer,12188
customer,12189
customer,12190
customer,12191
customer,12192
customer,12193
customer,12194
customer,12195
customer,12196
customer,12197
customer,12198
customer,12199
customer,12200
customer,12201
customer,12202
customer,12203
customer,12204
customer,12205
customer,12206
customer,12207
customer,12208
customer,12209
customer,12210
customer,12211
customer,12212
customer,12213
customer,12214
customer,12215
customer,12216
customer,12217
customer,12218
customer,12219
customer,12220
customer,12221
customer,12222
customer,12223
customer,12224
customer,12225
customer,12226
customer,12227
customer,12228
customer,12229
customer,12230
customer,12231
customer,12232
customer,12233
customer,12234
customer,12235
customer,12236
customer,12237
customer,12238
customer,12239
customer,12240
customer,12241
customer,12242
customer,12243
customer,12244
customer,12245
customer,12246
customer,12247
customer,12248
customer,12249
customer,12250
customer,12251
customer,12252
customer,12253
customer,12254
customer,12256
customer,12257
customer,12258
customer,12259
customer,12260
customer,12261
customer,12262
customer,12263
customer,12264
customer,12265
customer,12266
customer,12267
customer,12268
customer,12271
customer,12272
customer,12273
customer,12274
customer,12275
customer,12276
customer,12277
customer,12278
customer,12279
customer,12280
customer,12281
customer,12282
customer,12283
customer,12284
customer,12285
customer,12286
customer,12287
customer,12288
customer,12289
customer,12290
customer,12291
customer,12292
customer,12293
customer,12294
customer,12295
customer,12296
customer,12297
customer,12298
customer,12299
customer,12300
customer,12301
customer,12302
customer,12303
customer,12304
customer,12305
customer,12306
customer,12307
customer,12308
customer,12309
customer,12310
customer,12311
customer,12312
customer,12313
customer,12314
customer,12315
customer,12316
customer,12317
customer,12319
customer,12320
customer,12321
customer,12322
customer,12323
customer,12324
customer,12325
customer,12326
customer,12327
customer,12328
customer,12329
customer,12330
customer,12331
customer,12332
customer,12333
customer,12334
customer,12335
customer,12336
customer,12337
customer,12338
customer,12339
customer,12340
customer,12341
customer,12342
customer,12343
customer,12344
customer,12345
customer,12346
customer,12347
customer,12348
customer,12349
customer,12350
customer,12351
customer,12352
customer,12353
customer,12354
customer,12355
customer,12356
customer,12357
customer,12358
customer,12359
customer,12360
customer,12361
customer,12362
customer,12363
customer,12364
customer,12365
customer,12366
customer,12367
customer,12368
customer,12369
customer,12370
customer,12371
customer,12372
customer,12373
customer,12374
customer,12375
customer,12376
customer,12377
customer,12378
customer,12379
customer,12380
customer,12381
customer,12382
customer,12383
customer,12384
customer,12385
customer,12386
customer,12387
customer,12388
customer,12390
customer,12391
customer,12392
customer,12393
customer,12394
customer,12395
customer,12396
customer,12397
customer,12398
customer,12399
customer,12400
customer,12401
customer,12402
customer,12403
customer,12404
customer,12405
customer,12406
customer,12407
customer,12408
customer,12409
customer,12410
customer,12411
customer,12413
customer,12414
customer,12415
customer,12416
customer,12417
customer,12418
customer,12419
customer,12420
customer,12421
customer,12422
customer,12423
customer,12424
customer,12425
customer,12426
customer,12427
customer,12428
customer,12429
customer,12430
customer,12431
customer,12432
customer,12433
customer,12434
customer,12435
customer,12436
customer,12437
customer,12438
customer,12439
customer,12440
customer,12441
customer,12442
customer,12443
customer,12444
customer,12445
customer,12446
customer,12447
customer,12448
customer,12449
customer,12450
customer,12451
customer,12452
customer,12453
customer,12454
customer,12455
customer,12456
customer,12457
customer,12458
customer,12459
customer,12460
customer,12461
customer,12462
customer,12463
customer,12464
customer,12465
customer,12466
customer,12467
customer,12468
customer,12469
customer,12470
customer,12471
customer,12472
customer,12473
customer,12474
customer,12475
customer,12476
customer,12477
customer,12478
customer,12479
customer,12480
customer,12481
customer,12482
customer,12483
customer,12484
customer,12485
customer,12486
customer,12487
customer,12488
customer,12489
customer,12490
customer,12491
customer,12492
customer,12493
customer,12494
customer,12495
customer,12496
customer,12497
customer,12498
customer,12500
customer,12501
customer,12502
customer,12503
customer,12504
customer,12505
customer,12506
customer,12507
customer,12508
customer,12509
customer,12510
customer,12511
customer,12512
customer,12513
customer,12514
customer,12515
customer,12516
customer,12517
customer,12518
customer,12519
customer,12520
customer,12521
customer,12522
customer,12523
customer,12524
customer,12525
customer,12526
customer,12527
customer,12528
customer,12529
customer,12530
customer,12531
customer,12532
customer,12533
customer,12534
customer,12535
customer,12536
customer,12537
customer,12538
customer,12539
customer,12540
customer,12541
customer,12542
customer,12543
customer,12544
customer,12545
customer,12546
customer,12547
customer,12548
customer,12549
customer,12550
customer,12551
customer,12552
customer,12553
customer,12554
customer,12555
customer,12556
customer,12557
customer,12558
customer,12559
customer,12560
customer,12561
customer,12562
customer,12563
customer,12564
customer,12565
customer,12566
customer,12567
customer,12568
customer,12569
customer,12570
customer,12571
customer,12572
customer,12573
customer,12574
customer,12575
customer,12576
customer,12577
customer,12578
customer,12579
customer,12580
customer,12581
customer,12582
customer,12583
customer,12584
customer,12585
customer,12586
customer,12587
customer,12588
customer,12589
customer,12590
customer,12591
customer,12592
customer,12593
customer,12594
customer,12595
customer,12596
customer,12597
customer,12598
customer,12599
customer,12600
customer,12601
customer,12602
customer,12603
customer,12604
customer,12605
customer,12606
customer,12607
customer,12608
customer,12609
customer,12610
customer,12611
customer,12612
customer,12613
customer,12614
customer,12615
customer,12616
customer,12617
customer,12618
customer,12619
customer,12620
customer,12621
customer,12622
customer,12623
customer,12624
customer,12625
customer,12626
customer,12627
customer,12628
customer,12629
customer,12630
customer,12631
customer,12632
customer,12633
customer,12634
customer,12635
customer,12636
customer,12637
customer,12638
customer,12639
customer,12640
customer,12641
customer,12642
customer,12644
customer,12645
customer,12646
customer,12647
customer,12648
customer,12649
customer,12650
customer,12651
customer,12652
customer,12653
customer,12654
customer,12655
customer,12656
customer,12657
customer,12658
customer,12659
customer,12660
customer,12661
customer,12662
customer,12663
customer,12664
customer,12665
customer,12666
customer,12667
customer,12668
customer,12669
customer,12670
customer,12671
customer,12672
customer,12673
customer,12674
customer,12675
customer,12676
customer,12677
customer,12678
customer,12679
customer,12680
customer,12681
customer,12682
customer,12683
customer,12684
customer,12685
customer,12686
customer,12687
customer,12688
customer,12689
customer,12690
customer,12691
customer,12692
customer,12693
customer,12694
customer,12695
customer,12696
customer,12697
customer,12699
customer,12701
customer,12702
customer,12703
customer,12704
customer,12705
customer,12706
customer,12707
customer,12708
customer,12709
customer,12710
customer,12711
customer,12712
customer,12713
customer,12714
customer,12715
customer,12716
customer,12717
customer,12718
customer,12719
customer,12720
customer,12721
customer,12722
customer,12723
customer,12724
customer,12725
customer,12726
customer,12728
customer,12729
customer,12730
customer,12731
customer,12732
customer,12733
customer,12734
customer,12735
customer,12736
customer,12737
customer,12738
customer,12739
customer,12740
customer,12741
customer,12742
customer,12744
customer,12746
customer,12747
customer,12748
customer,12749
customer,12750
customer,12751
customer,12752
customer,12753
customer,12754
customer,12755
customer,12756
customer,12757
customer,12758
customer,12759
customer,12760
customer,12762
customer,12763
customer,12764
customer,12765
customer,12766
customer,12767
customer,12768
customer,12769
customer,12770
customer,12771
customer,12773
customer,12774
customer,12775
customer,12776
customer,12777
customer,12778
customer,12779
customer,12780
customer,12781
customer,12782
customer,12783
customer,12784
customer,12785
customer,12786
customer,12787
customer,12788
customer,12789
customer,12790
customer,12791
customer,12792
customer,12793
customer,12794
customer,12795
customer,12796
customer,12797
customer,12798
customer,12799
customer,12800
customer,12801
customer,12802
customer,12803
customer,12804
customer,12805
customer,12806
customer,12807
customer,12808
customer,12809
customer,12810
customer,12811
customer,12812
customer,12813
customer,12814
customer,12815
customer,12816
customer,12817
customer,12818
customer,12819
customer,12820
customer,12821
customer,12822
customer,12823
customer,12824
customer,12825
customer,12826
customer,12827
customer,12828
customer,12829
customer,12830
customer,12831
customer,12832
customer,12833
customer,12834
customer,12835
customer,12836
customer,12837
customer,12838
customer,12839
customer,12840
customer,12841
customer,12842
customer,12844
customer,12845
customer,12846
customer,12847
customer,12848
customer,12849
customer,12850
customer,12851
customer,12852
customer,12853
customer,12854
customer,12856
customer,12857
customer,12858
customer,12859
customer,12860
customer,12861
customer,12862
customer,12863
customer,12864
customer,12865
customer,12866
customer,12867
customer,12868
customer,12869
customer,12870
customer,12871
customer,12873
customer,12874
customer,12875
customer,12876
customer,12877
customer,12878
customer,12879
customer,12880
customer,12881
customer,12882
customer,12883
customer,12884
customer,12885
customer,12887
customer,12888
customer,12889
customer,12890
customer,12891
customer,12892
customer,12893
customer,12894
customer,12897
customer,12898
customer,12899
customer,12900
customer,12901
customer,12902
customer,12903
customer,12904
customer,12905
customer,12906
customer,12907
customer,12908
customer,12909
customer,12910
customer,12911
customer,12912
customer,12913
customer,12914
customer,12915
customer,12916
customer,12917
customer,12918
customer,12919
customer,12920
customer,12921
customer,12922
customer,12923
customer,12924
customer,12925
customer,12927
customer,12928
customer,12929
customer,12930
customer,12931
customer,12932
customer,12933
customer,12934
customer,12935
customer,12936
customer,12937
customer,12938
customer,12939
customer,12940
customer,12941
customer,12942
customer,12943
customer,12944
customer,12945
customer,12946
customer,12948
customer,12949
customer,12950
customer,12951
customer,12952
customer,12953
customer,12954
customer,12955
customer,12956
customer,12957
customer,12958
customer,12959
customer,12960
customer,12961
customer,12962
customer,12963
customer,12964
customer,12965
customer,12966
customer,12967
customer,12968
customer,12969
customer,12970
customer,12971
customer,12972
customer,12973
customer,12974
customer,12975
customer,12976
customer,12977
customer,12978
customer,12979
customer,12980
customer,12981
customer,12982
customer,12983
customer,12984
customer,12985
customer,12986
customer,12987
customer,12988
customer,12989
customer,12990
customer,12991
customer,12992
customer,12993
customer,12994
customer,12995
customer,12996
customer,12997
customer,12998
customer,12999
customer,13000
customer,13001
customer,13002
customer,13003
customer,13004
customer,13005
customer,13006
customer,13007
customer,13008
customer,13009
customer,13010
customer,13011
customer,13012
customer,13013
customer,13014
customer,13015
customer,13016
customer,13017
customer,13018
customer,13019
customer,13020
customer,13021
customer,13022
customer,13023
customer,13024
customer,13025
customer,13026
customer,13027
customer,13028
customer,13029
customer,13030
customer,13031
customer,13032
customer,13033
customer,13034
customer,13035
customer,13037
customer,13038
customer,13039
customer,13040
customer,13041
customer,13042
customer,13043
customer,13044
customer,13045
customer,13046
customer,13047
customer,13048
customer,13049
customer,13050
customer,13051
customer,13052
customer,13053
customer,13054
customer,13055
customer,13056
customer,13057
customer,13058
customer,13059
customer,13060
customer,13061
customer,13062
customer,13063
customer,13064
customer,13065
customer,13066
customer,13067
customer,13068
customer,13069
customer,13070
customer,13071
customer,13072
customer,13073
customer,13074
customer,13075
customer,13076
customer,13077
customer,13078
customer,13079
customer,13080
customer,13081
customer,13082
customer,13083
customer,13084
customer,13085
customer,13086
customer,13087
customer,13088
customer,13089
customer,13091
customer,13092
customer,13093
customer,13094
customer,13095
customer,13096
customer,13097
customer,13098
customer,13099
customer,13100
customer,13101
customer,13102
customer,13103
customer,13104
customer,13105
customer,13106
customer,13107
customer,13108
customer,13109
customer,13110
customer,13111
customer,13112
customer,13113
customer,13114
customer,13115
customer,13116
customer,13117
customer,13118
customer,13119
customer,13120
customer,13121
customer,13123
customer,13124
customer,13125
customer,13126
customer,13127
customer,13128
customer,13129
customer,13130
customer,13131
customer,13132
customer,13133
customer,13134
customer,13135
customer,13136
customer,13137
customer,13138
customer,13139
customer,13140
customer,13141
customer,13143
customer,13144
customer,13145
customer,13146
customer,13147
customer,13148
customer,13149
customer,13150
customer,13151
customer,13152
customer,13153
customer,13154
customer,13155
customer,13156
customer,13157
customer,13158
customer,13159
customer,13160
customer,13161
customer,13162
customer,13163
customer,13164
customer,13165
customer,13166
customer,13167
customer,13168
customer,13169
customer,13170
customer,13171
customer,13172
customer,13173
customer,13174
customer,13175
customer,13176
customer,13177
customer,13178
customer,13179
customer,13180
customer,13181
customer,13183
customer,13184
customer,13185
customer,13186
customer,13187
customer,13188
customer,13189
customer,13190
customer,13191
customer,13192
customer,13193
customer,13195
customer,13196
customer,13197
customer,13198
customer,13199
customer,13200
customer,13201
customer,13202
customer,13203
customer,13204
customer,13205
customer,13206
customer,13207
customer,13208
customer,13209
customer,13210
customer,13211
customer,13212
customer,13213
customer,13214
customer,13216
customer,13217
customer,13218
customer,13219
customer,13220
customer,13221
customer,13222
customer,13223
customer,13224
customer,13225
customer,13226
customer,13227
customer,13228
customer,13229
customer,13230
customer,13231
customer,13232
customer,13233
customer,13234
customer,13235
customer,13236
customer,13237
customer,13238
customer,13239
customer,13240
customer,13241
customer,13242
customer,13243
customer,13244
customer,13245
customer,13246
customer,13247
customer,13248
customer,13249
customer,13250
customer,13252
customer,13253
customer,13254
customer,13255
customer,13256
customer,13257
customer,13258
customer,13259
customer,13260
customer,13261
customer,13262
customer,13263
customer,13264
customer,13265
customer,13266
customer,13267
customer,13268
customer,13270
customer,13271
customer,13272
customer,13273
customer,13274
customer,13275
customer,13276
customer,13277
customer,13278
customer,13279
customer,13280
customer,13281
customer,13282
customer,13283
customer,13284
customer,13285
customer,13286
customer,13287
customer,13288
customer,13289
customer,13290
customer,13291
customer,13292
customer,13294
customer,13295
customer,13296
customer,13297
customer,13298
customer,13299
customer,13300
customer,13301
customer,13302
customer,13304
customer,13305
customer,13306
customer,13307
customer,13308
customer,13309
customer,13310
customer,13311
customer,13312
customer,13313
customer,13314
customer,13315
customer,13316
customer,13317
customer,13318
customer,13319
customer,13320
customer,13321
customer,13322
customer,13323
customer,13324
customer,13325
customer,13326
customer,13327
customer,13328
customer,13329
customer,13330
customer,13331
customer,13332
customer,13333
customer,13334
customer,13335
customer,13336
customer,13337
customer,13338
customer,13339
customer,13340
customer,13341
customer,13342
customer,13343
customer,13344
customer,13345
customer,13346
customer,13347
customer,13348
customer,13349
customer,13350
customer,13352
customer,13353
customer,13354
customer,13355
customer,13356
customer,13357
customer,13359
customer,13360
customer,13361
customer,13362
customer,13363
customer,13364
customer,13365
customer,13366
customer,13367
customer,13368
customer,13369
customer,13370
customer,13371
customer,13372
customer,13373
customer,13374
customer,13375
customer,13376
customer,13377
customer,13378
customer,13379
customer,13380
customer,13381
customer,13382
customer,13383
customer,13384
customer,13385
customer,13386
customer,13387
customer,13388
customer,13389
customer,13390
customer,13391
customer,13392
customer,13393
customer,13394
customer,13395
customer,13396
customer,13397
customer,13398
customer,13399
customer,13400
customer,13401
customer,13402
customer,13403
customer,13404
customer,13405
customer,13406
customer,13407
customer,13408
customer,13409
customer,13410
customer,13411
customer,13412
customer,13413
customer,13414
customer,13415
customer,13416
customer,13417
customer,13418
customer,13419
customer,13420
customer,13421
customer,13422
customer,13423
customer,13424
customer,13425
customer,13426
customer,13427
customer,13428
customer,13429
customer,13430
customer,13431
customer,13432
customer,13433
customer,13434
customer,13435
customer,13436
customer,13437
customer,13438
customer,13439
customer,13440
customer,13441
customer,13442
customer,13443
customer,13444
customer,13445
customer,13446
customer,13447
customer,13448
customer,13449
customer,13450
customer,13451
customer,13452
customer,13453
customer,13454
customer,13455
customer,13456
customer,13457
customer,13458
customer,13459
customer,13460
customer,13461
customer,13462
customer,13463
customer,13464
customer,13465
customer,13466
customer,13467
customer,13468
customer,13469
customer,13470
customer,13471
customer,13472
customer,13473
customer,13474
customer,13475
customer,13476
customer,13477
customer,13478
customer,13479
customer,13480
customer,13481
customer,13482
customer,13483
customer,13484
customer,13485
customer,13486
customer,13487
customer,13488
customer,13489
customer,13490
customer,13491
customer,13492
customer,13493
customer,13494
customer,13495
customer,13496
customer,13497
customer,13498
customer,13499
customer,13500
customer,13501
customer,13502
customer,13503
customer,13504
customer,13505
customer,13506
customer,13507
customer,13508
customer,13509
customer,13510
customer,13511
customer,13512
customer,13513
customer,13514
customer,13515
customer,13516
customer,13517
customer,13518
customer,13519
customer,13520
customer,13521
customer,13522
customer,13523
customer,13524
customer,13525
customer,13526
customer,13527
customer,13528
customer,13529
customer,13530
customer,13531
customer,13532
customer,13533
customer,13534
customer,13535
customer,13536
customer,13537
customer,13538
customer,13539
customer,13540
customer,13541
customer,13542
customer,13543
customer,13544
customer,13545
customer,13546
customer,13547
customer,13548
customer,13549
customer,13550
customer,13551
customer,13552
customer,13553
customer,13554
customer,13555
customer,13556
customer,13557
customer,13558
customer,13559
customer,13560
customer,13561
customer,13562
customer,13563
customer,13564
customer,13565
customer,13566
customer,13567
customer,13568
customer,13569
customer,13570
customer,13571
customer,13572
customer,13573
customer,13574
customer,13575
customer,13576
customer,13577
customer,13578
customer,13579
customer,13580
customer,13581
customer,13582
customer,13583
customer,13584
customer,13585
customer,13586
customer,13587
customer,13588
customer,13589
customer,13590
customer,13591
customer,13592
customer,13593
customer,13594
customer,13595
customer,13596
customer,13597
customer,13598
customer,13599
customer,13600
customer,13601
customer,13602
customer,13603
customer,13604
customer,13605
customer,13606
customer,13607
customer,13608
customer,13609
customer,13610
customer,13611
customer,13612
customer,13613
customer,13614
customer,13615
customer,13616
customer,13617
customer,13618
customer,13619
customer,13620
customer,13621
customer,13622
customer,13624
customer,13625
customer,13626
customer,13627
customer,13628
customer,13629
customer,13630
customer,13632
customer,13633
customer,13634
customer,13635
customer,13636
customer,13637
customer,13638
customer,13639
customer,13640
customer,13641
customer,13642
customer,13643
customer,13644
customer,13645
customer,13646
customer,13647
customer,13648
customer,13649
customer,13650
customer,13651
customer,13652
customer,13654
customer,13655
customer,13656
customer,13657
customer,13658
customer,13659
customer,13660
customer,13661
customer,13662
customer,13664
customer,13665
customer,13666
customer,13667
customer,13668
customer,13669
customer,13670
customer,13671
customer,13672
customer,13673
customer,13674
customer,13675
customer,13676
customer,13677
customer,13678
customer,13679
customer,13680
customer,13681
customer,13682
customer,13683
customer,13684
customer,13685
customer,13686
customer,13687
customer,13688
customer,13689
customer,13690
customer,13691
customer,13692
customer,13693
customer,13694
customer,13695
customer,13696
customer,13697
customer,13698
customer,13699
customer,13700
customer,13701
customer,13702
customer,13703
customer,13704
customer,13705
customer,13707
customer,13708
customer,13709
customer,13710
customer,13711
customer,13712
customer,13713
customer,13714
customer,13715
customer,13716
customer,13718
customer,13719
customer,13720
customer,13721
customer,13722
customer,13723
customer,13724
customer,13725
customer,13726
customer,13727
customer,13728
customer,13729
customer,13730
customer,13731
customer,13732
customer,13733
customer,13734
customer,13735
customer,13736
customer,13737
customer,13738
customer,13739
customer,13740
customer,13741
customer,13742
customer,13743
customer,13744
customer,13745
customer,13746
customer,13747
customer,13748
customer,13750
customer,13751
customer,13752
customer,13753
customer,13754
customer,13755
customer,13756
customer,13757
customer,13758
customer,13759
customer,13760
customer,13761
customer,13762
customer,13763
customer,13764
customer,13765
customer,13766
customer,13767
customer,13768
customer,13769
customer,13770
customer,13771
customer,13772
customer,13773
customer,13774
customer,13775
customer,13776
customer,13777
customer,13778
customer,13779
customer,13781
customer,13782
customer,13783
customer,13784
customer,13786
customer,13787
customer,13788
customer,13789
customer,13790
customer,13791
customer,13792
customer,13793
customer,13794
customer,13795
customer,13796
customer,13797
customer,13798
customer,13799
customer,13800
customer,13801
customer,13802
customer,13803
customer,13804
customer,13805
customer,13806
customer,13807
customer,13808
customer,13809
customer,13810
customer,13811
customer,13812
customer,13813
customer,13814
customer,13815
customer,13816
customer,13817
customer,13818
customer,13820
customer,13821
customer,13822
customer,13823
customer,13824
customer,13825
customer,13826
customer,13827
customer,13828
customer,13829
customer,13830
customer,13831
customer,13832
customer,13833
customer,13834
customer,13835
customer,13836
customer,13837
customer,13838
customer,13839
customer,13840
customer,13841
customer,13842
customer,13843
customer,13844
customer,13845
customer,13846
customer_address,0
customer_address,0
customer_address,1
customer_address,2
customer_address,3
customer_address,4
customer_address,5
customer_address,6
customer_address,7
customer_address,8
customer_address,9
customer_address,10
customer_address,11
customer_address,12
customer_address,13
customer_address,14
customer_address,15
customer_address,16
customer_address,17
customer_address,18
customer_address,19
customer_address,20
customer_address,21
customer_address,22
customer_address,23
customer_address,24
customer_address,25
customer_address,26
customer_address,27
customer_address,28
customer_address,29
customer_address,30
customer_address,31
customer_address,32
customer_address,33
customer_address,34
customer_address,35
customer_address,36
customer_address,37
customer_address,38
customer_address,39
customer_address,40
customer_address,41
customer_address,42
customer_address,43
customer_address,44
customer_address,45
customer_address,46
customer_address,47
customer_address,48
customer_address,49
customer_address,50
customer_address,51
customer_address,52
customer_address,53
customer_address,54
customer_address,55
customer_address,56
customer_address,57
customer_address,58
customer_address,59
customer_address,60
customer_address,61
customer_address,62
customer_address,63
customer_address,64
customer_address,65
customer_address,66
customer_address,67
customer_address,68
customer_address,69
customer_address,70
customer_address,71
customer_address,72
customer_address,73
customer_address,74
customer_address,75
customer_address,76
customer_address,77
customer_address,78
customer_address,79
customer_address,80
customer_address,81
customer_address,82
customer_address,83
customer_address,84
customer_address,85
customer_address,86
customer_address,87
customer_address,88
customer_address,89
customer_address,90
customer_address,91
customer_address,92
customer_address,93
customer_address,94
customer_address,95
customer_address,96
customer_address,97
customer_address,98
customer_address,99
customer_address,100
customer_address,101
customer_address,102
customer_address,103
customer_address,104
customer_address,105
customer_address,106
customer_address,107
customer_address,108
customer_address,109
customer_address,110
customer_address,111
customer_address,112
customer_address,113
customer_address,114
customer_address,115
customer_address,116
customer_address,117
customer_address,118
customer_address,119
customer_address,120
customer_address,121
customer_address,122
customer_address,123
customer_address,124
customer_address,125
customer_address,126
customer_address,127
customer_address,128
customer_address,129
customer_address,130
customer_address,131
customer_address,132
customer_address,133
customer_address,134
customer_address,135
customer_address,136
customer_address,137
customer_address,138
customer_address,139
customer_address,140
customer_address,141
customer_address,142
customer_address,143
customer_address,144
customer_address,145
customer_address,146
customer_address,147
customer_address,148
customer_address,149
customer_address,150
customer_address,151
customer_address,152
customer_address,153
customer_address,154
customer_address,155
customer_address,156
customer_address,157
customer_address,158
customer_address,159
customer_address,160
customer_address,161
customer_address,162
customer_address,163
customer_address,164
customer_address,165
customer_address,166
customer_address,167
customer_address,168
customer_address,169
customer_address,170
customer_address,171
customer_address,172
customer_address,173
customer_address,174
customer_address,175
customer_address,176
customer_address,177
customer_address,178
customer_address,179
customer_address,180
customer_address,181
customer_address,182
customer_address,183
customer_address,184
customer_address,185
customer_address,186
customer_address,187
customer_address,188
customer_address,189
customer_address,190
customer_address,191
customer_address,192
customer_address,193
customer_address,194
customer_address,195
customer_address,196
customer_address,197
customer_address,198
customer_address,199
customer_address,200
customer_address,201
customer_address,202
customer_address,203
customer_address,204
customer_address,205
customer_address,206
customer_address,207
customer_address,208
customer_address,209
customer_address,210
customer_address,211
customer_address,212
customer_address,213
customer_address,214
customer_address,215
customer_address,216
customer_address,217
customer_address,218
customer_address,219
customer_address,220
customer_address,221
customer_address,222
customer_address,223
customer_address,224
customer_address,225
customer_address,226
customer_address,227
customer_address,228
customer_address,229
customer_address,230
customer_address,231
customer_address,232
customer_address,233
customer_address,234
customer_address,235
customer_address,236
customer_address,237
customer_address,238
customer_address,239
customer_address,240
customer_address,241
customer_address,242
customer_address,243
customer_address,244
customer_address,245
customer_address,246
customer_address,247
customer_address,248
customer_address,249
customer_address,250
customer_address,251
customer_address,252
customer_address,253
customer_address,254
customer_address,255
customer_address,256
customer_address,257
customer_address,258
customer_address,259
customer_address,260
customer_address,261
customer_address,262
customer_address,263
customer_address,264
customer_address,265
customer_address,266
customer_address,267
customer_address,268
customer_address,269
customer_address,270
customer_address,271
customer_address,272
customer_address,273
customer_address,274
customer_address,275
customer_address,276
customer_address,277
customer_address,278
customer_address,279
customer_address,280
customer_address,281
customer_address,282
customer_address,283
customer_address,284
customer_address,285
customer_address,286
customer_address,287
customer_address,288
customer_address,289
customer_address,290
customer_address,291
customer_address,292
customer_address,293
customer_address,294
customer_address,295
customer_address,296
customer_address,297
customer_address,298
customer_address,299
customer_address,300
customer_address,301
customer_address,302
customer_address,303
customer_address,304
customer_address,305
customer_address,306
customer_address,307
customer_address,308
customer_address,309
customer_address,310
customer_address,311
customer_address,312
customer_address,313
customer_address,314
customer_address,315
customer_address,316
customer_address,317
customer_address,318
customer_address,319
customer_address,320
customer_address,321
customer_address,322
customer_address,323
customer_address,324
customer_address,325
customer_address,326
customer_address,327
customer_address,328
customer_address,329
customer_address,330
customer_address,331
customer_address,332
customer_address,333
customer_address,334
customer_address,335
customer_address,336
customer_address,337
customer_address,338
customer_address,339
customer_address,340
customer_address,341
customer_address,342
customer_address,343
customer_address,344
customer_address,345
customer_address,346
customer_address,347
customer_address,348
customer_address,349
customer_address,350
customer_address,351
customer_address,352
customer_address,353
customer_address,354
customer_address,355
customer_address,356
customer_address,357
customer_address,358
customer_address,359
customer_address,360
customer_address,361
customer_address,362
customer_address,363
customer_address,364
customer_address,365
customer_address,366
customer_address,367
customer_address,368
customer_address,369
customer_address,370
customer_address,371
customer_address,372
customer_address,373
customer_address,374
customer_address,375
customer_address,376
customer_address,377
customer_address,378
customer_address,379
customer_address,380
customer_address,381
customer_address,382
customer_address,383
customer_address,384
customer_address,385
customer_address,386
customer_address,387
customer_address,388
customer_address,389
customer_address,390
customer_address,391
customer_address,392
customer_address,393
customer_address,394
customer_address,395
customer_address,396
customer_address,397
customer_address,398
customer_address,399
customer_address,400
customer_address,401
customer_address,402
customer_address,403
customer_address,404
customer_address,405
customer_address,406
customer_address,407
customer_address,408
customer_address,409
customer_address,410
customer_address,411
customer_address,412
customer_address,413
customer_address,414
customer_address,415
customer_address,416
customer_address,417
customer_address,418
customer_address,419
customer_address,420
customer_address,421
customer_address,422
customer_address,423
customer_address,424
customer_address,425
customer_address,426
customer_address,427
customer_address,428
customer_address,429
customer_address,430
customer_address,431
customer_address,432
customer_address,433
customer_address,434
customer_address,435
customer_address,436
customer_address,437
customer_address,438
customer_address,439
customer_address,440
customer_address,441
customer_address,442
customer_address,443
customer_address,444
customer_address,445
customer_address,446
customer_address,447
customer_address,448
customer_address,449
customer_address,450
customer_address,451
customer_address,452
customer_address,453
customer_address,454
customer_address,455
customer_address,456
customer_address,457
customer_address,458
customer_address,459
customer_address,460
customer_address,461
customer_address,462
customer_address,463
customer_address,464
customer_address,465
customer_address,466
customer_address,467
customer_address,468
customer_address,469
customer_address,470
customer_address,471
customer_address,472
customer_address,473
customer_address,474
customer_address,475
customer_address,476
customer_address,477
customer_address,478
customer_address,479
customer_address,480
customer_address,481
customer_address,482
customer_address,483
customer_address,484
customer_address,485
customer_address,486
customer_address,487
customer_address,488
customer_address,489
customer_address,490
customer_address,491
customer_address,492
customer_address,493
customer_address,494
customer_address,495
customer_address,496
customer_address,497
customer_address,498
customer_address,499
customer_address,500
customer_address,501
customer_address,502
customer_address,503
customer_address,504
customer_address,505
customer_address,506
customer_address,507
customer_address,508
customer_address,509
customer_address,510
customer_address,511
customer_address,512
customer_address,513
customer_address,514
customer_address,515
customer_address,516
customer_address,517
customer_address,518
customer_address,519
customer_address,520
customer_address,521
customer_address,522
customer_address,523
customer_address,524
customer_address,525
customer_address,526
customer_address,527
customer_address,528
customer_address,529
customer_address,530
customer_address,531
customer_address,532
customer_address,533
customer_address,534
customer_address,535
customer_address,536
customer_address,537
customer_address,538
customer_address,539
customer_address,540
customer_address,541
customer_address,542
customer_address,543
customer_address,544
customer_address,545
customer_address,546
customer_address,547
customer_address,548
customer_address,549
customer_address,550
customer_address,551
customer_address,552
customer_address,553
customer_address,554
customer_address,555
customer_address,556
customer_address,557
customer_address,558
customer_address,559
customer_address,560
customer_address,561
customer_address,562
customer_address,563
customer_address,564
customer_address,565
customer_address,566
customer_address,567
customer_address,568
customer_address,569
customer_address,570
customer_address,571
customer_address,572
customer_address,573
customer_address,574
customer_address,575
customer_address,576
customer_address,577
customer_address,578
customer_address,579
customer_address,580
customer_address,581
customer_address,582
customer_address,583
customer_address,584
customer_address,585
customer_address,586
customer_address,587
customer_address,588
customer_address,589
customer_address,590
customer_address,591
customer_address,592
customer_address,593
customer_address,594
customer_address,595
customer_address,596
customer_address,597
customer_address,598
customer_address,599
customer_address,600
customer_address,601
customer_address,602
customer_address,603
customer_address,604
customer_address,605
customer_address,606
customer_address,607
customer_address,608
customer_address,609
customer_address,610
customer_address,611
customer_address,612
customer_address,613
customer_address,614
customer_address,615
customer_address,616
customer_address,617
customer_address,618
customer_address,619
customer_address,620
customer_address,621
customer_address,622
customer_address,623
customer_address,624
customer_address,625
customer_address,626
customer_address,627
customer_address,628
customer_address,629
customer_address,630
customer_address,631
customer_address,632
customer_address,633
customer_address,634
customer_address,635
customer_address,636
customer_address,637
customer_address,638
customer_address,639
customer_address,640
customer_address,641
customer_address,642
customer_address,643
customer_address,644
customer_address,645
customer_address,646
customer_address,647
customer_address,648
customer_address,649
customer_address,650
customer_address,651
customer_address,652
customer_address,653
customer_address,654
customer_address,655
customer_address,656
customer_address,657
customer_address,658
customer_address,659
customer_address,660
customer_address,661
customer_address,662
customer_address,663
customer_address,664
customer_address,665
customer_address,666
customer_address,667
customer_address,668
customer_address,669
customer_address,670
customer_address,671
customer_address,672
customer_address,673
customer_address,674
customer_address,675
customer_address,676
customer_address,677
customer_address,678
customer_address,679
customer_address,680
customer_address,681
customer_address,682
customer_address,683
customer_address,684
customer_address,685
customer_address,686
customer_address,687
customer_address,688
customer_address,689
customer_address,690
customer_address,691
customer_address,692
customer_address,693
customer_address,694
customer_address,695
customer_address,696
customer_address,697
customer_address,698
customer_address,699
customer_address,700
customer_address,701
customer_address,702
customer_address,703
customer_address,704
customer_address,705
customer_address,706
customer_address,707
customer_address,708
customer_address,709
customer_address,710
customer_address,711
customer_address,712
customer_address,713
customer_address,714
customer_address,715
customer_address,716
customer_address,717
customer_address,718
customer_address,719
customer_address,720
customer_address,721
customer_address,722
customer_address,723
customer_address,724
customer_address,725
customer_address,726
customer_address,727
customer_address,728
customer_address,729
customer_address,730
customer_address,731
customer_address,732
customer_address,733
customer_address,734
customer_address,735
customer_address,736
customer_address,737
customer_address,738
customer_address,739
customer_address,740
customer_address,741
customer_address,742
customer_address,743
customer_address,744
customer_address,745
customer_address,746
customer_address,747
customer_address,748
customer_address,749
customer_address,750
customer_address,751
customer_address,752
customer_address,753
customer_address,754
customer_address,755
customer_address,756
customer_address,757
customer_address,758
customer_address,759
customer_address,760
customer_address,761
customer_address,762
customer_address,763
customer_address,764
customer_address,765
customer_address,766
customer_address,767
customer_address,768
customer_address,769
customer_address,770
customer_address,771
customer_address,772
customer_address,773
customer_address,774
customer_address,775
customer_address,776
customer_address,777
customer_address,778
customer_address,779
customer_address,780
customer_address,781
customer_address,782
customer_address,783
customer_address,784
customer_address,785
customer_address,786
customer_address,787
customer_address,788
customer_address,789
customer_address,790
customer_address,791
customer_address,792
customer_address,793
customer_address,794
customer_address,795
customer_address,796
customer_address,797
customer_address,798
customer_address,799
customer_address,800
customer_address,801
customer_address,802
customer_address,803
customer_address,804
customer_address,805
customer_address,806
customer_address,807
customer_address,808
customer_address,809
customer_address,810
customer_address,811
customer_address,812
customer_address,813
customer_address,814
customer_address,815
customer_address,816
customer_address,817
customer_address,818
customer_address,819
customer_address,820
customer_address,821
customer_address,822
customer_address,823
customer_address,824
customer_address,825
customer_address,826
customer_address,827
customer_address,828
customer_address,829
customer_address,830
customer_address,831
customer_address,832
customer_address,833
customer_address,834
customer_address,835
customer_address,836
customer_address,837
customer_address,838
customer_address,839
customer_address,840
customer_address,841
customer_address,842
customer_address,843
customer_address,844
customer_address,845
customer_address,846
customer_address,847
customer_address,848
customer_address,849
customer_address,850
customer_address,851
customer_address,852
customer_address,853
customer_address,854
customer_address,855
customer_address,856
customer_address,857
customer_address,858
customer_address,859
customer_address,860
customer_address,861
customer_address,862
customer_address,863
customer_address,864
customer_address,865
customer_address,866
customer_address,867
customer_address,868
customer_address,869
customer_address,870
customer_address,871
customer_address,872
customer_address,873
customer_address,874
customer_address,875
customer_address,876
customer_address,877
customer_address,878
customer_address,879
customer_address,880
customer_address,881
customer_address,882
customer_address,883
customer_address,884
customer_address,885
customer_address,886
customer_address,887
customer_address,888
customer_address,889
customer_address,890
customer_address,891
customer_address,892
customer_address,893
customer_address,894
customer_address,895
customer_address,896
customer_address,897
customer_address,898
customer_address,899
customer_address,900
customer_address,901
customer_address,902
customer_address,903
customer_address,904
customer_address,905
customer_address,906
customer_address,907
customer_address,908
customer_address,909
customer_address,910
customer_address,911
customer_address,912
customer_address,913
customer_address,914
customer_address,915
customer_address,916
customer_address,917
customer_address,918
customer_address,919
customer_address,920
customer_address,921
customer_address,922
customer_address,923
customer_address,924
customer_address,925
customer_address,926
customer_address,927
customer_address,928
customer_address,929
customer_address,930
customer_address,931
customer_address,932
customer_address,933
customer_address,934
customer_address,935
customer_address,936
customer_address,937
customer_address,938
customer_address,939
customer_address,940
customer_address,941
customer_address,942
customer_address,943
customer_address,944
customer_address,945
customer_address,946
customer_address,947
customer_address,948
customer_address,949
customer_address,950
customer_address,951
customer_address,952
customer_address,953
customer_address,954
customer_address,955
customer_address,956
customer_address,957
customer_address,958
customer_address,959
customer_address,960
customer_address,961
customer_address,962
customer_address,963
customer_address,964
customer_address,965
customer_address,966
customer_address,967
customer_address,968
customer_address,969
customer_address,970
customer_address,971
customer_address,972
customer_address,973
customer_address,974
customer_address,975
customer_address,976
customer_address,977
customer_address,978
customer_address,979
customer_address,980
customer_address,981
customer_address,982
customer_address,983
customer_address,984
customer_address,985
customer_address,986
customer_address,987
customer_address,988
customer_address,989
customer_address,990
customer_address,991
customer_address,992
customer_address,993
customer_address,994
customer_address,995
customer_address,996
customer_address,997
customer_address,998
customer_address,999
customer_address,1000
customer_address,1001
customer_address,1002
customer_address,1003
customer_address,1004
customer_address,1005
customer_address,1006
customer_address,1007
customer_address,1008
customer_address,1009
customer_address,1010
customer_address,1011
customer_address,1012
customer_address,1013
customer_address,1014
customer_address,1015
customer_address,1016
customer_address,1017
customer_address,1018
customer_address,1019
customer_address,1020
customer_address,1021
customer_address,1022
customer_address,1023
customer_address,1024
customer_address,1025
customer_address,1026
customer_address,1027
customer_address,1028
customer_address,1029
customer_address,1030
customer_address,1031
customer_address,1032
customer_address,1033
customer_address,1034
customer_address,1035
customer_address,1036
customer_address,1037
customer_address,1038
customer_address,1039
customer_address,1040
customer_address,1041
customer_address,1042
customer_address,1043
customer_address,1044
customer_address,1045
customer_address,1046
customer_address,1047
customer_address,1048
customer_address,1049
customer_address,1050
customer_address,1051
customer_address,1052
customer_address,1053
customer_address,1054
customer_address,1055
customer_address,1056
customer_address,1057
customer_address,1058
customer_address,1059
customer_address,1060
customer_address,1061
customer_address,1062
customer_address,1063
customer_address,1064
customer_address,1065
customer_address,1066
customer_address,1067
customer_address,1068
customer_address,1069
customer_address,1070
customer_address,1071
customer_address,1072
customer_address,1073
customer_address,1074
customer_address,1075
customer_address,1076
customer_address,1077
customer_address,1078
customer_address,1079
customer_address,1080
customer_address,1081
customer_address,1082
customer_address,1083
customer_address,1084
customer_address,1085
customer_address,1086
customer_address,1087
customer_address,1088
customer_address,1089
customer_address,1090
customer_address,1091
customer_address,1092
customer_address,1093
customer_address,1094
customer_address,1095
customer_address,1096
customer_address,1097
customer_address,1098
customer_address,1099
customer_address,1100
customer_address,1101
customer_address,1102
customer_address,1103
customer_address,1104
customer_address,1105
customer_address,1106
customer_address,1107
customer_address,1108
customer_address,1109
customer_address,1110
customer_address,1111
customer_address,1112
customer_address,1113
customer_address,1114
customer_address,1115
customer_address,1116
customer_address,1117
customer_address,1118
customer_address,1119
customer_address,1120
customer_address,1121
customer_address,1122
customer_address,1123
customer_address,1124
customer_address,1125
customer_address,1126
customer_address,1127
customer_address,1128
customer_address,1129
customer_address,1130
customer_address,1131
customer_address,1132
customer_address,1133
customer_address,1134
customer_address,1135
customer_address,1136
customer_address,1137
customer_address,1138
customer_address,1139
customer_address,1140
customer_address,1141
customer_address,1142
customer_address,1143
customer_address,1144
customer_address,1145
customer_address,1146
customer_address,1147
customer_address,1148
customer_address,1149
customer_address,1150
customer_address,1151
customer_address,1152
customer_address,1153
customer_address,1154
customer_address,1155
customer_address,1156
customer_address,1157
customer_address,1158
customer_address,1159
customer_address,1160
customer_address,1161
customer_address,1162
customer_address,1163
customer_address,1164
customer_address,1165
customer_address,1166
customer_address,1167
customer_address,1168
customer_address,1169
customer_address,1170
customer_address,1171
customer_address,1172
customer_address,1173
customer_address,1174
customer_address,1175
customer_address,1176
customer_address,1177
customer_address,1178
customer_address,1179
customer_address,1180
customer_address,1181
customer_address,1182
customer_address,1183
customer_address,1184
customer_address,1185
customer_address,1186
customer_address,1187
customer_address,1188
customer_address,1189
customer_address,1190
customer_address,1191
customer_address,1192
customer_address,1193
customer_address,1194
customer_address,1195
customer_address,1196
customer_address,1197
customer_address,1198
customer_address,1199
customer_address,1200
customer_address,1201
customer_address,1202
customer_address,1203
customer_address,1204
customer_address,1205
customer_address,1206
customer_address,1207
customer_address,1208
customer_address,1209
customer_address,1210
customer_address,1211
customer_address,1212
customer_address,1213
customer_address,1214
customer_address,1215
customer_address,1216
customer_address,1217
customer_address,1218
customer_address,1219
customer_address,1220
customer_address,1221
customer_address,1222
customer_address,1223
customer_address,1224
customer_address,1225
customer_address,1226
customer_address,1227
customer_address,1228
customer_address,1229
customer_address,1230
customer_address,1231
customer_address,1232
customer_address,1233
customer_address,1234
customer_address,1235
customer_address,1236
customer_address,1237
customer_address,1238
customer_address,1239
customer_address,1240
customer_address,1241
customer_address,1242
customer_address,1243
customer_address,1244
customer_address,1245
customer_address,1246
customer_address,1247
customer_address,1248
customer_address,1249
customer_address,1250
customer_address,1251
customer_address,1252
customer_address,1253
customer_address,1254
customer_address,1255
customer_address,1256
customer_address,1257
customer_address,1258
customer_address,1259
customer_address,1260
customer_address,1261
customer_address,1262
customer_address,1263
customer_address,1264
customer_address,1265
customer_address,1266
customer_address,1267
customer_address,1268
customer_address,1269
customer_address,1270
customer_address,1271
customer_address,1272
customer_address,1273
customer_address,1274
customer_address,1275
customer_address,1276
customer_address,1277
customer_address,1278
customer_address,1279
customer_address,1280
customer_address,1281
customer_address,1282
customer_address,1283
customer_address,1284
customer_address,1285
customer_address,1286
customer_address,1287
customer_address,1288
customer_address,1289
customer_address,1290
customer_address,1291
customer_address,1292
customer_address,1293
customer_address,1294
customer_address,1295
customer_address,1296
customer_address,1297
customer_address,1298
customer_address,1299
customer_address,1300
customer_address,1301
customer_address,1302
customer_address,1303
customer_address,1304
customer_address,1305
customer_address,1306
customer_address,1307
customer_address,1308
customer_address,1309
customer_address,1310
customer_address,1311
customer_address,1312
customer_address,1313
customer_address,1314
customer_address,1315
customer_address,1316
customer_address,1317
customer_address,1318
customer_address,1319
customer_address,1320
customer_address,1321
customer_address,1322
customer_address,1323
customer_address,1324
customer_address,1325
customer_address,1326
customer_address,1327
customer_address,1328
customer_address,1329
customer_address,1330
customer_address,1331
customer_address,1332
customer_address,1333
customer_address,1334
customer_address,1335
customer_address,1336
customer_address,1337
customer_address,1338
customer_address,1339
customer_address,1340
customer_address,1341
customer_address,1342
customer_address,1343
customer_address,1344
customer_address,1345
customer_address,1346
customer_address,1347
customer_address,1348
customer_address,1349
customer_address,1350
customer_address,1351
customer_address,1352
customer_address,1353
customer_address,1354
customer_address,1355
customer_address,1356
customer_address,1357
customer_address,1358
customer_address,1359
customer_address,1360
customer_address,1361
customer_address,1362
customer_address,1363
customer_address,1364
customer_address,1365
customer_address,1366
customer_address,1367
customer_address,1368
customer_address,1369
customer_address,1370
customer_address,1371
customer_address,1372
customer_address,1373
customer_address,1374
customer_address,1375
customer_address,1376
customer_address,1377
customer_address,1378
customer_address,1379
customer_address,1380
customer_address,1381
customer_address,1382
customer_address,1383
customer_address,1384
customer_address,1385
customer_address,1386
customer_address,1387
customer_address,1388
customer_address,1389
customer_address,1390
customer_address,1391
customer_address,1392
customer_address,1393
customer_address,1394
customer_address,1395
customer_address,1396
customer_address,1397
customer_address,1398
customer_address,1399
customer_address,1400
customer_address,1401
customer_address,1402
customer_address,1403
customer_address,1404
customer_address,1405
customer_address,1406
customer_address,1407
customer_address,1408
customer_address,1409
customer_address,1410
customer_address,1411
customer_address,1412
customer_address,1413
customer_address,1414
customer_address,1415
customer_address,1416
customer_address,1417
customer_address,1418
customer_address,1419
customer_address,1420
customer_address,1421
customer_address,1422
customer_address,1423
customer_address,1424
customer_address,1425
customer_address,1426
customer_address,1427
customer_address,1428
customer_address,1429
customer_address,1430
customer_address,1431
customer_address,1432
customer_address,1433
customer_address,1434
customer_address,1435
customer_address,1436
customer_address,1437
customer_address,1438
customer_address,1439
customer_address,1440
customer_address,1441
customer_address,1442
customer_address,1443
customer_address,1444
customer_address,1445
customer_address,1446
customer_address,1447
customer_address,1448
customer_address,1449
customer_address,1450
customer_address,1451
customer_address,1452
customer_address,1453
customer_address,1454
customer_address,1455
customer_address,1456
customer_address,1457
customer_address,1458
customer_address,1459
customer_address,1460
customer_address,1461
customer_address,1462
customer_address,1463
customer_address,1464
customer_address,1465
customer_address,1466
customer_address,1467
customer_address,1468
customer_address,1469
customer_address,1470
customer_address,1471
customer_address,1472
customer_address,1473
customer_address,1474
customer_address,1475
customer_address,1476
customer_address,1477
customer_address,1478
customer_address,1479
customer_address,1480
customer_address,1481
customer_address,1482
customer_address,1483
customer_address,1484
customer_address,1485
customer_address,1486
customer_address,1487
customer_address,1488
customer_address,1489
customer_address,1490
customer_address,1491
customer_address,1492
customer_address,1493
customer_address,1494
customer_address,1495
customer_address,1496
customer_address,1497
customer_address,1498
customer_address,1499
customer_address,1500
customer_address,1501
customer_address,1502
customer_address,1503
customer_address,1504
customer_address,1505
customer_address,1506
customer_address,1507
customer_address,1508
customer_address,1509
customer_address,1510
customer_address,1511
customer_address,1512
customer_address,1513
customer_address,1514
customer_address,1515
customer_address,1516
customer_address,1517
customer_address,1518
customer_address,1519
customer_address,1520
customer_address,1521
customer_address,1522
customer_address,1523
customer_address,1524
customer_address,1525
customer_address,1526
customer_address,1527
customer_address,1528
customer_address,1529
customer_address,1530
customer_address,1531
customer_address,1532
customer_address,1533
customer_address,1534
customer_address,1535
customer_address,1536
customer_address,1537
customer_address,1538
customer_address,1539
customer_address,1540
customer_address,1541
customer_address,1542
customer_address,1543
customer_address,1544
customer_address,1545
customer_address,1546
customer_address,1547
customer_address,1548
customer_address,1549
customer_address,1550
customer_address,1551
customer_address,1552
customer_address,1553
customer_address,1554
customer_address,1555
customer_address,1556
customer_address,1557
customer_address,1558
customer_address,1559
customer_address,1560
customer_address,1561
customer_address,1562
customer_address,1563
customer_address,1564
customer_address,1565
customer_address,1566
customer_address,1567
customer_address,1568
customer_address,1569
customer_address,1570
customer_address,1571
customer_address,1572
customer_address,1573
customer_address,1574
customer_address,1575
customer_address,1576
customer_address,1577
customer_address,1578
customer_address,1579
customer_address,1580
customer_address,1581
customer_address,1582
customer_address,1583
customer_address,1584
customer_address,1585
customer_address,1586
customer_address,1587
customer_address,1588
customer_address,1589
customer_address,1590
customer_address,1591
customer_address,1592
customer_address,1593
customer_address,1594
customer_address,1595
customer_address,1596
customer_address,1597
customer_address,1598
customer_address,1599
customer_address,1600
customer_address,1601
customer_address,1602
customer_address,1603
customer_address,1604
customer_address,1605
customer_address,1606
customer_address,1607
customer_address,1608
customer_address,1609
customer_address,1610
customer_address,1611
customer_address,1612
customer_address,1613
customer_address,1614
customer_address,1615
customer_address,1616
customer_address,1617
customer_address,1618
customer_address,1619
customer_address,1620
customer_address,1621
customer_address,1622
customer_address,1623
customer_address,1624
customer_address,1625
customer_address,1626
customer_address,1627
customer_address,1628
customer_address,1629
customer_address,1630
customer_address,1631
customer_address,1632
customer_address,1633
customer_address,1634
customer_address,1635
customer_address,1636
customer_address,1637
customer_address,1638
customer_address,1639
customer_address,1640
customer_address,1641
customer_address,1642
customer_address,1643
customer_address,1644
customer_address,1645
customer_address,1646
customer_address,1647
customer_address,1648
customer_address,1649
customer_address,1650
customer_address,1651
customer_address,1652
customer_address,1653
customer_address,1654
customer_address,1655
customer_address,1656
customer_address,1657
customer_address,1658
customer_address,1659
customer_address,1660
customer_address,1661
customer_address,1662
customer_address,1663
customer_address,1664
customer_address,1665
customer_address,1666
customer_address,1667
customer_address,1668
customer_address,1669
customer_address,1670
customer_address,1671
customer_address,1672
customer_address,1673
customer_address,1674
customer_address,1675
customer_address,1676
customer_address,1677
customer_address,1678
customer_address,1679
customer_address,1680
customer_address,1681
customer_address,1682
customer_address,1683
customer_address,1684
customer_address,1685
customer_address,1686
customer_address,1687
customer_address,1688
customer_address,1689
customer_address,1690
customer_address,1691
customer_address,1692
customer_address,1693
customer_address,1694
customer_address,1695
customer_address,1696
customer_address,1697
customer_address,1698
customer_address,1699
customer_address,1700
customer_address,1701
customer_address,1702
customer_address,1703
customer_address,1704
customer_address,1705
customer_address,1706
customer_address,1707
customer_address,1708
customer_address,1709
customer_address,1710
customer_address,1711
customer_address,1712
customer_address,1713
customer_address,1714
customer_address,1715
customer_address,1716
customer_address,1717
customer_address,1718
customer_address,1719
customer_address,1720
customer_address,1721
customer_address,1722
customer_address,1723
customer_address,1724
customer_address,1726
customer_address,1727
customer_address,1728
customer_address,1729
customer_address,1730
customer_address,1731
customer_address,1732
customer_address,1733
customer_address,1734
customer_address,1735
customer_address,1736
customer_address,1737
customer_address,1738
customer_address,1739
customer_address,1740
customer_address,1741
customer_address,1742
customer_address,1743
customer_address,1744
customer_address,1745
customer_address,1746
customer_address,1747
customer_address,1748
customer_address,1749
customer_address,1750
customer_address,1751
customer_address,1752
customer_address,1753
customer_address,1754
customer_address,1755
customer_address,1756
customer_address,1757
customer_address,1758
customer_address,1759
customer_address,1760
customer_address,1761
customer_address,1762
customer_address,1763
customer_address,1764
customer_address,1765
customer_address,1766
customer_address,1767
customer_address,1768
customer_address,1769
customer_address,1770
customer_address,1771
customer_address,1772
customer_address,1773
customer_address,1774
customer_address,1775
customer_address,1776
customer_address,1777
customer_address,1778
customer_address,1779
customer_address,1780
customer_address,1781
customer_address,1782
customer_address,1783
customer_address,1784
customer_address,1785
customer_address,1786
customer_address,1787
customer_address,1788
customer_address,1789
customer_address,1790
customer_address,1791
customer_address,1792
customer_address,1793
customer_address,1794
customer_address,1795
customer_address,1796
customer_address,1797
customer_address,1798
customer_address,1799
customer_address,1800
customer_address,1801
customer_address,1802
customer_address,1803
customer_address,1804
customer_address,1805
customer_address,1806
customer_address,1807
customer_address,1808
customer_address,1809
customer_address,1810
customer_address,1811
customer_address,1812
customer_address,1813
customer_address,1814
customer_address,1815
customer_address,1816
customer_address,1817
customer_address,1818
customer_address,1819
customer_address,1820
customer_address,1821
customer_address,1822
customer_address,1823
customer_address,1824
customer_address,1825
customer_address,1826
customer_address,1827
customer_address,1828
customer_address,1829
customer_address,1830
customer_address,1831
customer_address,1832
customer_address,1833
customer_address,1834
customer_address,1835
customer_address,1836
customer_address,1837
customer_address,1838
customer_address,1839
customer_address,1840
customer_address,1841
customer_address,1842
customer_address,1843
customer_address,1844
customer_address,1845
customer_address,1846
customer_address,1847
customer_address,1848
customer_address,1849
customer_address,1850
customer_address,1851
customer_address,1852
customer_address,1853
customer_address,1854
customer_address,1855
customer_address,1856
customer_address,1857
customer_address,1858
customer_address,1859
customer_address,1860
customer_address,1861
customer_address,1862
customer_address,1863
customer_address,1864
customer_address,1865
customer_address,1866
customer_address,1867
customer_address,1868
customer_address,1869
customer_address,1870
customer_address,1871
customer_address,1872
customer_address,1873
customer_address,1874
customer_address,1875
customer_address,1876
customer_address,1877
customer_address,1878
customer_address,1879
customer_address,1880
customer_address,1881
customer_address,1882
customer_address,1883
customer_address,1884
customer_address,1885
customer_address,1886
customer_address,1887
customer_address,1888
customer_address,1889
customer_address,1890
customer_address,1891
customer_address,1892
customer_address,1893
customer_address,1894
customer_address,1895
customer_address,1896
customer_address,1897
customer_address,1898
customer_address,1899
customer_address,1900
customer_address,1901
customer_address,1902
customer_address,1903
customer_address,1904
customer_address,1905
customer_address,1906
customer_address,1907
customer_address,1908
customer_address,1909
customer_address,1910
customer_address,1911
customer_address,1912
customer_address,1913
customer_address,1914
customer_address,1915
customer_address,1916
customer_address,1917
customer_address,1918
customer_address,1919
customer_address,1920
customer_address,1921
customer_address,1922
customer_address,1923
customer_address,1924
customer_address,1925
customer_address,1926
customer_address,1927
customer_address,1928
customer_address,1929
customer_address,1930
customer_address,1931
customer_address,1932
customer_address,1933
customer_address,1934
customer_address,1935
customer_address,1936
customer_address,1937
customer_address,1938
customer_address,1939
customer_address,1940
customer_address,1941
customer_address,1942
customer_address,1943
customer_address,1944
customer_address,1945
customer_address,1946
customer_address,1947
customer_address,1948
customer_address,1949
customer_address,1950
customer_address,1951
customer_address,1952
customer_address,1953
customer_address,1954
customer_address,1955
customer_address,1956
customer_address,1957
customer_address,1958
customer_address,1959
customer_address,1960
customer_address,1961
customer_address,1962
customer_address,1963
customer_address,1964
customer_address,1965
customer_address,1966
customer_address,1967
customer_address,1968
customer_address,1969
customer_address,1970
customer_address,1971
customer_address,1972
customer_address,1973
customer_address,1974
customer_address,1975
customer_address,1976
customer_address,1977
customer_address,1978
customer_address,1979
customer_address,1980
customer_address,1981
customer_address,1982
customer_address,1983
customer_address,1984
customer_address,1985
customer_address,1986
customer_address,1987
customer_address,1988
customer_address,1989
customer_address,1990
customer_address,1991
customer_address,1992
customer_address,1993
customer_address,1994
customer_address,1995
customer_address,1996
customer_address,1997
customer_address,1998
customer_address,1999
customer_address,2000
customer_address,2001
customer_address,2002
customer_address,2003
customer_address,2004
customer_address,2005
customer_address,2006
customer_address,2007
customer_address,2008
customer_address,2009
customer_address,2010
customer_address,2011
customer_address,2012
customer_address,2013
customer_address,2014
customer_address,2015
customer_address,2016
customer_address,2017
customer_address,2018
customer_address,2019
customer_address,2020
customer_address,2021
customer_address,2022
customer_address,2023
customer_address,2024
customer_address,2025
customer_address,2026
customer_address,2027
customer_address,2028
customer_address,2029
customer_address,2030
customer_address,2031
customer_address,2032
customer_address,2033
customer_address,2034
customer_address,2035
customer_address,2036
customer_address,2037
customer_address,2038
customer_address,2039
customer_address,2040
customer_address,2041
customer_address,2042
customer_address,2043
customer_address,2044
customer_address,2045
customer_address,2046
customer_address,2047
customer_address,2048
customer_address,2049
customer_address,2050
customer_address,2051
customer_address,2052
customer_address,2053
customer_address,2054
customer_address,2055
customer_address,2056
customer_address,2057
customer_address,2058
customer_address,2059
customer_address,2060
customer_address,2061
customer_address,2062
customer_address,2063
customer_address,2064
customer_address,2065
customer_address,2066
customer_address,2067
customer_address,2068
customer_address,2069
customer_address,2070
customer_address,2071
customer_address,2072
customer_address,2073
customer_address,2074
customer_address,2075
customer_address,2076
customer_address,2077
customer_address,2078
customer_address,2079
customer_address,2080
customer_address,2081
customer_address,2082
customer_address,2083
customer_address,2084
customer_address,2085
customer_address,2086
customer_address,2087
customer_address,2088
customer_address,2089
customer_address,2090
customer_address,2091
customer_address,2092
customer_address,2093
customer_address,2094
customer_address,2095
customer_address,2096
customer_address,2097
customer_address,2098
customer_address,2099
customer_address,2100
customer_address,2101
customer_address,2102
customer_address,2103
customer_address,2104
customer_address,2105
customer_address,2106
customer_address,2107
customer_address,2108
customer_address,2109
customer_address,2110
customer_address,2111
customer_address,2112
customer_address,2113
customer_address,2114
customer_address,2115
customer_address,2116
customer_address,2117
customer_address,2118
customer_address,2119
customer_address,2120
customer_address,2121
customer_address,2122
customer_address,2123
customer_address,2124
customer_address,2125
customer_address,2126
customer_address,2127
customer_address,2128
customer_address,2129
customer_address,2130
customer_address,2131
customer_address,2132
customer_address,2133
customer_address,2134
customer_address,2135
customer_address,2136
customer_address,2137
customer_address,2138
customer_address,2139
customer_address,2140
customer_address,2141
customer_address,2142
customer_address,2143
customer_address,2144
customer_address,2145
customer_address,2146
customer_address,2147
customer_address,2148
customer_address,2149
customer_address,2150
customer_address,2151
customer_address,2152
customer_address,2153
customer_address,2154
customer_address,2155
customer_address,2156
customer_address,2157
customer_address,2158
customer_address,2159
customer_address,2160
customer_address,2161
customer_address,2162
customer_address,2163
customer_address,2164
customer_address,2165
customer_address,2166
customer_address,2167
customer_address,2168
customer_address,2169
customer_address,2170
customer_address,2171
customer_address,2172
customer_address,2173
customer_address,2174
customer_address,2175
customer_address,2176
customer_address,2177
customer_address,2178
customer_address,2179
customer_address,2180
customer_address,2181
customer_address,2182
customer_address,2183
customer_address,2184
customer_address,2185
customer_address,2186
customer_address,2187
customer_address,2188
customer_address,2189
customer_address,2190
customer_address,2191
customer_address,2192
customer_address,2193
customer_address,2194
customer_address,2195
customer_address,2196
customer_address,2197
customer_address,2198
customer_address,2199
customer_address,2200
customer_address,2201
customer_address,2202
customer_address,2203
customer_address,2204
customer_address,2205
customer_address,2206
customer_address,2207
customer_address,2208
customer_address,2209
customer_address,2210
customer_address,2211
customer_address,2212
customer_address,2213
customer_address,2214
customer_address,2215
customer_address,2216
customer_address,2217
customer_address,2218
customer_address,2219
customer_address,2220
customer_address,2221
customer_address,2222
customer_address,2223
customer_address,2224
customer_address,2225
customer_address,2226
customer_address,2227
customer_address,2228
customer_address,2229
customer_address,2230
customer_address,2231
customer_address,2232
customer_address,2233
customer_address,2234
customer_address,2235
customer_address,2236
customer_address,2237
customer_address,2238
customer_address,2239
customer_address,2240
customer_address,2241
customer_address,2242
customer_address,2243
customer_address,2244
customer_address,2245
customer_address,2246
customer_address,2247
customer_address,2248
customer_address,2249
customer_address,2250
customer_address,2251
customer_address,2252
customer_address,2253
customer_address,2254
customer_address,2255
customer_address,2256
customer_address,2257
customer_address,2258
customer_address,2259
customer_address,2260
customer_address,2261
customer_address,2262
customer_address,2263
customer_address,2264
customer_address,2265
customer_address,2266
customer_address,2267
customer_address,2268
customer_address,2269
customer_address,2270
customer_address,2271
customer_address,2272
customer_address,2273
customer_address,2274
customer_address,2275
customer_address,2276
customer_address,2277
customer_address,2278
customer_address,2279
customer_address,2280
customer_address,2281
customer_address,2282
customer_address,2283
customer_address,2284
customer_address,2285
customer_address,2286
customer_address,2287
customer_address,2288
customer_address,2289
customer_address,2290
customer_address,2291
customer_address,2292
customer_address,2293
customer_address,2294
customer_address,2295
customer_address,2296
customer_address,2297
customer_address,2298
customer_address,2299
customer_address,2300
customer_address,2301
customer_address,2302
customer_address,2303
customer_address,2304
customer_address,2305
customer_address,2306
customer_address,2307
customer_address,2308
customer_address,2309
customer_address,2310
customer_address,2311
customer_address,2312
customer_address,2313
customer_address,2314
customer_address,2315
customer_address,2316
customer_address,2317
customer_address,2318
customer_address,2319
customer_address,2320
customer_address,2321
customer_address,2322
customer_address,2323
customer_address,2324
customer_address,2325
customer_address,2326
customer_address,2327
customer_address,2328
customer_address,2329
customer_address,2330
customer_address,2331
customer_address,2332
customer_address,2333
customer_address,2334
customer_address,2335
customer_address,2336
customer_address,2337
customer_address,2338
customer_address,2339
customer_address,2340
customer_address,2341
customer_address,2342
customer_address,2343
customer_address,2344
customer_address,2345
customer_address,2346
customer_address,2347
customer_address,2348
customer_address,2349
customer_address,2350
customer_address,2351
customer_address,2352
customer_address,2353
customer_address,2354
customer_address,2355
customer_address,2356
customer_address,2357
customer_address,2358
customer_address,2359
customer_address,2360
customer_address,2361
customer_address,2362
customer_address,2363
customer_address,2364
customer_address,2365
customer_address,2366
customer_address,2367
customer_address,2368
customer_address,2369
customer_address,2370
customer_address,2371
customer_address,2372
customer_address,2373
customer_address,2374
customer_address,2375
customer_address,2376
customer_address,2377
customer_address,2378
customer_address,2379
customer_address,2380
customer_address,2381
customer_address,2382
customer_address,2383
customer_address,2384
customer_address,2385
customer_address,2386
customer_address,2387
customer_address,2388
customer_address,2389
customer_address,2390
customer_address,2391
customer_address,2392
customer_address,2393
customer_address,2394
customer_address,2395
customer_address,2396
customer_address,2397
customer_address,2398
customer_address,2399
customer_address,2400
customer_address,2401
customer_address,2402
customer_address,2403
customer_address,2404
customer_address,2405
customer_address,2406
customer_address,2407
customer_address,2408
customer_address,2409
customer_address,2410
customer_address,2411
customer_address,2412
customer_address,2413
customer_address,2414
customer_address,2415
customer_address,2416
customer_address,2417
customer_address,2418
customer_address,2419
customer_address,2420
customer_address,2421
customer_address,2422
customer_address,2423
customer_address,2424
customer_address,2425
customer_address,2426
customer_address,2427
customer_address,2428
customer_address,2429
customer_address,2430
customer_address,2431
customer_address,2432
customer_address,2433
customer_address,2434
customer_address,2435
customer_address,2436
customer_address,2437
customer_address,2438
customer_address,2439
customer_address,2440
customer_address,2441
customer_address,2442
customer_address,2443
customer_address,2444
customer_address,2445
customer_address,2446
customer_address,2447
customer_address,2448
customer_address,2449
customer_address,2450
customer_address,2451
customer_address,2452
customer_address,2453
customer_address,2454
customer_address,2455
customer_address,2456
customer_address,2457
customer_address,2458
customer_address,2459
customer_address,2460
customer_address,2461
customer_address,2462
customer_address,2463
customer_address,2464
customer_address,2465
customer_address,2466
customer_address,2467
customer_address,2468
customer_address,2469
customer_address,2470
customer_address,2471
customer_address,2472
customer_address,2473
customer_address,2474
customer_address,2475
customer_address,2476
customer_address,2477
customer_address,2478
customer_address,2479
customer_address,2480
customer_address,2481
customer_address,2482
customer_address,2483
customer_address,2484
customer_address,2485
customer_address,2486
customer_address,2487
customer_address,2488
customer_address,2489
customer_address,2490
customer_address,2491
customer_address,2492
customer_address,2493
customer_address,2494
customer_address,2495
customer_address,2496
customer_address,2497
customer_address,2498
customer_address,2499
customer_address,2500
customer_address,2501
customer_address,2502
customer_address,2503
customer_address,2504
customer_address,2505
customer_address,2506
customer_address,2507
customer_address,2508
customer_address,2509
customer_address,2510
customer_address,2511
customer_address,2512
customer_address,2513
customer_address,2514
customer_address,2515
customer_address,2516
customer_address,2517
customer_address,2518
customer_address,2519
customer_address,2520
customer_address,2521
customer_address,2522
customer_address,2523
customer_address,2524
customer_address,2525
customer_address,2526
customer_address,2527
customer_address,2528
customer_address,2529
customer_address,2530
customer_address,2531
customer_address,2532
customer_address,2533
customer_address,2534
customer_address,2535
customer_address,2536
customer_address,2537
customer_address,2538
customer_address,2539
customer_address,2540
customer_address,2541
customer_address,2542
customer_address,2543
customer_address,2544
customer_address,2545
customer_address,2546
customer_address,2547
customer_address,2548
customer_address,2549
customer_address,2550
customer_address,2551
customer_address,2552
customer_address,2553
customer_address,2554
customer_address,2555
customer_address,2556
customer_address,2557
customer_address,2558
customer_address,2559
customer_address,2560
customer_address,2561
customer_address,2562
customer_address,2563
customer_address,2564
customer_address,2565
customer_address,2566
customer_address,2567
customer_address,2568
customer_address,2569
customer_address,2570
customer_address,2571
customer_address,2572
customer_address,2573
customer_address,2574
customer_address,2575
customer_address,2576
customer_address,2577
customer_address,2578
customer_address,2579
customer_address,2580
customer_address,2581
customer_address,2582
customer_address,2583
customer_address,2584
customer_address,2585
customer_address,2586
customer_address,2587
customer_address,2588
customer_address,2589
customer_address,2590
customer_address,2591
customer_address,2592
customer_address,2593
customer_address,2594
customer_address,2595
customer_address,2596
customer_address,2597
customer_address,2598
customer_address,2599
customer_address,2600
customer_address,2601
customer_address,2602
customer_address,2603
customer_address,2604
customer_address,2605
customer_address,2606
customer_address,2607
customer_address,2608
customer_address,2609
customer_address,2610
customer_address,2611
customer_address,2612
customer_address,2613
customer_address,2614
customer_address,2615
customer_address,2616
customer_address,2617
customer_address,2618
customer_address,2619
customer_address,2620
customer_address,2621
customer_address,2622
customer_address,2623
customer_address,2624
customer_address,2625
customer_address,2626
customer_address,2627
customer_address,2628
customer_address,2629
customer_address,2630
customer_address,2631
customer_address,2632
customer_address,2633
customer_address,2634
customer_address,2635
customer_address,2636
customer_address,2637
customer_address,2638
customer_address,2639
customer_address,2640
customer_address,2641
customer_address,2642
customer_address,2643
customer_address,2644
customer_address,2645
customer_address,2646
customer_address,2647
customer_address,2648
customer_address,2649
customer_address,2650
customer_address,2651
customer_address,2652
customer_address,2653
customer_address,2654
customer_address,2655
customer_address,2656
customer_address,2657
customer_address,2658
customer_address,2659
customer_address,2660
customer_address,2661
customer_address,2662
customer_address,2663
customer_address,2664
customer_address,2665
customer_address,2666
customer_address,2667
customer_address,2668
customer_address,2669
customer_address,2670
customer_address,2671
customer_address,2672
customer_address,2673
customer_address,2674
customer_address,2675
customer_address,2676
customer_address,2677
customer_address,2678
customer_address,2679
customer_address,2680
customer_address,2681
customer_address,2682
customer_address,2683
customer_address,2684
customer_address,2685
customer_address,2686
customer_address,2687
customer_address,2688
customer_address,2689
customer_address,2690
customer_address,2691
customer_address,2692
customer_address,2693
customer_address,2694
customer_address,2695
customer_address,2696
customer_address,2697
customer_address,2698
customer_address,2699
customer_address,2700
customer_address,2701
customer_address,2702
customer_address,2703
customer_address,2704
customer_address,2705
customer_address,2706
customer_address,2707
customer_address,2708
customer_address,2709
customer_address,2710
customer_address,2711
customer_address,2712
customer_address,2713
customer_address,2714
customer_address,2715
customer_address,2716
customer_address,2717
customer_address,2718
customer_address,2719
customer_address,2720
customer_address,2721
customer_address,2722
customer_address,2723
customer_address,2724
customer_address,2725
customer_address,2726
customer_address,2727
customer_address,2728
customer_address,2729
customer_address,2730
customer_address,2731
customer_address,2732
customer_address,2733
customer_address,2734
customer_address,2735
customer_address,2736
customer_address,2737
customer_address,2738
customer_address,2739
customer_address,2740
customer_address,2741
customer_address,2742
customer_address,2743
customer_address,2744
customer_address,2745
customer_address,2746
customer_address,2747
customer_address,2748
customer_address,2749
customer_address,2750
customer_address,2751
customer_address,2752
customer_address,2753
customer_address,2754
customer_address,2755
customer_address,2756
customer_address,2757
customer_address,2758
customer_address,2759
customer_address,2760
customer_address,2761
customer_address,2762
customer_address,2763
customer_address,2764
customer_address,2765
customer_address,2766
customer_address,2767
customer_address,2768
customer_address,2769
customer_address,2770
customer_address,2771
customer_address,2772
customer_address,2773
customer_address,2774
customer_address,2775
customer_address,2776
customer_address,2777
customer_address,2778
customer_address,2779
customer_address,2780
customer_address,2781
customer_address,2782
customer_address,2783
customer_address,2784
customer_address,2785
customer_address,2786
customer_address,2787
customer_address,2788
customer_address,2789
customer_address,2790
customer_address,2791
customer_address,2792
customer_address,2793
customer_address,2794
customer_address,2795
customer_address,2796
customer_address,2797
customer_address,2798
customer_address,2799
customer_address,2800
customer_address,2801
customer_address,2802
customer_address,2803
customer_address,2804
customer_address,2805
customer_address,2806
customer_address,2807
customer_address,2808
customer_address,2809
customer_address,2810
customer_address,2811
customer_address,2812
customer_address,2813
customer_address,2814
customer_address,2815
customer_address,2816
customer_address,2817
customer_address,2818
customer_address,2819
customer_address,2820
customer_address,2821
customer_address,2822
customer_address,2823
customer_address,2824
customer_address,2825
customer_address,2826
customer_address,2827
customer_address,2828
customer_address,2829
customer_address,2830
customer_address,2831
customer_address,2832
customer_address,2833
customer_address,2834
customer_address,2835
customer_address,2836
customer_address,2837
customer_address,2838
customer_address,2839
customer_address,2840
customer_address,2841
customer_address,2842
customer_address,2843
customer_address,2844
customer_address,2845
customer_address,2846
customer_address,2847
customer_address,2848
customer_address,2849
customer_address,2850
customer_address,2851
customer_address,2852
customer_address,2853
customer_address,2854
customer_address,2855
customer_address,2856
customer_address,2857
customer_address,2858
customer_address,2859
customer_address,2860
customer_address,2861
customer_address,2862
customer_address,2863
customer_address,2864
customer_address,2865
customer_address,2866
customer_address,2867
customer_address,2868
customer_address,2869
customer_address,2870
customer_address,2871
customer_address,2872
customer_address,2873
customer_address,2874
customer_address,2875
customer_address,2876
customer_address,2877
customer_address,2878
customer_address,2879
customer_address,2880
customer_address,2881
customer_address,2882
customer_address,2883
customer_address,2884
customer_address,2885
customer_address,2886
customer_address,2887
customer_address,2888
customer_address,2889
customer_address,2890
customer_address,2891
customer_address,2892
customer_address,2893
customer_address,2894
customer_address,2895
customer_address,2896
customer_address,2897
customer_address,2898
customer_address,2899
customer_address,2900
customer_address,2901
customer_address,2902
customer_address,2903
customer_address,2904
customer_address,2905
customer_address,2906
customer_address,2907
customer_address,2908
customer_address,2909
customer_address,2910
customer_address,2911
customer_address,2912
customer_address,2913
customer_address,2914
customer_address,2915
customer_address,2916
customer_address,2917
customer_address,2918
customer_address,2919
customer_address,2920
customer_address,2921
customer_address,2922
customer_address,2923
customer_address,2924
customer_address,2925
customer_address,2926
customer_address,2927
customer_address,2928
customer_address,2929
customer_address,2930
customer_address,2931
customer_address,2932
customer_address,2933
customer_address,2934
customer_address,2935
customer_address,2936
customer_address,2937
customer_address,2938
customer_address,2939
customer_address,2940
customer_address,2941
customer_address,2942
customer_address,2943
customer_address,2944
customer_address,2945
customer_address,2946
customer_address,2947
customer_address,2948
customer_address,2949
customer_address,2950
customer_address,2951
customer_address,2952
customer_address,2953
customer_address,2954
customer_address,2955
customer_address,2956
customer_address,2957
customer_address,2958
customer_address,2959
customer_address,2960
customer_address,2961
customer_address,2962
customer_address,2963
customer_address,2964
customer_address,2965
customer_address,2966
customer_address,2967
customer_address,2968
customer_address,2969
customer_address,2970
customer_address,2971
customer_address,2972
customer_address,2973
customer_address,2974
customer_address,2975
customer_address,2976
customer_address,2977
customer_address,2978
customer_address,2979
customer_address,2980
customer_address,2981
customer_address,2982
customer_address,2983
customer_address,2984
customer_address,2985
customer_address,2986
customer_address,2987
customer_address,2988
customer_address,2989
customer_address,2990
customer_address,2991
customer_address,2992
customer_address,2993
customer_address,2994
customer_address,2995
customer_address,2996
customer_address,2997
customer_address,2998
customer_address,2999
customer_address,3000
customer_address,3001
customer_address,3002
customer_address,3003
customer_address,3004
customer_address,3005
customer_address,3006
customer_address,3007
customer_address,3008
customer_address,3009
customer_address,3010
customer_address,3011
customer_address,3012
customer_address,3013
customer_address,3014
customer_address,3015
customer_address,3016
customer_address,3017
customer_address,3018
customer_address,3019
customer_address,3020
customer_address,3021
customer_address,3022
customer_address,3023
customer_address,3024
customer_address,3025
customer_address,3026
customer_address,3027
customer_address,3028
customer_address,3029
customer_address,3030
customer_address,3031
customer_address,3032
customer_address,3033
customer_address,3034
customer_address,3035
customer_address,3036
customer_address,3037
customer_address,3038
customer_address,3039
customer_address,3040
customer_address,3041
customer_address,3042
customer_address,3043
customer_address,3044
customer_address,3045
customer_address,3046
customer_address,3047
customer_address,3048
customer_address,3049
customer_address,3050
customer_address,3051
customer_address,3052
customer_address,3053
customer_address,3054
customer_address,3055
customer_address,3056
customer_address,3057
customer_address,3058
customer_address,3059
customer_address,3060
customer_address,3061
customer_address,3062
customer_address,3063
customer_address,3064
customer_address,3065
customer_address,3066
customer_address,3067
customer_address,3068
customer_address,3069
customer_address,3070
customer_address,3071
customer_address,3072
customer_address,3073
customer_address,3074
customer_address,3075
customer_address,3076
customer_address,3077
customer_address,3078
customer_address,3079
customer_address,3080
customer_address,3081
customer_address,3082
customer_address,3083
customer_address,3084
customer_address,3085
customer_address,3086
customer_address,3087
customer_address,3088
customer_address,3089
customer_address,3090
customer_address,3091
customer_address,3092
customer_address,3093
customer_address,3094
customer_address,3095
customer_address,3096
customer_address,3097
customer_address,3098
customer_address,3099
customer_address,3100
customer_address,3101
customer_address,3102
customer_address,3103
customer_address,3104
customer_address,3105
customer_address,3106
customer_address,3107
customer_address,3108
customer_address,3109
customer_address,3110
customer_address,3111
customer_address,3112
customer_address,3113
customer_address,3114
customer_address,3115
customer_address,3116
customer_address,3117
customer_address,3118
customer_address,3119
customer_address,3120
customer_address,3121
customer_address,3122
customer_address,3123
customer_address,3124
customer_address,3125
customer_address,3126
customer_address,3127
customer_address,3128
customer_address,3129
customer_address,3130
customer_address,3131
customer_address,3132
customer_address,3133
customer_address,3134
customer_address,3135
customer_address,3136
customer_address,3137
customer_address,3138
customer_address,3139
customer_address,3140
customer_address,3141
customer_address,3142
customer_address,3143
customer_address,3144
customer_address,3145
customer_address,3146
customer_address,3147
customer_address,3148
customer_address,3149
customer_address,3150
customer_address,3151
customer_address,3152
customer_address,3153
customer_address,3154
customer_address,3155
customer_address,3156
customer_address,3157
customer_address,3158
customer_address,3159
customer_address,3160
customer_address,3161
customer_address,3162
customer_address,3163
customer_address,3164
customer_address,3165
customer_address,3166
customer_address,3167
customer_address,3168
customer_address,3169
customer_address,3170
customer_address,3171
customer_address,3172
customer_address,3173
customer_address,3174
customer_address,3175
customer_address,3176
customer_address,3177
customer_address,3178
customer_address,3179
customer_address,3180
customer_address,3181
customer_address,3182
customer_address,3183
customer_address,3184
customer_address,3185
customer_address,3186
customer_address,3187
customer_address,3188
customer_address,3189
customer_address,3190
customer_address,3191
customer_address,3192
customer_address,3193
customer_address,3194
customer_address,3195
customer_address,3196
customer_address,3197
customer_address,3198
customer_address,3199
customer_address,3200
customer_address,3201
customer_address,3202
customer_address,3203
customer_address,3204
customer_address,3205
customer_address,3206
customer_address,3207
customer_address,3208
customer_address,3209
customer_address,3210
customer_address,3211
customer_address,3212
customer_address,3213
customer_address,3214
customer_address,3215
customer_address,3216
customer_address,3217
customer_address,3218
customer_address,3219
customer_address,3220
customer_address,3221
customer_address,3222
customer_address,3223
customer_address,3224
customer_address,3225
customer_address,3226
customer_address,3227
customer_address,3228
customer_address,3229
customer_address,3230
customer_address,3231
customer_address,3232
customer_address,3233
customer_address,3234
customer_address,3235
customer_address,3236
customer_address,3237
customer_address,3238
customer_address,3239
customer_address,3240
customer_address,3241
customer_address,3242
customer_address,3243
customer_address,3244
customer_address,3245
customer_address,3246
customer_address,3247
customer_address,3248
customer_address,3249
customer_address,3250
customer_address,3251
customer_address,3252
customer_address,3253
customer_address,3254
customer_address,3255
customer_address,3256
customer_address,3257
customer_address,3258
customer_address,3259
customer_address,3260
customer_address,3261
customer_address,3262
customer_address,3263
customer_address,3264
customer_address,3265
customer_address,3266
customer_address,3267
customer_address,3268
customer_address,3269
customer_address,3270
customer_address,3271
customer_address,3272
customer_address,3273
customer_address,3274
customer_address,3275
customer_address,3276
customer_address,3277
customer_address,3278
customer_address,3279
customer_address,3280
customer_address,3281
customer_address,3282
customer_address,3283
customer_address,3284
customer_address,3285
customer_address,3286
customer_address,3287
customer_address,3288
customer_address,3289
customer_address,3290
customer_address,3291
customer_address,3292
customer_address,3293
customer_address,3294
customer_address,3295
customer_address,3296
customer_address,3297
customer_address,3298
customer_address,3299
customer_address,3300
customer_address,3301
customer_address,3302
customer_address,3303
customer_address,3304
customer_address,3305
customer_address,3306
customer_address,3307
customer_address,3308
customer_address,3309
customer_address,3310
customer_address,3311
customer_address,3312
customer_address,3313
customer_address,3314
customer_address,3315
customer_address,3316
customer_address,3317
customer_address,3318
customer_address,3319
customer_address,3320
customer_address,3321
customer_address,3322
customer_address,3323
customer_address,3324
customer_address,3325
customer_address,3326
customer_address,3327
customer_address,3328
customer_address,3329
customer_address,3330
customer_address,3331
customer_address,3332
customer_address,3333
customer_address,3334
customer_address,3335
customer_address,3336
customer_address,3337
customer_address,3338
customer_address,3339
customer_address,3340
customer_address,3341
customer_address,3342
customer_address,3343
customer_address,3344
customer_address,3345
customer_address,3346
customer_address,3347
customer_address,3348
customer_address,3349
customer_address,3350
customer_address,3351
customer_address,3352
customer_address,3353
customer_address,3354
customer_address,3355
customer_address,3356
customer_address,3357
customer_address,3358
customer_address,3359
customer_address,3360
customer_address,3361
customer_address,3362
customer_address,3363
customer_address,3364
customer_address,3365
customer_address,3366
customer_address,3367
customer_address,3368
customer_address,3369
customer_address,3370
customer_address,3371
customer_address,3372
customer_address,3373
customer_address,3374
customer_address,3375
customer_address,3376
customer_address,3377
customer_address,3378
customer_address,3379
customer_address,3380
customer_address,3381
customer_address,3382
customer_address,3383
customer_address,3384
customer_address,3385
customer_address,3386
customer_address,3387
customer_address,3388
customer_address,3389
customer_address,3390
customer_address,3391
customer_address,3392
customer_address,3393
customer_address,3394
customer_address,3395
customer_address,3396
customer_address,3397
customer_address,3398
customer_address,3399
customer_address,3400
customer_address,3401
customer_address,3402
customer_address,3403
customer_address,3404
customer_address,3405
customer_address,3406
customer_address,3407
customer_address,3408
customer_address,3409
customer_address,3410
customer_address,3411
customer_address,3412
customer_address,3413
customer_address,3414
customer_address,3415
customer_address,3416
customer_address,3417
customer_address,3418
customer_address,3419
customer_address,3420
customer_address,3421
customer_address,3422
customer_address,3423
customer_address,3424
customer_address,3425
customer_address,3426
customer_address,3427
customer_address,3428
customer_address,3429
customer_address,3430
customer_address,3431
customer_address,3432
customer_address,3433
customer_address,3434
customer_address,3435
customer_address,3436
customer_address,3437
customer_address,3438
customer_address,3439
customer_address,3440
customer_address,3441
customer_address,3442
customer_address,3443
customer_address,3444
customer_address,3445
customer_address,3446
customer_address,3447
customer_address,3448
customer_address,3449
customer_address,3450
customer_address,3451
customer_address,3452
customer_address,3453
customer_address,3454
customer_address,3455
customer_address,3456
customer_address,3457
customer_address,3458
customer_address,3459
customer_address,3460
customer_address,3461
customer_address,3462
customer_address,3463
customer_address,3464
customer_address,3465
customer_address,3466
customer_address,3467
customer_address,3468
customer_address,3469
customer_address,3470
customer_address,3471
customer_address,3472
customer_address,3473
customer_address,3474
customer_address,3475
customer_address,3476
customer_address,3477
customer_address,3478
customer_address,3479
customer_address,3480
customer_address,3481
customer_address,3482
customer_address,3483
customer_address,3484
customer_address,3485
customer_address,3486
customer_address,3487
customer_address,3488
customer_address,3489
customer_address,3490
customer_address,3491
customer_address,3492
customer_address,3493
customer_address,3494
customer_address,3495
customer_address,3496
customer_address,3497
customer_address,3498
customer_address,3499
customer_address,3500
customer_address,3501
customer_address,3502
customer_address,3503
customer_address,3504
customer_address,3505
customer_address,3506
customer_address,3507
customer_address,3508
customer_address,3509
customer_address,3510
customer_address,3511
customer_address,3512
customer_address,3513
customer_address,3514
customer_address,3515
customer_address,3516
customer_address,3517
customer_address,3518
customer_address,3519
customer_address,3520
customer_address,3521
customer_address,3522
customer_address,3523
customer_address,3524
customer_address,3525
customer_address,3526
customer_address,3527
customer_address,3528
customer_address,3529
customer_address,3530
customer_address,3531
customer_address,3532
customer_address,3533
customer_address,3534
customer_address,3535
customer_address,3536
customer_address,3537
customer_address,3538
customer_address,3539
customer_address,3540
customer_address,3541
customer_address,3542
customer_address,3543
customer_address,3544
customer_address,3545
customer_address,3546
customer_address,3547
customer_address,3548
customer_address,3549
customer_address,3550
customer_address,3551
customer_address,3552
customer_address,3553
customer_address,3554
customer_address,3555
customer_address,3556
customer_address,3557
customer_address,3558
customer_address,3559
customer_address,3560
customer_address,3561
customer_address,3562
customer_address,3563
customer_address,3564
customer_address,3565
customer_address,3566
customer_address,3567
customer_address,3568
customer_address,3569
customer_address,3570
customer_address,3571
customer_address,3572
customer_address,3573
customer_address,3574
customer_address,3575
customer_address,3576
customer_address,3577
customer_address,3578
customer_address,3579
customer_address,3580
customer_address,3581
customer_address,3582
customer_address,3583
customer_address,3584
customer_address,3585
customer_address,3586
customer_address,3587
customer_address,3588
customer_address,3589
customer_address,3590
customer_address,3591
customer_address,3592
customer_address,3593
customer_address,3594
customer_address,3595
customer_address,3596
customer_address,3597
customer_address,3598
customer_address,3599
customer_address,3600
customer_address,3601
customer_address,3602
customer_address,3603
customer_address,3604
customer_address,3605
customer_address,3606
customer_address,3607
customer_address,3608
customer_address,3609
customer_address,3610
customer_address,3611
customer_address,3612
customer_address,3613
customer_address,3614
customer_address,3615
customer_address,3616
customer_address,3617
customer_address,3618
customer_address,3619
customer_address,3620
customer_address,3621
customer_address,3622
customer_address,3623
customer_address,3624
customer_address,3625
customer_address,3626
customer_address,3627
customer_address,3628
customer_address,3629
customer_address,3630
customer_address,3631
customer_address,3632
customer_address,3633
customer_address,3634
customer_address,3635
customer_address,3636
customer_address,3637
customer_address,3638
customer_address,3639
customer_address,3640
customer_address,3641
customer_address,3642
customer_address,3643
customer_address,3644
customer_address,3645
customer_address,3646
customer_address,3647
customer_address,3648
customer_address,3649
customer_address,3650
customer_address,3651
customer_address,3652
customer_address,3653
customer_address,3654
customer_address,3655
customer_address,3656
customer_address,3657
customer_address,3658
customer_address,3659
customer_address,3660
customer_address,3661
customer_address,3662
customer_address,3663
customer_address,3664
customer_address,3665
customer_address,3666
customer_address,3667
customer_address,3668
customer_address,3669
customer_address,3670
customer_address,3671
customer_address,3672
customer_address,3673
customer_address,3674
customer_address,3675
customer_address,3676
customer_address,3677
customer_address,3678
customer_address,3679
customer_address,3680
customer_address,3681
customer_address,3682
customer_address,3683
customer_address,3684
customer_address,3685
customer_address,3686
customer_address,3687
customer_address,3688
customer_address,3689
customer_address,3690
customer_address,3691
customer_address,3692
customer_address,3693
customer_address,3694
customer_address,3695
customer_address,3696
customer_address,3697
customer_address,3698
customer_address,3699
customer_address,3700
customer_address,3701
customer_address,3702
customer_address,3703
customer_address,3704
customer_address,3705
customer_address,3706
customer_address,3707
customer_address,3708
customer_address,3709
customer_address,3710
customer_address,3711
customer_address,3712
customer_address,3713
customer_address,3714
customer_address,3715
customer_address,3716
customer_address,3717
customer_address,3718
customer_address,3719
customer_address,3720
customer_address,3721
customer_address,3722
customer_address,3723
customer_address,3724
customer_address,3725
customer_address,3726
customer_address,3727
customer_address,3728
customer_address,3729
customer_address,3730
customer_address,3731
customer_address,3732
customer_address,3733
customer_address,3734
customer_address,3735
customer_address,3736
customer_address,3737
customer_address,3738
customer_address,3739
customer_address,3740
customer_address,3741
customer_address,3742
customer_address,3743
customer_address,3744
customer_address,3745
customer_address,3746
customer_address,3747
customer_address,3748
customer_address,3749
customer_address,3750
customer_address,3751
customer_address,3752
customer_address,3753
customer_address,3754
customer_address,3755
customer_address,3756
customer_address,3757
customer_address,3758
customer_address,3759
customer_address,3760
customer_address,3761
customer_address,3762
customer_address,3763
customer_address,3764
customer_address,3765
customer_address,3766
customer_address,3767
customer_address,3768
customer_address,3769
customer_address,3770
customer_address,3771
customer_address,3772
customer_address,3773
customer_address,3774
customer_address,3775
customer_address,3776
customer_address,3777
customer_address,3778
customer_address,3779
customer_address,3780
customer_address,3781
customer_address,3782
customer_address,3783
customer_address,3784
customer_address,3785
customer_address,3786
customer_address,3787
customer_address,3788
customer_address,3789
customer_address,3790
customer_address,3791
customer_address,3792
customer_address,3793
customer_address,3794
customer_address,3795
customer_address,3796
customer_address,3797
customer_address,3798
customer_address,3799
customer_address,3800
customer_address,3801
customer_address,3802
customer_address,3803
customer_address,3804
customer_address,3805
customer_address,3806
customer_address,3807
customer_address,3808
customer_address,3809
customer_address,3810
customer_address,3811
customer_address,3812
customer_address,3813
customer_address,3814
customer_address,3815
customer_address,3816
customer_address,3817
customer_address,3818
customer_address,3819
customer_address,3820
customer_address,3821
customer_address,3822
customer_address,3823
customer_address,3824
customer_address,3825
customer_address,3826
customer_address,3827
customer_address,3828
customer_address,3829
customer_address,3830
customer_address,3831
customer_address,3832
customer_address,3833
customer_address,3834
customer_address,3835
customer_address,3836
customer_address,3837
customer_address,3838
customer_address,3839
customer_address,3840
customer_address,3841
customer_address,3842
customer_address,3843
customer_address,3844
customer_address,3845
customer_address,3846
customer_address,3847
customer_address,3848
customer_address,3849
customer_address,3850
customer_address,3851
customer_address,3852
customer_address,3853
customer_address,3854
customer_address,3855
customer_address,3856
customer_address,3857
customer_address,3858
customer_address,3859
customer_address,3860
customer_address,3861
customer_address,3862
customer_address,3863
customer_address,3864
customer_address,3865
customer_address,3866
customer_address,3867
customer_address,3868
customer_address,3869
customer_address,3870
customer_address,3871
customer_address,3872
customer_address,3873
customer_address,3874
customer_address,3875
customer_address,3876
customer_address,3877
customer_address,3878
customer_address,3879
customer_address,3880
customer_address,3881
customer_address,3882
customer_address,3883
customer_address,3884
customer_address,3885
customer_address,3886
customer_address,3887
customer_address,3888
customer_address,3889
customer_address,3890
customer_address,3891
customer_address,3892
customer_address,3893
customer_address,3894
customer_address,3895
customer_address,3896
customer_address,3897
customer_address,3898
customer_address,3899
customer_address,3900
customer_address,3901
customer_address,3902
customer_address,3903
customer_address,3904
customer_address,3905
customer_address,3906
customer_address,3907
customer_address,3908
customer_address,3909
customer_address,3910
customer_address,3911
customer_address,3912
customer_address,3913
customer_address,3914
customer_address,3915
customer_address,3916
customer_address,3917
customer_address,3918
customer_address,3919
customer_address,3920
customer_address,3921
customer_address,3922
customer_address,3923
customer_address,3924
customer_address,3925
customer_address,3926
customer_address,3927
customer_address,3928
customer_address,3929
customer_address,3930
customer_address,3931
customer_address,3932
customer_address,3933
customer_address,3934
customer_address,3935
customer_address,3936
customer_address,3937
customer_address,3938
customer_address,3939
customer_address,3940
customer_address,3941
customer_address,3942
customer_address,3943
customer_address,3944
customer_address,3945
customer_address,3946
customer_address,3947
customer_address,3948
customer_address,3949
customer_address,3950
customer_address,3951
customer_address,3952
customer_address,3953
customer_address,3954
customer_address,3955
customer_address,3956
customer_address,3957
customer_address,3958
customer_address,3959
customer_address,3960
customer_address,3961
customer_address,3962
customer_address,3963
customer_address,3964
customer_address,3965
customer_address,3966
customer_address,3967
customer_address,3968
customer_address,3969
customer_address,3970
customer_address,3971
customer_address,3972
customer_address,3973
customer_address,3974
customer_address,3975
customer_address,3976
customer_address,3977
customer_address,3978
customer_address,3979
customer_address,3980
customer_address,3981
customer_address,3982
customer_address,3983
customer_address,3984
customer_address,3985
customer_address,3986
customer_address,3987
customer_address,3988
customer_address,3989
customer_address,3990
customer_address,3991
customer_address,3992
customer_address,3993
customer_address,3994
customer_address,3995
customer_address,3996
customer_address,3997
customer_address,3998
customer_address,3999
customer_address,4000
customer_address,4001
customer_address,4002
customer_address,4003
customer_address,4004
customer_address,4005
customer_address,4006
customer_address,4007
customer_address,4008
customer_address,4009
customer_address,4010
customer_address,4011
customer_address,4012
customer_address,4013
customer_address,4014
customer_address,4015
customer_address,4016
customer_address,4017
customer_address,4018
customer_address,4019
customer_address,4020
customer_address,4021
customer_address,4022
customer_address,4023
customer_address,4024
customer_address,4025
customer_address,4026
customer_address,4027
customer_address,4028
customer_address,4029
customer_address,4030
customer_address,4031
customer_address,4032
customer_address,4033
customer_address,4034
customer_address,4035
customer_address,4036
customer_address,4037
customer_address,4038
customer_address,4039
customer_address,4040
customer_address,4041
customer_address,4042
customer_address,4043
customer_address,4044
customer_address,4045
customer_address,4046
customer_address,4047
customer_address,4048
customer_address,4049
customer_address,4050
customer_address,4051
customer_address,4052
customer_address,4053
customer_address,4054
customer_address,4055
customer_address,4056
customer_address,4057
customer_address,4058
customer_address,4059
customer_address,4060
customer_address,4061
customer_address,4062
customer_address,4063
customer_address,4064
customer_address,4065
customer_address,4066
customer_address,4067
customer_address,4068
customer_address,4069
customer_address,4070
customer_address,4071
customer_address,4072
customer_address,4073
customer_address,4074
customer_address,4075
customer_address,4076
customer_address,4077
customer_address,4078
customer_address,4079
customer_address,4080
customer_address,4081
customer_address,4082
customer_address,4083
customer_address,4084
customer_address,4085
customer_address,4086
customer_address,4087
customer_address,4088
customer_address,4089
customer_address,4090
customer_address,4091
customer_address,4092
customer_address,4093
customer_address,4094
customer_address,4095
customer_address,4096
customer_address,4097
customer_address,4098
customer_address,4099
customer_address,4100
customer_address,4101
customer_address,4102
customer_address,4103
customer_address,4104
customer_address,4105
customer_address,4106
customer_address,4107
customer_address,4108
customer_address,4109
customer_address,4110
customer_address,4111
customer_address,4112
customer_address,4113
customer_address,4114
customer_address,4115
customer_address,4116
customer_address,4117
customer_address,4118
customer_address,4119
customer_address,4120
customer_address,4121
customer_address,4122
customer_address,4123
customer_address,4124
customer_address,4125
customer_address,4126
customer_address,4127
customer_address,4128
customer_address,4129
customer_address,4130
customer_address,4131
customer_address,4132
customer_address,4133
customer_address,4134
customer_address,4135
customer_address,4136
customer_address,4137
customer_address,4138
customer_address,4139
customer_address,4140
customer_address,4141
customer_address,4142
customer_address,4143
customer_address,4144
customer_address,4145
customer_address,4146
customer_address,4147
customer_address,4148
customer_address,4149
customer_address,4150
customer_address,4151
customer_address,4152
customer_address,4153
customer_address,4154
customer_address,4155
customer_address,4156
customer_address,4157
customer_address,4158
customer_address,4159
customer_address,4160
customer_address,4161
customer_address,4162
customer_address,4163
customer_address,4164
customer_address,4165
customer_address,4166
customer_address,4167
customer_address,4168
customer_address,4169
customer_address,4170
customer_address,4171
customer_address,4172
customer_address,4173
customer_address,4174
customer_address,4175
customer_address,4176
customer_address,4177
customer_address,4178
customer_address,4179
customer_address,4180
customer_address,4181
customer_address,4182
customer_address,4183
customer_address,4184
customer_address,4185
customer_address,4186
customer_address,4187
customer_address,4188
customer_address,4189
customer_address,4190
customer_address,4191
customer_address,4192
customer_address,4193
customer_address,4194
customer_address,4195
customer_address,4196
customer_address,4197
customer_address,4198
customer_address,4199
customer_address,4200
customer_address,4201
customer_address,4202
customer_address,4203
customer_address,4204
customer_address,4205
customer_address,4206
customer_address,4207
customer_address,4208
customer_address,4209
customer_address,4210
customer_address,4211
customer_address,4212
customer_address,4213
customer_address,4214
customer_address,4215
customer_address,4216
customer_address,4217
customer_address,4218
customer_address,4219
customer_address,4220
customer_address,4221
customer_address,4222
customer_address,4223
customer_address,4224
customer_address,4225
customer_address,4226
customer_address,4227
customer_address,4228
customer_address,4229
customer_address,4230
customer_address,4231
customer_address,4232
customer_address,4233
customer_address,4234
customer_address,4235
customer_address,4236
customer_address,4237
customer_address,4238
customer_address,4239
customer_address,4240
customer_address,4241
customer_address,4242
customer_address,4243
customer_address,4244
customer_address,4245
customer_address,4246
customer_address,4247
customer_address,4248
customer_address,4249
customer_address,4250
customer_address,4251
customer_address,4252
customer_address,4253
customer_address,4254
customer_address,4255
customer_address,4256
customer_address,4257
customer_address,4258
customer_address,4259
customer_address,4260
customer_address,4261
customer_address,4262
customer_address,4263
customer_address,4264
customer_address,4265
customer_address,4266
customer_address,4267
customer_address,4268
customer_address,4269
customer_address,4270
customer_address,4271
customer_address,4272
customer_address,4273
customer_address,4274
customer_address,4275
customer_address,4276
customer_address,4277
customer_address,4278
customer_address,4279
customer_address,4280
customer_address,4281
customer_address,4282
customer_address,4283
customer_address,4284
customer_address,4285
customer_address,4286
customer_address,4287
customer_address,4288
customer_address,4289
customer_address,4290
customer_address,4291
customer_address,4292
customer_address,4293
customer_address,4294
customer_address,4295
customer_address,4296
customer_address,4297
customer_address,4298
customer_address,4299
customer_address,4300
customer_address,4301
customer_address,4302
customer_address,4303
customer_address,4304
customer_address,4305
customer_address,4306
customer_address,4307
customer_address,4308
customer_address,4309
customer_address,4310
customer_address,4311
customer_address,4312
customer_address,4313
customer_address,4314
customer_address,4315
customer_address,4316
customer_address,4317
customer_address,4318
customer_address,4319
customer_address,4320
customer_address,4321
customer_address,4322
customer_address,4323
customer_address,4324
customer_address,4325
customer_address,4326
customer_address,4327
customer_address,4328
customer_address,4329
customer_address,4330
customer_address,4331
customer_address,4332
customer_address,4333
customer_address,4334
customer_address,4335
customer_address,4336
customer_address,4337
customer_address,4338
customer_address,4339
customer_address,4340
customer_address,4341
customer_address,4342
customer_address,4343
customer_address,4344
customer_address,4345
customer_address,4346
customer_address,4347
customer_address,4348
customer_address,4349
customer_address,4350
customer_address,4351
customer_address,4352
customer_address,4353
customer_address,4354
customer_address,4355
customer_address,4356
customer_address,4357
customer_address,4358
customer_address,4359
customer_address,4360
customer_address,4361
customer_address,4362
customer_address,4363
customer_address,4364
customer_address,4365
customer_address,4366
customer_address,4367
customer_address,4368
customer_address,4369
customer_address,4370
customer_address,4371
customer_address,4372
customer_address,4373
customer_address,4374
customer_address,4375
customer_address,4376
customer_address,4377
customer_address,4378
customer_address,4379
customer_address,4380
customer_address,4381
customer_address,4382
customer_address,4383
customer_address,4384
customer_address,4385
customer_address,4386
customer_address,4387
customer_address,4388
customer_address,4389
customer_address,4390
customer_address,4391
customer_address,4392
customer_address,4393
customer_address,4394
customer_address,4395
customer_address,4396
customer_address,4397
customer_address,4398
customer_address,4399
customer_address,4400
customer_address,4401
customer_address,4402
customer_address,4403
customer_address,4404
customer_address,4405
customer_address,4406
customer_address,4407
customer_address,4408
customer_address,4409
customer_address,4410
customer_address,4411
customer_address,4412
customer_address,4413
customer_address,4414
customer_address,4415
customer_address,4416
customer_address,4417
customer_address,4418
customer_address,4419
customer_address,4420
customer_address,4421
customer_address,4422
customer_address,4423
customer_address,4424
customer_address,4425
customer_address,4426
customer_address,4427
customer_address,4428
customer_address,4429
customer_address,4430
customer_address,4431
customer_address,4432
customer_address,4433
customer_address,4434
customer_address,4435
customer_address,4436
customer_address,4437
customer_address,4438
customer_address,4439
customer_address,4440
customer_address,4441
customer_address,4442
customer_address,4443
customer_address,4444
customer_address,4445
customer_address,4446
customer_address,4447
customer_address,4448
customer_address,4449
customer_address,4450
customer_address,4451
customer_address,4452
customer_address,4453
customer_address,4454
customer_address,4455
customer_address,4456
customer_address,4457
customer_address,4458
customer_address,4459
customer_address,4460
customer_address,4461
customer_address,4462
customer_address,4463
customer_address,4464
customer_address,4465
customer_address,4466
customer_address,4467
customer_address,4468
customer_address,4469
customer_address,4470
customer_address,4471
customer_address,4472
customer_address,4473
customer_address,4474
customer_address,4475
customer_address,4476
customer_address,4477
customer_address,4478
customer_address,4479
customer_address,4480
customer_address,4481
customer_address,4482
customer_address,4483
customer_address,4484
customer_address,4485
customer_address,4486
customer_address,4487
customer_address,4488
customer_address,4489
customer_address,4490
customer_address,4491
customer_address,4492
customer_address,4493
customer_address,4494
customer_address,4495
customer_address,4496
customer_address,4497
customer_address,4498
customer_address,4499
customer_address,4500
customer_address,4501
customer_address,4502
customer_address,4503
customer_address,4504
customer_address,4505
customer_address,4506
customer_address,4507
customer_address,4508
customer_address,4509
customer_address,4510
customer_address,4511
customer_address,4512
customer_address,4513
customer_address,4514
customer_address,4515
customer_address,4516
customer_address,4517
customer_address,4518
customer_address,4519
customer_address,4520
customer_address,4521
customer_address,4522
customer_address,4523
customer_address,4524
customer_address,4525
customer_address,4526
customer_address,4527
customer_address,4528
customer_address,4529
customer_address,4530
customer_address,4531
customer_address,4532
customer_address,4533
customer_address,4534
customer_address,4535
customer_address,4536
customer_address,4537
customer_address,4538
customer_address,4539
customer_address,4540
customer_address,4541
customer_address,4542
customer_address,4543
customer_address,4544
customer_address,4545
customer_address,4546
customer_address,4547
customer_address,4548
customer_address,4549
customer_address,4550
customer_address,4551
customer_address,4552
customer_address,4553
customer_address,4554
customer_address,4555
customer_address,4556
customer_address,4557
customer_address,4558
customer_address,4559
customer_address,4560
customer_address,4561
customer_address,4562
customer_address,4563
customer_address,4564
customer_address,4565
customer_address,4566
customer_address,4567
customer_address,4568
customer_address,4569
customer_address,4570
customer_address,4571
customer_address,4572
customer_address,4573
customer_address,4574
customer_address,4575
customer_address,4576
customer_address,4577
customer_address,4578
customer_address,4579
customer_address,4580
customer_address,4581
customer_address,4582
customer_address,4583
customer_address,4584
customer_address,4585
customer_address,4586
customer_address,4587
customer_address,4588
customer_address,4589
customer_address,4590
customer_address,4591
customer_address,4592
customer_address,4593
customer_address,4594
customer_address,4595
customer_address,4596
customer_address,4597
customer_address,4598
customer_address,4599
customer_address,4600
customer_address,4601
customer_address,4602
customer_address,4603
customer_address,4604
customer_address,4605
customer_address,4606
customer_address,4607
customer_address,4608
customer_address,4609
customer_address,4610
customer_address,4611
customer_address,4612
customer_address,4613
customer_address,4614
customer_address,4615
customer_address,4616
customer_address,4617
customer_address,4618
customer_address,4619
customer_address,4620
customer_address,4621
customer_address,4622
customer_address,4623
customer_address,4624
customer_address,4625
customer_address,4626
customer_address,4627
customer_address,4628
customer_address,4629
customer_address,4630
customer_address,4631
customer_address,4632
customer_address,4633
customer_address,4634
customer_address,4635
customer_address,4636
customer_address,4637
customer_address,4638
customer_address,4639
customer_address,4640
customer_address,4641
customer_address,4642
customer_address,4643
customer_address,4644
customer_address,4645
customer_address,4646
customer_address,4647
customer_address,4648
customer_address,4649
customer_address,4650
customer_address,4651
customer_address,4652
customer_address,4653
customer_address,4654
customer_address,4655
customer_address,4656
customer_address,4657
customer_address,4658
customer_address,4659
customer_address,4660
customer_address,4661
customer_address,4662
customer_address,4663
customer_address,4664
customer_address,4665
customer_address,4666
customer_address,4667
customer_address,4668
customer_address,4669
customer_address,4670
customer_address,4671
customer_address,4672
customer_address,4673
customer_address,4674
customer_address,4675
customer_address,4676
customer_address,4677
customer_address,4678
customer_address,4679
customer_address,4680
customer_address,4681
customer_address,4682
customer_address,4683
customer_address,4684
customer_address,4685
customer_address,4686
customer_address,4687
customer_address,4688
customer_address,4689
customer_address,4690
customer_address,4691
customer_address,4692
customer_address,4693
customer_address,4694
customer_address,4695
customer_address,4696
customer_address,4697
customer_address,4698
customer_address,4699
customer_address,4700
customer_address,4701
customer_address,4702
customer_address,4703
customer_address,4704
customer_address,4705
customer_address,4706
customer_address,4707
customer_address,4708
customer_address,4709
customer_address,4710
customer_address,4711
customer_address,4712
customer_address,4713
customer_address,4714
customer_address,4715
customer_address,4716
customer_address,4717
customer_address,4718
customer_address,4719
customer_address,4720
customer_address,4721
customer_address,4722
customer_address,4723
customer_address,4724
customer_address,4725
customer_address,4726
customer_address,4727
customer_address,4728
customer_address,4729
customer_address,4730
customer_address,4731
customer_address,4732
customer_address,4733
customer_address,4734
customer_address,4735
customer_address,4736
customer_address,4737
customer_address,4738
customer_address,4739
customer_address,4740
customer_address,4741
customer_address,4742
customer_address,4743
customer_address,4744
customer_address,4745
customer_address,4746
customer_address,4747
customer_address,4748
customer_address,4749
customer_address,4750
customer_address,4751
customer_address,4752
customer_address,4753
customer_address,4754
customer_address,4755
customer_address,4756
customer_address,4757
customer_address,4758
customer_address,4759
customer_address,4760
customer_address,4761
customer_address,4762
customer_address,4763
customer_address,4764
customer_address,4765
customer_address,4766
customer_address,4767
customer_address,4768
customer_address,4769
customer_address,4770
customer_address,4771
customer_address,4772
customer_address,4773
customer_address,4774
customer_address,4775
customer_address,4776
customer_address,4777
customer_address,4778
customer_address,4779
customer_address,4780
customer_address,4781
customer_address,4782
customer_address,4783
customer_address,4784
customer_address,4785
customer_address,4786
customer_address,4787
customer_address,4788
customer_address,4789
customer_address,4790
customer_address,4791
customer_address,4792
customer_address,4793
customer_address,4794
customer_address,4795
customer_address,4796
customer_address,4797
customer_address,4798
customer_address,4799
customer_address,4800
customer_address,4801
customer_address,4802
customer_address,4803
customer_address,4804
customer_address,4805
customer_address,4806
customer_address,4807
customer_address,4808
customer_address,4809
customer_address,4810
customer_address,4811
customer_address,4812
customer_address,4813
customer_address,4814
customer_address,4815
customer_address,4816
customer_address,4817
customer_address,4818
customer_address,4819
customer_address,4820
customer_address,4821
customer_address,4822
customer_address,4823
customer_address,4824
customer_address,4825
customer_address,4826
customer_address,4827
customer_address,4828
customer_address,4829
customer_address,4830
customer_address,4831
customer_address,4832
customer_address,4833
customer_address,4834
customer_address,4835
customer_address,4836
customer_address,4837
customer_address,4838
customer_address,4839
customer_address,4840
customer_address,4841
customer_address,4842
customer_address,4843
customer_address,4844
customer_address,4845
customer_address,4846
customer_address,4847
customer_address,4848
customer_address,4849
customer_address,4850
customer_address,4851
customer_address,4852
customer_address,4853
customer_address,4854
customer_address,4855
customer_address,4856
customer_address,4857
customer_address,4858
customer_address,4859
customer_address,4860
customer_address,4861
customer_address,4862
customer_address,4863
customer_address,4864
customer_address,4865
customer_address,4866
customer_address,4867
customer_address,4868
customer_address,4869
customer_address,4870
customer_address,4871
customer_address,4872
customer_address,4873
customer_address,4874
customer_address,4875
customer_address,4876
customer_address,4877
customer_address,4878
customer_address,4879
customer_address,4880
customer_address,4881
customer_address,4882
customer_address,4883
customer_address,4884
customer_address,4885
customer_address,4886
customer_address,4887
customer_address,4888
customer_address,4889
customer_address,4890
customer_address,4891
customer_address,4892
customer_address,4893
customer_address,4894
customer_address,4895
customer_address,4896
customer_address,4897
customer_address,4898
customer_address,4899
customer_address,4900
customer_address,4901
customer_address,4902
customer_address,4903
customer_address,4904
customer_address,4905
customer_address,4906
customer_address,4907
customer_address,4908
customer_address,4909
customer_address,4910
customer_address,4911
customer_address,4912
customer_address,4913
customer_address,4914
customer_address,4915
customer_address,4916
customer_address,4917
customer_address,4918
customer_address,4919
customer_address,4920
customer_address,4921
customer_address,4922
customer_address,4923
customer_address,4924
customer_address,4925
customer_address,4926
customer_address,4927
customer_address,4928
customer_address,4929
customer_address,4930
customer_address,4931
customer_address,4932
customer_address,4933
customer_address,4934
customer_address,4935
customer_address,4936
customer_address,4937
customer_address,4938
customer_address,4939
customer_address,4940
customer_address,4941
customer_address,4942
customer_address,4943
customer_address,4944
customer_address,4945
customer_address,4946
customer_address,4947
customer_address,4948
customer_address,4949
customer_address,4950
customer_address,4951
customer_address,4952
customer_address,4953
customer_address,4954
customer_address,4955
customer_address,4956
customer_address,4957
customer_address,4958
customer_address,4959
customer_address,4960
customer_address,4961
customer_address,4962
customer_address,4963
customer_address,4964
customer_address,4965
customer_address,4966
customer_address,4967
customer_address,4968
customer_address,4969
customer_address,4970
customer_address,4971
customer_address,4972
customer_address,4973
customer_address,4974
customer_address,4975
customer_address,4976
customer_address,4977
customer_address,4978
customer_address,4979
customer_address,4980
customer_address,4981
customer_address,4982
customer_address,4983
customer_address,4984
customer_address,4985
customer_address,4986
customer_address,4987
customer_address,4988
customer_address,4989
customer_address,4990
customer_address,4991
customer_address,4992
customer_address,4993
customer_address,4994
customer_address,4995
customer_address,4996
customer_address,4997
customer_address,4998
customer_address,4999
customer_address,5000
customer_address,5001
customer_address,5002
customer_address,5003
customer_address,5004
customer_address,5005
customer_address,5006
customer_address,5007
customer_address,5008
customer_address,5009
customer_address,5010
customer_address,5011
customer_address,5012
customer_address,5013
customer_address,5014
customer_address,5015
customer_address,5016
customer_address,5017
customer_address,5018
customer_address,5019
customer_address,5020
customer_address,5021
customer_address,5022
customer_address,5023
customer_address,5024
customer_address,5025
customer_address,5026
customer_address,5027
customer_address,5028
customer_address,5029
customer_address,5030
customer_address,5031
customer_address,5032
customer_address,5033
customer_address,5034
customer_address,5035
customer_address,5036
customer_address,5037
customer_address,5038
customer_address,5039
customer_address,5040
customer_address,5041
customer_address,5042
customer_address,5043
customer_address,5044
customer_address,5045
customer_address,5046
customer_address,5047
customer_address,5048
customer_address,5049
customer_address,5050
customer_address,5051
customer_address,5052
customer_address,5053
customer_address,5054
customer_address,5055
customer_address,5056
customer_address,5057
customer_address,5058
customer_address,5059
customer_address,5060
customer_address,5061
customer_address,5062
customer_address,5063
customer_address,5064
customer_address,5065
customer_address,5066
customer_address,5067
customer_address,5068
customer_address,5069
customer_address,5070
customer_address,5071
customer_address,5072
customer_address,5073
customer_address,5074
customer_address,5075
customer_address,5076
customer_address,5077
customer_address,5078
customer_address,5079
customer_address,5080
customer_address,5081
customer_address,5082
customer_address,5083
customer_address,5084
customer_address,5085
customer_address,5086
customer_address,5087
customer_address,5088
customer_address,5089
customer_address,5090
customer_address,5091
customer_address,5092
customer_address,5093
customer_address,5094
customer_address,5095
customer_address,5096
customer_address,5097
customer_address,5098
customer_address,5099
customer_address,5100
customer_address,5101
customer_address,5102
customer_address,5103
customer_address,5104
customer_address,5105
customer_address,5106
customer_address,5107
customer_address,5108
customer_address,5109
customer_address,5110
customer_address,5111
customer_address,5112
customer_address,5113
customer_address,5114
customer_address,5115
customer_address,5116
customer_address,5117
customer_address,5118
customer_address,5119
customer_address,5120
customer_address,5121
customer_address,5122
customer_address,5123
customer_address,5124
customer_address,5125
customer_address,5126
customer_address,5127
customer_address,5128
customer_address,5129
customer_address,5130
customer_address,5131
customer_address,5132
customer_address,5133
customer_address,5134
customer_address,5135
customer_address,5136
customer_address,5137
customer_address,5138
customer_address,5139
customer_address,5140
customer_address,5141
customer_address,5142
customer_address,5143
customer_address,5144
customer_address,5145
customer_address,5146
customer_address,5147
customer_address,5148
customer_address,5149
customer_address,5150
customer_address,5151
customer_address,5152
customer_address,5153
customer_address,5154
customer_address,5155
customer_address,5156
customer_address,5157
customer_address,5158
customer_address,5159
customer_address,5160
customer_address,5161
customer_address,5162
customer_address,5163
customer_address,5164
customer_address,5165
customer_address,5166
customer_address,5167
customer_address,5168
customer_address,5169
customer_address,5170
customer_address,5171
customer_address,5172
customer_address,5173
customer_address,5174
customer_address,5175
customer_address,5176
customer_address,5177
customer_address,5178
customer_address,5179
customer_address,5180
customer_address,5181
customer_address,5182
customer_address,5183
customer_address,5184
customer_address,5185
customer_address,5186
customer_address,5187
customer_address,5188
customer_address,5189
customer_address,5190
customer_address,5191
customer_address,5192
customer_address,5193
customer_address,5194
customer_address,5195
customer_address,5196
customer_address,5197
customer_address,5198
customer_address,5199
customer_address,5200
customer_address,5201
customer_address,5202
customer_address,5203
customer_address,5204
customer_address,5205
customer_address,5206
customer_address,5207
customer_address,5208
customer_address,5209
customer_address,5210
customer_address,5211
customer_address,5212
customer_address,5213
customer_address,5214
customer_address,5215
customer_address,5216
customer_address,5217
customer_address,5218
customer_address,5219
customer_address,5220
customer_address,5221
customer_address,5222
customer_address,5223
customer_address,5224
customer_address,5225
customer_address,5226
customer_address,5227
customer_address,5228
customer_address,5229
customer_address,5230
customer_address,5231
customer_address,5232
customer_address,5233
customer_address,5234
customer_address,5235
customer_address,5236
customer_address,5237
customer_address,5238
customer_address,5239
customer_address,5240
customer_address,5241
customer_address,5242
customer_address,5243
customer_address,5244
customer_address,5245
customer_address,5246
customer_address,5247
customer_address,5248
customer_address,5249
customer_address,5250
customer_address,5251
customer_address,5252
customer_address,5253
customer_address,5254
customer_address,5255
customer_address,5256
customer_address,5257
customer_address,5258
customer_address,5259
customer_address,5260
customer_address,5261
customer_address,5262
customer_address,5263
customer_address,5264
customer_address,5265
customer_address,5266
customer_address,5267
customer_address,5268
customer_address,5269
customer_address,5270
customer_address,5271
customer_address,5272
customer_address,5273
customer_address,5274
customer_address,5275
customer_address,5276
customer_address,5277
customer_address,5278
customer_address,5279
customer_address,5280
customer_address,5281
customer_address,5282
customer_address,5283
customer_address,5284
customer_address,5285
customer_address,5286
customer_address,5287
customer_address,5288
customer_address,5289
customer_address,5290
customer_address,5291
customer_address,5292
customer_address,5293
customer_address,5294
customer_address,5295
customer_address,5296
customer_address,5297
customer_address,5298
customer_address,5299
customer_address,5300
customer_address,5301
customer_address,5302
customer_address,5303
customer_address,5304
customer_address,5305
customer_address,5306
customer_address,5307
customer_address,5308
customer_address,5309
customer_address,5310
customer_address,5311
customer_address,5312
customer_address,5313
customer_address,5314
customer_address,5315
customer_address,5316
customer_address,5317
customer_address,5318
customer_address,5319
customer_address,5320
customer_address,5321
customer_address,5322
customer_address,5323
customer_address,5324
customer_address,5325
customer_address,5326
customer_address,5327
customer_address,5328
customer_address,5329
customer_address,5330
customer_address,5331
customer_address,5332
customer_address,5333
customer_address,5334
customer_address,5335
customer_address,5336
customer_address,5337
customer_address,5338
customer_address,5339
customer_address,5340
customer_address,5341
customer_address,5342
customer_address,5343
customer_address,5344
customer_address,5345
customer_address,5346
customer_address,5347
customer_address,5348
customer_address,5349
customer_address,5350
customer_address,5351
customer_address,5352
customer_address,5353
customer_address,5354
customer_address,5355
customer_address,5356
customer_address,5357
customer_address,5358
customer_address,5359
customer_address,5360
customer_address,5361
customer_address,5362
customer_address,5363
customer_address,5364
customer_address,5365
customer_address,5366
customer_address,5367
customer_address,5368
customer_address,5369
customer_address,5370
customer_address,5371
customer_address,5372
customer_address,5373
customer_address,5374
customer_address,5375
customer_address,5376
customer_address,5377
customer_address,5378
customer_address,5379
customer_address,5380
customer_address,5381
customer_address,5382
customer_address,5383
customer_address,5384
customer_address,5385
customer_address,5386
customer_address,5387
customer_address,5388
customer_address,5389
customer_address,5390
customer_address,5391
customer_address,5392
customer_address,5393
customer_address,5394
customer_address,5395
customer_address,5396
customer_address,5397
customer_address,5398
customer_address,5399
customer_address,5400
customer_address,5401
customer_address,5402
customer_address,5403
customer_address,5404
customer_address,5405
customer_address,5406
customer_address,5407
customer_address,5408
customer_address,5409
customer_address,5410
customer_address,5411
customer_address,5412
customer_address,5413
customer_address,5414
customer_address,5415
customer_address,5416
customer_address,5417
customer_address,5418
customer_address,5419
customer_address,5420
customer_address,5421
customer_address,5422
customer_address,5423
customer_address,5424
customer_address,5425
customer_address,5426
customer_address,5427
customer_address,5428
customer_address,5429
customer_address,5430
customer_address,5431
customer_address,5432
customer_address,5433
customer_address,5434
customer_address,5435
customer_address,5436
customer_address,5437
date_dim,0
date_dim,1
date_dim,2
date_dim,3
date_dim,4
date_dim,5
date_dim,6
date_dim,7
date_dim,8
date_dim,9
date_dim,10
date_dim,11
date_dim,12
date_dim,13
date_dim,14
date_dim,15
date_dim,16
date_dim,17
date_dim,18
date_dim,19
date_dim,20
date_dim,21
date_dim,22
date_dim,23
date_dim,24
date_dim,25
date_dim,26
date_dim,27
date_dim,28
date_dim,29
date_dim,30
date_dim,31
date_dim,32
date_dim,33
date_dim,34
date_dim,35
date_dim,36
date_dim,37
date_dim,38
date_dim,39
date_dim,40
date_dim,41
date_dim,42
date_dim,43
date_dim,44
date_dim,45
date_dim,46
date_dim,47
date_dim,48
date_dim,49
date_dim,50
date_dim,51
date_dim,52
date_dim,53
date_dim,54
date_dim,55
date_dim,56
date_dim,57
date_dim,58
date_dim,59
date_dim,60
date_dim,61
date_dim,62
date_dim,63
date_dim,64
date_dim,65
date_dim,66
date_dim,67
date_dim,68
date_dim,69
date_dim,70
date_dim,71
date_dim,72
date_dim,73
date_dim,74
date_dim,75
date_dim,76
date_dim,77
date_dim,78
date_dim,79
date_dim,80
date_dim,81
date_dim,82
date_dim,83
date_dim,84
date_dim,85
date_dim,86
date_dim,87
date_dim,88
date_dim,89
date_dim,90
date_dim,91
date_dim,92
date_dim,93
date_dim,94
date_dim,95
date_dim,96
date_dim,97
date_dim,98
date_dim,99
date_dim,100
date_dim,101
date_dim,102
date_dim,103
date_dim,104
date_dim,105
date_dim,106
date_dim,107
date_dim,108
date_dim,109
date_dim,110
date_dim,111
date_dim,112
date_dim,113
date_dim,114
date_dim,115
date_dim,116
date_dim,117
date_dim,118
date_dim,119
date_dim,120
date_dim,121
date_dim,122
date_dim,123
date_dim,124
date_dim,125
date_dim,126
date_dim,127
date_dim,128
date_dim,129
date_dim,130
date_dim,131
date_dim,132
date_dim,133
date_dim,134
date_dim,135
date_dim,136
date_dim,137
date_dim,138
date_dim,139
date_dim,140
date_dim,141
date_dim,142
date_dim,143
date_dim,144
date_dim,145
date_dim,146
date_dim,147
date_dim,148
date_dim,149
date_dim,150
date_dim,151
date_dim,152
date_dim,153
date_dim,154
date_dim,155
date_dim,156
date_dim,157
date_dim,158
date_dim,159
date_dim,160
date_dim,161
date_dim,162
date_dim,163
date_dim,164
date_dim,165
date_dim,166
date_dim,167
date_dim,168
date_dim,169
date_dim,170
date_dim,171
date_dim,172
date_dim,173
date_dim,174
date_dim,175
date_dim,176
date_dim,177
date_dim,178
date_dim,179
date_dim,180
date_dim,181
date_dim,182
date_dim,183
date_dim,184
date_dim,185
date_dim,186
date_dim,187
date_dim,188
date_dim,189
date_dim,190
date_dim,191
date_dim,192
date_dim,193
date_dim,194
date_dim,195
date_dim,196
date_dim,197
date_dim,198
date_dim,199
date_dim,200
date_dim,201
date_dim,202
date_dim,203
date_dim,204
date_dim,205
date_dim,206
date_dim,207
date_dim,208
date_dim,209
date_dim,210
date_dim,211
date_dim,212
date_dim,213
date_dim,214
date_dim,215
date_dim,216
date_dim,217
date_dim,218
date_dim,219
date_dim,220
date_dim,221
date_dim,222
date_dim,223
date_dim,224
date_dim,225
date_dim,226
date_dim,227
date_dim,228
date_dim,229
date_dim,230
date_dim,231
date_dim,232
date_dim,233
date_dim,234
date_dim,235
date_dim,236
date_dim,237
date_dim,238
date_dim,239
date_dim,240
date_dim,241
date_dim,242
date_dim,243
date_dim,244
date_dim,245
date_dim,246
date_dim,247
date_dim,248
date_dim,249
date_dim,250
date_dim,251
date_dim,252
date_dim,253
date_dim,254
date_dim,255
date_dim,256
date_dim,257
date_dim,258
date_dim,259
date_dim,260
date_dim,261
date_dim,262
date_dim,263
date_dim,264
date_dim,265
date_dim,266
date_dim,267
date_dim,268
date_dim,269
date_dim,270
date_dim,271
date_dim,272
date_dim,273
date_dim,274
date_dim,275
date_dim,276
date_dim,277
date_dim,278
date_dim,279
date_dim,280
date_dim,281
date_dim,282
date_dim,283
date_dim,284
date_dim,285
date_dim,286
date_dim,287
date_dim,288
date_dim,289
date_dim,290
date_dim,291
date_dim,292
date_dim,293
date_dim,294
date_dim,295
date_dim,296
date_dim,297
date_dim,298
date_dim,299
date_dim,300
date_dim,301
date_dim,302
date_dim,303
date_dim,304
date_dim,305
date_dim,306
date_dim,307
date_dim,308
date_dim,309
date_dim,310
date_dim,311
date_dim,312
date_dim,313
date_dim,314
date_dim,315
date_dim,316
date_dim,317
date_dim,318
date_dim,319
date_dim,320
date_dim,321
date_dim,322
date_dim,323
date_dim,324
date_dim,325
date_dim,326
date_dim,327
date_dim,328
date_dim,329
date_dim,330
date_dim,331
date_dim,332
date_dim,333
date_dim,334
date_dim,335
date_dim,336
date_dim,337
date_dim,338
date_dim,339
date_dim,340
date_dim,341
date_dim,342
date_dim,343
date_dim,344
date_dim,345
date_dim,346
date_dim,347
date_dim,348
date_dim,349
date_dim,350
date_dim,351
date_dim,352
date_dim,353
date_dim,354
date_dim,355
date_dim,356
date_dim,357
date_dim,358
date_dim,359
date_dim,360
date_dim,361
date_dim,362
date_dim,363
date_dim,364
date_dim,365
date_dim,366
date_dim,367
date_dim,368
date_dim,369
date_dim,370
date_dim,371
date_dim,372
date_dim,373
date_dim,374
date_dim,375
date_dim,376
date_dim,377
date_dim,378
date_dim,379
date_dim,380
date_dim,381
date_dim,382
date_dim,383
date_dim,384
date_dim,385
date_dim,386
date_dim,387
date_dim,388
date_dim,389
date_dim,390
date_dim,391
date_dim,392
date_dim,393
date_dim,394
date_dim,395
date_dim,396
date_dim,397
date_dim,398
date_dim,399
date_dim,400
date_dim,401
date_dim,402
date_dim,403
date_dim,404
date_dim,405
date_dim,406
date_dim,407
date_dim,408
date_dim,409
date_dim,410
date_dim,411
date_dim,412
date_dim,413
date_dim,414
date_dim,415
date_dim,416
date_dim,417
date_dim,418
date_dim,419
date_dim,420
date_dim,421
date_dim,422
date_dim,423
date_dim,424
date_dim,425
date_dim,426
date_dim,427
date_dim,428
date_dim,429
date_dim,430
date_dim,431
date_dim,432
date_dim,433
date_dim,434
date_dim,435
date_dim,436
date_dim,437
date_dim,438
date_dim,439
date_dim,440
date_dim,441
date_dim,442
date_dim,443
date_dim,444
date_dim,445
date_dim,446
date_dim,447
date_dim,448
date_dim,449
date_dim,450
date_dim,451
date_dim,452
date_dim,453
date_dim,454
date_dim,455
date_dim,456
date_dim,457
date_dim,458
date_dim,459
date_dim,460
date_dim,461
date_dim,462
date_dim,463
date_dim,464
date_dim,465
date_dim,466
date_dim,467
date_dim,468
date_dim,469
date_dim,470
date_dim,471
date_dim,472
date_dim,473
date_dim,474
date_dim,475
date_dim,476
date_dim,477
date_dim,478
date_dim,479
date_dim,480
date_dim,481
date_dim,482
date_dim,483
date_dim,484
date_dim,485
date_dim,486
date_dim,487
date_dim,488
date_dim,489
date_dim,490
date_dim,491
date_dim,492
date_dim,493
date_dim,494
date_dim,495
date_dim,496
date_dim,497
date_dim,498
date_dim,499
date_dim,500
date_dim,501
date_dim,502
date_dim,503
date_dim,504
date_dim,505
date_dim,506
date_dim,507
date_dim,508
date_dim,509
date_dim,510
date_dim,511
date_dim,512
date_dim,513
date_dim,514
date_dim,515
date_dim,516
date_dim,517
date_dim,518
date_dim,519
date_dim,520
date_dim,521
date_dim,522
date_dim,523
date_dim,524
date_dim,525
date_dim,526
date_dim,527
date_dim,528
date_dim,529
date_dim,530
date_dim,531
date_dim,532
date_dim,533
date_dim,534
date_dim,535
date_dim,536
date_dim,537
date_dim,538
date_dim,539
date_dim,540
date_dim,541
date_dim,542
date_dim,543
date_dim,544
date_dim,545
date_dim,546
date_dim,547
date_dim,548
date_dim,549
date_dim,550
date_dim,551
date_dim,552
date_dim,553
date_dim,554
date_dim,555
date_dim,556
date_dim,557
date_dim,558
date_dim,559
date_dim,560
date_dim,561
date_dim,562
date_dim,563
date_dim,564
date_dim,565
date_dim,566
date_dim,567
date_dim,568
date_dim,569
date_dim,570
date_dim,571
date_dim,572
date_dim,573
date_dim,574
date_dim,575
date_dim,576
date_dim,577
date_dim,578
date_dim,579
date_dim,580
date_dim,581
date_dim,582
date_dim,583
date_dim,584
date_dim,585
date_dim,586
date_dim,587
date_dim,588
date_dim,589
date_dim,590
date_dim,591
date_dim,592
date_dim,593
date_dim,594
date_dim,595
date_dim,596
date_dim,597
date_dim,598
date_dim,599
date_dim,600
date_dim,601
date_dim,602
date_dim,603
date_dim,604
date_dim,605
date_dim,606
date_dim,607
date_dim,608
date_dim,609
date_dim,610
date_dim,611
date_dim,612
date_dim,613
date_dim,614
date_dim,615
date_dim,616
date_dim,617
date_dim,618
date_dim,619
date_dim,620
date_dim,621
date_dim,622
date_dim,623
date_dim,624
date_dim,625
date_dim,626
date_dim,627
date_dim,628
date_dim,629
date_dim,630
date_dim,631
date_dim,632
date_dim,633
date_dim,634
date_dim,635
date_dim,636
date_dim,637
date_dim,638
date_dim,639
date_dim,640
date_dim,641
date_dim,642
date_dim,643
date_dim,644
date_dim,645
date_dim,646
date_dim,647
date_dim,648
date_dim,649
date_dim,650
date_dim,651
date_dim,652
date_dim,653
date_dim,654
date_dim,655
date_dim,656
date_dim,657
date_dim,658
date_dim,659
date_dim,660
date_dim,661
date_dim,662
date_dim,663
date_dim,664
date_dim,665
date_dim,666
date_dim,667
date_dim,668
date_dim,669
date_dim,670
date_dim,671
date_dim,672
date_dim,673
date_dim,674
date_dim,675
date_dim,676
date_dim,677
date_dim,678
date_dim,679
date_dim,680
date_dim,681
date_dim,682
date_dim,683
date_dim,684
date_dim,685
date_dim,686
date_dim,687
date_dim,688
date_dim,689
date_dim,690
date_dim,691
date_dim,692
date_dim,693
date_dim,694
date_dim,695
date_dim,696
date_dim,697
date_dim,698
date_dim,699
date_dim,700
date_dim,701
date_dim,702
date_dim,703
date_dim,704
date_dim,705
date_dim,706
date_dim,707
date_dim,708
date_dim,709
date_dim,710
date_dim,711
date_dim,712
date_dim,713
date_dim,714
date_dim,715
date_dim,716
date_dim,717
date_dim,718
date_dim,719
date_dim,720
date_dim,721
date_dim,722
date_dim,723
date_dim,724
date_dim,725
date_dim,726
date_dim,727
date_dim,728
date_dim,729
date_dim,730
date_dim,731
date_dim,732
date_dim,733
date_dim,734
date_dim,735
date_dim,736
date_dim,737
date_dim,738
date_dim,739
date_dim,740
date_dim,741
date_dim,742
date_dim,743
date_dim,744
date_dim,745
date_dim,746
date_dim,747
date_dim,748
date_dim,749
date_dim,750
date_dim,751
date_dim,752
date_dim,753
date_dim,754
date_dim,755
date_dim,756
date_dim,757
date_dim,758
date_dim,759
date_dim,760
date_dim,761
date_dim,762
date_dim,763
date_dim,764
date_dim,765
date_dim,766
date_dim,767
date_dim,768
date_dim,769
date_dim,770
date_dim,771
date_dim,772
date_dim,773
date_dim,774
date_dim,775
date_dim,776
date_dim,777
date_dim,778
date_dim,779
date_dim,780
date_dim,781
date_dim,782
date_dim,783
date_dim,784
date_dim,785
date_dim,786
date_dim,787
date_dim,788
date_dim,789
date_dim,790
date_dim,791
date_dim,792
date_dim,793
date_dim,794
date_dim,795
date_dim,796
date_dim,797
date_dim,798
date_dim,799
date_dim,800
date_dim,801
date_dim,802
date_dim,803
date_dim,804
date_dim,805
date_dim,806
date_dim,807
date_dim,808
date_dim,809
date_dim,810
date_dim,811
date_dim,812
date_dim,813
date_dim,814
date_dim,815
date_dim,816
date_dim,817
date_dim,818
date_dim,819
date_dim,820
date_dim,821
date_dim,822
date_dim,823
date_dim,824
date_dim,825
date_dim,826
date_dim,827
date_dim,828
date_dim,829
date_dim,830
date_dim,831
date_dim,832
date_dim,833
date_dim,834
date_dim,835
date_dim,836
date_dim,837
date_dim,838
date_dim,839
date_dim,840
date_dim,841
date_dim,842
date_dim,843
date_dim,844
date_dim,845
date_dim,846
date_dim,847
date_dim,848
date_dim,849
date_dim,850
date_dim,851
date_dim,852
date_dim,853
date_dim,854
date_dim,855
date_dim,856
date_dim,857
date_dim,858
date_dim,859
date_dim,860
date_dim,861
date_dim,862
date_dim,863
date_dim,864
date_dim,865
date_dim,866
date_dim,867
date_dim,868
date_dim,869
date_dim,870
date_dim,871
date_dim,872
date_dim,873
date_dim,874
date_dim,875
date_dim,876
date_dim,877
date_dim,878
date_dim,879
date_dim,880
date_dim,881
date_dim,882
date_dim,883
date_dim,884
date_dim,885
date_dim,886
date_dim,887
date_dim,888
date_dim,889
date_dim,890
date_dim,891
date_dim,892
date_dim,893
date_dim,894
date_dim,895
date_dim,896
date_dim,897
date_dim,898
date_dim,899
date_dim,900
date_dim,901
date_dim,902
date_dim,903
date_dim,904
date_dim,905
date_dim,906
date_dim,907
date_dim,908
date_dim,909
date_dim,910
date_dim,911
date_dim,912
date_dim,913
date_dim,914
date_dim,915
date_dim,916
date_dim,917
date_dim,918
date_dim,919
date_dim,920
date_dim,921
date_dim,922
date_dim,923
date_dim,924
date_dim,925
date_dim,926
date_dim,927
date_dim,928
date_dim,929
date_dim,930
date_dim,931
date_dim,932
date_dim,933
date_dim,934
date_dim,935
date_dim,936
date_dim,937
date_dim,938
date_dim,939
date_dim,940
date_dim,941
date_dim,942
date_dim,943
date_dim,944
date_dim,945
date_dim,946
date_dim,947
date_dim,948
date_dim,949
date_dim,950
date_dim,951
date_dim,952
date_dim,953
date_dim,954
date_dim,955
date_dim,956
date_dim,957
date_dim,958
date_dim,959
date_dim,960
date_dim,961
date_dim,962
date_dim,963
date_dim,964
date_dim,965
date_dim,966
date_dim,967
date_dim,968
date_dim,969
date_dim,970
date_dim,971
date_dim,972
date_dim,973
date_dim,974
date_dim,975
date_dim,976
date_dim,977
date_dim,978
date_dim,979
date_dim,980
date_dim,981
date_dim,982
date_dim,983
date_dim,984
date_dim,985
date_dim,986
date_dim,987
date_dim,988
date_dim,989
date_dim,990
date_dim,991
date_dim,992
date_dim,993
date_dim,994
date_dim,995
date_dim,996
date_dim,997
date_dim,998
date_dim,999
date_dim,1000
date_dim,1001
date_dim,1002
date_dim,1003
date_dim,1004
date_dim,1005
date_dim,1006
date_dim,1007
date_dim,1008
date_dim,1009
date_dim,1010
date_dim,1011
date_dim,1012
date_dim,1013
date_dim,1014
date_dim,1015
date_dim,1016
date_dim,1017
date_dim,1018
date_dim,1019
date_dim,1020
date_dim,1021
date_dim,1022
date_dim,1023
date_dim,1024
date_dim,1025
date_dim,1026
date_dim,1027
date_dim,1028
date_dim,1029
date_dim,1030
date_dim,1031
date_dim,1032
date_dim,1033
date_dim,1034
date_dim,1035
date_dim,1036
date_dim,1037
date_dim,1038
date_dim,1039
date_dim,1040
date_dim,1041
date_dim,1042
date_dim,1043
date_dim,1044
date_dim,1045
date_dim,1046
date_dim,1047
date_dim,1048
date_dim,1049
date_dim,1050
date_dim,1051
date_dim,1052
date_dim,1053
date_dim,1054
date_dim,1055
date_dim,1056
date_dim,1057
date_dim,1058
date_dim,1059
date_dim,1060
date_dim,1061
date_dim,1062
date_dim,1063
date_dim,1064
date_dim,1065
date_dim,1066
date_dim,1067
date_dim,1068
date_dim,1069
date_dim,1070
date_dim,1071
date_dim,1072
date_dim,1073
date_dim,1074
date_dim,1075
date_dim,1076
date_dim,1077
date_dim,1078
date_dim,1079
date_dim,1080
date_dim,1081
date_dim,1082
date_dim,1083
date_dim,1084
date_dim,1085
date_dim,1086
date_dim,1087
date_dim,1088
date_dim,1089
date_dim,1090
date_dim,1091
date_dim,1092
date_dim,1093
date_dim,1094
date_dim,1095
date_dim,1096
date_dim,1097
date_dim,1098
date_dim,1099
date_dim,1100
date_dim,1101
date_dim,1102
date_dim,1103
date_dim,1104
date_dim,1105
date_dim,1106
date_dim,1107
date_dim,1108
date_dim,1109
date_dim,1110
date_dim,1111
date_dim,1112
date_dim,1113
date_dim,1114
date_dim,1115
date_dim,1116
date_dim,1117
date_dim,1118
date_dim,1119
date_dim,1120
date_dim,1121
date_dim,1122
date_dim,1123
date_dim,1124
date_dim,1125
date_dim,1126
date_dim,1127
date_dim,1128
date_dim,1129
date_dim,1130
date_dim,1131
date_dim,1132
date_dim,1133
date_dim,1134
date_dim,1135
date_dim,1136
date_dim,1137
date_dim,1138
date_dim,1139
date_dim,1140
date_dim,1141
date_dim,1142
date_dim,1143
date_dim,1144
date_dim,1145
date_dim,1146
date_dim,1147
date_dim,1148
date_dim,1149
date_dim,1150
date_dim,1151
date_dim,1152
date_dim,1153
date_dim,1154
date_dim,1155
date_dim,1156
date_dim,1157
date_dim,1158
date_dim,1159
date_dim,1160
date_dim,1161
date_dim,1162
date_dim,1163
date_dim,1164
date_dim,1165
date_dim,1166
date_dim,1167
date_dim,1168
date_dim,1169
date_dim,1170
date_dim,1171
date_dim,1172
date_dim,1173
date_dim,1174
date_dim,1175
date_dim,1176
date_dim,1177
date_dim,1178
date_dim,1179
date_dim,1180
date_dim,1181
date_dim,1182
date_dim,1183
date_dim,1184
date_dim,1185
date_dim,1186
date_dim,1187
date_dim,1188
date_dim,1189
date_dim,1190
date_dim,1191
date_dim,1192
date_dim,1193
date_dim,1194
date_dim,1195
date_dim,1196
date_dim,1197
date_dim,1198
date_dim,1199
date_dim,1200
date_dim,1201
date_dim,1202
date_dim,1203
date_dim,1204
date_dim,1205
date_dim,1206
date_dim,1207
date_dim,1208
date_dim,1209
date_dim,1210
date_dim,1211
date_dim,1212
date_dim,1213
date_dim,1214
date_dim,1215
date_dim,1216
date_dim,1217
date_dim,1218
date_dim,1219
date_dim,1220
date_dim,1221
date_dim,1222
date_dim,1223
date_dim,1224
date_dim,1225
date_dim,1226
date_dim,1227
date_dim,1228
date_dim,1229
date_dim,1230
date_dim,1231
date_dim,1232
date_dim,1233
date_dim,1234
date_dim,1235
date_dim,1236
date_dim,1237
date_dim,1238
date_dim,1239
date_dim,1240
date_dim,1241
date_dim,1242
date_dim,1243
date_dim,1244
date_dim,1245
date_dim,1246
date_dim,1247
date_dim,1248
date_dim,1249
date_dim,1250
date_dim,1251
date_dim,1252
date_dim,1253
date_dim,1254
date_dim,1255
date_dim,1256
date_dim,1257
date_dim,1258
date_dim,1259
date_dim,1260
date_dim,1261
date_dim,1262
date_dim,1263
date_dim,1264
date_dim,1265
date_dim,1266
date_dim,1267
date_dim,1268
date_dim,1269
date_dim,1270
date_dim,1271
date_dim,1272
date_dim,1273
date_dim,1274
date_dim,1275
date_dim,1276
date_dim,1277
date_dim,1278
date_dim,1279
date_dim,1280
date_dim,1281
date_dim,1282
date_dim,1283
date_dim,1284
date_dim,1285
date_dim,1286
date_dim,1287
date_dim,1288
date_dim,1289
date_dim,1290
date_dim,1291
date_dim,1292
date_dim,1293
date_dim,1294
date_dim,1295
date_dim,1296
date_dim,1297
date_dim,1298
date_dim,1299
date_dim,1300
date_dim,1301
date_dim,1302
date_dim,1303
date_dim,1304
date_dim,1305
date_dim,1306
date_dim,1307
date_dim,1308
date_dim,1309
date_dim,1310
date_dim,1311
date_dim,1312
date_dim,1313
date_dim,1314
date_dim,1315
date_dim,1316
date_dim,1317
date_dim,1318
date_dim,1319
date_dim,1320
date_dim,1321
date_dim,1322
date_dim,1323
date_dim,1324
date_dim,1325
date_dim,1326
date_dim,1327
date_dim,1328
date_dim,1329
date_dim,1330
date_dim,1331
date_dim,1332
date_dim,1333
date_dim,1334
date_dim,1335
date_dim,1336
date_dim,1337
date_dim,1338
date_dim,1339
date_dim,1340
date_dim,1341
date_dim,1342
date_dim,1343
date_dim,1344
date_dim,1345
date_dim,1346
date_dim,1347
date_dim,1348
date_dim,1349
date_dim,1350
date_dim,1351
date_dim,1352
date_dim,1353
date_dim,1354
date_dim,1355
date_dim,1356
date_dim,1357
date_dim,1358
date_dim,1359
date_dim,1360
date_dim,1361
date_dim,1362
date_dim,1363
date_dim,1364
date_dim,1365
date_dim,1366
date_dim,1367
date_dim,1368
date_dim,1369
date_dim,1370
date_dim,1371
date_dim,1372
date_dim,1373
date_dim,1374
date_dim,1375
date_dim,1376
date_dim,1377
date_dim,1378
date_dim,1379
date_dim,1380
date_dim,1381
date_dim,1382
date_dim,1383
date_dim,1384
date_dim,1385
date_dim,1386
date_dim,1387
date_dim,1388
date_dim,1389
date_dim,1390
date_dim,1391
date_dim,1392
date_dim,1393
date_dim,1394
date_dim,1395
date_dim,1396
date_dim,1397
date_dim,1398
date_dim,1399
date_dim,1400
date_dim,1401
date_dim,1402
date_dim,1403
date_dim,1404
pg_aggregate,0
pg_am,0
pg_amop,0
pg_amop,1
pg_amop,2
pg_amop,3
pg_amop,4
pg_amop,5
pg_amop,6
pg_amproc,0
pg_amproc,1
pg_amproc,2
pg_amproc,3
pg_amproc,4
pg_cast,0
pg_cast,1
pg_constraint,2
pg_constraint,3
pg_constraint,4
pg_index,0
pg_index,1
pg_index,2
pg_index,3
pg_index,4
pg_index,5
pg_namespace,0
pg_opclass,0
pg_opclass,1
pg_operator,0
pg_operator,1
pg_operator,2
pg_operator,3
pg_operator,4
pg_operator,5
pg_operator,6
pg_operator,7
pg_operator,8
pg_operator,9
pg_operator,10
pg_operator,11
pg_operator,12
pg_operator,13
pg_rewrite,12
pg_statistic,6
pg_statistic,7
pg_statistic,14
pg_statistic,17
pg_statistic,27
pg_statistic,29
pg_statistic,35
pg_statistic,38
pg_statistic,57
pg_statistic,58
pg_statistic,69
pg_statistic,83
pg_statistic,85
pg_trigger,0
pg_trigger,1
pg_trigger,2
pg_trigger,3
pg_trigger,4
pg_trigger,5
pg_trigger,6
pg_trigger,7
pg_trigger,8
pg_ts_config,0
