table,block
catalog_sales,0
catalog_sales,9
catalog_sales,11
catalog_sales,306
catalog_sales,327
catalog_sales,595
catalog_sales,640
catalog_sales,1050
catalog_sales,1469
catalog_sales,1692
catalog_sales,1792
catalog_sales,1921
catalog_sales,1946
catalog_sales,2023
catalog_sales,2214
catalog_sales,2393
catalog_sales,2623
catalog_sales,2693
catalog_sales,2877
catalog_sales,3513
catalog_sales,3721
catalog_sales,3857
catalog_sales,4124
catalog_sales,4214
catalog_sales,4327
catalog_sales,4411
catalog_sales,4471
catalog_sales,4823
catalog_sales,4915
catalog_sales,5153
catalog_sales,5249
catalog_sales,5436
catalog_sales,6053
catalog_sales,6250
catalog_sales,6257
catalog_sales,6288
catalog_sales,6570
catalog_sales,6686
catalog_sales,6700
catalog_sales,6721
catalog_sales,6980
catalog_sales,7002
catalog_sales,7305
catalog_sales,7414
catalog_sales,7697
catalog_sales,7789
catalog_sales,7882
catalog_sales,8060
catalog_sales,8147
catalog_sales,8356
catalog_sales,8399
catalog_sales,8415
catalog_sales,8730
catalog_sales,8906
catalog_sales,9197
catalog_sales,9210
catalog_sales,9262
catalog_sales,9333
catalog_sales,9500
catalog_sales,9866
catalog_sales,9931
catalog_sales,10060
catalog_sales,10102
catalog_sales,10114
catalog_sales,10228
catalog_sales,10326
catalog_sales,10493
catalog_sales,10860
catalog_sales,11037
catalog_sales,11116
catalog_sales,11158
catalog_sales,11475
catalog_sales,11892
catalog_sales,12260
catalog_sales,12269
catalog_sales,12310
catalog_sales,12720
catalog_sales,12846
catalog_sales,12947
catalog_sales,12962
catalog_sales,13007
catalog_sales,13341
catalog_sales,13882
catalog_sales,14213
catalog_sales,14275
catalog_sales,14282
catalog_sales,14530
catalog_sales,14544
catalog_sales,14548
catalog_sales,14600
catalog_sales,14688
catalog_sales,15048
catalog_sales,15087
catalog_sales,15180
catalog_sales,15182
catalog_sales,15213
catalog_sales,15319
catalog_sales,15519
catalog_sales,15589
catalog_sales,15766
catalog_sales,15956
catalog_sales,16019
catalog_sales,16109
catalog_sales,16170
catalog_sales,16505
catalog_sales,16519
catalog_sales,16559
catalog_sales,16837
catalog_sales,17257
catalog_sales,17636
catalog_sales,17679
catalog_sales,17769
catalog_sales,17804
catalog_sales,17813
catalog_sales,18124
catalog_sales,18288
catalog_sales,18591
catalog_sales,18660
catalog_sales,18951
catalog_sales,18999
catalog_sales,19025
catalog_sales,19036
catalog_sales,19534
catalog_sales,19548
catalog_sales,19605
catalog_sales,19632
catalog_sales,19691
catalog_sales,19694
catalog_sales,19707
catalog_sales,19712
catalog_sales,19745
catalog_sales,19996
catalog_sales,20317
catalog_sales,20926
catalog_sales,20973
catalog_sales,21073
catalog_sales,21282
catalog_sales,21791
catalog_sales,22202
catalog_sales,22318
catalog_sales,22356
catalog_sales,22410
catalog_sales,22657
catalog_sales,22700
catalog_sales,22728
catalog_sales,22769
catalog_sales,22851
catalog_sales,23040
catalog_sales,23069
catalog_sales,23090
catalog_sales,23433
catalog_sales,23578
catalog_sales,23799
catalog_sales,23836
catalog_sales,23846
catalog_sales,23930
catalog_sales,23964
catalog_sales,24197
catalog_sales,24203
catalog_sales,24289
catalog_sales,24324
catalog_sales,24353
catalog_sales,24497
catalog_sales,24662
catalog_sales,24826
catalog_sales,25214
catalog_sales,25280
catalog_sales,25453
catalog_sales,25530
catalog_sales,25612
catalog_sales,25845
catalog_sales,26057
catalog_sales,26105
catalog_sales,26143
catalog_sales,26266
catalog_sales,26803
catalog_sales,26969
catalog_sales,27019
catalog_sales,27417
catalog_sales,27834
catalog_sales,28126
catalog_sales,28303
catalog_sales,28395
catalog_sales,28607
catalog_sales,28670
catalog_sales,29442
catalog_sales,29558
catalog_sales,29744
catalog_sales,29961
catalog_sales,29977
catalog_sales,30049
catalog_sales,30054
catalog_sales,30165
catalog_sales,30234
catalog_sales,30698
catalog_sales,30712
catalog_sales,30744
catalog_sales,31119
catalog_sales,31180
catalog_sales,31375
catalog_sales,31530
catalog_sales,31719
catalog_sales,31774
catalog_sales,32130
catalog_sales,32253
catalog_sales,32361
catalog_sales,32384
catalog_sales,32461
catalog_sales,32616
catalog_sales,32712
catalog_sales,32793
catalog_sales,32823
catalog_sales,32964
catalog_sales,33230
catalog_sales,33326
catalog_sales,33453
catalog_sales,34227
catalog_sales,34637
catalog_sales,34886
catalog_sales,34964
catalog_sales,34973
catalog_sales,35044
catalog_sales,35137
catalog_sales,35260
catalog_sales,35355
catalog_sales,35573
catalog_sales,35841
catalog_sales,36035
catalog_sales,36070
catalog_sales,36179
catalog_sales,36312
catalog_sales,36462
catalog_sales,36632
catalog_sales,37027
catalog_sales,37116
catalog_sales,37297
catalog_sales,37540
catalog_sales,37697
catalog_sales,37916
catalog_sales,38068
catalog_sales,38148
catalog_sales,38171
catalog_sales,38407
catalog_sales,38434
catalog_sales,38533
catalog_sales,38684
catalog_sales,38730
catalog_sales,38775
catalog_sales,39155
catalog_sales,39233
catalog_sales,39660
catalog_sales,39824
catalog_sales,39827
catalog_sales,39952
catalog_sales,39995
catalog_sales,40037
catalog_sales,40197
catalog_sales,40263
catalog_sales,40581
catalog_sales,40795
catalog_sales,40905
catalog_sales,41036
catalog_sales,41102
catalog_sales,41180
catalog_sales,41514
catalog_sales,41519
catalog_sales,41840
catalog_sales,41850
catalog_sales,41862
catalog_sales,41965
catalog_sales,42454
catalog_sales,42764
catalog_sales,42852
catalog_sales,43549
catalog_sales,43664
catalog_sales,43826
catalog_sales,44027
catalog_sales,44545
catalog_sales,44638
catalog_sales,44718
catalog_sales,44734
catalog_sales,44825
catalog_sales,44966
catalog_sales,44967
catalog_sales,45186
catalog_sales,45276
catalog_sales,45788
catalog_sales,45820
catalog_sales,45864
catalog_sales,45883
catalog_sales,45895
catalog_sales,46040
catalog_sales,46044
catalog_sales,46167
catalog_sales,46578
catalog_sales,46782
catalog_sales,46894
catalog_sales,46911
catalog_sales,47092
catalog_sales,47387
catalog_sales,47449
catalog_sales,47824
catalog_sales,47971
catalog_sales,48553
catalog_sales,49174
catalog_sales,49518
catalog_sales,49772
catalog_sales,50262
catalog_sales,50299
catalog_sales,50382
catalog_sales,51264
catalog_sales,51743
catalog_sales,52443
catalog_sales,52515
catalog_sales,53447
catalog_sales,53897
catalog_sales,53907
catalog_sales,54097
catalog_sales,54104
catalog_sales,54162
catalog_sales,54393
catalog_sales,54394
catalog_sales,54695
catalog_sales,54798
catalog_sales,54912
catalog_sales,54946
catalog_sales,55061
catalog_sales,55261
catalog_sales,55333
catalog_sales,56099
catalog_sales,56181
catalog_sales,56557
catalog_sales,56608
catalog_sales,56784
catalog_sales,56994
catalog_sales,57209
catalog_sales,57630
catalog_sales,57649
catalog_sales,57687
catalog_sales,57694
catalog_sales,57788
catalog_sales,57907
catalog_sales,58217
catalog_sales,58230
catalog_sales,58254
catalog_sales,58441
catalog_sales,58520
catalog_sales,58556
catalog_sales,58894
catalog_sales,58930
catalog_sales,59306
catalog_sales,59667
catalog_sales,59782
catalog_sales,59808
catalog_sales,59879
catalog_sales,60047
catalog_sales,60101
catalog_sales,60163
catalog_sales,60248
catalog_sales,60333
catalog_sales,60517
catalog_sales,60716
catalog_sales,60746
catalog_sales,60900
catalog_sales,61335
catalog_sales,61407
catalog_sales,61699
catalog_sales,62003
catalog_sales,62373
catalog_sales,62507
catalog_sales,62571
catalog_sales,62618
catalog_sales,62654
catalog_sales,62765
catalog_sales,62886
catalog_sales,63174
catalog_sales,63227
catalog_sales,63456
catalog_sales,63467
catalog_sales,63621
catalog_sales,63861
catalog_sales,64125
catalog_sales,64294
catalog_sales,64388
catalog_sales,64422
catalog_sales,64543
catalog_sales,64568
catalog_sales,64678
catalog_sales,65081
catalog_sales,65221
catalog_sales,65591
catalog_sales,65606
catalog_sales,65677
catalog_sales,65747
catalog_sales,65842
catalog_sales,65848
catalog_sales,65882
catalog_sales,65900
catalog_sales,65960
catalog_sales,66013
catalog_sales,66184
catalog_sales,66190
catalog_sales,66879
catalog_sales,67346
catalog_sales,67748
catalog_sales,67897
catalog_sales,68010
catalog_sales,68346
catalog_sales,68357
catalog_sales,68546
catalog_sales,68625
catalog_sales,68711
catalog_sales,68723
catalog_sales,68763
catalog_sales,68813
catalog_sales,69289
catalog_sales,69395
catalog_sales,69569
catalog_sales,69748
catalog_sales,69851
catalog_sales,69916
catalog_sales,69999
catalog_sales,70420
catalog_sales,70444
catalog_sales,70768
catalog_sales,71003
catalog_sales,71049
catalog_sales,71214
catalog_sales,71275
catalog_sales,71528
catalog_sales,71660
catalog_sales,71879
catalog_sales,71977
catalog_sales,72089
catalog_sales,72333
catalog_sales,72783
catalog_sales,72839
catalog_sales,72977
catalog_sales,72984
catalog_sales,72988
catalog_sales,73587
catalog_sales,73848
catalog_sales,74086
catalog_sales,74225
catalog_sales,74272
catalog_sales,74347
catalog_sales,74354
catalog_sales,74379
catalog_sales,74503
catalog_sales,74505
catalog_sales,74829
catalog_sales,75007
catalog_sales,75072
catalog_sales,75507
catalog_sales,75595
catalog_sales,75635
catalog_sales,75887
catalog_sales,75978
catalog_sales,76227
catalog_sales,76251
catalog_sales,76433
catalog_sales,76704
catalog_sales,76861
catalog_sales,77023
catalog_sales,77084
catalog_sales,77111
catalog_sales,77121
catalog_sales,77324
catalog_sales,77327
catalog_sales,77528
catalog_sales,77637
catalog_sales,77760
catalog_sales,77788
catalog_sales,77814
catalog_sales,78194
catalog_sales,78220
catalog_sales,78377
catalog_sales,78462
catalog_sales,78489
catalog_sales,78537
catalog_sales,78610
catalog_sales,78613
catalog_sales,78698
catalog_sales,78811
catalog_sales,78948
catalog_sales,79009
catalog_sales,79033
catalog_sales,79128
catalog_sales,79200
catalog_sales,79241
catalog_sales,79270
catalog_sales,79419
catalog_sales,79538
catalog_sales,79739
catalog_sales,79839
catalog_sales,80084
catalog_sales,80103
catalog_sales,80268
catalog_sales,80290
catalog_sales,80418
catalog_sales,81016
catalog_sales,81469
catalog_sales,81638
catalog_sales,81819
catalog_sales,82325
catalog_sales,82352
catalog_sales,82370
catalog_sales,82492
catalog_sales,82551
catalog_sales,82939
catalog_sales,82953
catalog_sales,83300
catalog_sales,83380
catalog_sales,83424
catalog_sales,83525
catalog_sales,83571
catalog_sales,83591
catalog_sales,83799
catalog_sales,84582
catalog_sales,84628
catalog_sales,84685
catalog_sales,84952
catalog_sales,85000
catalog_sales,85256
catalog_sales,85416
catalog_sales,85881
catalog_sales,85917
catalog_sales,86118
catalog_sales,86119
catalog_sales,86194
catalog_sales,86298
catalog_sales,86311
catalog_sales,86831
catalog_sales,87159
catalog_sales,87505
catalog_sales,87721
catalog_sales,87790
catalog_sales,87811
catalog_sales,88276
catalog_sales,88337
catalog_sales,88701
catalog_sales,88828
catalog_sales,88985
catalog_sales,89126
catalog_sales,89227
catalog_sales,89261
catalog_sales,89328
catalog_sales,89484
catalog_sales,89683
catalog_sales,89787
catalog_sales,89823
catalog_sales,90268
catalog_sales,90305
catalog_sales,90491
catalog_sales,90502
catalog_sales,90571
catalog_sales,90640
catalog_sales,91207
catalog_sales,91268
catalog_sales,91309
catalog_sales,91945
catalog_sales,91979
catalog_sales,92015
catalog_sales,92133
catalog_sales,92639
catalog_sales,92667
catalog_sales,92784
catalog_sales,92838
catalog_sales,92868
catalog_sales,93020
catalog_sales,93121
catalog_sales,93196
catalog_sales,93363
catalog_sales,93439
catalog_sales,93450
catalog_sales,93542
catalog_sales,93619
catalog_sales,93872
catalog_sales,94164
catalog_sales,94233
catalog_sales,94542
catalog_sales,94668
catalog_sales,95087
catalog_sales,95603
catalog_sales,95926
catalog_sales,96099
catalog_sales,96271
catalog_sales,96364
catalog_sales,96383
catalog_sales,96510
catalog_sales,96655
catalog_sales,96795
catalog_sales,96960
catalog_sales,97269
catalog_sales,97323
catalog_sales,97373
catalog_sales,97733
catalog_sales,98048
catalog_sales,98239
catalog_sales,98397
catalog_sales,98548
catalog_sales,98851
catalog_sales,98909
catalog_sales,99221
catalog_sales,99402
catalog_sales,99766
catalog_sales,99870
catalog_sales,100022
catalog_sales,100123
catalog_sales,100486
catalog_sales,100643
catalog_sales,100887
catalog_sales,101354
catalog_sales,101432
catalog_sales,101521
catalog_sales,101534
catalog_sales,101858
catalog_sales,102087
catalog_sales,102131
catalog_sales,102243
catalog_sales,102341
catalog_sales,102342
catalog_sales,102353
catalog_sales,102378
catalog_sales,102435
catalog_sales,102730
catalog_sales,102846
catalog_sales,103402
catalog_sales,103409
catalog_sales,103685
catalog_sales,103812
catalog_sales,104072
catalog_sales,104135
catalog_sales,104158
catalog_sales,104224
catalog_sales,104541
catalog_sales,104718
catalog_sales,104814
catalog_sales,104929
catalog_sales,104969
catalog_sales,105005
catalog_sales,105087
catalog_sales,105109
catalog_sales,105325
catalog_sales,105390
catalog_sales,105498
catalog_sales,105639
catalog_sales,105831
catalog_sales,105971
catalog_sales,106116
catalog_sales,106117
catalog_sales,106189
catalog_sales,106280
catalog_sales,106281
catalog_sales,106571
catalog_sales,106681
catalog_sales,106711
catalog_sales,106811
catalog_sales,106812
catalog_sales,106839
catalog_sales,106947
catalog_sales,107103
catalog_sales,107184
catalog_sales,107335
catalog_sales,107496
catalog_sales,107685
catalog_sales,107908
catalog_sales,108068
catalog_sales,108255
catalog_sales,108691
catalog_sales,109003
catalog_sales,109167
catalog_sales,109321
catalog_sales,109730
catalog_sales,109790
catalog_sales,109840
catalog_sales,109878
catalog_sales,110062
catalog_sales,110297
catalog_sales,110359
catalog_sales,111268
catalog_sales,111321
catalog_sales,111461
catalog_sales,111484
catalog_sales,111727
catalog_sales,111749
catalog_sales,111788
catalog_sales,111800
catalog_sales,112410
catalog_sales,112485
catalog_sales,112652
catalog_sales,112835
catalog_sales,112990
catalog_sales,113159
catalog_sales,113309
catalog_sales,113332
catalog_sales,113387
catalog_sales,113524
catalog_sales,113576
catalog_sales,113686
catalog_sales,113696
catalog_sales,113742
catalog_sales,113815
catalog_sales,114081
catalog_sales,114122
catalog_sales,114348
catalog_sales,114371
catalog_sales,114491
catalog_sales,114574
catalog_sales,114744
catalog_sales,114798
catalog_sales,115383
catalog_sales,115408
catalog_sales,115856
catalog_sales,115906
catalog_sales,115933
catalog_sales,115962
catalog_sales,116003
catalog_sales,116133
catalog_sales,116456
catalog_sales,116695
catalog_sales,116798
catalog_sales,117000
catalog_sales,117338
catalog_sales,117674
catalog_sales,117681
catalog_sales,117809
catalog_sales,117849
catalog_sales,117914
catalog_sales,118348
catalog_sales,118368
catalog_sales,118390
catalog_sales,118420
catalog_sales,118425
catalog_sales,118557
catalog_sales,118730
catalog_sales,118731
catalog_sales,118833
catalog_sales,118892
catalog_sales,118946
catalog_sales,118958
catalog_sales,119271
catalog_sales,119461
catalog_sales,119470
catalog_sales,119523
catalog_sales,119553
catalog_sales,119996
catalog_sales,120102
catalog_sales,120167
catalog_sales,120179
catalog_sales,120294
catalog_sales,120362
catalog_sales,120387
catalog_sales,120448
catalog_sales,121003
catalog_sales,121052
catalog_sales,121323
catalog_sales,121418
catalog_sales,121674
catalog_sales,121721
catalog_sales,121764
catalog_sales,121765
catalog_sales,122136
catalog_sales,122249
catalog_sales,122324
catalog_sales,122380
catalog_sales,122895
catalog_sales,123268
catalog_sales,123373
catalog_sales,123374
catalog_sales,123385
catalog_sales,123390
catalog_sales,123562
catalog_sales,123603
catalog_sales,123750
catalog_sales,123791
catalog_sales,123978
catalog_sales,123982
catalog_sales,124050
catalog_sales,124059
catalog_sales,124101
catalog_sales,124116
catalog_sales,124299
catalog_sales,124303
catalog_sales,124383
catalog_sales,124519
catalog_sales,125182
catalog_sales,125238
catalog_sales,125302
catalog_sales,125307
catalog_sales,125468
catalog_sales,125694
catalog_sales,125919
catalog_sales,125963
catalog_sales,126017
catalog_sales,126033
catalog_sales,126938
catalog_sales,127113
catalog_sales,127140
catalog_sales,127500
catalog_sales,127503
catalog_sales,127565
catalog_sales,127861
catalog_sales,128332
catalog_sales,128371
catalog_sales,128440
catalog_sales,128599
catalog_sales,128665
catalog_sales,128803
catalog_sales,128922
catalog_sales,129117
catalog_sales,129123
catalog_sales,129244
catalog_sales,129438
catalog_sales,129662
catalog_sales,129676
catalog_sales,129823
catalog_sales,129856
catalog_sales,130246
catalog_sales,130319
catalog_sales,130328
catalog_sales,130358
catalog_sales,130511
catalog_sales,130708
catalog_sales,130880
catalog_sales,130886
catalog_sales,131149
catalog_sales,131270
catalog_sales,131502
catalog_sales,131607
catalog_sales,131806
catalog_sales,132048
catalog_sales,132069
catalog_sales,132296
catalog_sales,132316
catalog_sales,132416
catalog_sales,132422
catalog_sales,132434
catalog_sales,132512
catalog_sales,132631
catalog_sales,132648
catalog_sales,132827
catalog_sales,133079
catalog_sales,133400
catalog_sales,133565
catalog_sales,133623
catalog_sales,133797
catalog_sales,134021
catalog_sales,134045
catalog_sales,134108
catalog_sales,134228
catalog_sales,134272
catalog_sales,134341
catalog_sales,134388
catalog_sales,134394
catalog_sales,134395
catalog_sales,134763
catalog_sales,134860
catalog_sales,134957
catalog_sales,135019
catalog_sales,135031
catalog_sales,135139
catalog_sales,135262
catalog_sales,135493
catalog_sales,136082
catalog_sales,136487
catalog_sales,136547
catalog_sales,136610
catalog_sales,136896
catalog_sales,136904
catalog_sales,136980
catalog_sales,137034
catalog_sales,137445
catalog_sales,137521
catalog_sales,137539
catalog_sales,137623
catalog_sales,137793
catalog_sales,137903
catalog_sales,137966
catalog_sales,138185
catalog_sales,138349
catalog_sales,138495
catalog_sales,138521
catalog_sales,138582
catalog_sales,138583
catalog_sales,138802
catalog_sales,138807
catalog_sales,139532
catalog_sales,139636
catalog_sales,139660
catalog_sales,139757
catalog_sales,139829
catalog_sales,139951
catalog_sales,140254
catalog_sales,140257
catalog_sales,140268
catalog_sales,140386
catalog_sales,140709
catalog_sales,141719
catalog_sales,142044
catalog_sales,142193
catalog_sales,142336
catalog_sales,142588
catalog_sales,142614
catalog_sales,142785
catalog_sales,142964
catalog_sales,143225
catalog_sales,143310
catalog_sales,143422
catalog_sales,143503
catalog_sales,143526
catalog_sales,143557
catalog_sales,143675
catalog_sales,143679
catalog_sales,143727
catalog_sales,143786
catalog_sales,143860
catalog_sales,144460
catalog_sales,144577
catalog_sales,144754
catalog_sales,144769
catalog_sales,145117
catalog_sales,145240
catalog_sales,145257
catalog_sales,145484
catalog_sales,145560
catalog_sales,145636
catalog_sales,145731
catalog_sales,145828
catalog_sales,145848
catalog_sales,146060
catalog_sales,146235
catalog_sales,146289
catalog_sales,146440
catalog_sales,146649
catalog_sales,146765
catalog_sales,147285
catalog_sales,147297
catalog_sales,147508
catalog_sales,147693
catalog_sales,147733
catalog_sales,148074
catalog_sales,148148
catalog_sales,148154
catalog_sales,148559
catalog_sales,148621
catalog_sales,148765
catalog_sales,148793
catalog_sales,148923
catalog_sales,149275
catalog_sales,149565
catalog_sales,149595
catalog_sales,149597
catalog_sales,149623
catalog_sales,149651
catalog_sales,149717
catalog_sales,149812
catalog_sales,149817
catalog_sales,150007
catalog_sales,150063
catalog_sales,150151
catalog_sales,150182
catalog_sales,150267
catalog_sales,150283
catalog_sales,150311
catalog_sales,150333
catalog_sales,150434
catalog_sales,150557
catalog_sales,150632
catalog_sales,150675
catalog_sales,150744
catalog_sales,150800
catalog_sales,150813
catalog_sales,150821
catalog_sales,151016
catalog_sales,151173
catalog_sales,151186
catalog_sales,151278
catalog_sales,151344
catalog_sales,151384
catalog_sales,151425
catalog_sales,151514
catalog_sales,151521
catalog_sales,151670
catalog_sales,151731
catalog_sales,151754
catalog_sales,151782
catalog_sales,151880
catalog_sales,151907
catalog_sales,151937
catalog_sales,151956
catalog_sales,152052
catalog_sales,152058
catalog_sales,152090
catalog_sales,152135
catalog_sales,152205
catalog_sales,152284
catalog_sales,152317
catalog_sales,152337
catalog_sales,152358
catalog_sales,152372
catalog_sales,152388
catalog_sales,152400
catalog_sales,152416
catalog_sales,152522
catalog_sales,152535
catalog_sales,152644
catalog_sales,152684
catalog_sales,152729
catalog_sales,152735
catalog_sales,152852
catalog_sales,153005
catalog_sales,153055
catalog_sales,153057
catalog_sales,153073
catalog_sales,153092
catalog_sales,153287
catalog_sales,153417
catalog_sales,153424
catalog_sales,153435
catalog_sales,153478
catalog_sales,153532
catalog_sales,153539
catalog_sales,153586
catalog_sales,153619
catalog_sales,153643
catalog_sales,153670
catalog_sales,153712
catalog_sales,153752
catalog_sales,153775
catalog_sales,153800
catalog_sales,153802
catalog_sales,153804
catalog_sales,153921
catalog_sales,154011
catalog_sales,154060
catalog_sales,154082
catalog_sales,154104
catalog_sales,154106
catalog_sales,154126
catalog_sales,154144
catalog_sales,154211
catalog_sales,154311
catalog_sales,154358
catalog_sales,154481
catalog_sales,154493
catalog_sales,154545
catalog_sales,154608
catalog_sales,154653
catalog_sales,154686
catalog_sales,154850
catalog_sales,154935
catalog_sales,154955
catalog_sales,154997
catalog_sales,155038
catalog_sales,155074
catalog_sales,155136
catalog_sales,155153
catalog_sales,155170
catalog_sales,155176
catalog_sales,155259
catalog_sales,155268
catalog_sales,155372
catalog_sales,155413
catalog_sales,155461
catalog_sales,155477
catalog_sales,155488
catalog_sales,155498
catalog_sales,155515
catalog_sales,155555
catalog_sales,155662
catalog_sales,155669
catalog_sales,155680
catalog_sales,155749
catalog_sales,155765
catalog_sales,155766
catalog_sales,155796
catalog_sales,155810
catalog_sales,155811
catalog_sales,155825
catalog_sales,155909
catalog_sales,155999
catalog_sales,156003
catalog_sales,156030
catalog_sales,156057
catalog_sales,156121
catalog_sales,156131
catalog_sales,156141
catalog_sales,156190
catalog_sales,156226
catalog_sales,156362
catalog_sales,156426
catalog_sales,156436
catalog_sales,156536
catalog_sales,156552
catalog_sales,156616
catalog_sales,156619
catalog_sales,156626
catalog_sales,156710
catalog_sales,156765
catalog_sales,156779
catalog_sales,156785
catalog_sales,156902
catalog_sales,156929
catalog_sales,156977
catalog_sales,156987
catalog_sales,157009
catalog_sales,157061
catalog_sales,157239
catalog_sales,157280
catalog_sales,157319
catalog_sales,157345
catalog_sales,157373
catalog_sales,157401
catalog_sales,157504
catalog_sales,157545
catalog_sales,157565
catalog_sales,157623
catalog_sales,157709
catalog_sales,157791
catalog_sales,157872
catalog_sales,157920
catalog_sales,158109
catalog_sales,158238
catalog_sales,158279
catalog_sales,158408
catalog_sales,158453
catalog_sales,158546
catalog_sales,158570
catalog_sales,158604
catalog_sales,158660
catalog_sales,158697
catalog_sales,158769
catalog_sales,158849
catalog_sales,159000
catalog_sales,159025
catalog_sales,159117
catalog_sales,159134
catalog_sales,159138
catalog_sales,159171
catalog_sales,159206
catalog_sales,159264
catalog_sales,159280
catalog_sales,159294
catalog_sales,159320
catalog_sales,159479
catalog_sales,159519
catalog_sales,159609
catalog_sales,159714
catalog_sales,159810
catalog_sales,159848
catalog_sales,159897
catalog_sales,159931
catalog_sales,159948
catalog_sales,160005
catalog_sales,160009
catalog_sales,160037
catalog_sales,160067
catalog_sales,160191
catalog_sales,160216
catalog_sales,160217
catalog_sales,160242
catalog_sales,160273
catalog_sales,160478
catalog_sales,160541
catalog_sales,160563
catalog_sales,160637
catalog_sales,160725
catalog_sales,160854
catalog_sales,160895
catalog_sales,160904
catalog_sales,160907
catalog_sales,161009
catalog_sales,161111
catalog_sales,161142
catalog_sales,161143
catalog_sales,161179
catalog_sales,161283
catalog_sales,161317
catalog_sales,161393
catalog_sales,161400
catalog_sales,161430
catalog_sales,161548
catalog_sales,161553
catalog_sales,161644
catalog_sales,161955
catalog_sales,162038
catalog_sales,162040
catalog_sales,162167
catalog_sales,162346
catalog_sales,162365
catalog_sales,162536
catalog_sales,162559
catalog_sales,162592
catalog_sales,162639
catalog_sales,162673
catalog_sales,162738
catalog_sales,162823
catalog_sales,162966
catalog_sales,162989
catalog_sales,163020
catalog_sales,163023
catalog_sales,163064
catalog_sales,163104
catalog_sales,163171
catalog_sales,163284
catalog_sales,163297
catalog_sales,163310
catalog_sales,163450
catalog_sales,163502
catalog_sales,163503
catalog_sales,163511
catalog_sales,163625
catalog_sales,163670
catalog_sales,163798
catalog_sales,163826
catalog_sales,163843
catalog_sales,163971
catalog_sales,163996
catalog_sales,164032
catalog_sales,164162
catalog_sales,164270
catalog_sales,164318
catalog_sales,164332
catalog_sales,164400
catalog_sales,164432
catalog_sales,164449
catalog_sales,164467
catalog_sales,164628
catalog_sales,164699
catalog_sales,164748
catalog_sales,164790
catalog_sales,164831
catalog_sales,164881
catalog_sales,164918
catalog_sales,164998
catalog_sales,165029
catalog_sales,165035
catalog_sales,165059
catalog_sales,165117
catalog_sales,165149
catalog_sales,165161
catalog_sales,165202
catalog_sales,165336
catalog_sales,165437
catalog_sales,165457
catalog_sales,165491
catalog_sales,165552
catalog_sales,165668
catalog_sales,165683
catalog_sales,165769
catalog_sales,165815
catalog_sales,165821
catalog_sales,165844
catalog_sales,165930
catalog_sales,165948
catalog_sales,166051
catalog_sales,166116
catalog_sales,166212
catalog_sales,166384
catalog_sales,166485
catalog_sales,166513
catalog_sales,166615
catalog_sales,166664
catalog_sales,166666
catalog_sales,166675
catalog_sales,166875
catalog_sales,166876
catalog_sales,166985
catalog_sales,167116
catalog_sales,167135
catalog_sales,167159
catalog_sales,167250
catalog_sales,167339
catalog_sales,167343
catalog_sales,167376
catalog_sales,167379
catalog_sales,167415
catalog_sales,167497
catalog_sales,167620
catalog_sales,167687
catalog_sales,167701
catalog_sales,167709
catalog_sales,167914
catalog_sales,167968
catalog_sales,168005
catalog_sales,168023
catalog_sales,168044
catalog_sales,168048
catalog_sales,168103
catalog_sales,168134
catalog_sales,168173
catalog_sales,168246
catalog_sales,168286
catalog_sales,168482
catalog_sales,168483
catalog_sales,168490
catalog_sales,168505
catalog_sales,168546
catalog_sales,168570
catalog_sales,168602
catalog_sales,168625
catalog_sales,168655
catalog_sales,168658
catalog_sales,168672
catalog_sales,168737
catalog_sales,168748
catalog_sales,168794
catalog_sales,168839
catalog_sales,168928
catalog_sales,169060
catalog_sales,169078
catalog_sales,169161
catalog_sales,169169
catalog_sales,169326
catalog_sales,169355
catalog_sales,169392
catalog_sales,169469
catalog_sales,169491
catalog_sales,169609
catalog_sales,169663
catalog_sales,169758
catalog_sales,169785
catalog_sales,169787
catalog_sales,169790
catalog_sales,169805
catalog_sales,169827
catalog_sales,169848
catalog_sales,169901
catalog_sales,169964
catalog_sales,170047
catalog_sales,170112
catalog_sales,170156
catalog_sales,170168
catalog_sales,170204
catalog_sales,170279
catalog_sales,170332
catalog_sales,170466
catalog_sales,170508
catalog_sales,170621
catalog_sales,170624
catalog_sales,170627
catalog_sales,170639
catalog_sales,170674
catalog_sales,170679
catalog_sales,170824
catalog_sales,170827
catalog_sales,170829
catalog_sales,170958
catalog_sales,170993
catalog_sales,171026
catalog_sales,171089
catalog_sales,171125
catalog_sales,171200
catalog_sales,171302
catalog_sales,171480
catalog_sales,171537
catalog_sales,171539
catalog_sales,171547
catalog_sales,171620
catalog_sales,171679
catalog_sales,171727
catalog_sales,171788
catalog_sales,171819
catalog_sales,171858
catalog_sales,171877
catalog_sales,171884
catalog_sales,171966
catalog_sales,171986
catalog_sales,172110
catalog_sales,172163
catalog_sales,172285
catalog_sales,172394
catalog_sales,172396
catalog_sales,172470
catalog_sales,172473
catalog_sales,172481
catalog_sales,172523
catalog_sales,172536
catalog_sales,172607
catalog_sales,172653
catalog_sales,172684
catalog_sales,172763
catalog_sales,173040
catalog_sales,173094
catalog_sales,173237
catalog_sales,173317
catalog_sales,173384
catalog_sales,173393
catalog_sales,173415
catalog_sales,173560
catalog_sales,173617
catalog_sales,173618
catalog_sales,173663
catalog_sales,173982
catalog_sales,174013
catalog_sales,174062
catalog_sales,174117
catalog_sales,174118
catalog_sales,174168
catalog_sales,174185
catalog_sales,174186
catalog_sales,174409
catalog_sales,174412
catalog_sales,174419
catalog_sales,174463
catalog_sales,174489
catalog_sales,174501
catalog_sales,174502
catalog_sales,174526
catalog_sales,174618
catalog_sales,174627
catalog_sales,174638
catalog_sales,174645
catalog_sales,174706
catalog_sales,174746
catalog_sales,174795
catalog_sales,174862
catalog_sales,175029
catalog_sales,175076
catalog_sales,175135
catalog_sales,175251
catalog_sales,175309
catalog_sales,175429
catalog_sales,175529
catalog_sales,175537
catalog_sales,175620
catalog_sales,175659
catalog_sales,175689
catalog_sales,175693
catalog_sales,175702
catalog_sales,175775
catalog_sales,176063
catalog_sales,176123
catalog_sales,176183
catalog_sales,176210
catalog_sales,176217
catalog_sales,176267
catalog_sales,176337
catalog_sales,176381
catalog_sales,176429
catalog_sales,176437
catalog_sales,176445
catalog_sales,176450
catalog_sales,176452
catalog_sales,176476
catalog_sales,176583
catalog_sales,176671
catalog_sales,176891
catalog_sales,176904
catalog_sales,176968
catalog_sales,177071
catalog_sales,177140
catalog_sales,177174
catalog_sales,177252
catalog_sales,177287
catalog_sales,177291
catalog_sales,177302
catalog_sales,177350
catalog_sales,177478
catalog_sales,177481
catalog_sales,177516
catalog_sales,177529
catalog_sales,177530
catalog_sales,177558
catalog_sales,177617
catalog_sales,177641
catalog_sales,177663
catalog_sales,177744
catalog_sales,177745
catalog_sales,177751
catalog_sales,177862
catalog_sales,177904
catalog_sales,177914
catalog_sales,177962
catalog_sales,177972
catalog_sales,178081
catalog_sales,178086
catalog_sales,178119
catalog_sales,178153
catalog_sales,178186
catalog_sales,178281
catalog_sales,178348
catalog_sales,178398
catalog_sales,178534
catalog_sales,178671
catalog_sales,178727
catalog_sales,178761
catalog_sales,178776
catalog_sales,178833
catalog_sales,178959
catalog_sales,178986
catalog_sales,179061
catalog_sales,179071
catalog_sales,179258
catalog_sales,179310
catalog_sales,179342
catalog_sales,179383
catalog_sales,179426
catalog_sales,179471
catalog_sales,179490
catalog_sales,179497
catalog_sales,179514
catalog_sales,179638
catalog_sales,179689
catalog_sales,179766
catalog_sales,179854
catalog_sales,179883
catalog_sales,179903
catalog_sales,180064
catalog_sales,180068
catalog_sales,180102
catalog_sales,180194
catalog_sales,180234
catalog_sales,180348
catalog_sales,180464
catalog_sales,180494
catalog_sales,180558
catalog_sales,180581
catalog_sales,180620
catalog_sales,180633
catalog_sales,180639
catalog_sales,180686
catalog_sales,180691
catalog_sales,180733
catalog_sales,180807
catalog_sales,180821
catalog_sales,180833
catalog_sales,180836
catalog_sales,180856
catalog_sales,181012
catalog_sales,181031
catalog_sales,181061
catalog_sales,181079
catalog_sales,181104
catalog_sales,181109
catalog_sales,181233
catalog_sales,181309
catalog_sales,181398
catalog_sales,181427
catalog_sales,181438
catalog_sales,181490
catalog_sales,181517
catalog_sales,181538
catalog_sales,181594
catalog_sales,181600
catalog_sales,181602
catalog_sales,181611
catalog_sales,181697
catalog_sales,181763
catalog_sales,181785
catalog_sales,181823
catalog_sales,181839
catalog_sales,181854
catalog_sales,181889
catalog_sales,182013
catalog_sales,182074
catalog_sales,182136
catalog_sales,182162
catalog_sales,182166
catalog_sales,182202
catalog_sales,182325
catalog_sales,182332
catalog_sales,182407
catalog_sales,182446
catalog_sales,182643
catalog_sales,182665
catalog_sales,182666
catalog_sales,182726
catalog_sales,182737
catalog_sales,182757
catalog_sales,182784
catalog_sales,182898
catalog_sales,182931
catalog_sales,183040
catalog_sales,183161
catalog_sales,183163
catalog_sales,183252
catalog_sales,183417
catalog_sales,183485
catalog_sales,183527
catalog_sales,183639
catalog_sales,183705
catalog_sales,183743
catalog_sales,183833
catalog_sales,183883
catalog_sales,183963
catalog_sales,183993
catalog_sales,184027
catalog_sales,184091
catalog_sales,184102
catalog_sales,184128
catalog_sales,184133
catalog_sales,184158
catalog_sales,184221
catalog_sales,184225
catalog_sales,184229
catalog_sales,184336
catalog_sales,184340
catalog_sales,184374
catalog_sales,184388
catalog_sales,184453
catalog_sales,184525
catalog_sales,184553
catalog_sales,184561
catalog_sales,184599
catalog_sales,184632
catalog_sales,184656
catalog_sales,184723
catalog_sales,184764
catalog_sales,184772
catalog_sales,184787
catalog_sales,184797
catalog_sales,184864
catalog_sales,184887
catalog_sales,184929
catalog_sales,185116
catalog_sales,185126
catalog_sales,185200
catalog_sales,185226
catalog_sales,185245
catalog_sales,185384
catalog_sales,185407
catalog_sales,185414
catalog_sales,185433
catalog_sales,185468
catalog_sales,185490
catalog_sales,185624
catalog_sales,185664
catalog_sales,185693
catalog_sales,185694
catalog_sales,185702
catalog_sales,185731
catalog_sales,185734
catalog_sales,185745
catalog_sales,185831
catalog_sales,185856
catalog_sales,185859
catalog_sales,185862
catalog_sales,185870
catalog_sales,185891
catalog_sales,185949
catalog_sales,185960
catalog_sales,186025
catalog_sales,186036
catalog_sales,186074
catalog_sales,186094
catalog_sales,186125
catalog_sales,186205
catalog_sales,186249
catalog_sales,186258
catalog_sales,186299
catalog_sales,186336
catalog_sales,186341
catalog_sales,186364
catalog_sales,186374
catalog_sales,186375
catalog_sales,186383
catalog_sales,186392
catalog_sales,186449
catalog_sales,186455
catalog_sales,186471
catalog_sales,186484
catalog_sales,186546
catalog_sales,186577
catalog_sales,186587
catalog_sales,186600
catalog_sales,186612
catalog_sales,186641
catalog_sales,186662
catalog_sales,186700
catalog_sales,186777
catalog_sales,186840
catalog_sales,186859
catalog_sales,186897
catalog_sales,186901
catalog_sales,186917
catalog_sales,186920
catalog_sales,187027
catalog_sales,187331
catalog_sales,187468
catalog_sales,187508
catalog_sales,187510
catalog_sales,187567
catalog_sales,187577
catalog_sales,187654
catalog_sales,187736
catalog_sales,187938
catalog_sales,187957
catalog_sales,187990
catalog_sales,188007
catalog_sales,188023
catalog_sales,188035
catalog_sales,188043
catalog_sales,188242
catalog_sales,188259
catalog_sales,188296
catalog_sales,188432
catalog_sales,188471
catalog_sales,188484
catalog_sales,188558
catalog_sales,188583
catalog_sales,188614
catalog_sales,188663
catalog_sales,188673
catalog_sales,188694
catalog_sales,188717
catalog_sales,188742
catalog_sales,188772
catalog_sales,188799
catalog_sales,188866
catalog_sales,188927
catalog_sales,188990
catalog_sales,188991
catalog_sales,189044
catalog_sales,189060
catalog_sales,189177
catalog_sales,189196
catalog_sales,189334
catalog_sales,189338
catalog_sales,189434
catalog_sales,189457
catalog_sales,189473
catalog_sales,189510
catalog_sales,189572
catalog_sales,189595
catalog_sales,189607
catalog_sales,189641
catalog_sales,189649
catalog_sales,189719
catalog_sales,189739
catalog_sales,189791
catalog_sales,189856
catalog_sales,189914
catalog_sales,190036
catalog_sales,190076
catalog_sales,190137
catalog_sales,190298
catalog_sales,190372
catalog_sales,190396
catalog_sales,190515
catalog_sales,190578
catalog_sales,190730
catalog_sales,190743
catalog_sales,190786
catalog_sales,190790
catalog_sales,190849
catalog_sales,190913
catalog_sales,190925
catalog_sales,190943
catalog_sales,190946
catalog_sales,191063
catalog_sales,191098
catalog_sales,191123
catalog_sales,191176
catalog_sales,191190
catalog_sales,191211
catalog_sales,191218
catalog_sales,191270
catalog_sales,191416
catalog_sales,191509
catalog_sales,191585
catalog_sales,191643
catalog_sales,191665
catalog_sales,191776
catalog_sales,191808
catalog_sales,191896
catalog_sales,191942
catalog_sales,191945
catalog_sales,192061
catalog_sales,192081
catalog_sales,192108
catalog_sales,192125
catalog_sales,192151
catalog_sales,192203
catalog_sales,192252
catalog_sales,192261
catalog_sales,192361
catalog_sales,192383
catalog_sales,192541
catalog_sales,192568
catalog_sales,192573
catalog_sales,192591
catalog_sales,192793
catalog_sales,192810
catalog_sales,192908
catalog_sales,193011
catalog_sales,193023
catalog_sales,193091
catalog_sales,193113
catalog_sales,193114
catalog_sales,193160
catalog_sales,193169
catalog_sales,193181
catalog_sales,193234
catalog_sales,193259
catalog_sales,193320
catalog_sales,193323
catalog_sales,193464
catalog_sales,193530
catalog_sales,193614
catalog_sales,193818
catalog_sales,193825
catalog_sales,193842
catalog_sales,193862
catalog_sales,193903
catalog_sales,193921
catalog_sales,194049
catalog_sales,194244
catalog_sales,194302
catalog_sales,194408
catalog_sales,194500
catalog_sales,194626
catalog_sales,194638
catalog_sales,194806
catalog_sales,194807
catalog_sales,194967
catalog_sales,195159
catalog_sales,195176
catalog_sales,195235
catalog_sales,195276
catalog_sales,195364
catalog_sales,195394
catalog_sales,195483
catalog_sales,195488
catalog_sales,195502
catalog_sales,195591
catalog_sales,195731
catalog_sales,195789
catalog_sales,195800
catalog_sales,195805
catalog_sales,195835
catalog_sales,195922
catalog_sales,195969
catalog_sales,195988
catalog_sales,196000
catalog_sales,196021
catalog_sales,196052
catalog_sales,196080
catalog_sales,196133
catalog_sales,196198
catalog_sales,196358
catalog_sales,196495
catalog_sales,196499
catalog_sales,196542
catalog_sales,196554
catalog_sales,196607
catalog_sales,196616
catalog_sales,196627
catalog_sales,196649
catalog_sales,196666
catalog_sales,196684
catalog_sales,196707
catalog_sales,196799
catalog_sales,196807
catalog_sales,196844
catalog_sales,196848
catalog_sales,196943
catalog_sales,196972
catalog_sales,196975
catalog_sales,196986
catalog_sales,197084
catalog_sales,197116
catalog_sales,197179
catalog_sales,197205
catalog_sales,197207
catalog_sales,197213
catalog_sales,197241
catalog_sales,197303
catalog_sales,197381
catalog_sales,197388
catalog_sales,197427
catalog_sales,197451
catalog_sales,197516
catalog_sales,197831
catalog_sales,197837
catalog_sales,197866
catalog_sales,197908
catalog_sales,197923
catalog_sales,197931
catalog_sales,197969
catalog_sales,198026
catalog_sales,198028
catalog_sales,198078
catalog_sales,198090
catalog_sales,198177
catalog_sales,198195
catalog_sales,198207
catalog_sales,198273
catalog_sales,198355
catalog_sales,198401
catalog_sales,198403
catalog_sales,198444
catalog_sales,198454
catalog_sales,198477
catalog_sales,198521
catalog_sales,198534
catalog_sales,198569
catalog_sales,198589
catalog_sales,198632
catalog_sales,198659
catalog_sales,198679
catalog_sales,198717
catalog_sales,198799
catalog_sales,198831
catalog_sales,198866
catalog_sales,198876
catalog_sales,198900
catalog_sales,199008
catalog_sales,199051
catalog_sales,199247
catalog_sales,199249
catalog_sales,199273
catalog_sales,199457
catalog_sales,199474
catalog_sales,199493
catalog_sales,199513
catalog_sales,199572
catalog_sales,199688
catalog_sales,199699
catalog_sales,199706
catalog_sales,199736
catalog_sales,199838
catalog_sales,199992
catalog_sales,200009
catalog_sales,200045
catalog_sales,200171
catalog_sales,200174
catalog_sales,200227
catalog_sales,200241
catalog_sales,200267
catalog_sales,200283
catalog_sales,200326
catalog_sales,200370
catalog_sales,200395
catalog_sales,200408
catalog_sales,200414
catalog_sales,200517
catalog_sales,200559
catalog_sales,200620
catalog_sales,200803
catalog_sales,200816
catalog_sales,200823
catalog_sales,200830
catalog_sales,201026
catalog_sales,201054
catalog_sales,201058
catalog_sales,201065
catalog_sales,201168
catalog_sales,201196
catalog_sales,201245
catalog_sales,201365
catalog_sales,201399
catalog_sales,201400
catalog_sales,201402
catalog_sales,201409
catalog_sales,201420
catalog_sales,201426
catalog_sales,201456
catalog_sales,201642
catalog_sales,201681
catalog_sales,201718
catalog_sales,201733
catalog_sales,201740
catalog_sales,201750
catalog_sales,201754
catalog_sales,201827
catalog_sales,201834
catalog_sales,201842
catalog_sales,201876
catalog_sales,201887
catalog_sales,201889
catalog_sales,201891
catalog_sales,202029
catalog_sales,202039
catalog_sales,202072
catalog_sales,202246
catalog_sales,202291
catalog_sales,202382
catalog_sales,202466
catalog_sales,202489
catalog_sales,202608
catalog_sales,202624
catalog_sales,202701
catalog_sales,202730
catalog_sales,202814
catalog_sales,202914
catalog_sales,203040
catalog_sales,203138
catalog_sales,203154
catalog_sales,203156
catalog_sales,203164
catalog_sales,203183
catalog_sales,203208
catalog_sales,203350
catalog_sales,203403
catalog_sales,203426
catalog_sales,203547
catalog_sales,203608
catalog_sales,203644
catalog_sales,203717
catalog_sales,203748
catalog_sales,203771
catalog_sales,203813
catalog_sales,203882
catalog_sales,203971
catalog_sales,203977
catalog_sales,204026
catalog_sales,204062
catalog_sales,204120
catalog_sales,204135
catalog_sales,204309
catalog_sales,204355
catalog_sales,204415
catalog_sales,204417
catalog_sales,204463
catalog_sales,204611
catalog_sales,204617
catalog_sales,204628
catalog_sales,204634
catalog_sales,204656
catalog_sales,204659
catalog_sales,204781
catalog_sales,204806
catalog_sales,204825
catalog_sales,204837
catalog_sales,204865
catalog_sales,204867
catalog_sales,204896
catalog_sales,204959
catalog_sales,204974
catalog_sales,205136
catalog_sales,205145
catalog_sales,205328
catalog_sales,205358
catalog_sales,205407
catalog_sales,205458
catalog_sales,205670
catalog_sales,205845
catalog_sales,205876
catalog_sales,206047
catalog_sales,206164
catalog_sales,206177
catalog_sales,206278
catalog_sales,206284
catalog_sales,206472
catalog_sales,206487
catalog_sales,206545
catalog_sales,206549
catalog_sales,206593
catalog_sales,206625
catalog_sales,206629
catalog_sales,206756
catalog_sales,206820
catalog_sales,206827
catalog_sales,206910
catalog_sales,206915
catalog_sales,207040
catalog_sales,207050
catalog_sales,207120
catalog_sales,207180
catalog_sales,207195
catalog_sales,207204
catalog_sales,207263
catalog_sales,207287
catalog_sales,207302
catalog_sales,207317
catalog_sales,207333
catalog_sales,207353
catalog_sales,207379
catalog_sales,207444
catalog_sales,207518
catalog_sales,207539
catalog_sales,207563
catalog_sales,207633
catalog_sales,207638
catalog_sales,207657
catalog_sales,207709
catalog_sales,207970
catalog_sales,207989
catalog_sales,207996
catalog_sales,208063
catalog_sales,208091
catalog_sales,208115
catalog_sales,208252
catalog_sales,208317
catalog_sales,208386
catalog_sales,208409
catalog_sales,208465
catalog_sales,208473
catalog_sales,208526
catalog_sales,208535
catalog_sales,208542
catalog_sales,208643
catalog_sales,208690
catalog_sales,208788
catalog_sales,208805
catalog_sales,208910
catalog_sales,208947
catalog_sales,209007
catalog_sales,209029
catalog_sales,209037
catalog_sales,209235
catalog_sales,209262
catalog_sales,209277
catalog_sales,209284
catalog_sales,209317
catalog_sales,209322
catalog_sales,209417
catalog_sales,209419
catalog_sales,209474
catalog_sales,209572
catalog_sales,209637
catalog_sales,209681
catalog_sales,209797
catalog_sales,209811
catalog_sales,209882
catalog_sales,209940
catalog_sales,209943
catalog_sales,209949
catalog_sales,209955
catalog_sales,210029
catalog_sales,210047
catalog_sales,210092
catalog_sales,210107
catalog_sales,210119
catalog_sales,210138
catalog_sales,210231
catalog_sales,210254
catalog_sales,210362
catalog_sales,210463
catalog_sales,210483
catalog_sales,210492
catalog_sales,210505
catalog_sales,210514
catalog_sales,210648
catalog_sales,210650
catalog_sales,210732
catalog_sales,210799
catalog_sales,210938
catalog_sales,210982
catalog_sales,210991
catalog_sales,210997
catalog_sales,211000
catalog_sales,211108
catalog_sales,211148
catalog_sales,211157
catalog_sales,211350
catalog_sales,211388
catalog_sales,211450
catalog_sales,211464
catalog_sales,211485
catalog_sales,211497
catalog_sales,211498
catalog_sales,211522
catalog_sales,211566
catalog_sales,211573
catalog_sales,211629
catalog_sales,211685
catalog_sales,211782
catalog_sales,211787
catalog_sales,211819
catalog_sales,211842
catalog_sales,211906
catalog_sales,211988
catalog_sales,212003
catalog_sales,212087
catalog_sales,212267
catalog_sales,212317
catalog_sales,212357
catalog_sales,212379
catalog_sales,212537
catalog_sales,212560
catalog_sales,212704
catalog_sales,212715
catalog_sales,212721
catalog_sales,212928
catalog_sales,212933
catalog_sales,212945
catalog_sales,212972
catalog_sales,213004
catalog_sales,213046
catalog_sales,213052
catalog_sales,213130
catalog_sales,213215
catalog_sales,213281
catalog_sales,213298
catalog_sales,213342
catalog_sales,213368
catalog_sales,213385
catalog_sales,213447
catalog_sales,213459
catalog_sales,213547
catalog_sales,213560
catalog_sales,213580
catalog_sales,213586
catalog_sales,213592
catalog_sales,213790
catalog_sales,213818
catalog_sales,213857
catalog_sales,213892
catalog_sales,213980
catalog_sales,213986
catalog_sales,214032
catalog_sales,214049
catalog_sales,214100
catalog_sales,214136
catalog_sales,214216
catalog_sales,214219
catalog_sales,214287
catalog_sales,214302
catalog_sales,214411
catalog_sales,214450
catalog_sales,214529
catalog_sales,214613
catalog_sales,214626
catalog_sales,214636
catalog_sales,214657
catalog_sales,214661
catalog_sales,214669
catalog_sales,214670
catalog_sales,214751
catalog_sales,214800
catalog_sales,214824
catalog_sales,214835
catalog_sales,214859
catalog_sales,214937
catalog_sales,214960
catalog_sales,215003
catalog_sales,215046
catalog_sales,215097
catalog_sales,215098
catalog_sales,215140
catalog_sales,215230
catalog_sales,215241
catalog_sales,215248
catalog_sales,215270
catalog_sales,215509
catalog_sales,215617
catalog_sales,215669
catalog_sales,215681
catalog_sales,215784
catalog_sales,215799
catalog_sales,215822
catalog_sales,215823
catalog_sales,215840
catalog_sales,215878
catalog_sales,215953
catalog_sales,215958
catalog_sales,215995
catalog_sales,216247
catalog_sales,216298
catalog_sales,216341
catalog_sales,216382
catalog_sales,216442
catalog_sales,216579
catalog_sales,216607
catalog_sales,216610
catalog_sales,216615
catalog_sales,216667
catalog_sales,216747
catalog_sales,216833
catalog_sales,217196
catalog_sales,217250
catalog_sales,217261
catalog_sales,217291
catalog_sales,217471
catalog_sales,217506
catalog_sales,217627
catalog_sales,217680
catalog_sales,217743
catalog_sales,217770
catalog_sales,217779
catalog_sales,217937
catalog_sales,217993
catalog_sales,218078
catalog_sales,218118
catalog_sales,218120
catalog_sales,218123
catalog_sales,218127
catalog_sales,218221
catalog_sales,218358
catalog_sales,218429
catalog_sales,218542
catalog_sales,218569
catalog_sales,218664
catalog_sales,218738
catalog_sales,218903
catalog_sales,218907
catalog_sales,219036
catalog_sales,219041
catalog_sales,219048
catalog_sales,219083
catalog_sales,219089
catalog_sales,219144
catalog_sales,219215
catalog_sales,219221
catalog_sales,219381
catalog_sales,219404
catalog_sales,219498
catalog_sales,219522
catalog_sales,219633
catalog_sales,219649
catalog_sales,219720
catalog_sales,219732
catalog_sales,219863
catalog_sales,219885
catalog_sales,219904
catalog_sales,219980
catalog_sales,220001
catalog_sales,220069
catalog_sales,220072
catalog_sales,220111
catalog_sales,220139
catalog_sales,220142
catalog_sales,220158
catalog_sales,220182
catalog_sales,220187
catalog_sales,220203
catalog_sales,220284
catalog_sales,220479
catalog_sales,220558
catalog_sales,220563
catalog_sales,220668
catalog_sales,220680
catalog_sales,220777
catalog_sales,220858
catalog_sales,220942
catalog_sales,220975
catalog_sales,220995
catalog_sales,221038
catalog_sales,221061
catalog_sales,221128
catalog_sales,221142
catalog_sales,221177
catalog_sales,221259
catalog_sales,221329
catalog_sales,221337
catalog_sales,221450
catalog_sales,221499
catalog_sales,221535
catalog_sales,221603
catalog_sales,221605
catalog_sales,221621
catalog_sales,221651
catalog_sales,221796
catalog_sales,221797
catalog_sales,221819
catalog_sales,221934
catalog_sales,221944
catalog_sales,222004
catalog_sales,222116
catalog_sales,222389
catalog_sales,222415
catalog_sales,222418
catalog_sales,222437
catalog_sales,222445
catalog_sales,222457
catalog_sales,222561
catalog_sales,222668
catalog_sales,222800
catalog_sales,222833
catalog_sales,222871
catalog_sales,222872
catalog_sales,222950
catalog_sales,223013
catalog_sales,223117
catalog_sales,223119
catalog_sales,223277
catalog_sales,223283
catalog_sales,223322
catalog_sales,223377
catalog_sales,223379
catalog_sales,223430
catalog_sales,223468
catalog_sales,223479
catalog_sales,223548
catalog_sales,223578
catalog_sales,223664
catalog_sales,223668
catalog_sales,223739
catalog_sales,223960
catalog_sales,223988
catalog_sales,223989
catalog_sales,223995
catalog_sales,224002
catalog_sales,224009
catalog_sales,224029
catalog_sales,224053
catalog_sales,224093
catalog_sales,224206
catalog_sales,224210
catalog_sales,224225
catalog_sales,224229
catalog_sales,224260
catalog_sales,224290
catalog_sales,224341
catalog_sales,224353
catalog_sales,224360
catalog_sales,224392
catalog_sales,224404
catalog_sales,224456
catalog_sales,224469
catalog_sales,224470
catalog_sales,224496
catalog_sales,224508
catalog_sales,224535
catalog_sales,224556
catalog_sales,224624
catalog_sales,224655
catalog_sales,224736
catalog_sales,224790
catalog_sales,224810
catalog_sales,224845
catalog_sales,224849
catalog_sales,224851
catalog_sales,224891
catalog_sales,224898
catalog_sales,224907
catalog_sales,224909
catalog_sales,224964
catalog_sales,225001
catalog_sales,225049
catalog_sales,225099
catalog_sales,225107
catalog_sales,225207
catalog_sales,225323
catalog_sales,225362
catalog_sales,225379
catalog_sales,225543
catalog_sales,225546
catalog_sales,225574
catalog_sales,225578
catalog_sales,225646
catalog_sales,225728
catalog_sales,225736
catalog_sales,225754
catalog_sales,225758
catalog_sales,225777
catalog_sales,225789
catalog_sales,225807
catalog_sales,225810
catalog_sales,225812
catalog_sales,225860
catalog_sales,225908
catalog_sales,225919
catalog_sales,225981
catalog_sales,225991
catalog_sales,225999
catalog_sales,226057
catalog_sales,226158
catalog_sales,226162
catalog_sales,226174
catalog_sales,226184
catalog_sales,226205
catalog_sales,226215
catalog_sales,226240
catalog_sales,226252
catalog_sales,226275
catalog_sales,226290
catalog_sales,226291
catalog_sales,226309
catalog_sales,226339
catalog_sales,226354
catalog_sales,226395
catalog_sales,226453
catalog_sales,226460
catalog_sales,226499
catalog_sales,226511
catalog_sales,226512
catalog_sales,226537
catalog_sales,226539
catalog_sales,226567
catalog_sales,226592
catalog_sales,226635
catalog_sales,226636
catalog_sales,226639
catalog_sales,226725
catalog_sales,226784
catalog_sales,226858
catalog_sales,226860
catalog_sales,226862
catalog_sales,226898
catalog_sales,226915
catalog_sales,226983
catalog_sales,226995
catalog_sales,227011
catalog_sales,227028
catalog_sales,227048
catalog_sales,227075
catalog_sales,227119
catalog_sales,227159
catalog_sales,227171
catalog_sales,227182
catalog_sales,227221
catalog_sales,227224
catalog_sales,227237
catalog_sales,227250
catalog_sales,227262
catalog_sales,227327
catalog_sales,227348
catalog_sales,227375
catalog_sales,227395
catalog_sales,227483
catalog_sales,227484
catalog_sales,227504
catalog_sales,227513
catalog_sales,227676
catalog_sales,227712
catalog_sales,227747
catalog_sales,227777
catalog_sales,227791
catalog_sales,227854
catalog_sales,227863
catalog_sales,227872
catalog_sales,227911
catalog_sales,227912
catalog_sales,227929
catalog_sales,227946
catalog_sales,228022
catalog_sales,228098
catalog_sales,228159
catalog_sales,228210
catalog_sales,228290
catalog_sales,228306
catalog_sales,228324
catalog_sales,228355
catalog_sales,228358
catalog_sales,228373
catalog_sales,228389
catalog_sales,228446
catalog_sales,228496
catalog_sales,228500
catalog_sales,228558
catalog_sales,228568
catalog_sales,228634
catalog_sales,228643
catalog_sales,228653
catalog_sales,228689
catalog_sales,228692
catalog_sales,228739
catalog_sales,228809
catalog_sales,228810
catalog_sales,228827
catalog_sales,228840
catalog_sales,228849
catalog_sales,228868
catalog_sales,228925
catalog_sales,228929
catalog_sales,228949
catalog_sales,228988
catalog_sales,229002
catalog_sales,229006
catalog_sales,229010
catalog_sales,229022
catalog_sales,229041
catalog_sales,229079
catalog_sales,229104
catalog_sales,229105
catalog_sales,229159
catalog_sales,229220
catalog_sales,229234
catalog_sales,229242
catalog_sales,229247
catalog_sales,229256
catalog_sales,229265
catalog_sales,229300
catalog_sales,229323
catalog_sales,229442
catalog_sales,229443
catalog_sales,229535
catalog_sales,229564
catalog_sales,229588
catalog_sales,229611
catalog_sales,229613
catalog_sales,229622
catalog_sales,229632
catalog_sales,229640
catalog_sales,229706
catalog_sales,229741
catalog_sales,229785
catalog_sales,229795
catalog_sales,229904
catalog_sales,229908
catalog_sales,229968
catalog_sales,229997
catalog_sales,230044
catalog_sales,230052
catalog_sales,230114
catalog_sales,230135
catalog_sales,230166
catalog_sales,230229
catalog_sales,230238
catalog_sales,230244
catalog_sales,230295
catalog_sales,230305
catalog_sales,230306
catalog_sales,230341
catalog_sales,230348
catalog_sales,230366
catalog_sales,230451
catalog_sales,230469
catalog_sales,230475
catalog_sales,230528
catalog_sales,230535
catalog_sales,230588
catalog_sales,230622
catalog_sales,230628
catalog_sales,230690
catalog_sales,230717
catalog_sales,230725
catalog_sales,230737
catalog_sales,230764
catalog_sales,230799
catalog_sales,230804
catalog_sales,230842
catalog_sales,230843
catalog_sales,230844
catalog_sales,230845
catalog_sales,230846
catalog_sales,230847
catalog_sales,230848
catalog_sales,230849
catalog_sales,230850
catalog_sales,230851
catalog_sales,230852
catalog_sales,230853
catalog_sales,230854
catalog_sales,230855
catalog_sales,230856
catalog_sales,230857
catalog_sales,230858
catalog_sales,230859
catalog_sales,230860
catalog_sales,230861
catalog_sales,230862
catalog_sales,230863
catalog_sales,230864
catalog_sales,230865
catalog_sales,230866
catalog_sales,230867
catalog_sales,230868
catalog_sales,230869
catalog_sales,230870
catalog_sales,230871
catalog_sales,230872
catalog_sales,230873
catalog_sales,230874
catalog_sales,230875
catalog_sales,230876
catalog_sales,230877
catalog_sales,230878
catalog_sales,230879
catalog_sales,230880
catalog_sales,230881
catalog_sales,230882
catalog_sales,230883
catalog_sales,230884
catalog_sales,230885
catalog_sales,230886
catalog_sales,230887
catalog_sales,230888
catalog_sales,230889
catalog_sales,230890
catalog_sales,230891
catalog_sales,230892
catalog_sales,230893
catalog_sales,230894
catalog_sales,230895
catalog_sales,230896
catalog_sales,230897
catalog_sales,230898
catalog_sales,230899
catalog_sales,230900
catalog_sales,230901
catalog_sales,230902
catalog_sales,230903
catalog_sales,230904
catalog_sales,230905
catalog_sales,230906
catalog_sales,230907
catalog_sales,230908
catalog_sales,230909
catalog_sales,230910
catalog_sales,230911
catalog_sales,230912
catalog_sales,230913
catalog_sales,230914
catalog_sales,230915
catalog_sales,230916
catalog_sales,230917
catalog_sales,230918
catalog_sales,230919
catalog_sales,230920
catalog_sales,230921
catalog_sales,230922
catalog_sales,230923
catalog_sales,230924
catalog_sales,230925
catalog_sales,230926
catalog_sales,230927
catalog_sales,230928
catalog_sales,230929
catalog_sales,230930
catalog_sales,230931
catalog_sales,230932
catalog_sales,230933
catalog_sales,230934
catalog_sales,230935
catalog_sales,230936
catalog_sales,230937
catalog_sales,230938
catalog_sales,230939
catalog_sales,230940
catalog_sales,230941
catalog_sales,230942
catalog_sales,230943
catalog_sales,230944
catalog_sales,230945
catalog_sales,230946
catalog_sales,230947
catalog_sales,230948
catalog_sales,230949
catalog_sales,230950
catalog_sales,230951
catalog_sales,230952
catalog_sales,230953
catalog_sales,230954
catalog_sales,230955
catalog_sales,230956
catalog_sales,230957
catalog_sales,230958
catalog_sales,230959
catalog_sales,230960
catalog_sales,230961
catalog_sales,230962
catalog_sales,230963
catalog_sales,230964
catalog_sales,230965
catalog_sales,230966
catalog_sales,230967
catalog_sales,230968
catalog_sales,230969
catalog_sales,230970
catalog_sales,230971
catalog_sales,230972
catalog_sales,230973
catalog_sales,230974
catalog_sales,230975
catalog_sales,230976
catalog_sales,230977
catalog_sales,230978
catalog_sales,230979
catalog_sales,230980
catalog_sales,230981
catalog_sales,230982
catalog_sales,230983
catalog_sales,230984
catalog_sales,230985
catalog_sales,230986
catalog_sales,230987
catalog_sales,230988
catalog_sales,230989
catalog_sales,230990
catalog_sales,230991
catalog_sales,230992
catalog_sales,230993
catalog_sales,230994
catalog_sales,230995
catalog_sales,230996
catalog_sales,230997
catalog_sales,230998
catalog_sales,230999
catalog_sales,231000
catalog_sales,231001
catalog_sales,231002
catalog_sales,231003
catalog_sales,231004
catalog_sales,231005
catalog_sales,231006
catalog_sales,231007
catalog_sales,231008
catalog_sales,231009
catalog_sales,231010
catalog_sales,231011
catalog_sales,231012
catalog_sales,231013
catalog_sales,231014
catalog_sales,231015
catalog_sales,231016
catalog_sales,231017
catalog_sales,231018
catalog_sales,231019
catalog_sales,231020
catalog_sales,231021
catalog_sales,231022
catalog_sales,231023
catalog_sales,231024
catalog_sales,231025
catalog_sales,231026
catalog_sales,231027
catalog_sales,231028
catalog_sales,231029
catalog_sales,231030
catalog_sales,231031
catalog_sales,231032
catalog_sales,231033
catalog_sales,231034
catalog_sales,231035
catalog_sales,231036
catalog_sales,231037
catalog_sales,231038
catalog_sales,231039
catalog_sales,231040
catalog_sales,231041
catalog_sales,231042
catalog_sales,231043
catalog_sales,231044
catalog_sales,231045
catalog_sales,231046
catalog_sales,231047
catalog_sales,231048
catalog_sales,231049
catalog_sales,231050
catalog_sales,231051
catalog_sales,231052
catalog_sales,231053
catalog_sales,231054
catalog_sales,231055
catalog_sales,231056
catalog_sales,231057
catalog_sales,231058
catalog_sales,231059
catalog_sales,231060
catalog_sales,231061
catalog_sales,231062
catalog_sales,231063
catalog_sales,231064
catalog_sales,231065
catalog_sales,231066
catalog_sales,231067
catalog_sales,231068
catalog_sales,231069
catalog_sales,231070
catalog_sales,231071
catalog_sales,231072
catalog_sales,231073
catalog_sales,231074
catalog_sales,231075
catalog_sales,231076
catalog_sales,231077
catalog_sales,231078
catalog_sales,231079
catalog_sales,231080
catalog_sales,231081
catalog_sales,231082
catalog_sales,231083
catalog_sales,231084
catalog_sales,231085
catalog_sales,231086
catalog_sales,231087
catalog_sales,231088
catalog_sales,231089
catalog_sales,231090
catalog_sales,231091
catalog_sales,231092
catalog_sales,231093
catalog_sales,231094
catalog_sales,231095
catalog_sales,231096
catalog_sales,231097
catalog_sales,231098
catalog_sales,231099
catalog_sales,231100
catalog_sales,231101
catalog_sales,231102
catalog_sales,231103
catalog_sales,231104
catalog_sales,231105
catalog_sales,231106
catalog_sales,231107
catalog_sales,231108
catalog_sales,231109
catalog_sales,231110
catalog_sales,231111
catalog_sales,231112
catalog_sales,231113
catalog_sales,231114
catalog_sales,231115
catalog_sales,231116
catalog_sales,231117
catalog_sales,231118
catalog_sales,231119
catalog_sales,231120
catalog_sales,231121
catalog_sales,231122
catalog_sales,231123
catalog_sales,231124
catalog_sales,231125
catalog_sales,231126
catalog_sales,231127
catalog_sales,231128
catalog_sales,231129
catalog_sales,231130
catalog_sales,231131
catalog_sales,231132
catalog_sales,231133
catalog_sales,231134
catalog_sales,231135
catalog_sales,231136
catalog_sales,231137
catalog_sales,231138
catalog_sales,231139
catalog_sales,231140
catalog_sales,231141
catalog_sales,231142
catalog_sales,231143
catalog_sales,231144
catalog_sales,231145
catalog_sales,231146
catalog_sales,231147
catalog_sales,231148
catalog_sales,231149
catalog_sales,231150
catalog_sales,231151
catalog_sales,231152
catalog_sales,231153
catalog_sales,231154
catalog_sales,231155
catalog_sales,231156
catalog_sales,231157
catalog_sales,231158
catalog_sales,231159
catalog_sales,231160
catalog_sales,231161
catalog_sales,231162
catalog_sales,231163
catalog_sales,231164
catalog_sales,231165
catalog_sales,231166
catalog_sales,231167
catalog_sales,231168
catalog_sales,231169
catalog_sales,231170
catalog_sales,231171
catalog_sales,231172
catalog_sales,231173
catalog_sales,231174
catalog_sales,231175
catalog_sales,231176
catalog_sales,231177
catalog_sales,231178
catalog_sales,231179
catalog_sales,231180
catalog_sales,231181
catalog_sales,231182
catalog_sales,231183
catalog_sales,231184
catalog_sales,231185
catalog_sales,231186
catalog_sales,231187
catalog_sales,231188
catalog_sales,231189
catalog_sales,231190
catalog_sales,231191
catalog_sales,231192
catalog_sales,231193
catalog_sales,231194
catalog_sales,231195
catalog_sales,231196
catalog_sales,231197
catalog_sales,231198
catalog_sales,231199
catalog_sales,231200
catalog_sales,231201
catalog_sales,231202
catalog_sales,231203
catalog_sales,231204
catalog_sales,231205
catalog_sales,231206
catalog_sales,231207
catalog_sales,231208
catalog_sales,231209
catalog_sales,231210
catalog_sales,231211
catalog_sales,231212
catalog_sales,231213
catalog_sales,231214
catalog_sales,231215
catalog_sales,231216
catalog_sales,231217
catalog_sales,231218
catalog_sales,231219
catalog_sales,231220
catalog_sales,231221
catalog_sales,231222
catalog_sales,231223
catalog_sales,231224
catalog_sales,231225
catalog_sales,231226
catalog_sales,231227
catalog_sales,231228
catalog_sales,231229
catalog_sales,231230
catalog_sales,231231
catalog_sales,231232
catalog_sales,231233
catalog_sales,231234
catalog_sales,231235
catalog_sales,231236
catalog_sales,231237
catalog_sales,231238
catalog_sales,231239
catalog_sales,231240
catalog_sales,231241
catalog_sales,231242
catalog_sales,231243
catalog_sales,231244
catalog_sales,231245
catalog_sales,231246
catalog_sales,231247
catalog_sales,231248
catalog_sales,231249
catalog_sales,231250
catalog_sales,231251
catalog_sales,231252
catalog_sales,231253
catalog_sales,231254
catalog_sales,231255
catalog_sales,231256
catalog_sales,231257
catalog_sales,231258
catalog_sales,231259
catalog_sales,231260
catalog_sales,231261
catalog_sales,231262
catalog_sales,231263
catalog_sales,231264
catalog_sales,231265
catalog_sales,231266
catalog_sales,231267
catalog_sales,231268
catalog_sales,231269
catalog_sales,231270
catalog_sales,231271
catalog_sales,231272
catalog_sales,231273
catalog_sales,231274
catalog_sales,231275
catalog_sales,231276
catalog_sales,231277
catalog_sales,231278
catalog_sales,231279
catalog_sales,231280
catalog_sales,231281
catalog_sales,231282
catalog_sales,231283
catalog_sales,231284
catalog_sales,231285
catalog_sales,231286
catalog_sales,231287
catalog_sales,231288
catalog_sales,231289
catalog_sales,231290
catalog_sales,231291
catalog_sales,231292
catalog_sales,231293
catalog_sales,231294
catalog_sales,231295
catalog_sales,231296
catalog_sales,231297
catalog_sales,231298
catalog_sales,231299
catalog_sales,231300
catalog_sales,231301
catalog_sales,231302
catalog_sales,231303
catalog_sales,231304
catalog_sales,231305
catalog_sales,231306
catalog_sales,231307
catalog_sales,231308
catalog_sales,231309
catalog_sales,231310
catalog_sales,231311
catalog_sales,231312
catalog_sales,231313
catalog_sales,231314
catalog_sales,231315
catalog_sales,231316
catalog_sales,231317
catalog_sales,231318
catalog_sales,231319
catalog_sales,231320
catalog_sales,231321
catalog_sales,231322
catalog_sales,231323
catalog_sales,231324
catalog_sales,231325
catalog_sales,231326
catalog_sales,231327
catalog_sales,231328
catalog_sales,231329
catalog_sales,231330
catalog_sales,231331
catalog_sales,231332
catalog_sales,231333
catalog_sales,231334
catalog_sales,231335
catalog_sales,231336
catalog_sales,231337
catalog_sales,231338
catalog_sales,231339
catalog_sales,231340
catalog_sales,231341
catalog_sales,231342
catalog_sales,231343
catalog_sales,231344
catalog_sales,231345
catalog_sales,231346
catalog_sales,231347
catalog_sales,231348
catalog_sales,231349
catalog_sales,231350
catalog_sales,231351
catalog_sales,231352
catalog_sales,231353
catalog_sales,231354
catalog_sales,231355
catalog_sales,231356
catalog_sales,231357
catalog_sales,231358
catalog_sales,231359
catalog_sales,231360
catalog_sales,231361
catalog_sales,231362
catalog_sales,231363
catalog_sales,231364
catalog_sales,231365
catalog_sales,231366
catalog_sales,231367
catalog_sales,231368
catalog_sales,231369
catalog_sales,231370
catalog_sales,231371
catalog_sales,231372
catalog_sales,231373
catalog_sales,231374
catalog_sales,231375
catalog_sales,231376
catalog_sales,231377
catalog_sales,231378
catalog_sales,231379
catalog_sales,231380
catalog_sales,231381
catalog_sales,231382
catalog_sales,231383
catalog_sales,231384
catalog_sales,231385
catalog_sales,231386
catalog_sales,231387
catalog_sales,231388
catalog_sales,231389
catalog_sales,231390
catalog_sales,231391
catalog_sales,231392
catalog_sales,231393
catalog_sales,231394
catalog_sales,231395
catalog_sales,231396
catalog_sales,231397
catalog_sales,231398
catalog_sales,231399
catalog_sales,231400
catalog_sales,231401
catalog_sales,231402
catalog_sales,231403
catalog_sales,231404
catalog_sales,231405
catalog_sales,231406
catalog_sales,231407
catalog_sales,231408
catalog_sales,231409
catalog_sales,231410
catalog_sales,231411
catalog_sales,231412
catalog_sales,231413
catalog_sales,231414
catalog_sales,231415
catalog_sales,231416
catalog_sales,231417
catalog_sales,231418
catalog_sales,231419
catalog_sales,231420
catalog_sales,231421
catalog_sales,231422
catalog_sales,231423
catalog_sales,231424
catalog_sales,231425
catalog_sales,231426
catalog_sales,231427
catalog_sales,231428
catalog_sales,231429
catalog_sales,231430
catalog_sales,231431
catalog_sales,231432
catalog_sales,231433
catalog_sales,231434
catalog_sales,231435
catalog_sales,231436
catalog_sales,231437
catalog_sales,231438
catalog_sales,231439
catalog_sales,231440
catalog_sales,231441
catalog_sales,231442
catalog_sales,231443
catalog_sales,231444
catalog_sales,231445
catalog_sales,231446
catalog_sales,231447
catalog_sales,231448
catalog_sales,231449
catalog_sales,231450
catalog_sales,231451
catalog_sales,231452
catalog_sales,231453
catalog_sales,231454
catalog_sales,231455
catalog_sales,231456
catalog_sales,231457
catalog_sales,231458
catalog_sales,231459
catalog_sales,231460
catalog_sales,231461
catalog_sales,231462
catalog_sales,231463
catalog_sales,231464
catalog_sales,231465
catalog_sales,231466
catalog_sales,231467
catalog_sales,231468
catalog_sales,231469
catalog_sales,231470
catalog_sales,231471
catalog_sales,231472
catalog_sales,231473
catalog_sales,231474
catalog_sales,231475
catalog_sales,231476
catalog_sales,231477
catalog_sales,231478
catalog_sales,231479
catalog_sales,231480
catalog_sales,231481
catalog_sales,231482
catalog_sales,231483
catalog_sales,231484
catalog_sales,231485
catalog_sales,231486
catalog_sales,231487
catalog_sales,231488
catalog_sales,231489
catalog_sales,231490
catalog_sales,231491
catalog_sales,231492
catalog_sales,231493
catalog_sales,231494
catalog_sales,231495
catalog_sales,231496
catalog_sales,231497
catalog_sales,231498
catalog_sales,231499
catalog_sales,231500
catalog_sales,231501
catalog_sales,231502
catalog_sales,231503
catalog_sales,231504
catalog_sales,231505
catalog_sales,231506
catalog_sales,231507
catalog_sales,231508
catalog_sales,231509
catalog_sales,231510
catalog_sales,231511
catalog_sales,231512
catalog_sales,231513
catalog_sales,231514
catalog_sales,231515
catalog_sales,231516
catalog_sales,231517
catalog_sales,231518
catalog_sales,231519
catalog_sales,231520
catalog_sales,231521
catalog_sales,231522
catalog_sales,231523
catalog_sales,231524
catalog_sales,231525
catalog_sales,231526
catalog_sales,231527
catalog_sales,231528
catalog_sales,231529
catalog_sales,231530
catalog_sales,231531
catalog_sales,231532
catalog_sales,231533
catalog_sales,231534
catalog_sales,231535
catalog_sales,231536
catalog_sales,231537
catalog_sales,231538
catalog_sales,231539
catalog_sales,231540
catalog_sales,231541
catalog_sales,231542
catalog_sales,231543
catalog_sales,231544
catalog_sales,231545
catalog_sales,231546
catalog_sales,231547
catalog_sales,231548
catalog_sales,231549
catalog_sales,231550
catalog_sales,231551
catalog_sales,231552
catalog_sales,231553
catalog_sales,231554
catalog_sales,231555
catalog_sales,231556
catalog_sales,231557
catalog_sales,231558
catalog_sales,231559
catalog_sales,231560
catalog_sales,231561
catalog_sales,231562
catalog_sales,231563
catalog_sales,231564
catalog_sales,231565
catalog_sales,231566
catalog_sales,231567
catalog_sales,231568
catalog_sales,231569
catalog_sales,231570
catalog_sales,231571
catalog_sales,231572
catalog_sales,231573
catalog_sales,231574
catalog_sales,231575
catalog_sales,231576
catalog_sales,231577
catalog_sales,231578
catalog_sales,231579
catalog_sales,231580
catalog_sales,231581
catalog_sales,231582
catalog_sales,231583
catalog_sales,231584
catalog_sales,231585
catalog_sales,231586
catalog_sales,231587
catalog_sales,231588
catalog_sales,231589
catalog_sales,231590
catalog_sales,231591
catalog_sales,231592
catalog_sales,231593
catalog_sales,231594
catalog_sales,231595
catalog_sales,231596
catalog_sales,231597
catalog_sales,231598
catalog_sales,231599
catalog_sales,231600
catalog_sales,231601
catalog_sales,231602
catalog_sales,231603
catalog_sales,231604
catalog_sales,231605
catalog_sales,231606
catalog_sales,231607
catalog_sales,231608
catalog_sales,231609
catalog_sales,231610
catalog_sales,231611
catalog_sales,231612
catalog_sales,231613
catalog_sales,231614
catalog_sales,231615
catalog_sales,231616
catalog_sales,231617
catalog_sales,231618
catalog_sales,231619
catalog_sales,231620
catalog_sales,231621
catalog_sales,231622
catalog_sales,231623
catalog_sales,231624
catalog_sales,231625
catalog_sales,231626
catalog_sales,231627
catalog_sales,231628
catalog_sales,231629
catalog_sales,231630
catalog_sales,231631
catalog_sales,231632
catalog_sales,231633
catalog_sales,231634
catalog_sales,231635
catalog_sales,231636
catalog_sales,231637
catalog_sales,231638
catalog_sales,231639
catalog_sales,231640
catalog_sales,231641
catalog_sales,231642
catalog_sales,231643
catalog_sales,231644
catalog_sales,231645
catalog_sales,231646
catalog_sales,231647
catalog_sales,231648
catalog_sales,231649
catalog_sales,231650
catalog_sales,231651
catalog_sales,231652
catalog_sales,231653
catalog_sales,231654
catalog_sales,231655
catalog_sales,231656
catalog_sales,231657
catalog_sales,231658
catalog_sales,231659
catalog_sales,231660
catalog_sales,231661
catalog_sales,231662
catalog_sales,231663
catalog_sales,231664
catalog_sales,231665
catalog_sales,231666
catalog_sales,231667
catalog_sales,231668
catalog_sales,231669
catalog_sales,231670
catalog_sales,231671
catalog_sales,231672
catalog_sales,231673
catalog_sales,231674
catalog_sales,231675
catalog_sales,231676
catalog_sales,231677
catalog_sales,231678
catalog_sales,231679
catalog_sales,231680
catalog_sales,231681
catalog_sales,231682
catalog_sales,231683
catalog_sales,231684
catalog_sales,231685
catalog_sales,231686
catalog_sales,231687
catalog_sales,231688
catalog_sales,231689
catalog_sales,231690
catalog_sales,231691
catalog_sales,231692
catalog_sales,231693
catalog_sales,231694
catalog_sales,231695
catalog_sales,231696
catalog_sales,231697
catalog_sales,231698
catalog_sales,231699
catalog_sales,231700
catalog_sales,231701
catalog_sales,231702
catalog_sales,231703
catalog_sales,231704
catalog_sales,231705
catalog_sales,231706
catalog_sales,231707
catalog_sales,231708
catalog_sales,231709
catalog_sales,231710
catalog_sales,231711
catalog_sales,231712
catalog_sales,231713
catalog_sales,231714
catalog_sales,231715
catalog_sales,231716
catalog_sales,231717
catalog_sales,231718
catalog_sales,231719
catalog_sales,231720
catalog_sales,231721
catalog_sales,231722
catalog_sales,231723
catalog_sales,231724
catalog_sales,231725
catalog_sales,231726
catalog_sales,231727
catalog_sales,231728
catalog_sales,231729
catalog_sales,231730
catalog_sales,231731
catalog_sales,231732
catalog_sales,231733
catalog_sales,231734
catalog_sales,231735
catalog_sales,231736
catalog_sales,231737
catalog_sales,231738
catalog_sales,231739
catalog_sales,231740
catalog_sales,231741
catalog_sales,231742
catalog_sales,231743
catalog_sales,231744
catalog_sales,231745
catalog_sales,231746
catalog_sales,231747
catalog_sales,231748
catalog_sales,231749
catalog_sales,231750
catalog_sales,231751
catalog_sales,231752
catalog_sales,231753
catalog_sales,231754
catalog_sales,231755
catalog_sales,231756
catalog_sales,231757
catalog_sales,231758
catalog_sales,231759
catalog_sales,231760
catalog_sales,231761
catalog_sales,231762
catalog_sales,231763
catalog_sales,231764
catalog_sales,231765
catalog_sales,231766
catalog_sales,231767
catalog_sales,231768
catalog_sales,231769
catalog_sales,231770
catalog_sales,231771
catalog_sales,231772
catalog_sales,231773
catalog_sales,231774
catalog_sales,231775
catalog_sales,231776
catalog_sales,231777
catalog_sales,231778
catalog_sales,231779
catalog_sales,231780
catalog_sales,231781
catalog_sales,231782
catalog_sales,231783
catalog_sales,231784
catalog_sales,231785
catalog_sales,231786
catalog_sales,231787
catalog_sales,231788
catalog_sales,231789
catalog_sales,231790
catalog_sales,231791
catalog_sales,231792
catalog_sales,231793
catalog_sales,231794
catalog_sales,231795
catalog_sales,231796
catalog_sales,231797
catalog_sales,231798
catalog_sales,231799
catalog_sales,231800
catalog_sales,231801
catalog_sales,231802
catalog_sales,231803
catalog_sales,231804
catalog_sales,231805
catalog_sales,231806
catalog_sales,231807
catalog_sales,231808
catalog_sales,231809
catalog_sales,231810
catalog_sales,231811
catalog_sales,231812
catalog_sales,231813
catalog_sales,231814
catalog_sales,231815
catalog_sales,231816
catalog_sales,231817
catalog_sales,231818
catalog_sales,231819
catalog_sales,231820
catalog_sales,231821
catalog_sales,231822
catalog_sales,231823
catalog_sales,231824
catalog_sales,231825
catalog_sales,231826
catalog_sales,231827
catalog_sales,231828
catalog_sales,231829
catalog_sales,231830
catalog_sales,231831
catalog_sales,231832
catalog_sales,231833
catalog_sales,231834
catalog_sales,231835
catalog_sales,231836
catalog_sales,231837
catalog_sales,231838
catalog_sales,231839
catalog_sales,231840
catalog_sales,231841
catalog_sales,231842
catalog_sales,231843
catalog_sales,231844
catalog_sales,231845
catalog_sales,231846
catalog_sales,231847
catalog_sales,231848
catalog_sales,231849
catalog_sales,231850
catalog_sales,231851
catalog_sales,231852
catalog_sales,231853
catalog_sales,231854
catalog_sales,231855
catalog_sales,231856
catalog_sales,231857
catalog_sales,231858
catalog_sales,231859
catalog_sales,231860
catalog_sales,231861
catalog_sales,231862
catalog_sales,231863
catalog_sales,231864
catalog_sales,231865
catalog_sales,231866
catalog_sales,231867
catalog_sales,231868
catalog_sales,231869
catalog_sales,231870
catalog_sales,231871
catalog_sales,231872
catalog_sales,231873
catalog_sales,231874
catalog_sales,231875
catalog_sales,231876
catalog_sales,231877
catalog_sales,231878
catalog_sales,231879
catalog_sales,231880
catalog_sales,231881
catalog_sales,231882
catalog_sales,231883
catalog_sales,231884
catalog_sales,231885
catalog_sales,231886
catalog_sales,231887
catalog_sales,231888
catalog_sales,231889
catalog_sales,231890
catalog_sales,231891
catalog_sales,231892
catalog_sales,231893
catalog_sales,231894
catalog_sales,231895
catalog_sales,231896
catalog_sales,231897
catalog_sales,231898
catalog_sales,231899
catalog_sales,231900
catalog_sales,231901
catalog_sales,231902
catalog_sales,231903
catalog_sales,231904
catalog_sales,231905
catalog_sales,231906
catalog_sales,231907
catalog_sales,231908
catalog_sales,231909
catalog_sales,231910
catalog_sales,231911
catalog_sales,231912
catalog_sales,231913
catalog_sales,231914
catalog_sales,231915
catalog_sales,231916
catalog_sales,231917
catalog_sales,231918
catalog_sales,231919
catalog_sales,231920
catalog_sales,231921
catalog_sales,231922
catalog_sales,231923
catalog_sales,231924
catalog_sales,231925
catalog_sales,231926
catalog_sales,231927
catalog_sales,231928
catalog_sales,231929
catalog_sales,231930
catalog_sales,231931
catalog_sales,231932
catalog_sales,231933
catalog_sales,231934
catalog_sales,231935
catalog_sales,231936
catalog_sales,231937
catalog_sales,231938
catalog_sales,231939
catalog_sales,231940
catalog_sales,231941
catalog_sales,231942
catalog_sales,231943
catalog_sales,231944
catalog_sales,231945
catalog_sales,231946
catalog_sales,231947
catalog_sales,231948
catalog_sales,231949
catalog_sales,231950
catalog_sales,231951
catalog_sales,231952
catalog_sales,231953
catalog_sales,231954
catalog_sales,231955
catalog_sales,231956
catalog_sales,231957
catalog_sales,231958
catalog_sales,231959
catalog_sales,231960
catalog_sales,231961
catalog_sales,231962
catalog_sales,231963
catalog_sales,231964
catalog_sales,231965
catalog_sales,231966
catalog_sales,231967
catalog_sales,231968
catalog_sales,231969
catalog_sales,231970
catalog_sales,231971
catalog_sales,231972
catalog_sales,231973
catalog_sales,231974
catalog_sales,231975
catalog_sales,231976
catalog_sales,231977
catalog_sales,231978
catalog_sales,231979
catalog_sales,231980
catalog_sales,231981
catalog_sales,231982
catalog_sales,231983
catalog_sales,231984
catalog_sales,231985
catalog_sales,231986
catalog_sales,231987
catalog_sales,231988
catalog_sales,231989
catalog_sales,231990
catalog_sales,231991
catalog_sales,231992
catalog_sales,231993
catalog_sales,231994
catalog_sales,231995
catalog_sales,231996
catalog_sales,231997
catalog_sales,231998
catalog_sales,231999
catalog_sales,232000
catalog_sales,232001
catalog_sales,232002
catalog_sales,232003
catalog_sales,232004
catalog_sales,232005
catalog_sales,232006
catalog_sales,232007
catalog_sales,232008
catalog_sales,232009
catalog_sales,232010
catalog_sales,232011
catalog_sales,232012
catalog_sales,232013
catalog_sales,232014
catalog_sales,232015
catalog_sales,232016
catalog_sales,232017
catalog_sales,232018
catalog_sales,232019
catalog_sales,232020
catalog_sales,232021
catalog_sales,232022
catalog_sales,232023
catalog_sales,232024
catalog_sales,232025
catalog_sales,232026
catalog_sales,232027
catalog_sales,232028
catalog_sales,232029
catalog_sales,232030
catalog_sales,232031
catalog_sales,232032
catalog_sales,232033
catalog_sales,232034
catalog_sales,232035
catalog_sales,232036
catalog_sales,232037
catalog_sales,232038
catalog_sales,232039
catalog_sales,232040
catalog_sales,232041
catalog_sales,232042
catalog_sales,232043
catalog_sales,232044
catalog_sales,232045
catalog_sales,232046
catalog_sales,232047
catalog_sales,232048
catalog_sales,232049
catalog_sales,232050
catalog_sales,232051
catalog_sales,232052
catalog_sales,232053
catalog_sales,232054
catalog_sales,232055
catalog_sales,232056
catalog_sales,232057
catalog_sales,232058
catalog_sales,232059
catalog_sales,232060
catalog_sales,232061
catalog_sales,232062
catalog_sales,232063
catalog_sales,232064
catalog_sales,232065
catalog_sales,232066
catalog_sales,232067
catalog_sales,232068
catalog_sales,232069
catalog_sales,232070
catalog_sales,232071
catalog_sales,232072
catalog_sales,232073
catalog_sales,232074
catalog_sales,232075
catalog_sales,232076
catalog_sales,232077
catalog_sales,232078
catalog_sales,232079
catalog_sales,232080
catalog_sales,232081
catalog_sales,232082
catalog_sales,232083
catalog_sales,232084
catalog_sales,232085
catalog_sales,232086
catalog_sales,232087
catalog_sales,232088
catalog_sales,232089
catalog_sales,232090
catalog_sales,232091
catalog_sales,232092
catalog_sales,232093
catalog_sales,232094
catalog_sales,232095
catalog_sales,232096
catalog_sales,232097
catalog_sales,232098
catalog_sales,232099
catalog_sales,232100
catalog_sales,232101
catalog_sales,232102
catalog_sales,232103
catalog_sales,232104
catalog_sales,232105
catalog_sales,232106
catalog_sales,232107
catalog_sales,232108
catalog_sales,232109
catalog_sales,232110
catalog_sales,232111
catalog_sales,232112
catalog_sales,232113
catalog_sales,232114
catalog_sales,232115
catalog_sales,232116
catalog_sales,232117
catalog_sales,232118
catalog_sales,232119
catalog_sales,232120
catalog_sales,232121
catalog_sales,232122
catalog_sales,232123
catalog_sales,232124
catalog_sales,232125
catalog_sales,232126
catalog_sales,232127
catalog_sales,232128
catalog_sales,232129
catalog_sales,232130
catalog_sales,232131
catalog_sales,232132
catalog_sales,232133
catalog_sales,232134
catalog_sales,232135
catalog_sales,232136
catalog_sales,232137
catalog_sales,232138
catalog_sales,232139
catalog_sales,232140
catalog_sales,232141
catalog_sales,232142
catalog_sales,232143
catalog_sales,232144
catalog_sales,232145
catalog_sales,232146
catalog_sales,232147
catalog_sales,232148
catalog_sales,232149
catalog_sales,232150
catalog_sales,232151
catalog_sales,232152
catalog_sales,232153
catalog_sales,232154
catalog_sales,232155
catalog_sales,232156
catalog_sales,232157
catalog_sales,232158
catalog_sales,232159
catalog_sales,232160
catalog_sales,232161
catalog_sales,232162
catalog_sales,232163
catalog_sales,232164
catalog_sales,232165
catalog_sales,232166
catalog_sales,232167
catalog_sales,232168
catalog_sales,232169
catalog_sales,232170
catalog_sales,232171
catalog_sales,232172
catalog_sales,232173
catalog_sales,232174
catalog_sales,232175
catalog_sales,232176
catalog_sales,232177
catalog_sales,232178
catalog_sales,232179
catalog_sales,232180
catalog_sales,232181
catalog_sales,232182
catalog_sales,232183
catalog_sales,232184
catalog_sales,232185
catalog_sales,232186
catalog_sales,232187
catalog_sales,232188
catalog_sales,232189
catalog_sales,232190
catalog_sales,232191
catalog_sales,232192
catalog_sales,232193
catalog_sales,232194
catalog_sales,232195
catalog_sales,232196
catalog_sales,232197
catalog_sales,232198
catalog_sales,232199
catalog_sales,232200
catalog_sales,232201
catalog_sales,232202
catalog_sales,232203
catalog_sales,232204
catalog_sales,232205
catalog_sales,232206
catalog_sales,232207
catalog_sales,232208
catalog_sales,232209
catalog_sales,232210
catalog_sales,232211
catalog_sales,232212
catalog_sales,232213
catalog_sales,232214
catalog_sales,232215
catalog_sales,232216
catalog_sales,232217
catalog_sales,232218
catalog_sales,232219
catalog_sales,232220
catalog_sales,232221
catalog_sales,232222
catalog_sales,232223
catalog_sales,232224
catalog_sales,232225
catalog_sales,232226
catalog_sales,232227
catalog_sales,232228
catalog_sales,232229
catalog_sales,232230
catalog_sales,232231
catalog_sales,232232
catalog_sales,232233
catalog_sales,232234
catalog_sales,232235
catalog_sales,232236
catalog_sales,232237
catalog_sales,232238
catalog_sales,232239
catalog_sales,232240
catalog_sales,232241
catalog_sales,232242
catalog_sales,232243
catalog_sales,232244
catalog_sales,232245
catalog_sales,232246
catalog_sales,232247
catalog_sales,232248
catalog_sales,232249
catalog_sales,232250
catalog_sales,232251
catalog_sales,232252
catalog_sales,232253
catalog_sales,232254
catalog_sales,232255
catalog_sales,232256
catalog_sales,232257
catalog_sales,232258
catalog_sales,232259
catalog_sales,232260
catalog_sales,232261
catalog_sales,232262
catalog_sales,232263
catalog_sales,232264
catalog_sales,232265
catalog_sales,232266
catalog_sales,232267
catalog_sales,232268
catalog_sales,232269
catalog_sales,232270
catalog_sales,232271
catalog_sales,232272
catalog_sales,232273
catalog_sales,232274
catalog_sales,232275
catalog_sales,232276
catalog_sales,232277
catalog_sales,232278
catalog_sales,232279
catalog_sales,232280
catalog_sales,232281
catalog_sales,232282
catalog_sales,232283
catalog_sales,232284
catalog_sales,232285
catalog_sales,232286
catalog_sales,232287
catalog_sales,232288
catalog_sales,232289
catalog_sales,232290
catalog_sales,232291
catalog_sales,232292
catalog_sales,232293
catalog_sales,232294
catalog_sales,232295
catalog_sales,232296
catalog_sales,232297
catalog_sales,232298
catalog_sales,232299
catalog_sales,232300
catalog_sales,232301
catalog_sales,232302
catalog_sales,232303
catalog_sales,232304
catalog_sales,232305
catalog_sales,232306
catalog_sales,232307
catalog_sales,232308
catalog_sales,232309
catalog_sales,232310
catalog_sales,232311
catalog_sales,232312
catalog_sales,232313
catalog_sales,232314
catalog_sales,232315
catalog_sales,232316
catalog_sales,232317
catalog_sales,232318
catalog_sales,232319
catalog_sales,232320
catalog_sales,232321
catalog_sales,232322
catalog_sales,232323
catalog_sales,232324
catalog_sales,232325
catalog_sales,232326
catalog_sales,232327
catalog_sales,232328
catalog_sales,232329
catalog_sales,232330
catalog_sales,232331
catalog_sales,232332
catalog_sales,232333
catalog_sales,232334
catalog_sales,232335
catalog_sales,232336
catalog_sales,232337
catalog_sales,232338
catalog_sales,232339
catalog_sales,232340
catalog_sales,232341
catalog_sales,232342
catalog_sales,232343
catalog_sales,232344
catalog_sales,232345
catalog_sales,232346
catalog_sales,232347
catalog_sales,232348
catalog_sales,232349
catalog_sales,232350
catalog_sales,232351
catalog_sales,232352
catalog_sales,232353
catalog_sales,232354
catalog_sales,232355
catalog_sales,232356
catalog_sales,232357
catalog_sales,232358
catalog_sales,232359
catalog_sales,232360
catalog_sales,232361
catalog_sales,232362
catalog_sales,232363
catalog_sales,232364
catalog_sales,232365
catalog_sales,232366
catalog_sales,232367
catalog_sales,232368
catalog_sales,232369
catalog_sales,232370
catalog_sales,232371
catalog_sales,232372
catalog_sales,232373
catalog_sales,232374
catalog_sales,232375
catalog_sales,232376
catalog_sales,232377
catalog_sales,232378
catalog_sales,232379
catalog_sales,232380
catalog_sales,232381
catalog_sales,232382
catalog_sales,232383
catalog_sales,232384
catalog_sales,232385
catalog_sales,232386
catalog_sales,232387
catalog_sales,232388
catalog_sales,232389
catalog_sales,232390
catalog_sales,232391
catalog_sales,232392
catalog_sales,232393
catalog_sales,232394
catalog_sales,232395
catalog_sales,232396
catalog_sales,232397
catalog_sales,232398
catalog_sales,232399
catalog_sales,232400
catalog_sales,232401
catalog_sales,232402
catalog_sales,232403
catalog_sales,232404
catalog_sales,232405
catalog_sales,232406
catalog_sales,232407
catalog_sales,232408
catalog_sales,232409
catalog_sales,232410
catalog_sales,232411
catalog_sales,232412
catalog_sales,232413
catalog_sales,232414
catalog_sales,232415
catalog_sales,232416
catalog_sales,232417
catalog_sales,232418
catalog_sales,232419
catalog_sales,232420
catalog_sales,232421
catalog_sales,232422
catalog_sales,232423
catalog_sales,232424
catalog_sales,232425
catalog_sales,232426
catalog_sales,232427
catalog_sales,232428
catalog_sales,232429
catalog_sales,232430
catalog_sales,232431
catalog_sales,232432
catalog_sales,232433
catalog_sales,232434
catalog_sales,232435
catalog_sales,232436
catalog_sales,232437
catalog_sales,232438
catalog_sales,232439
catalog_sales,232440
catalog_sales,232441
catalog_sales,232442
catalog_sales,232443
catalog_sales,232444
catalog_sales,232445
catalog_sales,232446
catalog_sales,232447
catalog_sales,232448
catalog_sales,232449
catalog_sales,232450
catalog_sales,232451
catalog_sales,232452
catalog_sales,232453
catalog_sales,232454
catalog_sales,232455
catalog_sales,232456
catalog_sales,232457
catalog_sales,232458
catalog_sales,232459
catalog_sales,232460
catalog_sales,232461
catalog_sales,232462
catalog_sales,232463
catalog_sales,232464
catalog_sales,232465
catalog_sales,232466
catalog_sales,232467
catalog_sales,232468
catalog_sales,232469
catalog_sales,232470
catalog_sales,232471
catalog_sales,232472
catalog_sales,232473
catalog_sales,232474
catalog_sales,232475
catalog_sales,232476
catalog_sales,232477
catalog_sales,232478
catalog_sales,232479
catalog_sales,232480
catalog_sales,232481
catalog_sales,232482
catalog_sales,232483
catalog_sales,232484
catalog_sales,232485
catalog_sales,232486
catalog_sales,232487
catalog_sales,232488
catalog_sales,232489
catalog_sales,232490
catalog_sales,232491
catalog_sales,232492
catalog_sales,232493
catalog_sales,232494
catalog_sales,232495
catalog_sales,232496
catalog_sales,232497
catalog_sales,232498
catalog_sales,232499
catalog_sales,232500
catalog_sales,232501
catalog_sales,232502
catalog_sales,232503
catalog_sales,232504
catalog_sales,232505
catalog_sales,232506
catalog_sales,232507
catalog_sales,232508
catalog_sales,232509
catalog_sales,232510
catalog_sales,232511
catalog_sales,232512
catalog_sales,232513
catalog_sales,232514
catalog_sales,232515
catalog_sales,232516
catalog_sales,232517
catalog_sales,232518
catalog_sales,232519
catalog_sales,232520
catalog_sales,232521
catalog_sales,232522
catalog_sales,232523
catalog_sales,232524
catalog_sales,232525
catalog_sales,232526
catalog_sales,232527
catalog_sales,232528
catalog_sales,232529
catalog_sales,232530
catalog_sales,232531
catalog_sales,232532
catalog_sales,232533
catalog_sales,232534
catalog_sales,232535
catalog_sales,232536
catalog_sales,232537
catalog_sales,232538
catalog_sales,232539
catalog_sales,232540
catalog_sales,232541
catalog_sales,232542
catalog_sales,232543
catalog_sales,232544
catalog_sales,232545
catalog_sales,232546
catalog_sales,232547
catalog_sales,232548
catalog_sales,232549
catalog_sales,232550
catalog_sales,232551
catalog_sales,232552
catalog_sales,232553
catalog_sales,232554
catalog_sales,232555
catalog_sales,232556
catalog_sales,232557
catalog_sales,232558
catalog_sales,232559
catalog_sales,232560
catalog_sales,232561
catalog_sales,232562
catalog_sales,232563
catalog_sales,232564
catalog_sales,232565
catalog_sales,232566
catalog_sales,232567
catalog_sales,232568
catalog_sales,232569
catalog_sales,232570
catalog_sales,232571
catalog_sales,232572
catalog_sales,232573
catalog_sales,232574
catalog_sales,232575
catalog_sales,232576
catalog_sales,232577
catalog_sales,232578
catalog_sales,232579
catalog_sales,232580
catalog_sales,232581
catalog_sales,232582
catalog_sales,232583
catalog_sales,232584
catalog_sales,232585
catalog_sales,232586
catalog_sales,232587
catalog_sales,232588
catalog_sales,232589
catalog_sales,232590
catalog_sales,232591
catalog_sales,232592
catalog_sales,232593
catalog_sales,232594
catalog_sales,232595
catalog_sales,232596
catalog_sales,232597
catalog_sales,232598
catalog_sales,232599
catalog_sales,232600
catalog_sales,232601
catalog_sales,232602
catalog_sales,232603
catalog_sales,232604
catalog_sales,232605
catalog_sales,232606
catalog_sales,232607
catalog_sales,232608
catalog_sales,232609
catalog_sales,232610
catalog_sales,232611
catalog_sales,232612
catalog_sales,232613
catalog_sales,232614
catalog_sales,232615
catalog_sales,232616
catalog_sales,232617
catalog_sales,232618
catalog_sales,232619
catalog_sales,232620
catalog_sales,232621
catalog_sales,232622
catalog_sales,232623
catalog_sales,232624
catalog_sales,232625
catalog_sales,232626
catalog_sales,232627
catalog_sales,232628
catalog_sales,232629
catalog_sales,232630
catalog_sales,232631
catalog_sales,232632
catalog_sales,232633
catalog_sales,232634
catalog_sales,232635
catalog_sales,232636
catalog_sales,232637
catalog_sales,232638
catalog_sales,232639
catalog_sales,232640
catalog_sales,232641
catalog_sales,232642
catalog_sales,232643
catalog_sales,232644
catalog_sales,232645
catalog_sales,232646
catalog_sales,232647
catalog_sales,232648
catalog_sales,232649
catalog_sales,232650
catalog_sales,232651
catalog_sales,232652
catalog_sales,232653
catalog_sales,232654
catalog_sales,232655
catalog_sales,232656
catalog_sales,232657
catalog_sales,232658
catalog_sales,232659
catalog_sales,232660
catalog_sales,232661
catalog_sales,232662
catalog_sales,232663
catalog_sales,232664
catalog_sales,232665
catalog_sales,232666
catalog_sales,232667
catalog_sales,232668
catalog_sales,232669
catalog_sales,232670
catalog_sales,232671
catalog_sales,232672
catalog_sales,232673
catalog_sales,232674
catalog_sales,232675
catalog_sales,232676
catalog_sales,232677
catalog_sales,232678
catalog_sales,232679
catalog_sales,232680
catalog_sales,232681
catalog_sales,232682
catalog_sales,232683
catalog_sales,232684
catalog_sales,232685
catalog_sales,232686
catalog_sales,232687
catalog_sales,232688
catalog_sales,232689
catalog_sales,232690
catalog_sales,232691
catalog_sales,232692
catalog_sales,232693
catalog_sales,232694
catalog_sales,232695
catalog_sales,232696
catalog_sales,232697
catalog_sales,232698
catalog_sales,232699
catalog_sales,232700
catalog_sales,232701
catalog_sales,232702
catalog_sales,232703
catalog_sales,232704
catalog_sales,232705
catalog_sales,232706
catalog_sales,232707
catalog_sales,232708
catalog_sales,232709
catalog_sales,232710
catalog_sales,232711
catalog_sales,232712
catalog_sales,232713
catalog_sales,232714
catalog_sales,232715
catalog_sales,232716
catalog_sales,232717
catalog_sales,232718
catalog_sales,232719
catalog_sales,232720
catalog_sales,232721
catalog_sales,232722
catalog_sales,232723
catalog_sales,232724
catalog_sales,232725
catalog_sales,232726
catalog_sales,232727
catalog_sales,232728
catalog_sales,232729
catalog_sales,232730
catalog_sales,232731
catalog_sales,232732
catalog_sales,232733
catalog_sales,232734
catalog_sales,232735
catalog_sales,232736
catalog_sales,232737
catalog_sales,232738
catalog_sales,232739
catalog_sales,232740
catalog_sales,232741
catalog_sales,232742
catalog_sales,232743
catalog_sales,232744
catalog_sales,232745
catalog_sales,232746
catalog_sales,232747
catalog_sales,232748
catalog_sales,232749
catalog_sales,232750
catalog_sales,232751
catalog_sales,232752
catalog_sales,232753
catalog_sales,232754
catalog_sales,232755
catalog_sales,232756
catalog_sales,232757
catalog_sales,232758
catalog_sales,232759
catalog_sales,232760
catalog_sales,232761
catalog_sales,232762
catalog_sales,232763
catalog_sales,232764
catalog_sales,232765
catalog_sales,232766
catalog_sales,232767
catalog_sales,232768
catalog_sales,232769
catalog_sales,232770
catalog_sales,232771
catalog_sales,232772
catalog_sales,232773
catalog_sales,232774
catalog_sales,232775
catalog_sales,232776
catalog_sales,232777
catalog_sales,232778
catalog_sales,232779
catalog_sales,232780
catalog_sales,232781
catalog_sales,232782
catalog_sales,232783
catalog_sales,232784
catalog_sales,232785
catalog_sales,232786
catalog_sales,232787
catalog_sales,232788
catalog_sales,232789
catalog_sales,232790
catalog_sales,232791
catalog_sales,232792
catalog_sales,232793
catalog_sales,232794
catalog_sales,232795
catalog_sales,232796
catalog_sales,232797
catalog_sales,232798
catalog_sales,232799
catalog_sales,232800
catalog_sales,232801
catalog_sales,232802
catalog_sales,232803
catalog_sales,232804
catalog_sales,232805
catalog_sales,232806
catalog_sales,232807
catalog_sales,232808
catalog_sales,232809
catalog_sales,232810
catalog_sales,232811
catalog_sales,232812
catalog_sales,232813
catalog_sales,232814
catalog_sales,232815
catalog_sales,232816
catalog_sales,232817
catalog_sales,232818
catalog_sales,232819
catalog_sales,232820
catalog_sales,232821
catalog_sales,232822
catalog_sales,232823
catalog_sales,232824
catalog_sales,232825
catalog_sales,232826
catalog_sales,232827
catalog_sales,232828
catalog_sales,232829
catalog_sales,232830
catalog_sales,232831
catalog_sales,232832
catalog_sales,232833
catalog_sales,232834
catalog_sales,232835
catalog_sales,232836
catalog_sales,232837
catalog_sales,232838
catalog_sales,232839
catalog_sales,232840
catalog_sales,232841
catalog_sales,232842
catalog_sales,232843
catalog_sales,232844
catalog_sales,232845
catalog_sales,232846
catalog_sales,232847
catalog_sales,232848
catalog_sales,232849
catalog_sales,232850
catalog_sales,232851
catalog_sales,232852
catalog_sales,232853
catalog_sales,232854
catalog_sales,232855
catalog_sales,232856
catalog_sales,232857
catalog_sales,232858
catalog_sales,232859
catalog_sales,232860
catalog_sales,232861
catalog_sales,232862
catalog_sales,232863
catalog_sales,232864
catalog_sales,232865
catalog_sales,232866
catalog_sales,232867
catalog_sales,232868
catalog_sales,232869
catalog_sales,232870
catalog_sales,232871
catalog_sales,232872
catalog_sales,232873
catalog_sales,232874
catalog_sales,232875
catalog_sales,232876
catalog_sales,232877
catalog_sales,232878
catalog_sales,232879
catalog_sales,232880
catalog_sales,232881
catalog_sales,232882
catalog_sales,232883
catalog_sales,232884
catalog_sales,232885
catalog_sales,232886
catalog_sales,232887
catalog_sales,232888
catalog_sales,232889
catalog_sales,232890
catalog_sales,232891
catalog_sales,232892
catalog_sales,232893
catalog_sales,232894
catalog_sales,232895
catalog_sales,232896
catalog_sales,232897
catalog_sales,232898
catalog_sales,232899
catalog_sales,232900
catalog_sales,232901
catalog_sales,232902
catalog_sales,232903
catalog_sales,232904
catalog_sales,232905
catalog_sales,232906
catalog_sales,232907
catalog_sales,232908
catalog_sales,232909
catalog_sales,232910
catalog_sales,232911
catalog_sales,232912
catalog_sales,232913
catalog_sales,232914
catalog_sales,232915
catalog_sales,232916
catalog_sales,232917
catalog_sales,232918
catalog_sales,232919
catalog_sales,232920
catalog_sales,232921
catalog_sales,232922
catalog_sales,232923
catalog_sales,232924
catalog_sales,232925
catalog_sales,232926
catalog_sales,232927
catalog_sales,232928
catalog_sales,232929
catalog_sales,232930
catalog_sales,232931
catalog_sales,232932
catalog_sales,232933
catalog_sales,232934
catalog_sales,232935
catalog_sales,232936
catalog_sales,232937
catalog_sales,232938
catalog_sales,232939
catalog_sales,232940
catalog_sales,232941
catalog_sales,232942
catalog_sales,232943
catalog_sales,232944
catalog_sales,232945
catalog_sales,232946
catalog_sales,232947
catalog_sales,232948
catalog_sales,232949
catalog_sales,232950
catalog_sales,232951
catalog_sales,232952
catalog_sales,232953
catalog_sales,232954
catalog_sales,232955
catalog_sales,232956
catalog_sales,232957
catalog_sales,232958
catalog_sales,232959
catalog_sales,232960
catalog_sales,232961
catalog_sales,232962
catalog_sales,232963
catalog_sales,232964
catalog_sales,232965
catalog_sales,232966
catalog_sales,232967
catalog_sales,232968
catalog_sales,232969
catalog_sales,232970
catalog_sales,232971
catalog_sales,232972
catalog_sales,232973
catalog_sales,232974
catalog_sales,232975
catalog_sales,232976
catalog_sales,232977
catalog_sales,232978
catalog_sales,232979
catalog_sales,232980
catalog_sales,232981
catalog_sales,232982
catalog_sales,232983
catalog_sales,232984
catalog_sales,232985
catalog_sales,232986
catalog_sales,232987
catalog_sales,232988
catalog_sales,232989
catalog_sales,232990
catalog_sales,232991
catalog_sales,232992
catalog_sales,232993
catalog_sales,232994
catalog_sales,232995
catalog_sales,232996
catalog_sales,232997
catalog_sales,232998
catalog_sales,232999
catalog_sales,233000
catalog_sales,233001
catalog_sales,233002
catalog_sales,233003
catalog_sales,233004
catalog_sales,233005
catalog_sales,233006
catalog_sales,233007
catalog_sales,233008
catalog_sales,233009
catalog_sales,233010
catalog_sales,233011
catalog_sales,233012
catalog_sales,233013
catalog_sales,233014
catalog_sales,233015
catalog_sales,233016
catalog_sales,233017
catalog_sales,233018
catalog_sales,233019
catalog_sales,233020
catalog_sales,233021
catalog_sales,233022
catalog_sales,233023
catalog_sales,233024
catalog_sales,233025
catalog_sales,233026
catalog_sales,233027
catalog_sales,233028
catalog_sales,233029
catalog_sales,233030
catalog_sales,233031
catalog_sales,233032
catalog_sales,233033
catalog_sales,233034
catalog_sales,233035
catalog_sales,233036
catalog_sales,233037
catalog_sales,233038
catalog_sales,233039
catalog_sales,233040
catalog_sales,233041
catalog_sales,233042
catalog_sales,233043
catalog_sales,233044
catalog_sales,233045
catalog_sales,233046
catalog_sales,233047
catalog_sales,233048
catalog_sales,233049
catalog_sales,233050
catalog_sales,233051
catalog_sales,233052
catalog_sales,233053
catalog_sales,233054
catalog_sales,233055
catalog_sales,233056
catalog_sales,233057
catalog_sales,233058
catalog_sales,233059
catalog_sales,233060
catalog_sales,233061
catalog_sales,233062
catalog_sales,233063
catalog_sales,233064
catalog_sales,233065
catalog_sales,233066
catalog_sales,233067
catalog_sales,233068
catalog_sales,233069
catalog_sales,233070
catalog_sales,233071
catalog_sales,233072
catalog_sales,233073
catalog_sales,233074
catalog_sales,233075
catalog_sales,233076
catalog_sales,233077
catalog_sales,233078
catalog_sales,233079
catalog_sales,233080
catalog_sales,233081
catalog_sales,233082
catalog_sales,233083
catalog_sales,233084
catalog_sales,233085
catalog_sales,233086
catalog_sales,233087
catalog_sales,233088
catalog_sales,233089
catalog_sales,233090
catalog_sales,233091
catalog_sales,233092
catalog_sales,233093
catalog_sales,233094
catalog_sales,233095
catalog_sales,233096
catalog_sales,233097
catalog_sales,233098
catalog_sales,233099
catalog_sales,233100
catalog_sales,233101
catalog_sales,233102
catalog_sales,233103
catalog_sales,233104
catalog_sales,233105
catalog_sales,233106
catalog_sales,233107
catalog_sales,233108
catalog_sales,233109
catalog_sales,233110
catalog_sales,233111
catalog_sales,233112
catalog_sales,233113
catalog_sales,233114
catalog_sales,233115
catalog_sales,233116
catalog_sales,233117
catalog_sales,233118
catalog_sales,233119
catalog_sales,233120
catalog_sales,233121
catalog_sales,233122
catalog_sales,233123
catalog_sales,233124
catalog_sales,233125
catalog_sales,233126
catalog_sales,233127
catalog_sales,233128
catalog_sales,233129
catalog_sales,233130
catalog_sales,233131
catalog_sales,233132
catalog_sales,233133
catalog_sales,233134
catalog_sales,233135
catalog_sales,233136
catalog_sales,233137
catalog_sales,233138
catalog_sales,233139
catalog_sales,233140
catalog_sales,233141
catalog_sales,233142
catalog_sales,233143
catalog_sales,233144
catalog_sales,233145
catalog_sales,233146
catalog_sales,233147
catalog_sales,233148
catalog_sales,233149
catalog_sales,233150
catalog_sales,233151
catalog_sales,233152
catalog_sales,233153
catalog_sales,233154
catalog_sales,233155
catalog_sales,233156
catalog_sales,233157
catalog_sales,233158
catalog_sales,233159
catalog_sales,233160
catalog_sales,233161
catalog_sales,233162
catalog_sales,233163
catalog_sales,233164
catalog_sales,233165
catalog_sales,233166
catalog_sales,233167
catalog_sales,233168
catalog_sales,233169
catalog_sales,233170
catalog_sales,233171
catalog_sales,233172
catalog_sales,233173
catalog_sales,233174
catalog_sales,233175
catalog_sales,233176
catalog_sales,233177
catalog_sales,233178
catalog_sales,233179
catalog_sales,233180
catalog_sales,233181
catalog_sales,233182
catalog_sales,233183
catalog_sales,233184
catalog_sales,233185
catalog_sales,233186
catalog_sales,233187
catalog_sales,233188
catalog_sales,233189
catalog_sales,233190
catalog_sales,233191
catalog_sales,233192
catalog_sales,233193
catalog_sales,233194
catalog_sales,233195
catalog_sales,233196
catalog_sales,233197
catalog_sales,233198
catalog_sales,233199
catalog_sales,233200
catalog_sales,233201
catalog_sales,233202
catalog_sales,233203
catalog_sales,233204
catalog_sales,233205
catalog_sales,233206
catalog_sales,233207
catalog_sales,233208
catalog_sales,233209
catalog_sales,233210
catalog_sales,233211
catalog_sales,233212
catalog_sales,233213
catalog_sales,233214
catalog_sales,233215
catalog_sales,233216
catalog_sales,233217
catalog_sales,233218
catalog_sales,233219
catalog_sales,233220
catalog_sales,233221
catalog_sales,233222
catalog_sales,233223
catalog_sales,233224
catalog_sales,233225
catalog_sales,233226
catalog_sales,233227
catalog_sales,233228
catalog_sales,233229
catalog_sales,233230
catalog_sales,233231
catalog_sales,233232
catalog_sales,233233
catalog_sales,233234
catalog_sales,233235
catalog_sales,233236
catalog_sales,233237
catalog_sales,233238
catalog_sales,233239
catalog_sales,233240
catalog_sales,233241
catalog_sales,233242
catalog_sales,233243
catalog_sales,233244
catalog_sales,233245
catalog_sales,233246
catalog_sales,233247
catalog_sales,233248
catalog_sales,233249
catalog_sales,233250
catalog_sales,233251
catalog_sales,233252
catalog_sales,233253
catalog_sales,233254
catalog_sales,233255
catalog_sales,233256
catalog_sales,233257
catalog_sales,233258
catalog_sales,233259
catalog_sales,233260
catalog_sales,233261
catalog_sales,233262
catalog_sales,233263
catalog_sales,233264
catalog_sales,233265
catalog_sales,233266
catalog_sales,233267
catalog_sales,233268
catalog_sales,233269
catalog_sales,233270
catalog_sales,233271
catalog_sales,233272
catalog_sales,233273
catalog_sales,233274
catalog_sales,233275
catalog_sales,233276
catalog_sales,233277
catalog_sales,233278
catalog_sales,233279
catalog_sales,233280
catalog_sales,233281
catalog_sales,233282
catalog_sales,233283
catalog_sales,233284
catalog_sales,233285
catalog_sales,233286
catalog_sales,233287
catalog_sales,233288
catalog_sales,233289
catalog_sales,233290
catalog_sales,233291
catalog_sales,233292
catalog_sales,233293
catalog_sales,233294
catalog_sales,233295
catalog_sales,233296
catalog_sales,233297
catalog_sales,233298
catalog_sales,233299
catalog_sales,233300
catalog_sales,233301
catalog_sales,233302
catalog_sales,233303
catalog_sales,233304
catalog_sales,233305
catalog_sales,233306
catalog_sales,233307
catalog_sales,233308
catalog_sales,233309
catalog_sales,233310
catalog_sales,233311
catalog_sales,233312
catalog_sales,233313
catalog_sales,233314
catalog_sales,233315
catalog_sales,233316
catalog_sales,233317
catalog_sales,233318
catalog_sales,233319
catalog_sales,233320
catalog_sales,233321
catalog_sales,233322
catalog_sales,233323
catalog_sales,233324
catalog_sales,233325
catalog_sales,233326
catalog_sales,233327
catalog_sales,233328
catalog_sales,233329
catalog_sales,233330
catalog_sales,233331
catalog_sales,233332
catalog_sales,233333
catalog_sales,233334
catalog_sales,233335
catalog_sales,233336
catalog_sales,233337
catalog_sales,233338
catalog_sales,233339
catalog_sales,233340
catalog_sales,233341
catalog_sales,233342
catalog_sales,233343
catalog_sales,233344
catalog_sales,233345
catalog_sales,233346
catalog_sales,233347
catalog_sales,233348
catalog_sales,233349
catalog_sales,233350
catalog_sales,233351
catalog_sales,233352
catalog_sales,233353
catalog_sales,233354
catalog_sales,233355
catalog_sales,233356
catalog_sales,233357
catalog_sales,233358
catalog_sales,233359
catalog_sales,233360
catalog_sales,233361
catalog_sales,233362
catalog_sales,233363
catalog_sales,233364
catalog_sales,233365
catalog_sales,233366
catalog_sales,233367
catalog_sales,233368
catalog_sales,233369
catalog_sales,233370
catalog_sales,233371
catalog_sales,233372
catalog_sales,233373
catalog_sales,233374
catalog_sales,233375
catalog_sales,233376
catalog_sales,233377
catalog_sales,233378
catalog_sales,233379
catalog_sales,233380
catalog_sales,233381
catalog_sales,233382
catalog_sales,233383
catalog_sales,233384
catalog_sales,233385
catalog_sales,233386
catalog_sales,233387
catalog_sales,233388
catalog_sales,233389
catalog_sales,233390
catalog_sales,233391
catalog_sales,233392
catalog_sales,233393
catalog_sales,233394
catalog_sales,233395
catalog_sales,233396
catalog_sales,233397
catalog_sales,233398
catalog_sales,233399
catalog_sales,233400
catalog_sales,233401
catalog_sales,233402
catalog_sales,233403
catalog_sales,233404
catalog_sales,233405
catalog_sales,233406
catalog_sales,233407
catalog_sales,233408
catalog_sales,233409
catalog_sales,233410
catalog_sales,233411
catalog_sales,233412
catalog_sales,233413
catalog_sales,233414
catalog_sales,233415
catalog_sales,233416
catalog_sales,233417
catalog_sales,233418
catalog_sales,233419
catalog_sales,233420
catalog_sales,233421
catalog_sales,233422
catalog_sales,233423
catalog_sales,233424
catalog_sales,233425
catalog_sales,233426
catalog_sales,233427
catalog_sales,233428
catalog_sales,233429
catalog_sales,233430
catalog_sales,233431
catalog_sales,233432
catalog_sales,233433
catalog_sales,233434
catalog_sales,233435
catalog_sales,233436
catalog_sales,233437
catalog_sales,233438
catalog_sales,233439
catalog_sales,233440
catalog_sales,233441
catalog_sales,233442
catalog_sales,233443
catalog_sales,233444
catalog_sales,233445
catalog_sales,233446
catalog_sales,233447
catalog_sales,233448
catalog_sales,233449
catalog_sales,233450
catalog_sales,233451
catalog_sales,233452
catalog_sales,233453
catalog_sales,233454
catalog_sales,233455
catalog_sales,233456
catalog_sales,233457
catalog_sales,233458
catalog_sales,233459
catalog_sales,233460
catalog_sales,233461
catalog_sales,233462
catalog_sales,233463
catalog_sales,233464
catalog_sales,233465
catalog_sales,233466
catalog_sales,233467
catalog_sales,233468
catalog_sales,233469
catalog_sales,233470
catalog_sales,233471
catalog_sales,233472
catalog_sales,233473
catalog_sales,233474
catalog_sales,233475
catalog_sales,233476
catalog_sales,233477
catalog_sales,233478
catalog_sales,233479
catalog_sales,233480
catalog_sales,233481
catalog_sales,233482
catalog_sales,233483
catalog_sales,233484
catalog_sales,233485
catalog_sales,233486
catalog_sales,233487
catalog_sales,233488
catalog_sales,233489
catalog_sales,233490
catalog_sales,233491
catalog_sales,233492
catalog_sales,233493
catalog_sales,233494
catalog_sales,233495
catalog_sales,233496
catalog_sales,233497
catalog_sales,233498
catalog_sales,233499
catalog_sales,233500
catalog_sales,233501
catalog_sales,233502
catalog_sales,233503
catalog_sales,233504
catalog_sales,233505
catalog_sales,233506
catalog_sales,233507
catalog_sales,233508
catalog_sales,233509
catalog_sales,233510
catalog_sales,233511
catalog_sales,233512
catalog_sales,233513
catalog_sales,233514
catalog_sales,233515
catalog_sales,233516
catalog_sales,233517
catalog_sales,233518
catalog_sales,233519
catalog_sales,233520
catalog_sales,233521
catalog_sales,233522
catalog_sales,233523
catalog_sales,233524
catalog_sales,233525
catalog_sales,233526
catalog_sales,233527
catalog_sales,233528
catalog_sales,233529
catalog_sales,233530
catalog_sales,233531
catalog_sales,233532
catalog_sales,233533
catalog_sales,233534
catalog_sales,233535
catalog_sales,233536
catalog_sales,233537
catalog_sales,233538
catalog_sales,233539
catalog_sales,233540
catalog_sales,233541
catalog_sales,233542
catalog_sales,233543
catalog_sales,233544
catalog_sales,233545
catalog_sales,233546
catalog_sales,233547
catalog_sales,233548
catalog_sales,233549
catalog_sales,233550
catalog_sales,233551
catalog_sales,233552
catalog_sales,233553
catalog_sales,233554
catalog_sales,233555
catalog_sales,233556
catalog_sales,233557
catalog_sales,233558
catalog_sales,233559
catalog_sales,233560
catalog_sales,233561
catalog_sales,233562
catalog_sales,233563
catalog_sales,233564
catalog_sales,233565
catalog_sales,233566
catalog_sales,233567
catalog_sales,233568
catalog_sales,233569
catalog_sales,233570
catalog_sales,233571
catalog_sales,233572
catalog_sales,233573
catalog_sales,233574
catalog_sales,233575
catalog_sales,233576
catalog_sales,233577
catalog_sales,233578
catalog_sales,233579
catalog_sales,233580
catalog_sales,233581
catalog_sales,233582
catalog_sales,233583
catalog_sales,233584
catalog_sales,233585
catalog_sales,233586
catalog_sales,233587
catalog_sales,233588
catalog_sales,233589
catalog_sales,233590
catalog_sales,233591
catalog_sales,233592
catalog_sales,233593
catalog_sales,233594
catalog_sales,233595
catalog_sales,233596
catalog_sales,233597
catalog_sales,233598
catalog_sales,233599
catalog_sales,233600
catalog_sales,233601
catalog_sales,233602
catalog_sales,233603
catalog_sales,233604
catalog_sales,233605
catalog_sales,233606
catalog_sales,233607
catalog_sales,233608
catalog_sales,233609
catalog_sales,233610
catalog_sales,233611
catalog_sales,233612
catalog_sales,233613
catalog_sales,233614
catalog_sales,233615
catalog_sales,233616
catalog_sales,233617
catalog_sales,233618
catalog_sales,233619
catalog_sales,233620
catalog_sales,233621
catalog_sales,233622
catalog_sales,233623
catalog_sales,233624
catalog_sales,233625
catalog_sales,233626
catalog_sales,233627
catalog_sales,233628
catalog_sales,233629
catalog_sales,233630
catalog_sales,233631
catalog_sales,233632
catalog_sales,233633
catalog_sales,233634
catalog_sales,233635
catalog_sales,233636
catalog_sales,233637
catalog_sales,233638
catalog_sales,233639
catalog_sales,233640
catalog_sales,233641
catalog_sales,233642
catalog_sales,233643
catalog_sales,233644
catalog_sales,233645
catalog_sales,233646
catalog_sales,233647
catalog_sales,233648
catalog_sales,233649
catalog_sales,233650
catalog_sales,233651
catalog_sales,233652
catalog_sales,233653
catalog_sales,233654
catalog_sales,233655
catalog_sales,233656
catalog_sales,233657
catalog_sales,233658
catalog_sales,233659
catalog_sales,233660
catalog_sales,233661
catalog_sales,233662
catalog_sales,233663
catalog_sales,233664
catalog_sales,233665
catalog_sales,233666
catalog_sales,233667
catalog_sales,233668
catalog_sales,233669
catalog_sales,233670
catalog_sales,233671
catalog_sales,233672
catalog_sales,233673
catalog_sales,233674
catalog_sales,233675
catalog_sales,233676
catalog_sales,233677
catalog_sales,233678
catalog_sales,233679
catalog_sales,233680
catalog_sales,233681
catalog_sales,233682
catalog_sales,233683
catalog_sales,233684
catalog_sales,233685
catalog_sales,233686
catalog_sales,233687
catalog_sales,233688
catalog_sales,233689
catalog_sales,233690
catalog_sales,233691
catalog_sales,233692
catalog_sales,233693
catalog_sales,233694
catalog_sales,233695
catalog_sales,233696
catalog_sales,233697
catalog_sales,233698
catalog_sales,233699
catalog_sales,233700
catalog_sales,233701
catalog_sales,233702
catalog_sales,233703
catalog_sales,233704
catalog_sales,233705
catalog_sales,233706
catalog_sales,233707
catalog_sales,233708
catalog_sales,233709
catalog_sales,233710
catalog_sales,233711
catalog_sales,233712
catalog_sales,233713
catalog_sales,233714
catalog_sales,233715
catalog_sales,233716
catalog_sales,233717
catalog_sales,233718
catalog_sales,233719
catalog_sales,233720
catalog_sales,233721
catalog_sales,233722
catalog_sales,233723
catalog_sales,233724
catalog_sales,233725
catalog_sales,233726
catalog_sales,233727
catalog_sales,233728
catalog_sales,233729
catalog_sales,233730
catalog_sales,233731
catalog_sales,233732
catalog_sales,233733
catalog_sales,233734
catalog_sales,233735
catalog_sales,233736
catalog_sales,233737
catalog_sales,233738
catalog_sales,233739
catalog_sales,233740
catalog_sales,233741
catalog_sales,233742
catalog_sales,233743
catalog_sales,233744
catalog_sales,233745
catalog_sales,233746
catalog_sales,233747
catalog_sales,233748
catalog_sales,233749
catalog_sales,233750
catalog_sales,233751
catalog_sales,233752
catalog_sales,233753
catalog_sales,233754
catalog_sales,233755
catalog_sales,233756
catalog_sales,233757
catalog_sales,233758
catalog_sales,233759
catalog_sales,233760
catalog_sales,233761
catalog_sales,233762
catalog_sales,233763
catalog_sales,233764
catalog_sales,233765
catalog_sales,233766
catalog_sales,233767
catalog_sales,233768
catalog_sales,233769
catalog_sales,233770
catalog_sales,233771
catalog_sales,233772
catalog_sales,233773
catalog_sales,233774
catalog_sales,233775
catalog_sales,233776
catalog_sales,233777
catalog_sales,233778
catalog_sales,233779
catalog_sales,233780
catalog_sales,233781
catalog_sales,233782
catalog_sales,233783
catalog_sales,233784
catalog_sales,233785
catalog_sales,233786
catalog_sales,233787
catalog_sales,233788
catalog_sales,233789
catalog_sales,233790
catalog_sales,233791
catalog_sales,233792
catalog_sales,233793
catalog_sales,233794
catalog_sales,233795
catalog_sales,233796
catalog_sales,233797
catalog_sales,233798
catalog_sales,233799
catalog_sales,233800
catalog_sales,233801
catalog_sales,233802
catalog_sales,233803
catalog_sales,233804
catalog_sales,233805
catalog_sales,233806
catalog_sales,233807
catalog_sales,233808
catalog_sales,233809
catalog_sales,233810
catalog_sales,233811
catalog_sales,233812
catalog_sales,233813
catalog_sales,233814
catalog_sales,233815
catalog_sales,233816
catalog_sales,233817
catalog_sales,233818
catalog_sales,233819
catalog_sales,233820
catalog_sales,233821
catalog_sales,233822
catalog_sales,233823
catalog_sales,233824
catalog_sales,233825
catalog_sales,233826
catalog_sales,233827
catalog_sales,233828
catalog_sales,233829
catalog_sales,233830
catalog_sales,233831
catalog_sales,233832
catalog_sales,233833
catalog_sales,233834
catalog_sales,233835
catalog_sales,233836
catalog_sales,233837
catalog_sales,233838
catalog_sales,233839
catalog_sales,233840
catalog_sales,233841
catalog_sales,233842
catalog_sales,233843
catalog_sales,233844
catalog_sales,233845
catalog_sales,233846
catalog_sales,233847
catalog_sales,233848
catalog_sales,233849
catalog_sales,233850
catalog_sales,233851
catalog_sales,233852
catalog_sales,233853
catalog_sales,233854
catalog_sales,233855
catalog_sales,233856
catalog_sales,233857
catalog_sales,233858
catalog_sales,233859
catalog_sales,233860
catalog_sales,233861
catalog_sales,233862
catalog_sales,233863
catalog_sales,233864
catalog_sales,233865
catalog_sales,233866
catalog_sales,233867
catalog_sales,233868
catalog_sales,233869
catalog_sales,233870
catalog_sales,233871
catalog_sales,233872
catalog_sales,233873
catalog_sales,233874
catalog_sales,233875
catalog_sales,233876
catalog_sales,233877
catalog_sales,233878
catalog_sales,233879
catalog_sales,233880
catalog_sales,233881
catalog_sales,233882
catalog_sales,233883
catalog_sales,233884
catalog_sales,233885
catalog_sales,233886
catalog_sales,233887
catalog_sales,233888
catalog_sales,233889
catalog_sales,233890
catalog_sales,233891
catalog_sales,233892
catalog_sales,233893
catalog_sales,233894
catalog_sales,233895
catalog_sales,233896
catalog_sales,233897
catalog_sales,233898
catalog_sales,233899
catalog_sales,233900
catalog_sales,233901
catalog_sales,233902
catalog_sales,233903
catalog_sales,233904
catalog_sales,233905
catalog_sales,233906
catalog_sales,233907
catalog_sales,233908
catalog_sales,233909
catalog_sales,233910
catalog_sales,233911
catalog_sales,233912
catalog_sales,233913
catalog_sales,233914
catalog_sales,233915
catalog_sales,233916
catalog_sales,233917
catalog_sales,233918
catalog_sales,233919
catalog_sales,233920
catalog_sales,233921
catalog_sales,233922
catalog_sales,233923
catalog_sales,233924
catalog_sales,233925
catalog_sales,233926
catalog_sales,233927
catalog_sales,233928
catalog_sales,233929
catalog_sales,233930
catalog_sales,233931
catalog_sales,233932
catalog_sales,233933
catalog_sales,233934
catalog_sales,233935
catalog_sales,233936
catalog_sales,233937
catalog_sales,233938
catalog_sales,233939
catalog_sales,233940
catalog_sales,233941
catalog_sales,233942
catalog_sales,233943
catalog_sales,233944
catalog_sales,233945
catalog_sales,233946
catalog_sales,233947
catalog_sales,233948
catalog_sales,233949
catalog_sales,233950
catalog_sales,233951
catalog_sales,233952
catalog_sales,233953
catalog_sales,233954
catalog_sales,233955
catalog_sales,233956
catalog_sales,233957
catalog_sales,233958
catalog_sales,233959
catalog_sales,233960
catalog_sales,233961
catalog_sales,233962
catalog_sales,233963
catalog_sales,233964
catalog_sales,233965
catalog_sales,233966
catalog_sales,233967
catalog_sales,233968
catalog_sales,233969
catalog_sales,233970
catalog_sales,233971
catalog_sales,233972
catalog_sales,233973
catalog_sales,233974
catalog_sales,233975
catalog_sales,233976
catalog_sales,233977
catalog_sales,233978
catalog_sales,233979
catalog_sales,233980
catalog_sales,233981
catalog_sales,233982
catalog_sales,233983
catalog_sales,233984
catalog_sales,233985
catalog_sales,233986
catalog_sales,233987
catalog_sales,233988
catalog_sales,233989
catalog_sales,233990
catalog_sales,233991
catalog_sales,233992
catalog_sales,233993
catalog_sales,233994
catalog_sales,233995
catalog_sales,233996
catalog_sales,233997
catalog_sales,233998
catalog_sales,233999
catalog_sales,234000
catalog_sales,234001
catalog_sales,234002
catalog_sales,234003
catalog_sales,234004
catalog_sales,234005
catalog_sales,234006
catalog_sales,234007
catalog_sales,234008
catalog_sales,234009
catalog_sales,234010
catalog_sales,234011
catalog_sales,234012
catalog_sales,234013
catalog_sales,234014
catalog_sales,234015
catalog_sales,234016
catalog_sales,234017
catalog_sales,234018
catalog_sales,234019
catalog_sales,234020
catalog_sales,234021
catalog_sales,234022
catalog_sales,234023
catalog_sales,234024
catalog_sales,234025
catalog_sales,234026
catalog_sales,234027
catalog_sales,234028
catalog_sales,234029
catalog_sales,234030
catalog_sales,234031
catalog_sales,234032
catalog_sales,234033
catalog_sales,234034
catalog_sales,234035
catalog_sales,234036
catalog_sales,234037
catalog_sales,234038
catalog_sales,234039
catalog_sales,234040
catalog_sales,234041
catalog_sales,234042
catalog_sales,234043
catalog_sales,234044
catalog_sales,234045
catalog_sales,234046
catalog_sales,234047
catalog_sales,234048
catalog_sales,234049
catalog_sales,234050
catalog_sales,234051
catalog_sales,234052
catalog_sales,234053
catalog_sales,234054
catalog_sales,234055
catalog_sales,234056
catalog_sales,234057
catalog_sales,234058
catalog_sales,234059
catalog_sales,234060
catalog_sales,234061
catalog_sales,234062
catalog_sales,234063
catalog_sales,234064
catalog_sales,234065
catalog_sales,234066
catalog_sales,234067
catalog_sales,234068
catalog_sales,234069
catalog_sales,234070
catalog_sales,234071
catalog_sales,234072
catalog_sales,234073
catalog_sales,234074
catalog_sales,234075
catalog_sales,234076
catalog_sales,234077
catalog_sales,234078
catalog_sales,234079
catalog_sales,234080
catalog_sales,234081
catalog_sales,234082
catalog_sales,234083
catalog_sales,234084
catalog_sales,234085
catalog_sales,234086
catalog_sales,234087
catalog_sales,234088
catalog_sales,234089
catalog_sales,234090
catalog_sales,234091
catalog_sales,234092
catalog_sales,234093
catalog_sales,234094
catalog_sales,234095
catalog_sales,234096
catalog_sales,234097
catalog_sales,234098
catalog_sales,234099
catalog_sales,234100
catalog_sales,234101
catalog_sales,234102
catalog_sales,234103
catalog_sales,234104
catalog_sales,234105
catalog_sales,234106
catalog_sales,234107
catalog_sales,234108
catalog_sales,234109
catalog_sales,234110
catalog_sales,234111
catalog_sales,234112
catalog_sales,234113
catalog_sales,234114
catalog_sales,234115
catalog_sales,234116
catalog_sales,234117
catalog_sales,234118
catalog_sales,234119
catalog_sales,234120
catalog_sales,234121
catalog_sales,234122
catalog_sales,234123
catalog_sales,234124
catalog_sales,234125
catalog_sales,234126
catalog_sales,234127
catalog_sales,234128
catalog_sales,234129
catalog_sales,234130
catalog_sales,234131
catalog_sales,234132
catalog_sales,234133
catalog_sales,234134
catalog_sales,234135
catalog_sales,234136
catalog_sales,234137
catalog_sales,234138
catalog_sales,234139
catalog_sales,234140
catalog_sales,234141
catalog_sales,234142
catalog_sales,234143
catalog_sales,234144
catalog_sales,234145
catalog_sales,234146
catalog_sales,234147
catalog_sales,234148
catalog_sales,234149
catalog_sales,234150
catalog_sales,234151
catalog_sales,234152
catalog_sales,234153
catalog_sales,234154
catalog_sales,234155
catalog_sales,234156
catalog_sales,234157
catalog_sales,234158
catalog_sales,234159
catalog_sales,234160
catalog_sales,234161
catalog_sales,234162
catalog_sales,234163
catalog_sales,234164
catalog_sales,234165
catalog_sales,234166
catalog_sales,234167
catalog_sales,234168
catalog_sales,234169
catalog_sales,234170
catalog_sales,234171
catalog_sales,234172
catalog_sales,234173
catalog_sales,234174
catalog_sales,234175
catalog_sales,234176
catalog_sales,234177
catalog_sales,234178
catalog_sales,234179
catalog_sales,234180
catalog_sales,234181
catalog_sales,234182
catalog_sales,234183
catalog_sales,234184
catalog_sales,234185
catalog_sales,234186
catalog_sales,234187
catalog_sales,234188
catalog_sales,234189
catalog_sales,234190
catalog_sales,234191
catalog_sales,234192
catalog_sales,234193
catalog_sales,234194
catalog_sales,234195
catalog_sales,234196
catalog_sales,234197
catalog_sales,234198
catalog_sales,234199
catalog_sales,234200
catalog_sales,234201
catalog_sales,234202
catalog_sales,234203
catalog_sales,234204
catalog_sales,234205
catalog_sales,234206
catalog_sales,234207
catalog_sales,234208
catalog_sales,234209
catalog_sales,234210
catalog_sales,234211
catalog_sales,234212
catalog_sales,234213
catalog_sales,234214
catalog_sales,234215
catalog_sales,234216
catalog_sales,234217
catalog_sales,234218
catalog_sales,234219
catalog_sales,234220
catalog_sales,234221
catalog_sales,234222
catalog_sales,234223
catalog_sales,234224
catalog_sales,234225
catalog_sales,234226
catalog_sales,234227
catalog_sales,234228
catalog_sales,234229
catalog_sales,234230
catalog_sales,234231
catalog_sales,234232
catalog_sales,234233
catalog_sales,234234
catalog_sales,234235
catalog_sales,234236
catalog_sales,234237
catalog_sales,234238
catalog_sales,234239
catalog_sales,234240
catalog_sales,234241
catalog_sales,234242
catalog_sales,234243
catalog_sales,234244
catalog_sales,234245
catalog_sales,234246
catalog_sales,234247
catalog_sales,234248
catalog_sales,234249
catalog_sales,234250
catalog_sales,234251
catalog_sales,234252
catalog_sales,234253
catalog_sales,234254
catalog_sales,234255
catalog_sales,234256
catalog_sales,234257
catalog_sales,234258
catalog_sales,234259
catalog_sales,234260
catalog_sales,234261
catalog_sales,234262
catalog_sales,234263
catalog_sales,234264
catalog_sales,234265
catalog_sales,234266
catalog_sales,234267
catalog_sales,234268
catalog_sales,234269
catalog_sales,234270
catalog_sales,234271
catalog_sales,234272
catalog_sales,234273
catalog_sales,234274
catalog_sales,234275
catalog_sales,234276
catalog_sales,234277
catalog_sales,234278
catalog_sales,234279
catalog_sales,234280
catalog_sales,234281
catalog_sales,234282
catalog_sales,234283
catalog_sales,234284
catalog_sales,234285
catalog_sales,234286
catalog_sales,234287
catalog_sales,234288
catalog_sales,234289
catalog_sales,234290
catalog_sales,234291
catalog_sales,234292
catalog_sales,234293
catalog_sales,234294
catalog_sales,234295
catalog_sales,234296
catalog_sales,234297
catalog_sales,234298
catalog_sales,234299
catalog_sales,234300
catalog_sales,234301
catalog_sales,234302
catalog_sales,234303
catalog_sales,234304
catalog_sales,234305
catalog_sales,234306
catalog_sales,234307
catalog_sales,234308
catalog_sales,234309
catalog_sales,234310
catalog_sales,234311
catalog_sales,234312
catalog_sales,234313
catalog_sales,234314
catalog_sales,234315
catalog_sales,234316
catalog_sales,234317
catalog_sales,234318
catalog_sales,234319
catalog_sales,234320
catalog_sales,234321
catalog_sales,234322
catalog_sales,234323
catalog_sales,234324
catalog_sales,234325
catalog_sales,234326
catalog_sales,234327
catalog_sales,234328
catalog_sales,234329
catalog_sales,234330
catalog_sales,234331
catalog_sales,234332
catalog_sales,234333
catalog_sales,234334
catalog_sales,234335
catalog_sales,234336
catalog_sales,234337
catalog_sales,234338
catalog_sales,234339
catalog_sales,234340
catalog_sales,234341
catalog_sales,234342
catalog_sales,234343
catalog_sales,234344
catalog_sales,234345
catalog_sales,234346
catalog_sales,234347
catalog_sales,234348
catalog_sales,234349
catalog_sales,234350
catalog_sales,234351
catalog_sales,234352
catalog_sales,234353
catalog_sales,234354
catalog_sales,234355
catalog_sales,234356
catalog_sales,234357
catalog_sales,234358
catalog_sales,234359
catalog_sales,234360
catalog_sales,234361
catalog_sales,234362
catalog_sales,234363
catalog_sales,234364
catalog_sales,234365
catalog_sales,234366
catalog_sales,234367
catalog_sales,234368
catalog_sales,234369
catalog_sales,234370
catalog_sales,234371
catalog_sales,234372
catalog_sales,234373
catalog_sales,234374
catalog_sales,234375
catalog_sales,234376
catalog_sales,234377
catalog_sales,234378
catalog_sales,234379
catalog_sales,234380
catalog_sales,234381
catalog_sales,234382
catalog_sales,234383
catalog_sales,234384
catalog_sales,234385
catalog_sales,234386
catalog_sales,234387
catalog_sales,234388
catalog_sales,234389
catalog_sales,234390
catalog_sales,234391
catalog_sales,234392
catalog_sales,234393
catalog_sales,234394
catalog_sales,234395
catalog_sales,234396
catalog_sales,234397
catalog_sales,234398
catalog_sales,234399
catalog_sales,234400
catalog_sales,234401
catalog_sales,234402
catalog_sales,234403
catalog_sales,234404
catalog_sales,234405
catalog_sales,234406
catalog_sales,234407
catalog_sales,234408
catalog_sales,234409
catalog_sales,234410
catalog_sales,234411
catalog_sales,234412
catalog_sales,234413
catalog_sales,234414
catalog_sales,234415
catalog_sales,234416
catalog_sales,234417
catalog_sales,234418
catalog_sales,234419
catalog_sales,234420
catalog_sales,234421
catalog_sales,234422
catalog_sales,234423
catalog_sales,234424
catalog_sales,234425
catalog_sales,234426
catalog_sales,234427
catalog_sales,234428
catalog_sales,234429
catalog_sales,234430
catalog_sales,234431
catalog_sales,234432
catalog_sales,234433
catalog_sales,234434
catalog_sales,234435
catalog_sales,234436
catalog_sales,234437
catalog_sales,234438
catalog_sales,234439
catalog_sales,234440
catalog_sales,234441
catalog_sales,234442
catalog_sales,234443
catalog_sales,234444
catalog_sales,234445
catalog_sales,234446
catalog_sales,234447
catalog_sales,234448
catalog_sales,234449
catalog_sales,234450
catalog_sales,234451
catalog_sales,234452
catalog_sales,234453
catalog_sales,234454
catalog_sales,234455
catalog_sales,234456
catalog_sales,234457
catalog_sales,234458
catalog_sales,234459
catalog_sales,234460
catalog_sales,234461
catalog_sales,234462
catalog_sales,234463
catalog_sales,234464
catalog_sales,234465
catalog_sales,234466
catalog_sales,234467
catalog_sales,234468
catalog_sales,234469
catalog_sales,234470
catalog_sales,234471
catalog_sales,234472
catalog_sales,234473
catalog_sales,234474
catalog_sales,234475
catalog_sales,234476
catalog_sales,234477
catalog_sales,234478
catalog_sales,234479
catalog_sales,234480
catalog_sales,234481
catalog_sales,234482
catalog_sales,234483
catalog_sales,234484
catalog_sales,234485
catalog_sales,234486
catalog_sales,234487
catalog_sales,234488
catalog_sales,234489
catalog_sales,234490
catalog_sales,234491
catalog_sales,234492
catalog_sales,234493
catalog_sales,234494
catalog_sales,234495
catalog_sales,234496
catalog_sales,234497
catalog_sales,234498
catalog_sales,234499
catalog_sales,234500
catalog_sales,234501
catalog_sales,234502
catalog_sales,234503
catalog_sales,234504
catalog_sales,234505
catalog_sales,234506
catalog_sales,234507
catalog_sales,234508
catalog_sales,234509
catalog_sales,234510
catalog_sales,234511
catalog_sales,234512
catalog_sales,234513
catalog_sales,234514
catalog_sales,234515
catalog_sales,234516
catalog_sales,234517
catalog_sales,234518
catalog_sales,234519
catalog_sales,234520
catalog_sales,234521
catalog_sales,234522
catalog_sales,234523
catalog_sales,234524
catalog_sales,234525
catalog_sales,234526
catalog_sales,234527
catalog_sales,234528
catalog_sales,234529
catalog_sales,234530
catalog_sales,234531
catalog_sales,234532
catalog_sales,234533
catalog_sales,234534
catalog_sales,234535
catalog_sales,234536
catalog_sales,234537
catalog_sales,234538
catalog_sales,234539
catalog_sales,234540
catalog_sales,234541
catalog_sales,234542
catalog_sales,234543
catalog_sales,234544
catalog_sales,234545
catalog_sales,234546
catalog_sales,234547
catalog_sales,234548
catalog_sales,234549
catalog_sales,234550
catalog_sales,234551
catalog_sales,234552
catalog_sales,234553
catalog_sales,234554
catalog_sales,234555
catalog_sales,234556
catalog_sales,234557
catalog_sales,234558
catalog_sales,234559
catalog_sales,234560
catalog_sales,234561
catalog_sales,234562
catalog_sales,234563
catalog_sales,234564
catalog_sales,234565
catalog_sales,234566
catalog_sales,234567
catalog_sales,234568
catalog_sales,234569
catalog_sales,234570
catalog_sales,234571
catalog_sales,234572
catalog_sales,234573
catalog_sales,234574
catalog_sales,234575
catalog_sales,234576
catalog_sales,234577
catalog_sales,234578
catalog_sales,234579
catalog_sales,234580
catalog_sales,234581
catalog_sales,234582
catalog_sales,234583
catalog_sales,234584
catalog_sales,234585
catalog_sales,234586
catalog_sales,234587
catalog_sales,234588
catalog_sales,234589
catalog_sales,234590
catalog_sales,234591
catalog_sales,234592
catalog_sales,234593
catalog_sales,234594
catalog_sales,234595
catalog_sales,234596
catalog_sales,234597
catalog_sales,234598
catalog_sales,234599
catalog_sales,234600
catalog_sales,234601
catalog_sales,234602
catalog_sales,234603
catalog_sales,234604
catalog_sales,234605
catalog_sales,234606
catalog_sales,234607
catalog_sales,234608
catalog_sales,234609
catalog_sales,234610
catalog_sales,234611
catalog_sales,234612
catalog_sales,234613
catalog_sales,234614
catalog_sales,234615
catalog_sales,234616
catalog_sales,234617
catalog_sales,234618
catalog_sales,234619
catalog_sales,234620
catalog_sales,234621
catalog_sales,234622
catalog_sales,234623
catalog_sales,234624
catalog_sales,234625
catalog_sales,234626
catalog_sales,234627
catalog_sales,234628
catalog_sales,234629
catalog_sales,234630
catalog_sales,234631
catalog_sales,234632
catalog_sales,234633
catalog_sales,234634
catalog_sales,234635
catalog_sales,234636
catalog_sales,234637
catalog_sales,234638
catalog_sales,234639
catalog_sales,234640
catalog_sales,234641
catalog_sales,234642
catalog_sales,234643
catalog_sales,234644
catalog_sales,234645
catalog_sales,234646
catalog_sales,234647
catalog_sales,234648
catalog_sales,234649
catalog_sales,234650
catalog_sales,234651
catalog_sales,234652
catalog_sales,234653
catalog_sales,234654
catalog_sales,234655
catalog_sales,234656
catalog_sales,234657
catalog_sales,234658
catalog_sales,234659
catalog_sales,234660
catalog_sales,234661
catalog_sales,234662
catalog_sales,234663
catalog_sales,234664
catalog_sales,234665
catalog_sales,234666
catalog_sales,234667
catalog_sales,234668
catalog_sales,234669
catalog_sales,234670
catalog_sales,234671
catalog_sales,234672
catalog_sales,234673
catalog_sales,234674
catalog_sales,234675
catalog_sales,234676
catalog_sales,234677
catalog_sales,234678
catalog_sales,234679
catalog_sales,234680
catalog_sales,234681
catalog_sales,234682
catalog_sales,234683
catalog_sales,234684
catalog_sales,234685
catalog_sales,234686
catalog_sales,234687
catalog_sales,234688
catalog_sales,234689
catalog_sales,234690
catalog_sales,234691
catalog_sales,234692
catalog_sales,234693
catalog_sales,234694
catalog_sales,234695
catalog_sales,234696
catalog_sales,234697
catalog_sales,234698
catalog_sales,234699
catalog_sales,234700
catalog_sales,234701
catalog_sales,234702
catalog_sales,234703
catalog_sales,234704
catalog_sales,234705
catalog_sales,234706
catalog_sales,234707
catalog_sales,234708
catalog_sales,234709
catalog_sales,234710
catalog_sales,234711
catalog_sales,234712
catalog_sales,234713
catalog_sales,234714
catalog_sales,234715
catalog_sales,234716
catalog_sales,234717
catalog_sales,234718
catalog_sales,234719
catalog_sales,234720
catalog_sales,234721
catalog_sales,234722
catalog_sales,234723
catalog_sales,234724
catalog_sales,234725
catalog_sales,234726
catalog_sales,234727
catalog_sales,234728
catalog_sales,234729
catalog_sales,234730
catalog_sales,234731
catalog_sales,234732
catalog_sales,234733
catalog_sales,234734
catalog_sales,234735
catalog_sales,234736
catalog_sales,234737
catalog_sales,234738
catalog_sales,234739
catalog_sales,234740
catalog_sales,234741
catalog_sales,234742
catalog_sales,234743
catalog_sales,234744
catalog_sales,234745
catalog_sales,234746
catalog_sales,234747
catalog_sales,234748
catalog_sales,234749
catalog_sales,234750
catalog_sales,234751
catalog_sales,234752
catalog_sales,234753
catalog_sales,234754
catalog_sales,234755
catalog_sales,234756
catalog_sales,234757
catalog_sales,234758
catalog_sales,234759
catalog_sales,234760
catalog_sales,234761
catalog_sales,234762
catalog_sales,234763
catalog_sales,234764
catalog_sales,234765
catalog_sales,234766
catalog_sales,234767
catalog_sales,234768
catalog_sales,234769
catalog_sales,234770
catalog_sales,234771
catalog_sales,234772
catalog_sales,234773
catalog_sales,234774
catalog_sales,234775
catalog_sales,234776
catalog_sales,234777
catalog_sales,234778
catalog_sales,234779
catalog_sales,234780
catalog_sales,234781
catalog_sales,234782
catalog_sales,234783
catalog_sales,234784
catalog_sales,234785
catalog_sales,234786
catalog_sales,234787
catalog_sales,234788
catalog_sales,234789
catalog_sales,234790
catalog_sales,234791
catalog_sales,234792
catalog_sales,234793
catalog_sales,234794
catalog_sales,234795
catalog_sales,234796
catalog_sales,234797
catalog_sales,234798
catalog_sales,234799
catalog_sales,234800
catalog_sales,234801
catalog_sales,234802
catalog_sales,234803
catalog_sales,234804
catalog_sales,234805
catalog_sales,234806
catalog_sales,234807
catalog_sales,234808
catalog_sales,234809
catalog_sales,234810
catalog_sales,234811
catalog_sales,234812
catalog_sales,234813
catalog_sales,234814
catalog_sales,234815
catalog_sales,234816
catalog_sales,234817
catalog_sales,234818
catalog_sales,234819
catalog_sales,234820
catalog_sales,234821
catalog_sales,234822
catalog_sales,234823
catalog_sales,234824
catalog_sales,234825
catalog_sales,234826
catalog_sales,234827
catalog_sales,234828
catalog_sales,234829
catalog_sales,234830
catalog_sales,234831
catalog_sales,234832
catalog_sales,234833
catalog_sales,234834
catalog_sales,234835
catalog_sales,234836
catalog_sales,234837
catalog_sales,234838
catalog_sales,234839
catalog_sales,234840
catalog_sales,234841
catalog_sales,234842
catalog_sales,234843
catalog_sales,234844
catalog_sales,234845
catalog_sales,234846
catalog_sales,234847
catalog_sales,234848
catalog_sales,234849
catalog_sales,234850
catalog_sales,234851
catalog_sales,234852
catalog_sales,234853
catalog_sales,234854
catalog_sales,234855
catalog_sales,234856
catalog_sales,234857
catalog_sales,234858
catalog_sales,234859
catalog_sales,234860
catalog_sales,234861
catalog_sales,234862
catalog_sales,234863
catalog_sales,234864
catalog_sales,234865
catalog_sales,234866
catalog_sales,234867
catalog_sales,234868
catalog_sales,234869
catalog_sales,234870
catalog_sales,234871
catalog_sales,234872
catalog_sales,234873
catalog_sales,234874
catalog_sales,234875
catalog_sales,234876
catalog_sales,234877
catalog_sales,234878
catalog_sales,234879
catalog_sales,234880
catalog_sales,234881
catalog_sales,234882
catalog_sales,234883
catalog_sales,234884
catalog_sales,234885
catalog_sales,234886
catalog_sales,234887
catalog_sales,234888
catalog_sales,234889
catalog_sales,234890
catalog_sales,234891
catalog_sales,234892
catalog_sales,234893
catalog_sales,234894
catalog_sales,234895
catalog_sales,234896
catalog_sales,234897
catalog_sales,234898
catalog_sales,234899
catalog_sales,234900
catalog_sales,234901
catalog_sales,234902
catalog_sales,234903
catalog_sales,234904
catalog_sales,234905
catalog_sales,234906
catalog_sales,234907
catalog_sales,234908
catalog_sales,234909
catalog_sales,234910
catalog_sales,234911
catalog_sales,234912
catalog_sales,234913
catalog_sales,234914
catalog_sales,234915
catalog_sales,234916
catalog_sales,234917
catalog_sales,234918
catalog_sales,234919
catalog_sales,234920
catalog_sales,234921
catalog_sales,234922
catalog_sales,234923
catalog_sales,234924
catalog_sales,234925
catalog_sales,234926
catalog_sales,234927
catalog_sales,234928
catalog_sales,234929
catalog_sales,234930
catalog_sales,234931
catalog_sales,234932
catalog_sales,234933
catalog_sales,234934
catalog_sales,234935
catalog_sales,234936
catalog_sales,234937
catalog_sales,234938
catalog_sales,234939
catalog_sales,234940
catalog_sales,234941
catalog_sales,234942
catalog_sales,234943
catalog_sales,234944
catalog_sales,234945
catalog_sales,234946
catalog_sales,234947
catalog_sales,234948
catalog_sales,234949
catalog_sales,234950
catalog_sales,234951
catalog_sales,234952
catalog_sales,234953
catalog_sales,234954
catalog_sales,234955
catalog_sales,234956
catalog_sales,234957
catalog_sales,234958
catalog_sales,234959
catalog_sales,234960
catalog_sales,234961
catalog_sales,234962
catalog_sales,234963
catalog_sales,234964
catalog_sales,234965
catalog_sales,234966
catalog_sales,234967
catalog_sales,234968
catalog_sales,234969
catalog_sales,234970
catalog_sales,234971
catalog_sales,234972
catalog_sales,234973
catalog_sales,234974
catalog_sales,234975
catalog_sales,234976
catalog_sales,234977
catalog_sales,234978
catalog_sales,234979
catalog_sales,234980
catalog_sales,234981
catalog_sales,234982
catalog_sales,234983
catalog_sales,234984
catalog_sales,234985
catalog_sales,234986
catalog_sales,234987
catalog_sales,234988
catalog_sales,234989
catalog_sales,234990
catalog_sales,234991
catalog_sales,234992
catalog_sales,234993
catalog_sales,234994
catalog_sales,234995
catalog_sales,234996
catalog_sales,234997
catalog_sales,234998
catalog_sales,234999
catalog_sales,235000
catalog_sales,235001
catalog_sales,235002
catalog_sales,235003
catalog_sales,235004
catalog_sales,235005
catalog_sales,235006
catalog_sales,235007
catalog_sales,235008
catalog_sales,235009
catalog_sales,235010
catalog_sales,235011
catalog_sales,235012
catalog_sales,235013
catalog_sales,235014
catalog_sales,235015
catalog_sales,235016
catalog_sales,235017
catalog_sales,235018
catalog_sales,235019
catalog_sales,235020
catalog_sales,235021
catalog_sales,235022
catalog_sales,235023
catalog_sales,235024
catalog_sales,235025
catalog_sales,235026
catalog_sales,235027
catalog_sales,235028
catalog_sales,235029
catalog_sales,235030
catalog_sales,235031
catalog_sales,235032
catalog_sales,235033
catalog_sales,235034
catalog_sales,235035
catalog_sales,235036
catalog_sales,235037
catalog_sales,235038
catalog_sales,235039
catalog_sales,235040
catalog_sales,235041
catalog_sales,235042
catalog_sales,235043
catalog_sales,235044
catalog_sales,235045
catalog_sales,235046
catalog_sales,235047
catalog_sales,235048
catalog_sales,235049
catalog_sales,235050
catalog_sales,235051
catalog_sales,235052
catalog_sales,235053
catalog_sales,235054
catalog_sales,235055
catalog_sales,235056
catalog_sales,235057
catalog_sales,235058
catalog_sales,235059
catalog_sales,235060
catalog_sales,235061
catalog_sales,235062
catalog_sales,235063
catalog_sales,235064
catalog_sales,235065
catalog_sales,235066
catalog_sales,235067
catalog_sales,235068
catalog_sales,235069
catalog_sales,235070
catalog_sales,235071
catalog_sales,235072
catalog_sales,235073
catalog_sales,235074
catalog_sales,235075
catalog_sales,235076
catalog_sales,235077
catalog_sales,235078
catalog_sales,235079
catalog_sales,235080
catalog_sales,235081
catalog_sales,235082
catalog_sales,235083
catalog_sales,235084
catalog_sales,235085
catalog_sales,235086
catalog_sales,235087
catalog_sales,235088
catalog_sales,235089
catalog_sales,235090
catalog_sales,235091
catalog_sales,235092
catalog_sales,235093
catalog_sales,235094
catalog_sales,235095
catalog_sales,235096
catalog_sales,235097
catalog_sales,235098
catalog_sales,235099
catalog_sales,235100
catalog_sales,235101
catalog_sales,235102
catalog_sales,235103
catalog_sales,235104
catalog_sales,235105
catalog_sales,235106
catalog_sales,235107
catalog_sales,235108
catalog_sales,235109
catalog_sales,235110
catalog_sales,235111
catalog_sales,235112
catalog_sales,235113
catalog_sales,235114
catalog_sales,235115
catalog_sales,235116
catalog_sales,235117
catalog_sales,235118
catalog_sales,235119
catalog_sales,235120
catalog_sales,235121
catalog_sales,235122
catalog_sales,235123
catalog_sales,235124
catalog_sales,235125
catalog_sales,235126
catalog_sales,235127
catalog_sales,235128
catalog_sales,235129
catalog_sales,235130
catalog_sales,235131
catalog_sales,235132
catalog_sales,235133
catalog_sales,235134
catalog_sales,235135
catalog_sales,235136
catalog_sales,235137
catalog_sales,235138
catalog_sales,235139
catalog_sales,235140
catalog_sales,235141
catalog_sales,235142
catalog_sales,235143
catalog_sales,235144
catalog_sales,235145
catalog_sales,235146
catalog_sales,235147
catalog_sales,235148
catalog_sales,235149
catalog_sales,235150
catalog_sales,235151
catalog_sales,235152
catalog_sales,235153
catalog_sales,235154
catalog_sales,235155
catalog_sales,235156
catalog_sales,235157
catalog_sales,235158
catalog_sales,235159
catalog_sales,235160
catalog_sales,235161
catalog_sales,235162
catalog_sales,235163
catalog_sales,235164
catalog_sales,235165
catalog_sales,235166
catalog_sales,235167
catalog_sales,235168
catalog_sales,235169
catalog_sales,235170
catalog_sales,235171
catalog_sales,235172
catalog_sales,235173
catalog_sales,235174
catalog_sales,235175
catalog_sales,235176
catalog_sales,235177
catalog_sales,235178
catalog_sales,235179
catalog_sales,235180
catalog_sales,235181
catalog_sales,235182
catalog_sales,235183
catalog_sales,235184
catalog_sales,235185
catalog_sales,235186
catalog_sales,235187
catalog_sales,235188
catalog_sales,235189
catalog_sales,235190
catalog_sales,235191
catalog_sales,235192
catalog_sales,235193
catalog_sales,235194
catalog_sales,235195
catalog_sales,235196
catalog_sales,235197
catalog_sales,235198
catalog_sales,235199
catalog_sales,235200
catalog_sales,235201
catalog_sales,235202
catalog_sales,235203
catalog_sales,235204
catalog_sales,235205
catalog_sales,235206
catalog_sales,235207
catalog_sales,235208
catalog_sales,235209
catalog_sales,235210
catalog_sales,235211
catalog_sales,235212
catalog_sales,235213
catalog_sales,235214
catalog_sales,235215
catalog_sales,235216
catalog_sales,235217
catalog_sales,235218
catalog_sales,235219
catalog_sales,235220
catalog_sales,235221
catalog_sales,235222
catalog_sales,235223
catalog_sales,235224
catalog_sales,235225
catalog_sales,235226
catalog_sales,235227
catalog_sales,235228
catalog_sales,235229
catalog_sales,235230
catalog_sales,235231
catalog_sales,235232
catalog_sales,235233
catalog_sales,235234
catalog_sales,235235
catalog_sales,235236
catalog_sales,235237
catalog_sales,235238
catalog_sales,235239
catalog_sales,235240
catalog_sales,235241
catalog_sales,235242
catalog_sales,235243
catalog_sales,235244
catalog_sales,235245
catalog_sales,235246
catalog_sales,235247
catalog_sales,235248
catalog_sales,235249
catalog_sales,235250
catalog_sales,235251
catalog_sales,235252
catalog_sales,235253
catalog_sales,235254
catalog_sales,235255
catalog_sales,235256
catalog_sales,235257
catalog_sales,235258
catalog_sales,235259
catalog_sales,235260
catalog_sales,235261
catalog_sales,235262
catalog_sales,235263
catalog_sales,235264
catalog_sales,235265
catalog_sales,235266
catalog_sales,235267
catalog_sales,235268
catalog_sales,235269
catalog_sales,235270
catalog_sales,235271
catalog_sales,235272
catalog_sales,235273
catalog_sales,235274
catalog_sales,235275
catalog_sales,235276
catalog_sales,235277
catalog_sales,235278
catalog_sales,235279
catalog_sales,235280
catalog_sales,235281
catalog_sales,235282
catalog_sales,235283
catalog_sales,235284
catalog_sales,235285
catalog_sales,235286
catalog_sales,235287
catalog_sales,235288
catalog_sales,235289
catalog_sales,235290
catalog_sales,235291
catalog_sales,235292
catalog_sales,235293
catalog_sales,235294
catalog_sales,235295
catalog_sales,235296
catalog_sales,235297
catalog_sales,235298
catalog_sales,235299
catalog_sales,235300
catalog_sales,235301
catalog_sales,235302
catalog_sales,235303
catalog_sales,235304
catalog_sales,235305
catalog_sales,235306
catalog_sales,235307
catalog_sales,235308
catalog_sales,235309
catalog_sales,235310
catalog_sales,235311
catalog_sales,235312
catalog_sales,235313
catalog_sales,235314
catalog_sales,235315
catalog_sales,235316
catalog_sales,235317
catalog_sales,235318
catalog_sales,235319
catalog_sales,235320
catalog_sales,235321
catalog_sales,235322
catalog_sales,235323
catalog_sales,235324
catalog_sales,235325
catalog_sales,235326
catalog_sales,235327
catalog_sales,235328
catalog_sales,235329
catalog_sales,235330
catalog_sales,235331
catalog_sales,235332
catalog_sales,235333
catalog_sales,235334
catalog_sales,235335
catalog_sales,235336
catalog_sales,235337
catalog_sales,235338
catalog_sales,235339
catalog_sales,235340
catalog_sales,235341
catalog_sales,235342
catalog_sales,235343
catalog_sales,235344
catalog_sales,235345
catalog_sales,235346
catalog_sales,235347
catalog_sales,235348
catalog_sales,235349
catalog_sales,235350
catalog_sales,235351
catalog_sales,235352
catalog_sales,235353
catalog_sales,235354
catalog_sales,235355
catalog_sales,235356
catalog_sales,235357
catalog_sales,235358
catalog_sales,235359
catalog_sales,235360
catalog_sales,235361
catalog_sales,235362
catalog_sales,235363
catalog_sales,235364
catalog_sales,235365
catalog_sales,235366
catalog_sales,235367
catalog_sales,235368
catalog_sales,235369
catalog_sales,235370
catalog_sales,235371
catalog_sales,235372
catalog_sales,235373
catalog_sales,235374
catalog_sales,235375
catalog_sales,235376
catalog_sales,235377
catalog_sales,235378
catalog_sales,235379
catalog_sales,235380
catalog_sales,235381
catalog_sales,235382
catalog_sales,235383
catalog_sales,235384
catalog_sales,235385
catalog_sales,235386
catalog_sales,235387
catalog_sales,235388
catalog_sales,235389
catalog_sales,235390
catalog_sales,235391
catalog_sales,235392
catalog_sales,235393
catalog_sales,235394
catalog_sales,235395
catalog_sales,235396
catalog_sales,235397
catalog_sales,235398
catalog_sales,235399
catalog_sales,235400
catalog_sales,235401
catalog_sales,235402
catalog_sales,235403
catalog_sales,235404
catalog_sales,235405
catalog_sales,235406
catalog_sales,235407
catalog_sales,235408
catalog_sales,235409
catalog_sales,235410
catalog_sales,235411
catalog_sales,235412
catalog_sales,235413
catalog_sales,235414
catalog_sales,235415
catalog_sales,235416
catalog_sales,235417
catalog_sales,235418
catalog_sales,235419
catalog_sales,235420
catalog_sales,235421
catalog_sales,235422
catalog_sales,235423
catalog_sales,235424
catalog_sales,235425
catalog_sales,235426
catalog_sales,235427
catalog_sales,235428
catalog_sales,235429
catalog_sales,235430
catalog_sales,235431
catalog_sales,235432
catalog_sales,235433
catalog_sales,235434
catalog_sales,235435
catalog_sales,235436
catalog_sales,235437
catalog_sales,235438
catalog_sales,235439
catalog_sales,235440
catalog_sales,235441
catalog_sales,235442
catalog_sales,235443
catalog_sales,235444
catalog_sales,235445
catalog_sales,235446
catalog_sales,235447
catalog_sales,235448
catalog_sales,235449
catalog_sales,235450
catalog_sales,235451
catalog_sales,235452
catalog_sales,235453
catalog_sales,235454
catalog_sales,235455
catalog_sales,235456
catalog_sales,235457
catalog_sales,235458
catalog_sales,235459
catalog_sales,235460
catalog_sales,235461
catalog_sales,235462
catalog_sales,235463
catalog_sales,235464
catalog_sales,235465
catalog_sales,235466
catalog_sales,235467
catalog_sales,235468
catalog_sales,235469
catalog_sales,235470
catalog_sales,235471
catalog_sales,235472
catalog_sales,235473
catalog_sales,235474
catalog_sales,235475
catalog_sales,235476
catalog_sales,235477
catalog_sales,235478
catalog_sales,235479
catalog_sales,235480
catalog_sales,235481
catalog_sales,235482
catalog_sales,235483
catalog_sales,235484
catalog_sales,235485
catalog_sales,235486
catalog_sales,235487
catalog_sales,235488
catalog_sales,235489
catalog_sales,235490
catalog_sales,235491
catalog_sales,235492
catalog_sales,235493
catalog_sales,235494
catalog_sales,235495
catalog_sales,235496
catalog_sales,235497
catalog_sales,235498
catalog_sales,235499
catalog_sales,235500
catalog_sales,235501
catalog_sales,235502
catalog_sales,235503
catalog_sales,235504
catalog_sales,235505
catalog_sales,235506
catalog_sales,235507
catalog_sales,235508
catalog_sales,235509
catalog_sales,235510
catalog_sales,235511
catalog_sales,235512
catalog_sales,235513
catalog_sales,235514
catalog_sales,235515
catalog_sales,235516
catalog_sales,235517
catalog_sales,235518
catalog_sales,235519
catalog_sales,235520
catalog_sales,235521
catalog_sales,235522
catalog_sales,235523
catalog_sales,235524
catalog_sales,235525
catalog_sales,235526
catalog_sales,235527
catalog_sales,235528
catalog_sales,235529
catalog_sales,235530
catalog_sales,235531
catalog_sales,235532
catalog_sales,235533
catalog_sales,235534
catalog_sales,235535
catalog_sales,235536
catalog_sales,235537
catalog_sales,235538
catalog_sales,235539
catalog_sales,235540
catalog_sales,235541
catalog_sales,235542
catalog_sales,235543
catalog_sales,235544
catalog_sales,235545
catalog_sales,235546
catalog_sales,235547
catalog_sales,235548
catalog_sales,235549
catalog_sales,235550
catalog_sales,235551
catalog_sales,235552
catalog_sales,235553
catalog_sales,235554
catalog_sales,235555
catalog_sales,235556
catalog_sales,235557
catalog_sales,235558
catalog_sales,235559
catalog_sales,235560
catalog_sales,235561
catalog_sales,235562
catalog_sales,235563
catalog_sales,235564
catalog_sales,235565
catalog_sales,235566
catalog_sales,235567
catalog_sales,235568
catalog_sales,235569
catalog_sales,235570
catalog_sales,235571
catalog_sales,235572
catalog_sales,235573
catalog_sales,235574
catalog_sales,235575
catalog_sales,235576
catalog_sales,235577
catalog_sales,235578
catalog_sales,235579
catalog_sales,235580
catalog_sales,235581
catalog_sales,235582
catalog_sales,235583
catalog_sales,235584
catalog_sales,235585
catalog_sales,235586
catalog_sales,235587
catalog_sales,235588
catalog_sales,235589
catalog_sales,235590
catalog_sales,235591
catalog_sales,235592
catalog_sales,235593
catalog_sales,235594
catalog_sales,235595
catalog_sales,235596
catalog_sales,235597
catalog_sales,235598
catalog_sales,235599
catalog_sales,235600
catalog_sales,235601
catalog_sales,235602
catalog_sales,235603
catalog_sales,235604
catalog_sales,235605
catalog_sales,235606
catalog_sales,235607
catalog_sales,235608
catalog_sales,235609
catalog_sales,235610
catalog_sales,235611
catalog_sales,235612
catalog_sales,235613
catalog_sales,235614
catalog_sales,235615
catalog_sales,235616
catalog_sales,235617
catalog_sales,235618
catalog_sales,235619
catalog_sales,235620
catalog_sales,235621
catalog_sales,235622
catalog_sales,235623
catalog_sales,235624
catalog_sales,235625
catalog_sales,235626
catalog_sales,235627
catalog_sales,235628
catalog_sales,235629
catalog_sales,235630
catalog_sales,235631
catalog_sales,235632
catalog_sales,235633
catalog_sales,235634
catalog_sales,235635
catalog_sales,235636
catalog_sales,235637
catalog_sales,235638
catalog_sales,235639
catalog_sales,235640
catalog_sales,235641
catalog_sales,235642
catalog_sales,235643
catalog_sales,235644
catalog_sales,235645
catalog_sales,235646
catalog_sales,235647
catalog_sales,235648
catalog_sales,235649
catalog_sales,235650
catalog_sales,235651
catalog_sales,235652
catalog_sales,235653
catalog_sales,235654
catalog_sales,235655
catalog_sales,235656
catalog_sales,235657
catalog_sales,235658
catalog_sales,235659
catalog_sales,235660
catalog_sales,235661
catalog_sales,235662
catalog_sales,235663
catalog_sales,235664
catalog_sales,235665
catalog_sales,235666
catalog_sales,235667
catalog_sales,235668
catalog_sales,235669
catalog_sales,235670
catalog_sales,235671
catalog_sales,235672
catalog_sales,235673
catalog_sales,235674
catalog_sales,235675
catalog_sales,235676
catalog_sales,235677
catalog_sales,235678
catalog_sales,235679
catalog_sales,235680
catalog_sales,235681
catalog_sales,235682
catalog_sales,235683
catalog_sales,235684
catalog_sales,235685
catalog_sales,235686
catalog_sales,235687
catalog_sales,235688
catalog_sales,235689
catalog_sales,235690
catalog_sales,235691
catalog_sales,235692
catalog_sales,235693
catalog_sales,235694
catalog_sales,235695
catalog_sales,235696
catalog_sales,235697
catalog_sales,235698
catalog_sales,235699
catalog_sales,235700
catalog_sales,235701
catalog_sales,235702
catalog_sales,235703
catalog_sales,235704
catalog_sales,235705
catalog_sales,235706
catalog_sales,235707
catalog_sales,235708
catalog_sales,235709
catalog_sales,235710
catalog_sales,235711
catalog_sales,235712
catalog_sales,235713
catalog_sales,235714
catalog_sales,235715
catalog_sales,235716
catalog_sales,235717
catalog_sales,235718
catalog_sales,235719
catalog_sales,235720
catalog_sales,235721
catalog_sales,235722
catalog_sales,235723
catalog_sales,235724
catalog_sales,235725
catalog_sales,235726
catalog_sales,235727
catalog_sales,235728
catalog_sales,235729
catalog_sales,235730
catalog_sales,235731
catalog_sales,235732
catalog_sales,235733
catalog_sales,235734
catalog_sales,235735
catalog_sales,235736
catalog_sales,235737
catalog_sales,235738
catalog_sales,235739
catalog_sales,235740
catalog_sales,235741
catalog_sales,235742
catalog_sales,235743
catalog_sales,235744
catalog_sales,235745
catalog_sales,235746
catalog_sales,235747
catalog_sales,235748
catalog_sales,235749
catalog_sales,235750
catalog_sales,235751
catalog_sales,235752
catalog_sales,235753
catalog_sales,235754
catalog_sales,235755
catalog_sales,235756
catalog_sales,235757
catalog_sales,235758
catalog_sales,235759
catalog_sales,235760
catalog_sales,235761
catalog_sales,235762
catalog_sales,235763
catalog_sales,235764
catalog_sales,235765
catalog_sales,235766
catalog_sales,235767
catalog_sales,235768
catalog_sales,235769
catalog_sales,235770
catalog_sales,235771
catalog_sales,235772
catalog_sales,235773
catalog_sales,235774
catalog_sales,235775
catalog_sales,235776
catalog_sales,235777
catalog_sales,235778
catalog_sales,235779
catalog_sales,235780
catalog_sales,235781
catalog_sales,235782
catalog_sales,235783
catalog_sales,235784
catalog_sales,235785
catalog_sales,235786
catalog_sales,235787
catalog_sales,235788
catalog_sales,235789
catalog_sales,235790
catalog_sales,235791
catalog_sales,235792
catalog_sales,235793
catalog_sales,235794
catalog_sales,235795
catalog_sales,235796
catalog_sales,235797
catalog_sales,235798
catalog_sales,235799
catalog_sales,235800
catalog_sales,235801
catalog_sales,235802
catalog_sales,235803
catalog_sales,235804
catalog_sales,235805
catalog_sales,235806
catalog_sales,235807
catalog_sales,235808
catalog_sales,235809
catalog_sales,235810
catalog_sales,235811
catalog_sales,235812
catalog_sales,235813
catalog_sales,235814
catalog_sales,235815
catalog_sales,235816
catalog_sales,235817
catalog_sales,235818
catalog_sales,235819
catalog_sales,235820
catalog_sales,235821
catalog_sales,235822
catalog_sales,235823
catalog_sales,235824
catalog_sales,235825
catalog_sales,235826
catalog_sales,235827
catalog_sales,235828
catalog_sales,235829
catalog_sales,235830
catalog_sales,235831
catalog_sales,235832
catalog_sales,235833
catalog_sales,235834
catalog_sales,235835
catalog_sales,235836
catalog_sales,235837
catalog_sales,235838
catalog_sales,235839
catalog_sales,235840
catalog_sales,235841
catalog_sales,235842
catalog_sales,235843
catalog_sales,235844
catalog_sales,235845
catalog_sales,235846
catalog_sales,235847
catalog_sales,235848
catalog_sales,235849
catalog_sales,235850
catalog_sales,235851
catalog_sales,235852
catalog_sales,235853
catalog_sales,235854
catalog_sales,235855
catalog_sales,235856
catalog_sales,235857
catalog_sales,235858
catalog_sales,235859
catalog_sales,235860
catalog_sales,235861
catalog_sales,235862
catalog_sales,235863
catalog_sales,235864
catalog_sales,235865
catalog_sales,235866
catalog_sales,235867
catalog_sales,235868
catalog_sales,235869
catalog_sales,235870
catalog_sales,235871
catalog_sales,235872
catalog_sales,235873
catalog_sales,235874
catalog_sales,235875
catalog_sales,235876
catalog_sales,235877
catalog_sales,235878
catalog_sales,235879
catalog_sales,235880
catalog_sales,235881
catalog_sales,235882
catalog_sales,235883
catalog_sales,235884
catalog_sales,235885
catalog_sales,235886
catalog_sales,235887
catalog_sales,235888
catalog_sales,235889
catalog_sales,235890
catalog_sales,235891
catalog_sales,235892
catalog_sales,235893
catalog_sales,235894
catalog_sales,235895
catalog_sales,235896
catalog_sales,235897
catalog_sales,235898
catalog_sales,235899
catalog_sales,235900
catalog_sales,235901
catalog_sales,235902
catalog_sales,235903
catalog_sales,235904
catalog_sales,235905
catalog_sales,235906
catalog_sales,235907
catalog_sales,235908
catalog_sales,235909
catalog_sales,235910
catalog_sales,235911
catalog_sales,235912
catalog_sales,235913
catalog_sales,235914
catalog_sales,235915
catalog_sales,235916
catalog_sales,235917
catalog_sales,235918
catalog_sales,235919
catalog_sales,235920
catalog_sales,235921
catalog_sales,235922
catalog_sales,235923
catalog_sales,235924
catalog_sales,235925
catalog_sales,235926
catalog_sales,235927
catalog_sales,235928
catalog_sales,235929
catalog_sales,235930
catalog_sales,235931
catalog_sales,235932
catalog_sales,235933
catalog_sales,235934
catalog_sales,235935
catalog_sales,235936
catalog_sales,235937
catalog_sales,235938
catalog_sales,235939
catalog_sales,235940
catalog_sales,235941
catalog_sales,235942
catalog_sales,235943
catalog_sales,235944
catalog_sales,235945
catalog_sales,235946
catalog_sales,235947
catalog_sales,235948
catalog_sales,235949
catalog_sales,235950
catalog_sales,235951
catalog_sales,235952
catalog_sales,235953
catalog_sales,235954
catalog_sales,235955
catalog_sales,235956
catalog_sales,235957
catalog_sales,235958
catalog_sales,235959
catalog_sales,235960
catalog_sales,235961
catalog_sales,235962
catalog_sales,235963
catalog_sales,235964
catalog_sales,235965
catalog_sales,235966
catalog_sales,235967
catalog_sales,235968
catalog_sales,235969
catalog_sales,235970
catalog_sales,235971
catalog_sales,235972
catalog_sales,235973
catalog_sales,235974
catalog_sales,235975
catalog_sales,235976
catalog_sales,235977
catalog_sales,235978
catalog_sales,235979
catalog_sales,235980
catalog_sales,235981
catalog_sales,235982
catalog_sales,235983
catalog_sales,235984
catalog_sales,235985
catalog_sales,235986
catalog_sales,235987
catalog_sales,235988
catalog_sales,235989
catalog_sales,235990
catalog_sales,235991
catalog_sales,235992
catalog_sales,235993
catalog_sales,235994
catalog_sales,235995
catalog_sales,235996
catalog_sales,235997
catalog_sales,235998
catalog_sales,235999
catalog_sales,236000
catalog_sales,236001
catalog_sales,236002
catalog_sales,236003
catalog_sales,236004
catalog_sales,236005
catalog_sales,236006
catalog_sales,236007
catalog_sales,236008
catalog_sales,236009
catalog_sales,236010
catalog_sales,236011
catalog_sales,236012
catalog_sales,236013
catalog_sales,236014
catalog_sales,236015
catalog_sales,236016
catalog_sales,236017
catalog_sales,236018
catalog_sales,236019
catalog_sales,236020
catalog_sales,236021
catalog_sales,236022
catalog_sales,236023
catalog_sales,236024
catalog_sales,236025
catalog_sales,236026
catalog_sales,236027
catalog_sales,236028
catalog_sales,236029
catalog_sales,236030
catalog_sales,236031
catalog_sales,236032
catalog_sales,236033
catalog_sales,236034
catalog_sales,236035
catalog_sales,236036
catalog_sales,236037
catalog_sales,236038
catalog_sales,236039
catalog_sales,236040
catalog_sales,236041
catalog_sales,236042
catalog_sales,236043
catalog_sales,236044
catalog_sales,236045
catalog_sales,236046
catalog_sales,236047
catalog_sales,236048
catalog_sales,236049
catalog_sales,236050
catalog_sales,236051
catalog_sales,236052
catalog_sales,236053
catalog_sales,236054
catalog_sales,236055
catalog_sales,236056
catalog_sales,236057
catalog_sales,236058
catalog_sales,236059
catalog_sales,236060
catalog_sales,236061
catalog_sales,236062
catalog_sales,236063
catalog_sales,236064
catalog_sales,236065
catalog_sales,236066
catalog_sales,236067
catalog_sales,236068
catalog_sales,236069
catalog_sales,236070
catalog_sales,236071
catalog_sales,236072
catalog_sales,236073
catalog_sales,236074
catalog_sales,236075
catalog_sales,236076
catalog_sales,236077
catalog_sales,236078
catalog_sales,236079
catalog_sales,236080
catalog_sales,236081
catalog_sales,236082
catalog_sales,236083
catalog_sales,236084
catalog_sales,236085
catalog_sales,236086
catalog_sales,236087
catalog_sales,236088
catalog_sales,236089
catalog_sales,236090
catalog_sales,236091
catalog_sales,236092
catalog_sales,236093
catalog_sales,236094
catalog_sales,236095
catalog_sales,236096
catalog_sales,236097
catalog_sales,236098
catalog_sales,236099
catalog_sales,236100
catalog_sales,236101
catalog_sales,236102
catalog_sales,236103
catalog_sales,236104
catalog_sales,236105
catalog_sales,236106
catalog_sales,236107
catalog_sales,236108
catalog_sales,236109
catalog_sales,236110
catalog_sales,236111
catalog_sales,236112
catalog_sales,236113
catalog_sales,236114
catalog_sales,236115
catalog_sales,236116
catalog_sales,236117
catalog_sales,236118
catalog_sales,236119
catalog_sales,236120
catalog_sales,236121
catalog_sales,236122
catalog_sales,236123
catalog_sales,236124
catalog_sales,236125
catalog_sales,236126
catalog_sales,236127
catalog_sales,236128
catalog_sales,236129
catalog_sales,236130
catalog_sales,236131
catalog_sales,236132
catalog_sales,236133
catalog_sales,236134
catalog_sales,236135
catalog_sales,236136
catalog_sales,236137
catalog_sales,236138
catalog_sales,236139
catalog_sales,236140
catalog_sales,236141
catalog_sales,236142
catalog_sales,236143
catalog_sales,236144
catalog_sales,236145
catalog_sales,236146
catalog_sales,236147
catalog_sales,236148
catalog_sales,236149
catalog_sales,236150
catalog_sales,236151
catalog_sales,236152
catalog_sales,236153
catalog_sales,236154
catalog_sales,236155
catalog_sales,236156
catalog_sales,236157
catalog_sales,236158
catalog_sales,236159
catalog_sales,236160
catalog_sales,236161
catalog_sales,236162
catalog_sales,236163
catalog_sales,236164
catalog_sales,236165
catalog_sales,236166
catalog_sales,236167
catalog_sales,236168
catalog_sales,236169
catalog_sales,236170
catalog_sales,236171
catalog_sales,236172
catalog_sales,236173
catalog_sales,236174
catalog_sales,236175
catalog_sales,236176
catalog_sales,236177
catalog_sales,236178
catalog_sales,236179
catalog_sales,236180
catalog_sales,236181
catalog_sales,236182
catalog_sales,236183
catalog_sales,236184
catalog_sales,236185
catalog_sales,236186
catalog_sales,236187
catalog_sales,236188
catalog_sales,236189
catalog_sales,236190
catalog_sales,236191
catalog_sales,236192
catalog_sales,236193
catalog_sales,236194
catalog_sales,236195
catalog_sales,236196
catalog_sales,236197
catalog_sales,236198
catalog_sales,236199
catalog_sales,236200
catalog_sales,236201
catalog_sales,236202
catalog_sales,236203
catalog_sales,236204
catalog_sales,236205
catalog_sales,236206
catalog_sales,236207
catalog_sales,236208
catalog_sales,236209
catalog_sales,236210
catalog_sales,236211
catalog_sales,236212
catalog_sales,236213
catalog_sales,236214
catalog_sales,236215
catalog_sales,236216
catalog_sales,236217
catalog_sales,236218
catalog_sales,236219
catalog_sales,236220
catalog_sales,236221
catalog_sales,236222
catalog_sales,236223
catalog_sales,236224
catalog_sales,236225
catalog_sales,236226
catalog_sales,236227
catalog_sales,236228
catalog_sales,236229
catalog_sales,236230
catalog_sales,236231
catalog_sales,236232
catalog_sales,236233
catalog_sales,236234
catalog_sales,236235
catalog_sales,236236
catalog_sales,236237
catalog_sales,236238
catalog_sales,236239
catalog_sales,236240
catalog_sales,236241
catalog_sales,236242
catalog_sales,236243
catalog_sales,236244
catalog_sales,236245
catalog_sales,236246
catalog_sales,236247
catalog_sales,236248
catalog_sales,236249
catalog_sales,236250
catalog_sales,236251
catalog_sales,236252
catalog_sales,236253
catalog_sales,236254
catalog_sales,236255
catalog_sales,236256
catalog_sales,236257
catalog_sales,236258
catalog_sales,236259
catalog_sales,236260
catalog_sales,236261
catalog_sales,236262
catalog_sales,236263
catalog_sales,236264
catalog_sales,236265
catalog_sales,236266
catalog_sales,236267
catalog_sales,236268
catalog_sales,236269
catalog_sales,236270
catalog_sales,236271
catalog_sales,236272
catalog_sales,236273
catalog_sales,236274
catalog_sales,236275
catalog_sales,236276
catalog_sales,236277
catalog_sales,236278
catalog_sales,236279
catalog_sales,236280
catalog_sales,236281
catalog_sales,236282
catalog_sales,236283
catalog_sales,236284
catalog_sales,236285
catalog_sales,236286
catalog_sales,236287
catalog_sales,236288
catalog_sales,236289
catalog_sales,236290
catalog_sales,236291
catalog_sales,236292
catalog_sales,236293
catalog_sales,236294
catalog_sales,236295
catalog_sales,236296
catalog_sales,236297
catalog_sales,236298
catalog_sales,236299
catalog_sales,236300
catalog_sales,236301
catalog_sales,236302
catalog_sales,236303
catalog_sales,236304
catalog_sales,236305
catalog_sales,236306
catalog_sales,236307
catalog_sales,236308
catalog_sales,236309
catalog_sales,236310
catalog_sales,236311
catalog_sales,236312
catalog_sales,236313
catalog_sales,236314
catalog_sales,236315
catalog_sales,236316
catalog_sales,236317
catalog_sales,236318
catalog_sales,236319
catalog_sales,236320
catalog_sales,236321
catalog_sales,236322
catalog_sales,236323
catalog_sales,236324
catalog_sales,236325
catalog_sales,236326
catalog_sales,236327
catalog_sales,236328
catalog_sales,236329
catalog_sales,236330
catalog_sales,236331
catalog_sales,236332
catalog_sales,236333
catalog_sales,236334
catalog_sales,236335
catalog_sales,236336
catalog_sales,236337
catalog_sales,236338
catalog_sales,236339
catalog_sales,236340
catalog_sales,236341
catalog_sales,236342
catalog_sales,236343
catalog_sales,236344
catalog_sales,236345
catalog_sales,236346
catalog_sales,236347
catalog_sales,236348
catalog_sales,236349
catalog_sales,236350
catalog_sales,236351
catalog_sales,236352
catalog_sales,236353
catalog_sales,236354
catalog_sales,236355
catalog_sales,236356
catalog_sales,236357
catalog_sales,236358
catalog_sales,236359
catalog_sales,236360
catalog_sales,236361
catalog_sales,236362
catalog_sales,236363
catalog_sales,236364
catalog_sales,236365
catalog_sales,236366
catalog_sales,236367
catalog_sales,236368
catalog_sales,236369
catalog_sales,236370
catalog_sales,236371
catalog_sales,236372
catalog_sales,236373
catalog_sales,236374
catalog_sales,236375
catalog_sales,236376
catalog_sales,236377
catalog_sales,236378
catalog_sales,236379
catalog_sales,236380
catalog_sales,236381
catalog_sales,236382
catalog_sales,236383
catalog_sales,236384
catalog_sales,236385
catalog_sales,236386
catalog_sales,236387
catalog_sales,236388
catalog_sales,236389
catalog_sales,236390
catalog_sales,236391
catalog_sales,236392
catalog_sales,236393
catalog_sales,236394
catalog_sales,236395
catalog_sales,236396
catalog_sales,236397
catalog_sales,236398
catalog_sales,236399
catalog_sales,236400
catalog_sales,236401
catalog_sales,236402
catalog_sales,236403
catalog_sales,236404
catalog_sales,236405
catalog_sales,236406
catalog_sales,236407
catalog_sales,236408
catalog_sales,236409
catalog_sales,236410
catalog_sales,236411
catalog_sales,236412
catalog_sales,236413
catalog_sales,236414
catalog_sales,236415
catalog_sales,236416
catalog_sales,236417
catalog_sales,236418
catalog_sales,236419
catalog_sales,236420
catalog_sales,236421
catalog_sales,236422
catalog_sales,236423
catalog_sales,236424
catalog_sales,236425
catalog_sales,236426
catalog_sales,236427
catalog_sales,236428
catalog_sales,236429
catalog_sales,236430
catalog_sales,236431
catalog_sales,236432
catalog_sales,236433
catalog_sales,236434
catalog_sales,236435
catalog_sales,236436
catalog_sales,236437
catalog_sales,236438
catalog_sales,236439
catalog_sales,236440
catalog_sales,236441
catalog_sales,236442
catalog_sales,236443
catalog_sales,236444
catalog_sales,236445
catalog_sales,236446
catalog_sales,236447
catalog_sales,236448
catalog_sales,236449
catalog_sales,236450
catalog_sales,236451
catalog_sales,236452
catalog_sales,236453
catalog_sales,236454
catalog_sales,236455
catalog_sales,236456
catalog_sales,236457
catalog_sales,236458
catalog_sales,236459
catalog_sales,236460
catalog_sales,236461
catalog_sales,236462
catalog_sales,236463
catalog_sales,236464
catalog_sales,236465
catalog_sales,236466
catalog_sales,236467
catalog_sales,236468
catalog_sales,236469
catalog_sales,236470
catalog_sales,236471
catalog_sales,236472
catalog_sales,236473
catalog_sales,236474
catalog_sales,236475
catalog_sales,236476
catalog_sales,236477
catalog_sales,236478
catalog_sales,236479
catalog_sales,236480
catalog_sales,236481
catalog_sales,236482
catalog_sales,236483
catalog_sales,236484
catalog_sales,236485
catalog_sales,236486
catalog_sales,236487
catalog_sales,236488
catalog_sales,236489
catalog_sales,236490
catalog_sales,236491
catalog_sales,236492
catalog_sales,236493
catalog_sales,236494
catalog_sales,236495
catalog_sales,236496
catalog_sales,236497
catalog_sales,236498
catalog_sales,236499
catalog_sales,236500
catalog_sales,236501
catalog_sales,236502
catalog_sales,236503
catalog_sales,236504
catalog_sales,236505
catalog_sales,236506
catalog_sales,236507
catalog_sales,236508
catalog_sales,236509
catalog_sales,236510
catalog_sales,236511
catalog_sales,236512
catalog_sales,236513
catalog_sales,236514
catalog_sales,236515
catalog_sales,236516
catalog_sales,236517
catalog_sales,236518
catalog_sales,236519
catalog_sales,236520
catalog_sales,236521
catalog_sales,236522
catalog_sales,236523
catalog_sales,236524
catalog_sales,236525
catalog_sales,236526
catalog_sales,236527
catalog_sales,236528
catalog_sales,236529
catalog_sales,236530
catalog_sales,236531
catalog_sales,236532
catalog_sales,236533
catalog_sales,236534
catalog_sales,236535
catalog_sales,236536
catalog_sales,236537
catalog_sales,236538
catalog_sales,236539
catalog_sales,236540
catalog_sales,236541
catalog_sales,236542
catalog_sales,236543
catalog_sales,236544
catalog_sales,236545
catalog_sales,236546
catalog_sales,236547
catalog_sales,236548
catalog_sales,236549
catalog_sales,236550
catalog_sales,236551
catalog_sales,236552
catalog_sales,236553
catalog_sales,236554
catalog_sales,236555
catalog_sales,236556
catalog_sales,236557
catalog_sales,236558
catalog_sales,236559
catalog_sales,236560
catalog_sales,236561
catalog_sales,236562
catalog_sales,236563
catalog_sales,236564
catalog_sales,236565
catalog_sales,236566
catalog_sales,236567
catalog_sales,236568
catalog_sales,236569
catalog_sales,236570
catalog_sales,236571
catalog_sales,236572
catalog_sales,236573
catalog_sales,236574
catalog_sales,236575
catalog_sales,236576
catalog_sales,236577
catalog_sales,236578
catalog_sales,236579
catalog_sales,236580
catalog_sales,236581
catalog_sales,236582
catalog_sales,236583
catalog_sales,236584
catalog_sales,236585
catalog_sales,236586
catalog_sales,236587
catalog_sales,236588
catalog_sales,236589
catalog_sales,236590
catalog_sales,236591
catalog_sales,236592
catalog_sales,236593
catalog_sales,236594
catalog_sales,236595
catalog_sales,236596
catalog_sales,236597
catalog_sales,236598
catalog_sales,236599
catalog_sales,236600
catalog_sales,236601
catalog_sales,236602
catalog_sales,236603
catalog_sales,236604
catalog_sales,236605
catalog_sales,236606
catalog_sales,236607
catalog_sales,236608
catalog_sales,236609
catalog_sales,236610
catalog_sales,236611
catalog_sales,236612
catalog_sales,236613
catalog_sales,236614
catalog_sales,236615
catalog_sales,236616
catalog_sales,236617
catalog_sales,236618
catalog_sales,236619
catalog_sales,236620
catalog_sales,236621
catalog_sales,236622
catalog_sales,236623
catalog_sales,236624
catalog_sales,236625
catalog_sales,236626
catalog_sales,236627
catalog_sales,236628
catalog_sales,236629
catalog_sales,236630
catalog_sales,236631
catalog_sales,236632
catalog_sales,236633
catalog_sales,236634
catalog_sales,236635
catalog_sales,236636
catalog_sales,236637
catalog_sales,236638
catalog_sales,236639
catalog_sales,236640
catalog_sales,236641
catalog_sales,236642
catalog_sales,236643
catalog_sales,236644
catalog_sales,236645
catalog_sales,236646
catalog_sales,236647
catalog_sales,236648
catalog_sales,236649
catalog_sales,236650
catalog_sales,236651
catalog_sales,236652
catalog_sales,236653
catalog_sales,236654
catalog_sales,236655
catalog_sales,236656
catalog_sales,236657
catalog_sales,236658
catalog_sales,236659
catalog_sales,236660
catalog_sales,236661
catalog_sales,236662
catalog_sales,236663
catalog_sales,236664
catalog_sales,236665
catalog_sales,236666
catalog_sales,236667
catalog_sales,236668
catalog_sales,236669
catalog_sales,236670
catalog_sales,236671
catalog_sales,236672
catalog_sales,236673
catalog_sales,236674
catalog_sales,236675
catalog_sales,236676
catalog_sales,236677
catalog_sales,236678
catalog_sales,236679
catalog_sales,236680
catalog_sales,236681
catalog_sales,236682
catalog_sales,236683
catalog_sales,236684
catalog_sales,236685
catalog_sales,236686
catalog_sales,236687
catalog_sales,236688
catalog_sales,236689
catalog_sales,236690
catalog_sales,236691
catalog_sales,236692
catalog_sales,236693
catalog_sales,236694
catalog_sales,236695
catalog_sales,236696
catalog_sales,236697
catalog_sales,236698
catalog_sales,236699
catalog_sales,236700
catalog_sales,236701
catalog_sales,236702
catalog_sales,236703
catalog_sales,236704
catalog_sales,236705
catalog_sales,236706
catalog_sales,236707
catalog_sales,236708
catalog_sales,236709
catalog_sales,236710
catalog_sales,236711
catalog_sales,236712
catalog_sales,236713
catalog_sales,236714
catalog_sales,236715
catalog_sales,236716
catalog_sales,236717
catalog_sales,236718
catalog_sales,236719
catalog_sales,236720
catalog_sales,236721
catalog_sales,236722
catalog_sales,236723
catalog_sales,236724
catalog_sales,236725
catalog_sales,236726
catalog_sales,236727
catalog_sales,236728
catalog_sales,236729
catalog_sales,236730
catalog_sales,236731
catalog_sales,236732
catalog_sales,236733
catalog_sales,236734
catalog_sales,236735
catalog_sales,236736
catalog_sales,236737
catalog_sales,236738
catalog_sales,236739
catalog_sales,236740
catalog_sales,236741
catalog_sales,236742
catalog_sales,236743
catalog_sales,236744
catalog_sales,236745
catalog_sales,236746
catalog_sales,236747
catalog_sales,236748
catalog_sales,236749
catalog_sales,236750
catalog_sales,236751
catalog_sales,236752
catalog_sales,236753
catalog_sales,236754
catalog_sales,236755
catalog_sales,236756
catalog_sales,236757
catalog_sales,236758
catalog_sales,236759
catalog_sales,236760
catalog_sales,236761
catalog_sales,236762
catalog_sales,236763
catalog_sales,236764
catalog_sales,236765
catalog_sales,236766
catalog_sales,236767
catalog_sales,236768
catalog_sales,236769
catalog_sales,236770
catalog_sales,236771
catalog_sales,236772
catalog_sales,236773
catalog_sales,236774
catalog_sales,236775
catalog_sales,236776
catalog_sales,236777
catalog_sales,236778
catalog_sales,236779
catalog_sales,236780
catalog_sales,236781
catalog_sales,236782
catalog_sales,236783
catalog_sales,236784
catalog_sales,236785
catalog_sales,236786
catalog_sales,236787
catalog_sales,236788
catalog_sales,236789
catalog_sales,236790
catalog_sales,236791
catalog_sales,236792
catalog_sales,236793
catalog_sales,236794
catalog_sales,236795
catalog_sales,236796
catalog_sales,236797
catalog_sales,236798
catalog_sales,236799
catalog_sales,236800
catalog_sales,236801
catalog_sales,236802
catalog_sales,236803
catalog_sales,236804
catalog_sales,236805
catalog_sales,236806
catalog_sales,236807
catalog_sales,236808
catalog_sales,236809
catalog_sales,236810
catalog_sales,236811
catalog_sales,236812
catalog_sales,236813
catalog_sales,236814
catalog_sales,236815
catalog_sales,236816
catalog_sales,236817
catalog_sales,236818
catalog_sales,236819
catalog_sales,236820
catalog_sales,236821
catalog_sales,236822
catalog_sales,236823
catalog_sales,236824
catalog_sales,236825
catalog_sales,236826
catalog_sales,236827
catalog_sales,236828
catalog_sales,236829
catalog_sales,236830
catalog_sales,236831
catalog_sales,236832
catalog_sales,236833
catalog_sales,236834
catalog_sales,236835
catalog_sales,236836
catalog_sales,236837
catalog_sales,236838
catalog_sales,236839
catalog_sales,236840
catalog_sales,236841
catalog_sales,236842
catalog_sales,236843
catalog_sales,236844
catalog_sales,236845
catalog_sales,236846
catalog_sales,236847
catalog_sales,236848
catalog_sales,236849
catalog_sales,236850
catalog_sales,236851
catalog_sales,236852
catalog_sales,236853
catalog_sales,236854
catalog_sales,236855
catalog_sales,236856
catalog_sales,236857
catalog_sales,236858
catalog_sales,236859
catalog_sales,236860
catalog_sales,236861
catalog_sales,236862
catalog_sales,236863
catalog_sales,236864
catalog_sales,236865
catalog_sales,236866
catalog_sales,236867
catalog_sales,236868
catalog_sales,236869
catalog_sales,236870
catalog_sales,236871
catalog_sales,236872
catalog_sales,236873
catalog_sales,236874
catalog_sales,236875
catalog_sales,236876
catalog_sales,236877
catalog_sales,236878
catalog_sales,236879
catalog_sales,236880
catalog_sales,236881
catalog_sales,236882
catalog_sales,236883
catalog_sales,236884
catalog_sales,236885
catalog_sales,236886
catalog_sales,236887
catalog_sales,236888
catalog_sales,236889
catalog_sales,236890
catalog_sales,236891
catalog_sales,236892
catalog_sales,236893
catalog_sales,236894
catalog_sales,236895
catalog_sales,236896
catalog_sales,236897
catalog_sales,236898
catalog_sales,236899
catalog_sales,236900
catalog_sales,236901
catalog_sales,236902
catalog_sales,236903
catalog_sales,236904
catalog_sales,236905
catalog_sales,236906
catalog_sales,236907
catalog_sales,236908
catalog_sales,236909
catalog_sales,236910
catalog_sales,236911
catalog_sales,236912
catalog_sales,236913
catalog_sales,236914
catalog_sales,236915
catalog_sales,236916
catalog_sales,236917
catalog_sales,236918
catalog_sales,236919
catalog_sales,236920
catalog_sales,236921
catalog_sales,236922
catalog_sales,236923
catalog_sales,236924
catalog_sales,236925
catalog_sales,236926
catalog_sales,236927
catalog_sales,236928
catalog_sales,236929
catalog_sales,236930
catalog_sales,236931
catalog_sales,236932
catalog_sales,236933
catalog_sales,236934
catalog_sales,236935
catalog_sales,236936
catalog_sales,236937
catalog_sales,236938
catalog_sales,236939
catalog_sales,236940
catalog_sales,236941
catalog_sales,236942
catalog_sales,236943
catalog_sales,236944
catalog_sales,236945
catalog_sales,236946
catalog_sales,236947
catalog_sales,236948
catalog_sales,236949
catalog_sales,236950
catalog_sales,236951
catalog_sales,236952
catalog_sales,236953
catalog_sales,236954
catalog_sales,236955
catalog_sales,236956
catalog_sales,236957
catalog_sales,236958
catalog_sales,236959
catalog_sales,236960
catalog_sales,236961
catalog_sales,236962
catalog_sales,236963
catalog_sales,236964
catalog_sales,236965
catalog_sales,236966
catalog_sales,236967
catalog_sales,236968
catalog_sales,236969
catalog_sales,236970
catalog_sales,236971
catalog_sales,236972
catalog_sales,236973
catalog_sales,236974
catalog_sales,236975
catalog_sales,236976
catalog_sales,236977
catalog_sales,236978
catalog_sales,236979
catalog_sales,236980
catalog_sales,236981
catalog_sales,236982
catalog_sales,236983
catalog_sales,236984
catalog_sales,236985
catalog_sales,236986
catalog_sales,236987
catalog_sales,236988
catalog_sales,236989
catalog_sales,236990
catalog_sales,236991
catalog_sales,236992
catalog_sales,236993
catalog_sales,236994
catalog_sales,236995
catalog_sales,236996
catalog_sales,236997
catalog_sales,236998
catalog_sales,236999
catalog_sales,237000
catalog_sales,237001
catalog_sales,237002
catalog_sales,237003
catalog_sales,237004
catalog_sales,237005
catalog_sales,237006
catalog_sales,237007
catalog_sales,237008
catalog_sales,237009
catalog_sales,237010
catalog_sales,237011
catalog_sales,237012
catalog_sales,237013
catalog_sales,237014
catalog_sales,237015
catalog_sales,237016
catalog_sales,237017
catalog_sales,237018
catalog_sales,237019
catalog_sales,237020
catalog_sales,237021
catalog_sales,237022
catalog_sales,237023
catalog_sales,237024
catalog_sales,237025
catalog_sales,237026
catalog_sales,237027
catalog_sales,237028
catalog_sales,237029
catalog_sales,237030
catalog_sales,237031
catalog_sales,237032
catalog_sales,237033
catalog_sales,237034
catalog_sales,237035
catalog_sales,237036
catalog_sales,237037
catalog_sales,237038
catalog_sales,237039
catalog_sales,237040
catalog_sales,237041
catalog_sales,237042
catalog_sales,237043
catalog_sales,237044
catalog_sales,237045
catalog_sales,237046
catalog_sales,237047
catalog_sales,237048
catalog_sales,237049
catalog_sales,237050
catalog_sales,237051
catalog_sales,237052
catalog_sales,237053
catalog_sales,237054
catalog_sales,237055
catalog_sales,237056
catalog_sales,237057
catalog_sales,237058
catalog_sales,237059
catalog_sales,237060
catalog_sales,237061
catalog_sales,237062
catalog_sales,237063
catalog_sales,237064
catalog_sales,237065
catalog_sales,237066
catalog_sales,237067
catalog_sales,237068
catalog_sales,237069
catalog_sales,237070
catalog_sales,237071
catalog_sales,237072
catalog_sales,237073
catalog_sales,237074
catalog_sales,237075
catalog_sales,237076
catalog_sales,237077
catalog_sales,237078
catalog_sales,237079
catalog_sales,237080
catalog_sales,237081
catalog_sales,237082
catalog_sales,237083
catalog_sales,237084
catalog_sales,237085
catalog_sales,237086
catalog_sales,237087
catalog_sales,237088
catalog_sales,237089
catalog_sales,237090
catalog_sales,237091
catalog_sales,237092
catalog_sales,237093
catalog_sales,237094
catalog_sales,237095
catalog_sales,237096
catalog_sales,237097
catalog_sales,237098
catalog_sales,237099
catalog_sales,237100
catalog_sales,237101
catalog_sales,237102
catalog_sales,237103
catalog_sales,237104
catalog_sales,237105
catalog_sales,237106
catalog_sales,237107
catalog_sales,237108
catalog_sales,237109
catalog_sales,237110
catalog_sales,237111
catalog_sales,237112
catalog_sales,237113
catalog_sales,237114
catalog_sales,237115
catalog_sales,237116
catalog_sales,237117
catalog_sales,237118
catalog_sales,237119
catalog_sales,237120
catalog_sales,237121
catalog_sales,237122
catalog_sales,237123
catalog_sales,237124
catalog_sales,237125
catalog_sales,237126
catalog_sales,237127
catalog_sales,237128
catalog_sales,237129
catalog_sales,237130
catalog_sales,237131
catalog_sales,237132
catalog_sales,237133
catalog_sales,237134
catalog_sales,237135
catalog_sales,237136
catalog_sales,237137
catalog_sales,237138
catalog_sales,237139
catalog_sales,237140
catalog_sales,237141
catalog_sales,237142
catalog_sales,237143
catalog_sales,237144
catalog_sales,237145
catalog_sales,237146
catalog_sales,237147
catalog_sales,237148
catalog_sales,237149
catalog_sales,237150
catalog_sales,237151
catalog_sales,237152
catalog_sales,237153
catalog_sales,237154
catalog_sales,237155
catalog_sales,237156
catalog_sales,237157
catalog_sales,237158
catalog_sales,237159
catalog_sales,237160
catalog_sales,237161
catalog_sales,237162
catalog_sales,237163
catalog_sales,237164
catalog_sales,237165
catalog_sales,237166
catalog_sales,237167
catalog_sales,237168
catalog_sales,237169
catalog_sales,237170
catalog_sales,237171
catalog_sales,237172
catalog_sales,237173
catalog_sales,237174
catalog_sales,237175
catalog_sales,237176
catalog_sales,237177
catalog_sales,237178
catalog_sales,237179
catalog_sales,237180
catalog_sales,237181
catalog_sales,237182
catalog_sales,237183
catalog_sales,237184
catalog_sales,237185
catalog_sales,237186
catalog_sales,237187
catalog_sales,237188
catalog_sales,237189
catalog_sales,237190
catalog_sales,237191
catalog_sales,237192
catalog_sales,237193
catalog_sales,237194
catalog_sales,237195
catalog_sales,237196
catalog_sales,237197
catalog_sales,237198
catalog_sales,237199
catalog_sales,237200
catalog_sales,237201
catalog_sales,237202
catalog_sales,237203
catalog_sales,237204
catalog_sales,237205
catalog_sales,237206
catalog_sales,237207
catalog_sales,237208
catalog_sales,237209
catalog_sales,237210
catalog_sales,237211
catalog_sales,237212
catalog_sales,237213
catalog_sales,237214
catalog_sales,237215
catalog_sales,237216
catalog_sales,237217
catalog_sales,237218
catalog_sales,237219
catalog_sales,237220
catalog_sales,237221
catalog_sales,237222
catalog_sales,237223
catalog_sales,237224
catalog_sales,237225
catalog_sales,237226
catalog_sales,237227
catalog_sales,237228
catalog_sales,237229
catalog_sales,237230
catalog_sales,237231
catalog_sales,237232
catalog_sales,237233
catalog_sales,237234
catalog_sales,237235
catalog_sales,237236
catalog_sales,237237
catalog_sales,237238
catalog_sales,237239
catalog_sales,237240
catalog_sales,237241
catalog_sales,237242
catalog_sales,237243
catalog_sales,237244
catalog_sales,237245
catalog_sales,237246
catalog_sales,237247
catalog_sales,237248
catalog_sales,237249
catalog_sales,237250
catalog_sales,237251
catalog_sales,237252
catalog_sales,237253
catalog_sales,237254
catalog_sales,237255
catalog_sales,237256
catalog_sales,237257
catalog_sales,237258
catalog_sales,237259
catalog_sales,237260
catalog_sales,237261
catalog_sales,237262
catalog_sales,237263
catalog_sales,237264
catalog_sales,237265
catalog_sales,237266
catalog_sales,237267
catalog_sales,237268
catalog_sales,237269
catalog_sales,237270
catalog_sales,237271
catalog_sales,237272
catalog_sales,237273
catalog_sales,237274
catalog_sales,237275
catalog_sales,237276
catalog_sales,237277
catalog_sales,237278
catalog_sales,237279
catalog_sales,237280
catalog_sales,237281
catalog_sales,237282
catalog_sales,237283
catalog_sales,237284
catalog_sales,237285
catalog_sales,237286
catalog_sales,237287
catalog_sales,237288
catalog_sales,237289
catalog_sales,237290
catalog_sales,237291
catalog_sales,237292
catalog_sales,237293
catalog_sales,237294
catalog_sales,237295
catalog_sales,237296
catalog_sales,237297
catalog_sales,237298
catalog_sales,237299
catalog_sales,237300
catalog_sales,237301
catalog_sales,237302
catalog_sales,237303
catalog_sales,237304
catalog_sales,237305
catalog_sales,237306
catalog_sales,237307
catalog_sales,237308
catalog_sales,237309
catalog_sales,237310
catalog_sales,237311
catalog_sales,237312
catalog_sales,237313
catalog_sales,237314
catalog_sales,237315
catalog_sales,237316
catalog_sales,237317
catalog_sales,237318
catalog_sales,237319
catalog_sales,237320
catalog_sales,237321
catalog_sales,237322
catalog_sales,237323
catalog_sales,237324
catalog_sales,237325
catalog_sales,237326
catalog_sales,237327
catalog_sales,237328
catalog_sales,237329
catalog_sales,237330
catalog_sales,237331
catalog_sales,237332
catalog_sales,237333
catalog_sales,237334
catalog_sales,237335
catalog_sales,237336
catalog_sales,237337
catalog_sales,237338
catalog_sales,237339
catalog_sales,237340
catalog_sales,237341
catalog_sales,237342
catalog_sales,237343
catalog_sales,237344
catalog_sales,237345
catalog_sales,237346
catalog_sales,237347
catalog_sales,237348
catalog_sales,237349
catalog_sales,237350
catalog_sales,237351
catalog_sales,237352
catalog_sales,237353
catalog_sales,237354
catalog_sales,237355
catalog_sales,237356
catalog_sales,237357
catalog_sales,237358
catalog_sales,237359
catalog_sales,237360
catalog_sales,237361
catalog_sales,237362
catalog_sales,237363
catalog_sales,237364
catalog_sales,237365
catalog_sales,237366
catalog_sales,237367
catalog_sales,237368
catalog_sales,237369
catalog_sales,237370
catalog_sales,237371
catalog_sales,237372
catalog_sales,237373
catalog_sales,237374
catalog_sales,237375
catalog_sales,237376
catalog_sales,237377
catalog_sales,237378
catalog_sales,237379
catalog_sales,237380
catalog_sales,237381
catalog_sales,237382
catalog_sales,237383
catalog_sales,237384
catalog_sales,237385
catalog_sales,237386
catalog_sales,237387
catalog_sales,237388
catalog_sales,237389
catalog_sales,237390
catalog_sales,237391
catalog_sales,237392
catalog_sales,237393
catalog_sales,237394
catalog_sales,237395
catalog_sales,237396
catalog_sales,237397
catalog_sales,237398
catalog_sales,237399
catalog_sales,237400
catalog_sales,237401
catalog_sales,237402
catalog_sales,237403
catalog_sales,237404
catalog_sales,237405
catalog_sales,237406
catalog_sales,237407
catalog_sales,237408
catalog_sales,237409
catalog_sales,237410
catalog_sales,237411
catalog_sales,237412
catalog_sales,237413
catalog_sales,237414
catalog_sales,237415
catalog_sales,237416
catalog_sales,237417
catalog_sales,237418
catalog_sales,237419
catalog_sales,237420
catalog_sales,237421
catalog_sales,237422
catalog_sales,237423
catalog_sales,237424
catalog_sales,237425
catalog_sales,237426
catalog_sales,237427
catalog_sales,237428
catalog_sales,237429
catalog_sales,237430
catalog_sales,237431
catalog_sales,237432
catalog_sales,237433
catalog_sales,237434
catalog_sales,237435
catalog_sales,237436
catalog_sales,237437
catalog_sales,237438
catalog_sales,237439
catalog_sales,237440
catalog_sales,237441
catalog_sales,237442
catalog_sales,237443
catalog_sales,237444
catalog_sales,237445
catalog_sales,237446
catalog_sales,237447
catalog_sales,237448
catalog_sales,237449
catalog_sales,237450
catalog_sales,237451
catalog_sales,237452
catalog_sales,237453
catalog_sales,237454
catalog_sales,237455
catalog_sales,237456
catalog_sales,237457
catalog_sales,237458
catalog_sales,237459
catalog_sales,237460
catalog_sales,237461
catalog_sales,237462
catalog_sales,237463
catalog_sales,237464
catalog_sales,237465
catalog_sales,237466
catalog_sales,237467
catalog_sales,237468
catalog_sales,237469
catalog_sales,237470
catalog_sales,237471
catalog_sales,237472
catalog_sales,237473
catalog_sales,237474
catalog_sales,237475
catalog_sales,237476
catalog_sales,237477
catalog_sales,237478
catalog_sales,237479
catalog_sales,237480
catalog_sales,237481
catalog_sales,237482
catalog_sales,237483
catalog_sales,237484
catalog_sales,237485
catalog_sales,237486
catalog_sales,237487
catalog_sales,237488
catalog_sales,237489
catalog_sales,237490
catalog_sales,237491
catalog_sales,237492
catalog_sales,237493
catalog_sales,237494
catalog_sales,237495
catalog_sales,237496
catalog_sales,237497
catalog_sales,237498
catalog_sales,237499
catalog_sales,237500
catalog_sales,237501
catalog_sales,237502
catalog_sales,237503
catalog_sales,237504
catalog_sales,237505
catalog_sales,237506
catalog_sales,237507
catalog_sales,237508
catalog_sales,237509
catalog_sales,237510
catalog_sales,237511
catalog_sales,237512
catalog_sales,237513
catalog_sales,237514
catalog_sales,237515
catalog_sales,237516
catalog_sales,237517
catalog_sales,237518
catalog_sales,237519
catalog_sales,237520
catalog_sales,237521
catalog_sales,237522
catalog_sales,237523
catalog_sales,237524
catalog_sales,237525
catalog_sales,237526
catalog_sales,237527
catalog_sales,237528
catalog_sales,237529
catalog_sales,237530
catalog_sales,237531
catalog_sales,237532
catalog_sales,237533
catalog_sales,237534
catalog_sales,237535
catalog_sales,237536
catalog_sales,237537
catalog_sales,237538
catalog_sales,237539
catalog_sales,237540
catalog_sales,237541
catalog_sales,237542
catalog_sales,237543
catalog_sales,237544
catalog_sales,237545
catalog_sales,237546
catalog_sales,237547
catalog_sales,237548
catalog_sales,237549
catalog_sales,237550
catalog_sales,237551
catalog_sales,237552
catalog_sales,237553
catalog_sales,237554
catalog_sales,237555
catalog_sales,237556
catalog_sales,237557
catalog_sales,237558
catalog_sales,237559
catalog_sales,237560
catalog_sales,237561
catalog_sales,237562
catalog_sales,237563
catalog_sales,237564
catalog_sales,237565
catalog_sales,237566
catalog_sales,237567
catalog_sales,237568
catalog_sales,237569
catalog_sales,237570
catalog_sales,237571
catalog_sales,237572
catalog_sales,237573
catalog_sales,237574
catalog_sales,237575
catalog_sales,237576
catalog_sales,237577
catalog_sales,237578
catalog_sales,237579
catalog_sales,237580
catalog_sales,237581
catalog_sales,237582
catalog_sales,237583
catalog_sales,237584
catalog_sales,237585
catalog_sales,237586
catalog_sales,237587
catalog_sales,237588
catalog_sales,237589
catalog_sales,237590
catalog_sales,237591
catalog_sales,237592
catalog_sales,237593
catalog_sales,237594
catalog_sales,237595
catalog_sales,237596
catalog_sales,237597
catalog_sales,237598
catalog_sales,237599
catalog_sales,237600
catalog_sales,237601
catalog_sales,237602
catalog_sales,237603
catalog_sales,237604
catalog_sales,237605
catalog_sales,237606
catalog_sales,237607
catalog_sales,237608
catalog_sales,237609
catalog_sales,237610
catalog_sales,237611
catalog_sales,237612
catalog_sales,237613
catalog_sales,237614
catalog_sales,237615
catalog_sales,237616
catalog_sales,237617
catalog_sales,237618
catalog_sales,237619
catalog_sales,237620
catalog_sales,237621
catalog_sales,237622
catalog_sales,237623
catalog_sales,237624
catalog_sales,237625
catalog_sales,237626
catalog_sales,237627
catalog_sales,237628
catalog_sales,237629
catalog_sales,237630
catalog_sales,237631
catalog_sales,237632
catalog_sales,237633
catalog_sales,237634
catalog_sales,237635
catalog_sales,237636
catalog_sales,237637
catalog_sales,237638
catalog_sales,237639
catalog_sales,237640
catalog_sales,237641
catalog_sales,237642
catalog_sales,237643
catalog_sales,237644
catalog_sales,237645
catalog_sales,237646
catalog_sales,237647
catalog_sales,237648
catalog_sales,237649
catalog_sales,237650
catalog_sales,237651
catalog_sales,237652
catalog_sales,237653
catalog_sales,237654
catalog_sales,237655
catalog_sales,237656
catalog_sales,237657
catalog_sales,237658
catalog_sales,237659
catalog_sales,237660
catalog_sales,237661
catalog_sales,237662
catalog_sales,237663
catalog_sales,237664
catalog_sales,237665
catalog_sales,237666
catalog_sales,237667
catalog_sales,237668
catalog_sales,237669
catalog_sales,237670
catalog_sales,237671
catalog_sales,237672
catalog_sales,237673
catalog_sales,237674
catalog_sales,237675
catalog_sales,237676
catalog_sales,237677
catalog_sales,237678
catalog_sales,237679
catalog_sales,237680
catalog_sales,237681
catalog_sales,237682
catalog_sales,237683
catalog_sales,237684
catalog_sales,237685
catalog_sales,237686
catalog_sales,237687
catalog_sales,237688
catalog_sales,237689
catalog_sales,237690
catalog_sales,237691
catalog_sales,237692
catalog_sales,237693
catalog_sales,237694
catalog_sales,237695
catalog_sales,237696
catalog_sales,237697
catalog_sales,237698
catalog_sales,237699
catalog_sales,237700
catalog_sales,237701
catalog_sales,237702
catalog_sales,237703
catalog_sales,237704
catalog_sales,237705
catalog_sales,237706
catalog_sales,237707
catalog_sales,237708
catalog_sales,237709
catalog_sales,237710
catalog_sales,237711
catalog_sales,237712
catalog_sales,237713
catalog_sales,237714
catalog_sales,237715
catalog_sales,237716
catalog_sales,237717
catalog_sales,237718
catalog_sales,237719
catalog_sales,237720
catalog_sales,237721
catalog_sales,237722
catalog_sales,237723
catalog_sales,237724
catalog_sales,237725
catalog_sales,237726
catalog_sales,237727
catalog_sales,237728
catalog_sales,237729
catalog_sales,237730
catalog_sales,237731
catalog_sales,237732
catalog_sales,237733
catalog_sales,237734
catalog_sales,237735
catalog_sales,237736
catalog_sales,237737
catalog_sales,237738
catalog_sales,237739
catalog_sales,237740
catalog_sales,237741
catalog_sales,237742
catalog_sales,237743
catalog_sales,237744
catalog_sales,237745
catalog_sales,237746
catalog_sales,237747
catalog_sales,237748
catalog_sales,237749
catalog_sales,237750
catalog_sales,237751
catalog_sales,237752
catalog_sales,237753
catalog_sales,237754
catalog_sales,237755
catalog_sales,237756
catalog_sales,237757
catalog_sales,237758
catalog_sales,237759
catalog_sales,237760
catalog_sales,237761
catalog_sales,237762
catalog_sales,237763
catalog_sales,237764
catalog_sales,237765
catalog_sales,237766
catalog_sales,237767
catalog_sales,237768
catalog_sales,237769
catalog_sales,237770
catalog_sales,237771
catalog_sales,237772
catalog_sales,237773
catalog_sales,237774
catalog_sales,237775
catalog_sales,237776
catalog_sales,237777
catalog_sales,237778
catalog_sales,237779
catalog_sales,237780
catalog_sales,237781
catalog_sales,237782
catalog_sales,237783
catalog_sales,237784
catalog_sales,237785
catalog_sales,237786
catalog_sales,237787
catalog_sales,237788
catalog_sales,237789
catalog_sales,237790
catalog_sales,237791
catalog_sales,237792
catalog_sales,237793
catalog_sales,237794
catalog_sales,237795
catalog_sales,237796
catalog_sales,237797
catalog_sales,237798
catalog_sales,237799
catalog_sales,237800
catalog_sales,237801
catalog_sales,237802
catalog_sales,237803
catalog_sales,237804
catalog_sales,237805
catalog_sales,237806
catalog_sales,237807
catalog_sales,237808
catalog_sales,237809
catalog_sales,237810
catalog_sales,237811
catalog_sales,237812
catalog_sales,237813
catalog_sales,237814
catalog_sales,237815
catalog_sales,237816
catalog_sales,237817
catalog_sales,237818
catalog_sales,237819
catalog_sales,237820
catalog_sales,237821
catalog_sales,237822
catalog_sales,237823
catalog_sales,237824
catalog_sales,237825
catalog_sales,237826
catalog_sales,237827
catalog_sales,237828
catalog_sales,237829
catalog_sales,237830
catalog_sales,237831
catalog_sales,237832
catalog_sales,237833
catalog_sales,237834
catalog_sales,237835
catalog_sales,237836
catalog_sales,237837
catalog_sales,237838
catalog_sales,237839
catalog_sales,237840
catalog_sales,237841
catalog_sales,237842
catalog_sales,237843
catalog_sales,237844
catalog_sales,237845
catalog_sales,237846
catalog_sales,237847
catalog_sales,237848
catalog_sales,237849
catalog_sales,237850
catalog_sales,237851
catalog_sales,237852
catalog_sales,237853
catalog_sales,237854
catalog_sales,237855
catalog_sales,237856
catalog_sales,237857
catalog_sales,237858
catalog_sales,237859
catalog_sales,237860
catalog_sales,237861
catalog_sales,237862
catalog_sales,237863
catalog_sales,237864
catalog_sales,237865
catalog_sales,237866
catalog_sales,237867
catalog_sales,237868
catalog_sales,237869
catalog_sales,237870
catalog_sales,237871
catalog_sales,237872
catalog_sales,237873
catalog_sales,237874
catalog_sales,237875
catalog_sales,237876
catalog_sales,237877
catalog_sales,237878
catalog_sales,237879
catalog_sales,237880
catalog_sales,237881
catalog_sales,237882
catalog_sales,237883
catalog_sales,237884
catalog_sales,237885
catalog_sales,237886
catalog_sales,237887
catalog_sales,237888
catalog_sales,237889
catalog_sales,237890
catalog_sales,237891
catalog_sales,237892
catalog_sales,237893
catalog_sales,237894
catalog_sales,237895
catalog_sales,237896
catalog_sales,237897
catalog_sales,237898
catalog_sales,237899
catalog_sales,237900
catalog_sales,237901
catalog_sales,237902
catalog_sales,237903
catalog_sales,237904
catalog_sales,237905
catalog_sales,237906
catalog_sales,237907
catalog_sales,237908
catalog_sales,237909
catalog_sales,237910
catalog_sales,237911
catalog_sales,237912
catalog_sales,237913
catalog_sales,237914
catalog_sales,237915
catalog_sales,237916
catalog_sales,237917
catalog_sales,237918
catalog_sales,237919
catalog_sales,237920
catalog_sales,237921
catalog_sales,237922
catalog_sales,237923
catalog_sales,237924
catalog_sales,237925
catalog_sales,237926
catalog_sales,237927
catalog_sales,237928
catalog_sales,237929
catalog_sales,237930
catalog_sales,237931
catalog_sales,237932
catalog_sales,237933
catalog_sales,237934
catalog_sales,237935
catalog_sales,237936
catalog_sales,237937
catalog_sales,237938
catalog_sales,237939
catalog_sales,237940
catalog_sales,237941
catalog_sales,237942
catalog_sales,237943
catalog_sales,237944
catalog_sales,237945
catalog_sales,237946
catalog_sales,237947
catalog_sales,237948
catalog_sales,237949
catalog_sales,237950
catalog_sales,237951
catalog_sales,237952
catalog_sales,237953
catalog_sales,237954
catalog_sales,237955
catalog_sales,237956
catalog_sales,237957
catalog_sales,237958
catalog_sales,237959
catalog_sales,237960
catalog_sales,237961
catalog_sales,237962
catalog_sales,237963
catalog_sales,237964
catalog_sales,237965
catalog_sales,237966
catalog_sales,237967
catalog_sales,237968
catalog_sales,237969
catalog_sales,237970
catalog_sales,237971
catalog_sales,237972
catalog_sales,237973
catalog_sales,237974
catalog_sales,237975
catalog_sales,237976
catalog_sales,237977
catalog_sales,237978
catalog_sales,237979
catalog_sales,237980
catalog_sales,237981
catalog_sales,237982
catalog_sales,237983
catalog_sales,237984
catalog_sales,237985
catalog_sales,237986
catalog_sales,237987
catalog_sales,237988
catalog_sales,237989
catalog_sales,237990
catalog_sales,237991
catalog_sales,237992
catalog_sales,237993
catalog_sales,237994
catalog_sales,237995
catalog_sales,237996
catalog_sales,237997
catalog_sales,237998
catalog_sales,237999
catalog_sales,238000
catalog_sales,238001
catalog_sales,238002
catalog_sales,238003
catalog_sales,238004
catalog_sales,238005
catalog_sales,238006
catalog_sales,238007
catalog_sales,238008
catalog_sales,238009
catalog_sales,238010
catalog_sales,238011
catalog_sales,238012
catalog_sales,238013
catalog_sales,238014
catalog_sales,238015
catalog_sales,238016
catalog_sales,238017
catalog_sales,238018
catalog_sales,238019
catalog_sales,238020
catalog_sales,238021
catalog_sales,238022
catalog_sales,238023
catalog_sales,238024
catalog_sales,238025
catalog_sales,238026
catalog_sales,238027
catalog_sales,238028
catalog_sales,238029
catalog_sales,238030
catalog_sales,238031
catalog_sales,238032
catalog_sales,238033
catalog_sales,238034
catalog_sales,238035
catalog_sales,238036
catalog_sales,238037
catalog_sales,238038
catalog_sales,238039
catalog_sales,238040
catalog_sales,238041
catalog_sales,238042
catalog_sales,238043
catalog_sales,238044
catalog_sales,238045
catalog_sales,238046
catalog_sales,238047
catalog_sales,238048
catalog_sales,238049
catalog_sales,238050
catalog_sales,238051
catalog_sales,238052
catalog_sales,238053
catalog_sales,238054
catalog_sales,238055
catalog_sales,238056
catalog_sales,238057
catalog_sales,238058
catalog_sales,238059
catalog_sales,238060
catalog_sales,238061
catalog_sales,238062
catalog_sales,238063
catalog_sales,238064
catalog_sales,238065
catalog_sales,238066
catalog_sales,238067
catalog_sales,238068
catalog_sales,238069
catalog_sales,238070
catalog_sales,238071
catalog_sales,238072
catalog_sales,238073
catalog_sales,238074
catalog_sales,238075
catalog_sales,238076
catalog_sales,238077
catalog_sales,238078
catalog_sales,238079
catalog_sales,238080
catalog_sales,238081
catalog_sales,238082
catalog_sales,238083
catalog_sales,238084
catalog_sales,238085
catalog_sales,238086
catalog_sales,238087
catalog_sales,238088
catalog_sales,238089
catalog_sales,238090
catalog_sales,238091
catalog_sales,238092
catalog_sales,238093
catalog_sales,238094
catalog_sales,238095
catalog_sales,238096
catalog_sales,238097
catalog_sales,238098
catalog_sales,238099
catalog_sales,238100
catalog_sales,238101
catalog_sales,238102
catalog_sales,238103
catalog_sales,238104
catalog_sales,238105
catalog_sales,238106
catalog_sales,238107
catalog_sales,238108
catalog_sales,238109
catalog_sales,238110
catalog_sales,238111
catalog_sales,238112
catalog_sales,238113
catalog_sales,238114
catalog_sales,238115
catalog_sales,238116
catalog_sales,238117
catalog_sales,238118
catalog_sales,238119
catalog_sales,238120
catalog_sales,238121
catalog_sales,238122
catalog_sales,238123
catalog_sales,238124
catalog_sales,238125
catalog_sales,238126
catalog_sales,238127
catalog_sales,238128
catalog_sales,238129
catalog_sales,238130
catalog_sales,238131
catalog_sales,238132
catalog_sales,238133
catalog_sales,238134
catalog_sales,238135
catalog_sales,238136
catalog_sales,238137
catalog_sales,238138
catalog_sales,238139
catalog_sales,238140
catalog_sales,238141
catalog_sales,238142
catalog_sales,238143
catalog_sales,238144
catalog_sales,238145
catalog_sales,238146
catalog_sales,238147
catalog_sales,238148
catalog_sales,238149
catalog_sales,238150
catalog_sales,238151
catalog_sales,238152
catalog_sales,238153
catalog_sales,238154
catalog_sales,238155
catalog_sales,238156
catalog_sales,238157
catalog_sales,238158
catalog_sales,238159
catalog_sales,238160
catalog_sales,238161
catalog_sales,238162
catalog_sales,238163
catalog_sales,238164
catalog_sales,238165
catalog_sales,238166
catalog_sales,238167
catalog_sales,238168
catalog_sales,238169
catalog_sales,238170
catalog_sales,238171
catalog_sales,238172
catalog_sales,238173
catalog_sales,238174
catalog_sales,238175
catalog_sales,238176
catalog_sales,238177
catalog_sales,238178
catalog_sales,238179
catalog_sales,238180
catalog_sales,238181
catalog_sales,238182
catalog_sales,238183
catalog_sales,238184
catalog_sales,238185
catalog_sales,238186
catalog_sales,238187
catalog_sales,238188
catalog_sales,238189
catalog_sales,238190
catalog_sales,238191
catalog_sales,238192
catalog_sales,238193
catalog_sales,238194
catalog_sales,238195
catalog_sales,238196
catalog_sales,238197
catalog_sales,238198
catalog_sales,238199
catalog_sales,238200
catalog_sales,238201
catalog_sales,238202
catalog_sales,238203
catalog_sales,238204
catalog_sales,238205
catalog_sales,238206
catalog_sales,238207
catalog_sales,238208
catalog_sales,238209
catalog_sales,238210
catalog_sales,238211
catalog_sales,238212
catalog_sales,238213
catalog_sales,238214
catalog_sales,238215
catalog_sales,238216
catalog_sales,238217
catalog_sales,238218
catalog_sales,238219
catalog_sales,238220
catalog_sales,238221
catalog_sales,238222
catalog_sales,238223
catalog_sales,238224
catalog_sales,238225
catalog_sales,238226
catalog_sales,238227
catalog_sales,238228
catalog_sales,238229
catalog_sales,238230
catalog_sales,238231
catalog_sales,238232
catalog_sales,238233
catalog_sales,238234
catalog_sales,238235
catalog_sales,238236
catalog_sales,238237
catalog_sales,238238
catalog_sales,238239
catalog_sales,238240
catalog_sales,238241
catalog_sales,238242
catalog_sales,238243
catalog_sales,238244
catalog_sales,238245
catalog_sales,238246
catalog_sales,238247
catalog_sales,238248
catalog_sales,238249
catalog_sales,238250
catalog_sales,238251
catalog_sales,238252
catalog_sales,238253
catalog_sales,238254
catalog_sales,238255
catalog_sales,238256
catalog_sales,238257
catalog_sales,238258
catalog_sales,238259
catalog_sales,238260
catalog_sales,238261
catalog_sales,238262
catalog_sales,238263
catalog_sales,238264
catalog_sales,238265
catalog_sales,238266
catalog_sales,238267
catalog_sales,238268
catalog_sales,238269
catalog_sales,238270
catalog_sales,238271
catalog_sales,238272
catalog_sales,238273
catalog_sales,238274
catalog_sales,238275
catalog_sales,238276
catalog_sales,238277
catalog_sales,238278
catalog_sales,238279
catalog_sales,238280
catalog_sales,238281
catalog_sales,238282
catalog_sales,238283
catalog_sales,238284
catalog_sales,238285
catalog_sales,238286
catalog_sales,238287
catalog_sales,238288
catalog_sales,238289
catalog_sales,238290
catalog_sales,238291
catalog_sales,238292
catalog_sales,238293
catalog_sales,238294
catalog_sales,238295
catalog_sales,238296
catalog_sales,238297
catalog_sales,238298
catalog_sales,238299
catalog_sales,238300
catalog_sales,238301
catalog_sales,238302
catalog_sales,238303
catalog_sales,238304
catalog_sales,238305
catalog_sales,238306
catalog_sales,238307
catalog_sales,238308
catalog_sales,238309
catalog_sales,238310
catalog_sales,238311
catalog_sales,238312
catalog_sales,238313
catalog_sales,238314
catalog_sales,238315
catalog_sales,238316
catalog_sales,238317
catalog_sales,238318
catalog_sales,238319
catalog_sales,238320
catalog_sales,238321
catalog_sales,238322
catalog_sales,238323
catalog_sales,238324
catalog_sales,238325
catalog_sales,238326
catalog_sales,238327
catalog_sales,238328
catalog_sales,238329
catalog_sales,238330
catalog_sales,238331
catalog_sales,238332
catalog_sales,238333
catalog_sales,238334
catalog_sales,238335
catalog_sales,238336
catalog_sales,238337
catalog_sales,238338
catalog_sales,238339
catalog_sales,238340
catalog_sales,238341
catalog_sales,238342
catalog_sales,238343
catalog_sales,238344
catalog_sales,238345
catalog_sales,238346
catalog_sales,238347
catalog_sales,238348
catalog_sales,238349
catalog_sales,238350
catalog_sales,238351
catalog_sales,238352
catalog_sales,238353
catalog_sales,238354
catalog_sales,238355
catalog_sales,238356
catalog_sales,238357
catalog_sales,238358
catalog_sales,238359
catalog_sales,238360
catalog_sales,238361
catalog_sales,238362
catalog_sales,238363
catalog_sales,238364
catalog_sales,238365
catalog_sales,238366
catalog_sales,238367
catalog_sales,238368
catalog_sales,238369
catalog_sales,238370
catalog_sales,238371
catalog_sales,238372
catalog_sales,238373
catalog_sales,238374
catalog_sales,238375
catalog_sales,238376
catalog_sales,238377
catalog_sales,238378
catalog_sales,238379
catalog_sales,238380
catalog_sales,238381
catalog_sales,238382
catalog_sales,238383
catalog_sales,238384
catalog_sales,238385
catalog_sales,238386
catalog_sales,238387
catalog_sales,238388
catalog_sales,238389
catalog_sales,238390
catalog_sales,238391
catalog_sales,238392
catalog_sales,238393
catalog_sales,238394
catalog_sales,238395
catalog_sales,238396
catalog_sales,238397
catalog_sales,238398
catalog_sales,238399
catalog_sales,238400
catalog_sales,238401
catalog_sales,238402
catalog_sales,238403
catalog_sales,238404
catalog_sales,238405
catalog_sales,238406
catalog_sales,238407
catalog_sales,238408
catalog_sales,238409
catalog_sales,238410
catalog_sales,238411
catalog_sales,238412
catalog_sales,238413
catalog_sales,238414
catalog_sales,238415
catalog_sales,238416
catalog_sales,238417
catalog_sales,238418
catalog_sales,238419
catalog_sales,238420
catalog_sales,238421
catalog_sales,238422
catalog_sales,238423
catalog_sales,238424
catalog_sales,238425
catalog_sales,238426
catalog_sales,238427
catalog_sales,238428
catalog_sales,238429
catalog_sales,238430
catalog_sales,238431
catalog_sales,238432
catalog_sales,238433
catalog_sales,238434
catalog_sales,238435
catalog_sales,238436
catalog_sales,238437
catalog_sales,238438
catalog_sales,238439
catalog_sales,238440
catalog_sales,238441
catalog_sales,238442
catalog_sales,238443
catalog_sales,238444
catalog_sales,238445
catalog_sales,238446
catalog_sales,238447
catalog_sales,238448
catalog_sales,238449
catalog_sales,238450
catalog_sales,238451
catalog_sales,238452
catalog_sales,238453
catalog_sales,238454
catalog_sales,238455
catalog_sales,238456
catalog_sales,238457
catalog_sales,238458
catalog_sales,238459
catalog_sales,238460
catalog_sales,238461
catalog_sales,238462
catalog_sales,238463
catalog_sales,238464
catalog_sales,238465
catalog_sales,238466
catalog_sales,238467
catalog_sales,238468
catalog_sales,238469
catalog_sales,238470
catalog_sales,238471
catalog_sales,238472
catalog_sales,238473
catalog_sales,238474
catalog_sales,238475
catalog_sales,238476
catalog_sales,238477
catalog_sales,238478
catalog_sales,238479
catalog_sales,238480
catalog_sales,238481
catalog_sales,238482
catalog_sales,238483
catalog_sales,238484
catalog_sales,238485
catalog_sales,238486
catalog_sales,238487
catalog_sales,238488
catalog_sales,238489
catalog_sales,238490
catalog_sales,238491
catalog_sales,238492
catalog_sales,238493
catalog_sales,238494
catalog_sales,238495
catalog_sales,238496
catalog_sales,238497
catalog_sales,238498
catalog_sales,238499
catalog_sales,238500
catalog_sales,238501
catalog_sales,238502
catalog_sales,238503
catalog_sales,238504
catalog_sales,238505
catalog_sales,238506
catalog_sales,238507
catalog_sales,238508
catalog_sales,238509
catalog_sales,238510
catalog_sales,238511
catalog_sales,238512
catalog_sales,238513
catalog_sales,238514
catalog_sales,238515
catalog_sales,238516
catalog_sales,238517
catalog_sales,238518
catalog_sales,238519
catalog_sales,238520
catalog_sales,238521
catalog_sales,238522
catalog_sales,238523
catalog_sales,238524
catalog_sales,238525
catalog_sales,238526
catalog_sales,238527
catalog_sales,238528
catalog_sales,238529
catalog_sales,238530
catalog_sales,238531
catalog_sales,238532
catalog_sales,238533
catalog_sales,238534
catalog_sales,238535
catalog_sales,238536
catalog_sales,238537
catalog_sales,238538
catalog_sales,238539
catalog_sales,238540
catalog_sales,238541
catalog_sales,238542
catalog_sales,238543
catalog_sales,238544
catalog_sales,238545
catalog_sales,238546
catalog_sales,238547
catalog_sales,238548
catalog_sales,238549
catalog_sales,238550
catalog_sales,238551
catalog_sales,238552
catalog_sales,238553
catalog_sales,238554
catalog_sales,238555
catalog_sales,238556
catalog_sales,238557
catalog_sales,238558
catalog_sales,238559
catalog_sales,238560
catalog_sales,238561
catalog_sales,238562
catalog_sales,238563
catalog_sales,238564
catalog_sales,238565
catalog_sales,238566
catalog_sales,238567
catalog_sales,238568
catalog_sales,238569
catalog_sales,238570
catalog_sales,238571
catalog_sales,238572
catalog_sales,238573
catalog_sales,238574
catalog_sales,238575
catalog_sales,238576
catalog_sales,238577
catalog_sales,238578
catalog_sales,238579
catalog_sales,238580
catalog_sales,238581
catalog_sales,238582
catalog_sales,238583
catalog_sales,238584
catalog_sales,238585
catalog_sales,238586
catalog_sales,238587
catalog_sales,238588
catalog_sales,238589
catalog_sales,238590
catalog_sales,238591
catalog_sales,238592
catalog_sales,238593
catalog_sales,238594
catalog_sales,238595
catalog_sales,238596
catalog_sales,238597
catalog_sales,238598
catalog_sales,238599
catalog_sales,238600
catalog_sales,238601
catalog_sales,238602
catalog_sales,238603
catalog_sales,238604
catalog_sales,238605
catalog_sales,238606
catalog_sales,238607
catalog_sales,238608
catalog_sales,238609
catalog_sales,238610
catalog_sales,238611
catalog_sales,238612
catalog_sales,238613
catalog_sales,238614
catalog_sales,238615
catalog_sales,238616
catalog_sales,238617
catalog_sales,238618
catalog_sales,238619
catalog_sales,238620
catalog_sales,238621
catalog_sales,238622
catalog_sales,238623
catalog_sales,238624
catalog_sales,238625
catalog_sales,238626
catalog_sales,238627
catalog_sales,238628
catalog_sales,238629
catalog_sales,238630
catalog_sales,238631
catalog_sales,238632
catalog_sales,238633
catalog_sales,238634
catalog_sales,238635
catalog_sales,238636
catalog_sales,238637
catalog_sales,238638
catalog_sales,238639
catalog_sales,238640
catalog_sales,238641
catalog_sales,238642
catalog_sales,238643
catalog_sales,238644
catalog_sales,238645
catalog_sales,238646
catalog_sales,238647
catalog_sales,238648
catalog_sales,238649
catalog_sales,238650
catalog_sales,238651
catalog_sales,238652
catalog_sales,238653
catalog_sales,238654
catalog_sales,238655
catalog_sales,238656
catalog_sales,238657
catalog_sales,238658
catalog_sales,238659
catalog_sales,238660
catalog_sales,238661
catalog_sales,238662
catalog_sales,238663
catalog_sales,238664
catalog_sales,238665
catalog_sales,238666
catalog_sales,238667
catalog_sales,238668
catalog_sales,238669
catalog_sales,238670
catalog_sales,238671
catalog_sales,238672
catalog_sales,238673
catalog_sales,238674
catalog_sales,238675
catalog_sales,238676
catalog_sales,238677
catalog_sales,238678
catalog_sales,238679
catalog_sales,238680
catalog_sales,238681
catalog_sales,238682
catalog_sales,238683
catalog_sales,238684
catalog_sales,238685
catalog_sales,238686
catalog_sales,238687
catalog_sales,238688
catalog_sales,238689
catalog_sales,238690
catalog_sales,238691
catalog_sales,238692
catalog_sales,238693
catalog_sales,238694
catalog_sales,238695
catalog_sales,238696
catalog_sales,238697
catalog_sales,238698
catalog_sales,238699
catalog_sales,238700
catalog_sales,238701
catalog_sales,238702
catalog_sales,238703
catalog_sales,238704
catalog_sales,238705
catalog_sales,238706
catalog_sales,238707
catalog_sales,238708
catalog_sales,238709
catalog_sales,238710
catalog_sales,238711
catalog_sales,238712
catalog_sales,238713
catalog_sales,238714
catalog_sales,238715
catalog_sales,238716
catalog_sales,238717
catalog_sales,238718
catalog_sales,238719
catalog_sales,238720
catalog_sales,238721
catalog_sales,238722
catalog_sales,238723
catalog_sales,238724
catalog_sales,238725
catalog_sales,238726
catalog_sales,238727
catalog_sales,238728
catalog_sales,238729
catalog_sales,238730
catalog_sales,238731
catalog_sales,238732
catalog_sales,238733
catalog_sales,238734
catalog_sales,238735
catalog_sales,238736
catalog_sales,238737
catalog_sales,238738
catalog_sales,238739
catalog_sales,238740
catalog_sales,238741
catalog_sales,238742
catalog_sales,238743
catalog_sales,238744
catalog_sales,238745
catalog_sales,238746
catalog_sales,238747
catalog_sales,238748
catalog_sales,238749
catalog_sales,238750
catalog_sales,238751
catalog_sales,238752
catalog_sales,238753
catalog_sales,238754
catalog_sales,238755
catalog_sales,238756
catalog_sales,238757
catalog_sales,238758
catalog_sales,238759
catalog_sales,238760
catalog_sales,238761
catalog_sales,238762
catalog_sales,238763
catalog_sales,238764
catalog_sales,238765
catalog_sales,238766
catalog_sales,238767
catalog_sales,238768
catalog_sales,238769
catalog_sales,238770
catalog_sales,238771
catalog_sales,238772
catalog_sales,238773
catalog_sales,238774
catalog_sales,238775
catalog_sales,238776
catalog_sales,238777
catalog_sales,238778
catalog_sales,238779
catalog_sales,238780
catalog_sales,238781
catalog_sales,238782
catalog_sales,238783
catalog_sales,238784
catalog_sales,238785
catalog_sales,238786
catalog_sales,238787
catalog_sales,238788
catalog_sales,238789
catalog_sales,238790
catalog_sales,238791
catalog_sales,238792
catalog_sales,238793
catalog_sales,238794
catalog_sales,238795
catalog_sales,238796
catalog_sales,238797
catalog_sales,238798
catalog_sales,238799
catalog_sales,238800
catalog_sales,238801
catalog_sales,238802
catalog_sales,238803
catalog_sales,238804
catalog_sales,238805
catalog_sales,238806
catalog_sales,238807
catalog_sales,238808
catalog_sales,238809
catalog_sales,238810
catalog_sales,238811
catalog_sales,238812
catalog_sales,238813
catalog_sales,238814
catalog_sales,238815
catalog_sales,238816
catalog_sales,238817
catalog_sales,238818
catalog_sales,238819
catalog_sales,238820
catalog_sales,238821
catalog_sales,238822
catalog_sales,238823
catalog_sales,238824
catalog_sales,238825
catalog_sales,238826
catalog_sales,238827
catalog_sales,238828
catalog_sales,238829
catalog_sales,238830
catalog_sales,238831
catalog_sales,238832
catalog_sales,238833
catalog_sales,238834
catalog_sales,238835
catalog_sales,238836
catalog_sales,238837
catalog_sales,238838
catalog_sales,238839
catalog_sales,238840
catalog_sales,238841
catalog_sales,238842
catalog_sales,238843
catalog_sales,238844
catalog_sales,238845
catalog_sales,238846
catalog_sales,238847
catalog_sales,238848
catalog_sales,238849
catalog_sales,238850
catalog_sales,238851
catalog_sales,238852
catalog_sales,238853
catalog_sales,238854
catalog_sales,238855
catalog_sales,238856
catalog_sales,238857
catalog_sales,238858
catalog_sales,238859
catalog_sales,238860
catalog_sales,238861
catalog_sales,238862
catalog_sales,238863
catalog_sales,238864
catalog_sales,238865
catalog_sales,238866
catalog_sales,238867
catalog_sales,238868
catalog_sales,238869
catalog_sales,238870
catalog_sales,238871
catalog_sales,238872
catalog_sales,238873
catalog_sales,238874
catalog_sales,238875
catalog_sales,238876
catalog_sales,238877
catalog_sales,238878
catalog_sales,238879
catalog_sales,238880
catalog_sales,238881
catalog_sales,238882
catalog_sales,238883
catalog_sales,238884
catalog_sales,238885
catalog_sales,238886
catalog_sales,238887
catalog_sales,238888
catalog_sales,238889
catalog_sales,238890
catalog_sales,238891
catalog_sales,238892
catalog_sales,238893
catalog_sales,238894
catalog_sales,238895
catalog_sales,238896
catalog_sales,238897
catalog_sales,238898
catalog_sales,238899
catalog_sales,238900
catalog_sales,238901
catalog_sales,238902
catalog_sales,238903
catalog_sales,238904
catalog_sales,238905
catalog_sales,238906
catalog_sales,238907
catalog_sales,238908
catalog_sales,238909
catalog_sales,238910
catalog_sales,238911
catalog_sales,238912
catalog_sales,238913
catalog_sales,238914
catalog_sales,238915
catalog_sales,238916
catalog_sales,238917
catalog_sales,238918
catalog_sales,238919
catalog_sales,238920
catalog_sales,238921
catalog_sales,238922
catalog_sales,238923
catalog_sales,238924
catalog_sales,238925
catalog_sales,238926
catalog_sales,238927
catalog_sales,238928
catalog_sales,238929
catalog_sales,238930
catalog_sales,238931
catalog_sales,238932
catalog_sales,238933
catalog_sales,238934
catalog_sales,238935
catalog_sales,238936
catalog_sales,238937
catalog_sales,238938
catalog_sales,238939
catalog_sales,238940
catalog_sales,238941
catalog_sales,238942
catalog_sales,238943
catalog_sales,238944
catalog_sales,238945
catalog_sales,238946
catalog_sales,238947
catalog_sales,238948
catalog_sales,238949
catalog_sales,238950
catalog_sales,238951
catalog_sales,238952
catalog_sales,238953
catalog_sales,238954
catalog_sales,238955
catalog_sales,238956
catalog_sales,238957
catalog_sales,238958
catalog_sales,238959
catalog_sales,238960
catalog_sales,238961
catalog_sales,238962
catalog_sales,238963
catalog_sales,238964
catalog_sales,238965
catalog_sales,238966
catalog_sales,238967
catalog_sales,238968
catalog_sales,238969
catalog_sales,238970
catalog_sales,238971
catalog_sales,238972
catalog_sales,238973
catalog_sales,238974
catalog_sales,238975
catalog_sales,238976
catalog_sales,238977
catalog_sales,238978
catalog_sales,238979
catalog_sales,238980
catalog_sales,238981
catalog_sales,238982
catalog_sales,238983
catalog_sales,238984
catalog_sales,238985
catalog_sales,238986
catalog_sales,238987
catalog_sales,238988
catalog_sales,238989
catalog_sales,238990
catalog_sales,238991
catalog_sales,238992
catalog_sales,238993
catalog_sales,238994
catalog_sales,238995
catalog_sales,238996
catalog_sales,238997
catalog_sales,238998
catalog_sales,238999
catalog_sales,239000
catalog_sales,239001
catalog_sales,239002
catalog_sales,239003
catalog_sales,239004
catalog_sales,239005
catalog_sales,239006
catalog_sales,239007
catalog_sales,239008
catalog_sales,239009
catalog_sales,239010
catalog_sales,239011
catalog_sales,239012
catalog_sales,239013
catalog_sales,239014
catalog_sales,239015
catalog_sales,239016
catalog_sales,239017
catalog_sales,239018
catalog_sales,239019
catalog_sales,239020
catalog_sales,239021
catalog_sales,239022
catalog_sales,239023
catalog_sales,239024
catalog_sales,239025
catalog_sales,239026
catalog_sales,239027
catalog_sales,239028
catalog_sales,239029
catalog_sales,239030
catalog_sales,239031
catalog_sales,239032
catalog_sales,239033
catalog_sales,239034
catalog_sales,239035
catalog_sales,239036
catalog_sales,239037
catalog_sales,239038
catalog_sales,239039
catalog_sales,239040
catalog_sales,239041
catalog_sales,239042
catalog_sales,239043
catalog_sales,239044
catalog_sales,239045
catalog_sales,239046
catalog_sales,239047
catalog_sales,239048
catalog_sales,239049
catalog_sales,239050
catalog_sales,239051
catalog_sales,239052
catalog_sales,239053
catalog_sales,239054
catalog_sales,239055
catalog_sales,239056
catalog_sales,239057
catalog_sales,239058
catalog_sales,239059
catalog_sales,239060
catalog_sales,239061
catalog_sales,239062
catalog_sales,239063
catalog_sales,239064
catalog_sales,239065
catalog_sales,239066
catalog_sales,239067
catalog_sales,239068
catalog_sales,239069
catalog_sales,239070
catalog_sales,239071
catalog_sales,239072
catalog_sales,239073
catalog_sales,239074
catalog_sales,239075
catalog_sales,239076
catalog_sales,239077
catalog_sales,239078
catalog_sales,239079
catalog_sales,239080
catalog_sales,239081
catalog_sales,239082
catalog_sales,239083
catalog_sales,239084
catalog_sales,239085
catalog_sales,239086
catalog_sales,239087
catalog_sales,239088
catalog_sales,239089
catalog_sales,239090
catalog_sales,239091
catalog_sales,239092
catalog_sales,239093
catalog_sales,239094
catalog_sales,239095
catalog_sales,239096
catalog_sales,239097
catalog_sales,239098
catalog_sales,239099
catalog_sales,239100
catalog_sales,239101
catalog_sales,239102
catalog_sales,239103
catalog_sales,239104
catalog_sales,239105
catalog_sales,239106
catalog_sales,239107
catalog_sales,239108
catalog_sales,239109
catalog_sales,239110
catalog_sales,239111
catalog_sales,239112
catalog_sales,239113
catalog_sales,239114
catalog_sales,239115
catalog_sales,239116
catalog_sales,239117
catalog_sales,239118
catalog_sales,239119
catalog_sales,239120
catalog_sales,239121
catalog_sales,239122
catalog_sales,239123
catalog_sales,239124
catalog_sales,239125
catalog_sales,239126
catalog_sales,239127
catalog_sales,239128
catalog_sales,239129
catalog_sales,239130
catalog_sales,239131
catalog_sales,239132
catalog_sales,239133
catalog_sales,239134
catalog_sales,239135
catalog_sales,239136
catalog_sales,239137
catalog_sales,239138
catalog_sales,239139
catalog_sales,239140
catalog_sales,239141
catalog_sales,239142
catalog_sales,239143
catalog_sales,239144
catalog_sales,239145
catalog_sales,239146
catalog_sales,239147
catalog_sales,239148
catalog_sales,239149
catalog_sales,239150
catalog_sales,239151
catalog_sales,239152
catalog_sales,239153
catalog_sales,239154
catalog_sales,239155
catalog_sales,239156
catalog_sales,239157
catalog_sales,239158
catalog_sales,239159
catalog_sales,239160
catalog_sales,239161
catalog_sales,239162
catalog_sales,239163
catalog_sales,239164
catalog_sales,239165
catalog_sales,239166
catalog_sales,239167
catalog_sales,239168
catalog_sales,239169
catalog_sales,239170
catalog_sales,239171
catalog_sales,239172
catalog_sales,239173
catalog_sales,239174
catalog_sales,239175
catalog_sales,239176
catalog_sales,239177
catalog_sales,239178
catalog_sales,239179
catalog_sales,239180
catalog_sales,239181
catalog_sales,239182
catalog_sales,239183
catalog_sales,239184
catalog_sales,239185
catalog_sales,239186
catalog_sales,239187
catalog_sales,239188
catalog_sales,239189
catalog_sales,239190
catalog_sales,239191
catalog_sales,239192
catalog_sales,239193
catalog_sales,239194
catalog_sales,239195
catalog_sales,239196
catalog_sales,239197
catalog_sales,239198
catalog_sales,239199
catalog_sales,239200
catalog_sales,239201
catalog_sales,239202
catalog_sales,239203
catalog_sales,239204
catalog_sales,239205
catalog_sales,239206
catalog_sales,239207
catalog_sales,239208
catalog_sales,239209
catalog_sales,239210
catalog_sales,239211
catalog_sales,239212
catalog_sales,239213
catalog_sales,239214
catalog_sales,239215
catalog_sales,239216
catalog_sales,239217
catalog_sales,239218
catalog_sales,239219
catalog_sales,239220
catalog_sales,239221
catalog_sales,239222
catalog_sales,239223
catalog_sales,239224
catalog_sales,239225
catalog_sales,239226
catalog_sales,239227
catalog_sales,239228
catalog_sales,239229
catalog_sales,239230
catalog_sales,239231
catalog_sales,239232
catalog_sales,239233
catalog_sales,239234
catalog_sales,239235
catalog_sales,239236
catalog_sales,239237
catalog_sales,239238
catalog_sales,239239
catalog_sales,239240
catalog_sales,239241
catalog_sales,239242
catalog_sales,239243
catalog_sales,239244
catalog_sales,239245
catalog_sales,239246
catalog_sales,239247
catalog_sales,239248
catalog_sales,239249
catalog_sales,239250
catalog_sales,239251
catalog_sales,239252
catalog_sales,239253
catalog_sales,239254
catalog_sales,239255
catalog_sales,239256
catalog_sales,239257
catalog_sales,239258
catalog_sales,239259
catalog_sales,239260
catalog_sales,239261
catalog_sales,239262
catalog_sales,239263
catalog_sales,239264
catalog_sales,239265
catalog_sales,239266
catalog_sales,239267
catalog_sales,239268
catalog_sales,239269
catalog_sales,239270
catalog_sales,239271
catalog_sales,239272
catalog_sales,239273
catalog_sales,239274
catalog_sales,239275
catalog_sales,239276
catalog_sales,239277
catalog_sales,239278
catalog_sales,239279
catalog_sales,239280
catalog_sales,239281
catalog_sales,239282
catalog_sales,239283
catalog_sales,239284
catalog_sales,239285
catalog_sales,239286
catalog_sales,239287
catalog_sales,239288
catalog_sales,239289
catalog_sales,239290
catalog_sales,239291
catalog_sales,239292
catalog_sales,239293
catalog_sales,239294
catalog_sales,239295
catalog_sales,239296
catalog_sales,239297
catalog_sales,239298
catalog_sales,239299
catalog_sales,239300
catalog_sales,239301
catalog_sales,239302
catalog_sales,239303
catalog_sales,239304
catalog_sales,239305
catalog_sales,239306
catalog_sales,239307
catalog_sales,239308
catalog_sales,239309
catalog_sales,239310
catalog_sales,239311
catalog_sales,239312
catalog_sales,239313
catalog_sales,239314
catalog_sales,239315
catalog_sales,239316
catalog_sales,239317
catalog_sales,239318
catalog_sales,239319
catalog_sales,239320
catalog_sales,239321
catalog_sales,239322
catalog_sales,239323
catalog_sales,239324
catalog_sales,239325
catalog_sales,239326
catalog_sales,239327
catalog_sales,239328
catalog_sales,239329
catalog_sales,239330
catalog_sales,239331
catalog_sales,239332
catalog_sales,239333
catalog_sales,239334
catalog_sales,239335
catalog_sales,239336
catalog_sales,239337
catalog_sales,239338
catalog_sales,239339
catalog_sales,239340
catalog_sales,239341
catalog_sales,239342
catalog_sales,239343
catalog_sales,239344
catalog_sales,239345
catalog_sales,239346
catalog_sales,239347
catalog_sales,239348
catalog_sales,239349
catalog_sales,239350
catalog_sales,239351
catalog_sales,239352
catalog_sales,239353
catalog_sales,239354
catalog_sales,239355
catalog_sales,239356
catalog_sales,239357
catalog_sales,239358
catalog_sales,239359
catalog_sales,239360
catalog_sales,239361
catalog_sales,239362
catalog_sales,239363
catalog_sales,239364
catalog_sales,239365
catalog_sales,239366
catalog_sales,239367
catalog_sales,239368
catalog_sales,239369
catalog_sales,239370
catalog_sales,239371
catalog_sales,239372
catalog_sales,239373
catalog_sales,239374
catalog_sales,239375
catalog_sales,239376
catalog_sales,239377
catalog_sales,239378
catalog_sales,239379
catalog_sales,239380
catalog_sales,239381
catalog_sales,239382
catalog_sales,239383
catalog_sales,239384
catalog_sales,239385
catalog_sales,239386
catalog_sales,239387
catalog_sales,239388
catalog_sales,239389
catalog_sales,239390
catalog_sales,239391
catalog_sales,239392
catalog_sales,239393
catalog_sales,239394
catalog_sales,239395
catalog_sales,239396
catalog_sales,239397
catalog_sales,239398
catalog_sales,239399
catalog_sales,239400
catalog_sales,239401
catalog_sales,239402
catalog_sales,239403
catalog_sales,239404
catalog_sales,239405
catalog_sales,239406
catalog_sales,239407
catalog_sales,239408
catalog_sales,239409
catalog_sales,239410
catalog_sales,239411
catalog_sales,239412
catalog_sales,239413
catalog_sales,239414
catalog_sales,239415
catalog_sales,239416
catalog_sales,239417
catalog_sales,239418
catalog_sales,239419
catalog_sales,239420
catalog_sales,239421
catalog_sales,239422
catalog_sales,239423
catalog_sales,239424
catalog_sales,239425
catalog_sales,239426
catalog_sales,239427
catalog_sales,239428
catalog_sales,239429
catalog_sales,239430
catalog_sales,239431
catalog_sales,239432
catalog_sales,239433
catalog_sales,239434
catalog_sales,239435
catalog_sales,239436
catalog_sales,239437
catalog_sales,239438
catalog_sales,239439
catalog_sales,239440
catalog_sales,239441
catalog_sales,239442
catalog_sales,239443
catalog_sales,239444
catalog_sales,239445
catalog_sales,239446
catalog_sales,239447
catalog_sales,239448
catalog_sales,239449
catalog_sales,239450
catalog_sales,239451
catalog_sales,239452
catalog_sales,239453
catalog_sales,239454
catalog_sales,239455
catalog_sales,239456
catalog_sales,239457
catalog_sales,239458
catalog_sales,239459
catalog_sales,239460
catalog_sales,239461
catalog_sales,239462
catalog_sales,239463
catalog_sales,239464
catalog_sales,239465
catalog_sales,239466
catalog_sales,239467
catalog_sales,239468
catalog_sales,239469
catalog_sales,239470
catalog_sales,239471
catalog_sales,239472
catalog_sales,239473
catalog_sales,239474
catalog_sales,239475
catalog_sales,239476
catalog_sales,239477
catalog_sales,239478
catalog_sales,239479
catalog_sales,239480
catalog_sales,239481
catalog_sales,239482
catalog_sales,239483
catalog_sales,239484
catalog_sales,239485
catalog_sales,239486
catalog_sales,239487
catalog_sales,239488
catalog_sales,239489
catalog_sales,239490
catalog_sales,239491
catalog_sales,239492
catalog_sales,239493
catalog_sales,239494
catalog_sales,239495
catalog_sales,239496
catalog_sales,239497
catalog_sales,239498
catalog_sales,239499
catalog_sales,239500
catalog_sales,239501
catalog_sales,239502
catalog_sales,239503
catalog_sales,239504
catalog_sales,239505
catalog_sales,239506
catalog_sales,239507
catalog_sales,239508
catalog_sales,239509
catalog_sales,239510
catalog_sales,239511
catalog_sales,239512
catalog_sales,239513
catalog_sales,239514
catalog_sales,239515
catalog_sales,239516
catalog_sales,239517
catalog_sales,239518
catalog_sales,239519
catalog_sales,239520
catalog_sales,239521
catalog_sales,239522
catalog_sales,239523
catalog_sales,239524
catalog_sales,239525
catalog_sales,239526
catalog_sales,239527
catalog_sales,239528
catalog_sales,239529
catalog_sales,239530
catalog_sales,239531
catalog_sales,239532
catalog_sales,239533
catalog_sales,239534
catalog_sales,239535
catalog_sales,239536
catalog_sales,239537
catalog_sales,239538
catalog_sales,239539
catalog_sales,239540
catalog_sales,239541
catalog_sales,239542
catalog_sales,239543
catalog_sales,239544
catalog_sales,239545
catalog_sales,239546
catalog_sales,239547
catalog_sales,239548
catalog_sales,239549
catalog_sales,239550
catalog_sales,239551
catalog_sales,239552
catalog_sales,239553
catalog_sales,239554
catalog_sales,239555
catalog_sales,239556
catalog_sales,239557
catalog_sales,239558
catalog_sales,239559
catalog_sales,239560
catalog_sales,239561
catalog_sales,239562
catalog_sales,239563
catalog_sales,239564
catalog_sales,239565
catalog_sales,239566
catalog_sales,239567
catalog_sales,239568
catalog_sales,239569
catalog_sales,239570
catalog_sales,239571
catalog_sales,239572
catalog_sales,239573
catalog_sales,239574
catalog_sales,239575
catalog_sales,239576
catalog_sales,239577
catalog_sales,239578
catalog_sales,239579
catalog_sales,239580
catalog_sales,239581
catalog_sales,239582
catalog_sales,239583
catalog_sales,239584
catalog_sales,239585
catalog_sales,239586
catalog_sales,239587
catalog_sales,239588
catalog_sales,239589
catalog_sales,239590
catalog_sales,239591
catalog_sales,239592
catalog_sales,239593
catalog_sales,239594
catalog_sales,239595
catalog_sales,239596
catalog_sales,239597
catalog_sales,239598
catalog_sales,239599
catalog_sales,239600
catalog_sales,239601
catalog_sales,239602
catalog_sales,239603
catalog_sales,239604
catalog_sales,239605
catalog_sales,239606
catalog_sales,239607
catalog_sales,239608
catalog_sales,239609
catalog_sales,239610
catalog_sales,239611
catalog_sales,239612
catalog_sales,239613
catalog_sales,239614
catalog_sales,239615
catalog_sales,239616
catalog_sales,239617
catalog_sales,239618
catalog_sales,239619
catalog_sales,239620
catalog_sales,239621
catalog_sales,239622
catalog_sales,239623
catalog_sales,239624
catalog_sales,239625
catalog_sales,239626
catalog_sales,239627
catalog_sales,239628
catalog_sales,239629
catalog_sales,239630
catalog_sales,239631
catalog_sales,239632
catalog_sales,239633
catalog_sales,239634
catalog_sales,239635
catalog_sales,239636
catalog_sales,239637
catalog_sales,239638
catalog_sales,239639
catalog_sales,239640
catalog_sales,239641
catalog_sales,239642
catalog_sales,239643
catalog_sales,239644
catalog_sales,239645
catalog_sales,239646
catalog_sales,239647
catalog_sales,239648
catalog_sales,239649
catalog_sales,239650
catalog_sales,239651
catalog_sales,239652
catalog_sales,239653
catalog_sales,239654
catalog_sales,239655
catalog_sales,239656
catalog_sales,239657
catalog_sales,239658
catalog_sales,239659
catalog_sales,239660
catalog_sales,239661
catalog_sales,239662
catalog_sales,239663
catalog_sales,239664
catalog_sales,239665
catalog_sales,239666
catalog_sales,239667
catalog_sales,239668
catalog_sales,239669
catalog_sales,239670
catalog_sales,239671
catalog_sales,239672
catalog_sales,239673
catalog_sales,239674
catalog_sales,239675
catalog_sales,239676
catalog_sales,239677
catalog_sales,239678
catalog_sales,239679
catalog_sales,239680
catalog_sales,239681
catalog_sales,239682
catalog_sales,239683
catalog_sales,239684
catalog_sales,239685
catalog_sales,239686
catalog_sales,239687
catalog_sales,239688
catalog_sales,239689
catalog_sales,239690
catalog_sales,239691
catalog_sales,239692
catalog_sales,239693
catalog_sales,239694
catalog_sales,239695
catalog_sales,239696
catalog_sales,239697
catalog_sales,239698
catalog_sales,239699
catalog_sales,239700
catalog_sales,239701
catalog_sales,239702
catalog_sales,239703
catalog_sales,239704
catalog_sales,239705
catalog_sales,239706
catalog_sales,239707
catalog_sales,239708
catalog_sales,239709
catalog_sales,239710
catalog_sales,239711
catalog_sales,239712
catalog_sales,239713
catalog_sales,239714
catalog_sales,239715
catalog_sales,239716
catalog_sales,239717
catalog_sales,239718
catalog_sales,239719
catalog_sales,239720
catalog_sales,239721
catalog_sales,239722
catalog_sales,239723
catalog_sales,239724
catalog_sales,239725
catalog_sales,239726
catalog_sales,239727
catalog_sales,239728
catalog_sales,239729
catalog_sales,239730
catalog_sales,239731
catalog_sales,239732
catalog_sales,239733
catalog_sales,239734
catalog_sales,239735
catalog_sales,239736
catalog_sales,239737
catalog_sales,239738
catalog_sales,239739
catalog_sales,239740
catalog_sales,239741
catalog_sales,239742
catalog_sales,239743
catalog_sales,239744
catalog_sales,239745
catalog_sales,239746
catalog_sales,239747
catalog_sales,239748
catalog_sales,239749
catalog_sales,239750
catalog_sales,239751
catalog_sales,239752
catalog_sales,239753
catalog_sales,239754
catalog_sales,239755
catalog_sales,239756
catalog_sales,239757
catalog_sales,239758
catalog_sales,239759
catalog_sales,239760
catalog_sales,239761
catalog_sales,239762
catalog_sales,239763
catalog_sales,239764
catalog_sales,239765
catalog_sales,239766
catalog_sales,239767
catalog_sales,239768
catalog_sales,239769
catalog_sales,239770
catalog_sales,239771
catalog_sales,239772
catalog_sales,239773
catalog_sales,239774
catalog_sales,239775
catalog_sales,239776
catalog_sales,239777
catalog_sales,239778
catalog_sales,239779
catalog_sales,239780
catalog_sales,239781
catalog_sales,239782
catalog_sales,239783
catalog_sales,239784
catalog_sales,239785
catalog_sales,239786
catalog_sales,239787
catalog_sales,239788
catalog_sales,239789
catalog_sales,239790
catalog_sales,239791
catalog_sales,239792
catalog_sales,239793
catalog_sales,239794
catalog_sales,239795
catalog_sales,239796
catalog_sales,239797
catalog_sales,239798
catalog_sales,239799
catalog_sales,239800
catalog_sales,239801
catalog_sales,239802
catalog_sales,239803
catalog_sales,239804
catalog_sales,239805
catalog_sales,239806
catalog_sales,239807
catalog_sales,239808
catalog_sales,239809
catalog_sales,239810
catalog_sales,239811
catalog_sales,239812
catalog_sales,239813
catalog_sales,239814
catalog_sales,239815
catalog_sales,239816
catalog_sales,239817
catalog_sales,239818
catalog_sales,239819
catalog_sales,239820
catalog_sales,239821
catalog_sales,239822
catalog_sales,239823
catalog_sales,239824
catalog_sales,239825
catalog_sales,239826
catalog_sales,239827
catalog_sales,239828
catalog_sales,239829
catalog_sales,239830
catalog_sales,239831
catalog_sales,239832
catalog_sales,239833
catalog_sales,239834
catalog_sales,239835
catalog_sales,239836
catalog_sales,239837
catalog_sales,239838
catalog_sales,239839
catalog_sales,239840
catalog_sales,239841
catalog_sales,239842
catalog_sales,239843
catalog_sales,239844
catalog_sales,239845
catalog_sales,239846
catalog_sales,239847
catalog_sales,239848
catalog_sales,239849
catalog_sales,239850
catalog_sales,239851
catalog_sales,239852
catalog_sales,239853
catalog_sales,239854
catalog_sales,239855
catalog_sales,239856
catalog_sales,239857
catalog_sales,239858
catalog_sales,239859
catalog_sales,239860
catalog_sales,239861
catalog_sales,239862
catalog_sales,239863
catalog_sales,239864
catalog_sales,239865
catalog_sales,239866
catalog_sales,239867
catalog_sales,239868
catalog_sales,239869
catalog_sales,239870
catalog_sales,239871
catalog_sales,239872
catalog_sales,239873
catalog_sales,239874
catalog_sales,239875
catalog_sales,239876
catalog_sales,239877
catalog_sales,239878
catalog_sales,239879
catalog_sales,239880
catalog_sales,239881
catalog_sales,239882
catalog_sales,239883
catalog_sales,239884
catalog_sales,239885
catalog_sales,239886
catalog_sales,239887
catalog_sales,239888
catalog_sales,239889
catalog_sales,239890
catalog_sales,239891
catalog_sales,239892
catalog_sales,239893
catalog_sales,239894
catalog_sales,239895
catalog_sales,239896
catalog_sales,239897
catalog_sales,239898
catalog_sales,239899
catalog_sales,239900
catalog_sales,239901
catalog_sales,239902
catalog_sales,239903
catalog_sales,239904
catalog_sales,239905
catalog_sales,239906
catalog_sales,239907
catalog_sales,239908
catalog_sales,239909
catalog_sales,239910
catalog_sales,239911
catalog_sales,239912
catalog_sales,239913
catalog_sales,239914
catalog_sales,239915
catalog_sales,239916
catalog_sales,239917
catalog_sales,239918
catalog_sales,239919
catalog_sales,239920
catalog_sales,239921
catalog_sales,239922
catalog_sales,239923
catalog_sales,239924
catalog_sales,239925
catalog_sales,239926
catalog_sales,239927
catalog_sales,239928
catalog_sales,239929
catalog_sales,239930
catalog_sales,239931
catalog_sales,239932
catalog_sales,239933
catalog_sales,239934
catalog_sales,239935
catalog_sales,239936
catalog_sales,239937
catalog_sales,239938
catalog_sales,239939
catalog_sales,239940
catalog_sales,239941
catalog_sales,239942
catalog_sales,239943
catalog_sales,239944
catalog_sales,239945
catalog_sales,239946
catalog_sales,239947
catalog_sales,239948
catalog_sales,239949
catalog_sales,239950
catalog_sales,239951
catalog_sales,239952
catalog_sales,239953
catalog_sales,239954
catalog_sales,239955
catalog_sales,239956
catalog_sales,239957
catalog_sales,239958
catalog_sales,239959
catalog_sales,239960
catalog_sales,239961
catalog_sales,239962
catalog_sales,239963
catalog_sales,239964
catalog_sales,239965
catalog_sales,239966
catalog_sales,239967
catalog_sales,239968
catalog_sales,239969
catalog_sales,239970
catalog_sales,239971
catalog_sales,239972
catalog_sales,239973
catalog_sales,239974
catalog_sales,239975
catalog_sales,239976
catalog_sales,239977
catalog_sales,239978
catalog_sales,239979
catalog_sales,239980
catalog_sales,239981
catalog_sales,239982
catalog_sales,239983
catalog_sales,239984
catalog_sales,239985
catalog_sales,239986
catalog_sales,239987
catalog_sales,239988
catalog_sales,239989
catalog_sales,239990
catalog_sales,239991
catalog_sales,239992
catalog_sales,239993
catalog_sales,239994
catalog_sales,239995
catalog_sales,239996
catalog_sales,239997
catalog_sales,239998
catalog_sales,239999
catalog_sales,240000
catalog_sales,240001
catalog_sales,240002
catalog_sales,240003
catalog_sales,240004
catalog_sales,240005
catalog_sales,240006
catalog_sales,240007
catalog_sales,240008
catalog_sales,240009
catalog_sales,240010
catalog_sales,240011
catalog_sales,240012
catalog_sales,240013
catalog_sales,240014
catalog_sales,240015
catalog_sales,240016
catalog_sales,240017
catalog_sales,240018
catalog_sales,240019
catalog_sales,240020
catalog_sales,240021
catalog_sales,240022
catalog_sales,240023
catalog_sales,240024
catalog_sales,240025
catalog_sales,240026
catalog_sales,240027
catalog_sales,240028
catalog_sales,240029
catalog_sales,240030
catalog_sales,240031
catalog_sales,240032
catalog_sales,240033
catalog_sales,240034
catalog_sales,240035
catalog_sales,240036
catalog_sales,240037
catalog_sales,240038
catalog_sales,240039
catalog_sales,240040
catalog_sales,240041
catalog_sales,240042
catalog_sales,240043
catalog_sales,240044
catalog_sales,240045
catalog_sales,240046
catalog_sales,240047
catalog_sales,240048
catalog_sales,240049
catalog_sales,240050
catalog_sales,240051
catalog_sales,240052
catalog_sales,240053
catalog_sales,240054
catalog_sales,240055
catalog_sales,240056
catalog_sales,240057
catalog_sales,240058
catalog_sales,240059
catalog_sales,240060
catalog_sales,240061
catalog_sales,240062
catalog_sales,240063
catalog_sales,240064
catalog_sales,240065
catalog_sales,240066
catalog_sales,240067
catalog_sales,240068
catalog_sales,240069
catalog_sales,240070
catalog_sales,240071
catalog_sales,240072
catalog_sales,240073
catalog_sales,240074
catalog_sales,240075
catalog_sales,240076
catalog_sales,240077
catalog_sales,240078
catalog_sales,240079
catalog_sales,240080
catalog_sales,240081
catalog_sales,240082
catalog_sales,240083
catalog_sales,240084
catalog_sales,240085
catalog_sales,240086
catalog_sales,240087
catalog_sales,240088
catalog_sales,240089
catalog_sales,240090
catalog_sales,240091
catalog_sales,240092
catalog_sales,240093
catalog_sales,240094
catalog_sales,240095
catalog_sales,240096
catalog_sales,240097
catalog_sales,240098
catalog_sales,240099
catalog_sales,240100
catalog_sales,240101
catalog_sales,240102
catalog_sales,240103
catalog_sales,240104
catalog_sales,240105
catalog_sales,240106
catalog_sales,240107
catalog_sales,240108
catalog_sales,240109
catalog_sales,240110
catalog_sales,240111
catalog_sales,240112
catalog_sales,240113
catalog_sales,240114
catalog_sales,240115
catalog_sales,240116
catalog_sales,240117
catalog_sales,240118
catalog_sales,240119
catalog_sales,240120
catalog_sales,240121
catalog_sales,240122
catalog_sales,240123
catalog_sales,240124
catalog_sales,240125
catalog_sales,240126
catalog_sales,240127
catalog_sales,240128
catalog_sales,240129
catalog_sales,240130
catalog_sales,240131
catalog_sales,240132
catalog_sales,240133
catalog_sales,240134
catalog_sales,240135
catalog_sales,240136
catalog_sales,240137
catalog_sales,240138
catalog_sales,240139
catalog_sales,240140
catalog_sales,240141
catalog_sales,240142
catalog_sales,240143
catalog_sales,240144
catalog_sales,240145
catalog_sales,240146
catalog_sales,240147
catalog_sales,240148
catalog_sales,240149
catalog_sales,240150
catalog_sales,240151
catalog_sales,240152
catalog_sales,240153
catalog_sales,240154
catalog_sales,240155
catalog_sales,240156
catalog_sales,240157
catalog_sales,240158
catalog_sales,240159
catalog_sales,240160
catalog_sales,240161
catalog_sales,240162
catalog_sales,240163
catalog_sales,240164
catalog_sales,240165
catalog_sales,240166
catalog_sales,240167
catalog_sales,240168
catalog_sales,240169
catalog_sales,240170
catalog_sales,240171
catalog_sales,240172
catalog_sales,240173
catalog_sales,240174
catalog_sales,240175
catalog_sales,240176
catalog_sales,240177
catalog_sales,240178
catalog_sales,240179
catalog_sales,240180
catalog_sales,240181
catalog_sales,240182
catalog_sales,240183
catalog_sales,240184
catalog_sales,240185
catalog_sales,240186
catalog_sales,240187
catalog_sales,240188
catalog_sales,240189
catalog_sales,240190
catalog_sales,240191
catalog_sales,240192
catalog_sales,240193
catalog_sales,240194
catalog_sales,240195
catalog_sales,240196
catalog_sales,240197
catalog_sales,240198
catalog_sales,240199
catalog_sales,240200
catalog_sales,240201
catalog_sales,240202
catalog_sales,240203
catalog_sales,240204
catalog_sales,240205
catalog_sales,240206
catalog_sales,240207
catalog_sales,240208
catalog_sales,240209
catalog_sales,240210
catalog_sales,240211
catalog_sales,240212
catalog_sales,240213
catalog_sales,240214
catalog_sales,240215
catalog_sales,240216
catalog_sales,240217
catalog_sales,240218
catalog_sales,240219
catalog_sales,240220
catalog_sales,240221
catalog_sales,240222
catalog_sales,240223
catalog_sales,240224
catalog_sales,240225
catalog_sales,240226
catalog_sales,240227
catalog_sales,240228
catalog_sales,240229
catalog_sales,240230
catalog_sales,240231
catalog_sales,240232
catalog_sales,240233
catalog_sales,240234
catalog_sales,240235
catalog_sales,240236
catalog_sales,240237
catalog_sales,240238
catalog_sales,240239
catalog_sales,240240
catalog_sales,240241
catalog_sales,240242
catalog_sales,240243
catalog_sales,240244
catalog_sales,240245
catalog_sales,240246
catalog_sales,240247
catalog_sales,240248
catalog_sales,240249
catalog_sales,240250
catalog_sales,240251
catalog_sales,240252
catalog_sales,240253
catalog_sales,240254
catalog_sales,240255
catalog_sales,240256
catalog_sales,240257
catalog_sales,240258
catalog_sales,240259
catalog_sales,240260
catalog_sales,240261
catalog_sales,240262
catalog_sales,240263
catalog_sales,240264
catalog_sales,240265
catalog_sales,240266
catalog_sales,240267
catalog_sales,240268
catalog_sales,240269
catalog_sales,240270
catalog_sales,240271
catalog_sales,240272
catalog_sales,240273
catalog_sales,240274
catalog_sales,240275
catalog_sales,240276
catalog_sales,240277
catalog_sales,240278
catalog_sales,240279
catalog_sales,240280
catalog_sales,240281
catalog_sales,240282
catalog_sales,240283
catalog_sales,240284
catalog_sales,240285
catalog_sales,240286
catalog_sales,240287
catalog_sales,240288
catalog_sales,240289
catalog_sales,240290
catalog_sales,240291
catalog_sales,240292
catalog_sales,240293
catalog_sales,240294
catalog_sales,240295
catalog_sales,240296
catalog_sales,240297
catalog_sales,240298
catalog_sales,240299
catalog_sales,240300
catalog_sales,240301
catalog_sales,240302
catalog_sales,240303
catalog_sales,240304
catalog_sales,240305
catalog_sales,240306
catalog_sales,240307
catalog_sales,240308
catalog_sales,240309
catalog_sales,240310
catalog_sales,240311
catalog_sales,240312
catalog_sales,240313
catalog_sales,240314
catalog_sales,240315
catalog_sales,240316
catalog_sales,240317
catalog_sales,240318
catalog_sales,240319
catalog_sales,240320
catalog_sales,240321
catalog_sales,240322
catalog_sales,240323
catalog_sales,240324
catalog_sales,240325
catalog_sales,240326
catalog_sales,240327
catalog_sales,240328
catalog_sales,240329
catalog_sales,240330
catalog_sales,240331
catalog_sales,240332
catalog_sales,240333
catalog_sales,240334
catalog_sales,240335
catalog_sales,240336
catalog_sales,240337
catalog_sales,240338
catalog_sales,240339
catalog_sales,240340
catalog_sales,240341
catalog_sales,240342
catalog_sales,240343
catalog_sales,240344
catalog_sales,240345
catalog_sales,240346
catalog_sales,240347
catalog_sales,240348
catalog_sales,240349
catalog_sales,240350
catalog_sales,240351
catalog_sales,240352
catalog_sales,240353
catalog_sales,240354
catalog_sales,240355
catalog_sales,240356
catalog_sales,240357
catalog_sales,240358
catalog_sales,240359
catalog_sales,240360
catalog_sales,240361
catalog_sales,240362
catalog_sales,240363
catalog_sales,240364
catalog_sales,240365
catalog_sales,240366
catalog_sales,240367
catalog_sales,240368
catalog_sales,240369
catalog_sales,240370
catalog_sales,240371
catalog_sales,240372
catalog_sales,240373
catalog_sales,240374
catalog_sales,240375
catalog_sales,240376
catalog_sales,240377
catalog_sales,240378
catalog_sales,240379
catalog_sales,240380
catalog_sales,240381
catalog_sales,240382
catalog_sales,240383
catalog_sales,240384
catalog_sales,240385
catalog_sales,240386
catalog_sales,240387
catalog_sales,240388
catalog_sales,240389
catalog_sales,240390
catalog_sales,240391
catalog_sales,240392
catalog_sales,240393
catalog_sales,240394
catalog_sales,240395
catalog_sales,240396
catalog_sales,240397
catalog_sales,240398
catalog_sales,240399
catalog_sales,240400
catalog_sales,240401
catalog_sales,240402
catalog_sales,240403
catalog_sales,240404
catalog_sales,240405
catalog_sales,240406
catalog_sales,240407
catalog_sales,240408
catalog_sales,240409
catalog_sales,240410
catalog_sales,240411
catalog_sales,240412
catalog_sales,240413
catalog_sales,240414
catalog_sales,240415
catalog_sales,240416
catalog_sales,240417
catalog_sales,240418
catalog_sales,240419
catalog_sales,240420
catalog_sales,240421
catalog_sales,240422
catalog_sales,240423
catalog_sales,240424
catalog_sales,240425
catalog_sales,240426
catalog_sales,240427
catalog_sales,240428
catalog_sales,240429
catalog_sales,240430
catalog_sales,240431
catalog_sales,240432
catalog_sales,240433
catalog_sales,240434
catalog_sales,240435
catalog_sales,240436
catalog_sales,240437
catalog_sales,240438
catalog_sales,240439
catalog_sales,240440
catalog_sales,240441
catalog_sales,240442
catalog_sales,240443
catalog_sales,240444
catalog_sales,240445
catalog_sales,240446
catalog_sales,240447
catalog_sales,240448
catalog_sales,240449
catalog_sales,240450
catalog_sales,240451
catalog_sales,240452
catalog_sales,240453
catalog_sales,240454
catalog_sales,240455
catalog_sales,240456
catalog_sales,240457
catalog_sales,240458
catalog_sales,240459
catalog_sales,240460
catalog_sales,240461
catalog_sales,240462
catalog_sales,240463
catalog_sales,240464
catalog_sales,240465
catalog_sales,240466
catalog_sales,240467
catalog_sales,240468
catalog_sales,240469
catalog_sales,240470
catalog_sales,240471
catalog_sales,240472
catalog_sales,240473
catalog_sales,240474
catalog_sales,240475
catalog_sales,240476
catalog_sales,240477
catalog_sales,240478
catalog_sales,240479
catalog_sales,240480
catalog_sales,240481
catalog_sales,240482
catalog_sales,240483
catalog_sales,240484
catalog_sales,240485
catalog_sales,240486
catalog_sales,240487
catalog_sales,240488
catalog_sales,240489
catalog_sales,240490
catalog_sales,240491
catalog_sales,240492
catalog_sales,240493
catalog_sales,240494
catalog_sales,240495
catalog_sales,240496
catalog_sales,240497
catalog_sales,240498
catalog_sales,240499
catalog_sales,240500
catalog_sales,240501
catalog_sales,240502
catalog_sales,240503
catalog_sales,240504
catalog_sales,240505
catalog_sales,240506
catalog_sales,240507
catalog_sales,240508
catalog_sales,240509
catalog_sales,240510
catalog_sales,240511
catalog_sales,240512
catalog_sales,240513
catalog_sales,240514
catalog_sales,240515
catalog_sales,240516
catalog_sales,240517
catalog_sales,240518
catalog_sales,240519
catalog_sales,240520
catalog_sales,240521
catalog_sales,240522
catalog_sales,240523
catalog_sales,240524
catalog_sales,240525
catalog_sales,240526
catalog_sales,240527
catalog_sales,240528
catalog_sales,240529
catalog_sales,240530
catalog_sales,240531
catalog_sales,240532
catalog_sales,240533
catalog_sales,240534
catalog_sales,240535
catalog_sales,240536
catalog_sales,240537
catalog_sales,240538
catalog_sales,240539
catalog_sales,240540
catalog_sales,240541
catalog_sales,240542
catalog_sales,240543
catalog_sales,240544
catalog_sales,240545
catalog_sales,240546
catalog_sales,240547
catalog_sales,240548
catalog_sales,240549
catalog_sales,240550
catalog_sales,240551
catalog_sales,240552
catalog_sales,240553
catalog_sales,240554
catalog_sales,240555
catalog_sales,240556
catalog_sales,240557
catalog_sales,240558
catalog_sales,240559
catalog_sales,240560
catalog_sales,240561
catalog_sales,240562
catalog_sales,240563
catalog_sales,240564
catalog_sales,240565
catalog_sales,240566
catalog_sales,240567
catalog_sales,240568
catalog_sales,240569
catalog_sales,240570
catalog_sales,240571
catalog_sales,240572
catalog_sales,240573
catalog_sales,240574
catalog_sales,240575
catalog_sales,240576
catalog_sales,240577
catalog_sales,240578
catalog_sales,240579
catalog_sales,240580
catalog_sales,240581
catalog_sales,240582
catalog_sales,240583
catalog_sales,240584
catalog_sales,240585
catalog_sales,240586
catalog_sales,240587
catalog_sales,240588
catalog_sales,240589
catalog_sales,240590
catalog_sales,240591
catalog_sales,240592
catalog_sales,240593
catalog_sales,240594
catalog_sales,240595
catalog_sales,240596
catalog_sales,240597
catalog_sales,240598
catalog_sales,240599
catalog_sales,240600
catalog_sales,240601
catalog_sales,240602
catalog_sales,240603
catalog_sales,240604
catalog_sales,240605
catalog_sales,240606
catalog_sales,240607
catalog_sales,240608
catalog_sales,240609
catalog_sales,240610
catalog_sales,240611
catalog_sales,240612
catalog_sales,240613
catalog_sales,240614
catalog_sales,240615
catalog_sales,240616
catalog_sales,240617
catalog_sales,240618
catalog_sales,240619
catalog_sales,240620
catalog_sales,240621
catalog_sales,240622
catalog_sales,240623
catalog_sales,240624
catalog_sales,240625
catalog_sales,240626
catalog_sales,240627
catalog_sales,240628
catalog_sales,240629
catalog_sales,240630
catalog_sales,240631
catalog_sales,240632
catalog_sales,240633
catalog_sales,240634
catalog_sales,240635
catalog_sales,240636
catalog_sales,240637
catalog_sales,240638
catalog_sales,240639
catalog_sales,240640
catalog_sales,240641
catalog_sales,240642
catalog_sales,240643
catalog_sales,240644
catalog_sales,240645
catalog_sales,240646
catalog_sales,240647
catalog_sales,240648
catalog_sales,240649
catalog_sales,240650
catalog_sales,240651
catalog_sales,240652
catalog_sales,240653
catalog_sales,240654
catalog_sales,240655
catalog_sales,240656
catalog_sales,240657
catalog_sales,240658
catalog_sales,240659
catalog_sales,240660
catalog_sales,240661
catalog_sales,240662
catalog_sales,240663
catalog_sales,240664
catalog_sales,240665
catalog_sales,240666
catalog_sales,240667
catalog_sales,240668
catalog_sales,240669
catalog_sales,240670
catalog_sales,240671
catalog_sales,240672
catalog_sales,240673
catalog_sales,240674
catalog_sales,240675
catalog_sales,240676
catalog_sales,240677
catalog_sales,240678
catalog_sales,240679
catalog_sales,240680
catalog_sales,240681
catalog_sales,240682
catalog_sales,240683
catalog_sales,240684
catalog_sales,240685
catalog_sales,240686
catalog_sales,240687
catalog_sales,240688
catalog_sales,240689
catalog_sales,240690
catalog_sales,240691
catalog_sales,240692
catalog_sales,240693
catalog_sales,240694
catalog_sales,240695
catalog_sales,240696
catalog_sales,240697
catalog_sales,240698
catalog_sales,240699
catalog_sales,240700
catalog_sales,240701
catalog_sales,240702
catalog_sales,240703
catalog_sales,240704
catalog_sales,240705
catalog_sales,240706
catalog_sales,240707
catalog_sales,240708
catalog_sales,240709
catalog_sales,240710
catalog_sales,240711
catalog_sales,240712
catalog_sales,240713
catalog_sales,240714
catalog_sales,240715
catalog_sales,240716
catalog_sales,240717
catalog_sales,240718
catalog_sales,240719
catalog_sales,240720
catalog_sales,240721
catalog_sales,240722
catalog_sales,240723
catalog_sales,240724
catalog_sales,240725
catalog_sales,240726
catalog_sales,240727
catalog_sales,240728
catalog_sales,240729
catalog_sales,240730
catalog_sales,240731
catalog_sales,240732
catalog_sales,240733
catalog_sales,240734
catalog_sales,240735
catalog_sales,240736
catalog_sales,240737
catalog_sales,240738
catalog_sales,240739
catalog_sales,240740
catalog_sales,240741
catalog_sales,240742
catalog_sales,240743
catalog_sales,240744
catalog_sales,240745
catalog_sales,240746
catalog_sales,240747
catalog_sales,240748
catalog_sales,240749
catalog_sales,240750
catalog_sales,240751
catalog_sales,240752
catalog_sales,240753
catalog_sales,240754
catalog_sales,240755
catalog_sales,240756
catalog_sales,240757
catalog_sales,240758
catalog_sales,240759
catalog_sales,240760
catalog_sales,240761
catalog_sales,240762
catalog_sales,240763
catalog_sales,240764
catalog_sales,240765
catalog_sales,240766
catalog_sales,240767
catalog_sales,240768
catalog_sales,240769
catalog_sales,240770
catalog_sales,240771
catalog_sales,240772
catalog_sales,240773
catalog_sales,240774
catalog_sales,240775
catalog_sales,240776
catalog_sales,240777
catalog_sales,240778
catalog_sales,240779
catalog_sales,240780
catalog_sales,240781
catalog_sales,240782
catalog_sales,240783
catalog_sales,240784
catalog_sales,240785
catalog_sales,240786
catalog_sales,240787
catalog_sales,240788
catalog_sales,240789
catalog_sales,240790
catalog_sales,240791
catalog_sales,240792
catalog_sales,240793
catalog_sales,240794
catalog_sales,240795
catalog_sales,240796
catalog_sales,240797
catalog_sales,240798
catalog_sales,240799
catalog_sales,240800
catalog_sales,240801
catalog_sales,240802
catalog_sales,240803
catalog_sales,240804
catalog_sales,240805
catalog_sales,240806
catalog_sales,240807
catalog_sales,240808
catalog_sales,240809
catalog_sales,240810
catalog_sales,240811
catalog_sales,240812
catalog_sales,240813
catalog_sales,240814
catalog_sales,240815
catalog_sales,240816
catalog_sales,240817
catalog_sales,240818
catalog_sales,240819
catalog_sales,240820
catalog_sales,240821
catalog_sales,240822
catalog_sales,240823
catalog_sales,240824
catalog_sales,240825
catalog_sales,240826
catalog_sales,240827
catalog_sales,240828
catalog_sales,240829
catalog_sales,240830
catalog_sales,240831
catalog_sales,240832
catalog_sales,240833
catalog_sales,240834
catalog_sales,240835
catalog_sales,240836
catalog_sales,240837
catalog_sales,240838
catalog_sales,240839
catalog_sales,240840
catalog_sales,240841
catalog_sales,240842
catalog_sales,240843
catalog_sales,240844
catalog_sales,240845
catalog_sales,240846
catalog_sales,240847
catalog_sales,240848
catalog_sales,240849
catalog_sales,240850
catalog_sales,240851
catalog_sales,240852
catalog_sales,240853
catalog_sales,240854
catalog_sales,240855
catalog_sales,240856
catalog_sales,240857
catalog_sales,240858
catalog_sales,240859
catalog_sales,240860
catalog_sales,240861
catalog_sales,240862
catalog_sales,240863
catalog_sales,240864
catalog_sales,240865
catalog_sales,240866
catalog_sales,240867
catalog_sales,240868
catalog_sales,240869
catalog_sales,240870
catalog_sales,240871
catalog_sales,240872
catalog_sales,240873
catalog_sales,240874
catalog_sales,240875
catalog_sales,240876
catalog_sales,240877
catalog_sales,240878
catalog_sales,240879
catalog_sales,240880
catalog_sales,240881
catalog_sales,240882
catalog_sales,240883
catalog_sales,240884
catalog_sales,240885
catalog_sales,240886
catalog_sales,240887
catalog_sales,240888
catalog_sales,240889
catalog_sales,240890
catalog_sales,240891
catalog_sales,240892
catalog_sales,240893
catalog_sales,240894
catalog_sales,240895
catalog_sales,240896
catalog_sales,240897
catalog_sales,240898
catalog_sales,240899
catalog_sales,240900
catalog_sales,240901
catalog_sales,240902
catalog_sales,240903
catalog_sales,240904
catalog_sales,240905
catalog_sales,240906
catalog_sales,240907
catalog_sales,240908
catalog_sales,240909
catalog_sales,240910
catalog_sales,240911
catalog_sales,240912
catalog_sales,240913
catalog_sales,240914
catalog_sales,240915
catalog_sales,240916
catalog_sales,240917
catalog_sales,240918
catalog_sales,240919
catalog_sales,240920
catalog_sales,240921
catalog_sales,240922
catalog_sales,240923
catalog_sales,240924
catalog_sales,240925
catalog_sales,240926
catalog_sales,240927
catalog_sales,240928
catalog_sales,240929
catalog_sales,240930
catalog_sales,240931
catalog_sales,240932
catalog_sales,240933
catalog_sales,240934
catalog_sales,240935
catalog_sales,240936
catalog_sales,240937
catalog_sales,240938
catalog_sales,240939
catalog_sales,240940
catalog_sales,240941
catalog_sales,240942
catalog_sales,240943
catalog_sales,240944
catalog_sales,240945
catalog_sales,240946
catalog_sales,240947
catalog_sales,240948
catalog_sales,240949
catalog_sales,240950
catalog_sales,240951
catalog_sales,240952
catalog_sales,240953
catalog_sales,240954
catalog_sales,240955
catalog_sales,240956
catalog_sales,240957
catalog_sales,240958
catalog_sales,240959
catalog_sales,240960
catalog_sales,240961
catalog_sales,240962
catalog_sales,240963
catalog_sales,240964
catalog_sales,240965
catalog_sales,240966
catalog_sales,240967
catalog_sales,240968
catalog_sales,240969
catalog_sales,240970
catalog_sales,240971
catalog_sales,240972
catalog_sales,240973
catalog_sales,240974
catalog_sales,240975
catalog_sales,240976
catalog_sales,240977
catalog_sales,240978
catalog_sales,240979
catalog_sales,240980
catalog_sales,240981
catalog_sales,240982
catalog_sales,240983
catalog_sales,240984
catalog_sales,240985
catalog_sales,240986
catalog_sales,240987
catalog_sales,240988
catalog_sales,240989
catalog_sales,240990
catalog_sales,240991
catalog_sales,240992
catalog_sales,240993
catalog_sales,240994
catalog_sales,240995
catalog_sales,240996
catalog_sales,240997
catalog_sales,240998
catalog_sales,240999
catalog_sales,241000
catalog_sales,241001
catalog_sales,241002
catalog_sales,241003
catalog_sales,241004
catalog_sales,241005
catalog_sales,241006
catalog_sales,241007
catalog_sales,241008
catalog_sales,241009
catalog_sales,241010
catalog_sales,241011
catalog_sales,241012
catalog_sales,241013
catalog_sales,241014
catalog_sales,241015
catalog_sales,241016
catalog_sales,241017
catalog_sales,241018
catalog_sales,241019
catalog_sales,241020
catalog_sales,241021
catalog_sales,241022
catalog_sales,241023
catalog_sales,241024
catalog_sales,241025
catalog_sales,241026
catalog_sales,241027
catalog_sales,241028
catalog_sales,241029
catalog_sales,241030
catalog_sales,241031
catalog_sales,241032
catalog_sales,241033
catalog_sales,241034
catalog_sales,241035
catalog_sales,241036
catalog_sales,241037
catalog_sales,241038
catalog_sales,241039
catalog_sales,241040
catalog_sales,241041
catalog_sales,241042
catalog_sales,241043
catalog_sales,241044
catalog_sales,241045
catalog_sales,241046
catalog_sales,241047
catalog_sales,241048
catalog_sales,241049
catalog_sales,241050
catalog_sales,241051
catalog_sales,241052
catalog_sales,241053
catalog_sales,241054
catalog_sales,241055
catalog_sales,241056
catalog_sales,241057
catalog_sales,241058
catalog_sales,241059
catalog_sales,241060
catalog_sales,241061
catalog_sales,241062
catalog_sales,241063
catalog_sales,241064
catalog_sales,241065
catalog_sales,241066
catalog_sales,241067
catalog_sales,241068
catalog_sales,241069
catalog_sales,241070
catalog_sales,241071
catalog_sales,241072
catalog_sales,241073
catalog_sales,241074
catalog_sales,241075
catalog_sales,241076
catalog_sales,241077
catalog_sales,241078
catalog_sales,241079
catalog_sales,241080
catalog_sales,241081
catalog_sales,241082
catalog_sales,241083
catalog_sales,241084
catalog_sales,241085
catalog_sales,241086
catalog_sales,241087
catalog_sales,241088
catalog_sales,241089
catalog_sales,241090
catalog_sales,241091
catalog_sales,241092
catalog_sales,241093
catalog_sales,241094
catalog_sales,241095
catalog_sales,241096
catalog_sales,241097
catalog_sales,241098
catalog_sales,241099
catalog_sales,241100
catalog_sales,241101
catalog_sales,241102
catalog_sales,241103
catalog_sales,241104
catalog_sales,241105
catalog_sales,241106
catalog_sales,241107
catalog_sales,241108
catalog_sales,241109
catalog_sales,241110
catalog_sales,241111
catalog_sales,241112
catalog_sales,241113
catalog_sales,241114
catalog_sales,241115
catalog_sales,241116
catalog_sales,241117
catalog_sales,241118
catalog_sales,241119
catalog_sales,241120
catalog_sales,241121
catalog_sales,241122
catalog_sales,241123
catalog_sales,241124
catalog_sales,241125
catalog_sales,241126
catalog_sales,241127
catalog_sales,241128
catalog_sales,241129
catalog_sales,241130
catalog_sales,241131
catalog_sales,241132
catalog_sales,241133
catalog_sales,241134
catalog_sales,241135
catalog_sales,241136
catalog_sales,241137
catalog_sales,241138
catalog_sales,241139
catalog_sales,241140
catalog_sales,241141
catalog_sales,241142
catalog_sales,241143
catalog_sales,241144
catalog_sales,241145
catalog_sales,241146
catalog_sales,241147
catalog_sales,241148
catalog_sales,241149
catalog_sales,241150
catalog_sales,241151
catalog_sales,241152
catalog_sales,241153
catalog_sales,241154
catalog_sales,241155
catalog_sales,241156
catalog_sales,241157
catalog_sales,241158
catalog_sales,241159
catalog_sales,241160
catalog_sales,241161
catalog_sales,241162
catalog_sales,241163
catalog_sales,241164
catalog_sales,241165
catalog_sales,241166
catalog_sales,241167
catalog_sales,241168
catalog_sales,241169
catalog_sales,241170
catalog_sales,241171
catalog_sales,241172
catalog_sales,241173
catalog_sales,241174
catalog_sales,241175
catalog_sales,241176
catalog_sales,241177
catalog_sales,241178
catalog_sales,241179
catalog_sales,241180
catalog_sales,241181
catalog_sales,241182
catalog_sales,241183
catalog_sales,241184
catalog_sales,241185
catalog_sales,241186
catalog_sales,241187
catalog_sales,241188
catalog_sales,241189
catalog_sales,241190
catalog_sales,241191
catalog_sales,241192
catalog_sales,241193
catalog_sales,241194
catalog_sales,241195
catalog_sales,241196
catalog_sales,241197
catalog_sales,241198
catalog_sales,241199
catalog_sales,241200
catalog_sales,241201
catalog_sales,241202
catalog_sales,241203
catalog_sales,241204
catalog_sales,241205
catalog_sales,241206
catalog_sales,241207
catalog_sales,241208
catalog_sales,241209
catalog_sales,241210
catalog_sales,241211
catalog_sales,241212
catalog_sales,241213
catalog_sales,241214
catalog_sales,241215
catalog_sales,241216
catalog_sales,241217
catalog_sales,241218
catalog_sales,241219
catalog_sales,241220
catalog_sales,241221
catalog_sales,241222
catalog_sales,241223
catalog_sales,241224
catalog_sales,241225
catalog_sales,241226
catalog_sales,241227
catalog_sales,241228
catalog_sales,241229
catalog_sales,241230
catalog_sales,241231
catalog_sales,241232
catalog_sales,241233
catalog_sales,241234
catalog_sales,241235
catalog_sales,241236
catalog_sales,241237
catalog_sales,241238
catalog_sales,241239
catalog_sales,241240
catalog_sales,241241
catalog_sales,241242
catalog_sales,241243
catalog_sales,241244
catalog_sales,241245
catalog_sales,241246
catalog_sales,241247
catalog_sales,241248
catalog_sales,241249
catalog_sales,241250
catalog_sales,241251
catalog_sales,241252
catalog_sales,241253
catalog_sales,241254
catalog_sales,241255
catalog_sales,241256
catalog_sales,241257
catalog_sales,241258
catalog_sales,241259
catalog_sales,241260
catalog_sales,241261
catalog_sales,241262
catalog_sales,241263
catalog_sales,241264
catalog_sales,241265
catalog_sales,241266
catalog_sales,241267
catalog_sales,241268
catalog_sales,241269
catalog_sales,241270
catalog_sales,241271
catalog_sales,241272
catalog_sales,241273
catalog_sales,241274
catalog_sales,241275
catalog_sales,241276
catalog_sales,241277
catalog_sales,241278
catalog_sales,241279
catalog_sales,241280
catalog_sales,241281
catalog_sales,241282
catalog_sales,241283
catalog_sales,241284
catalog_sales,241285
catalog_sales,241286
catalog_sales,241287
catalog_sales,241288
catalog_sales,241289
catalog_sales,241290
catalog_sales,241291
catalog_sales,241292
catalog_sales,241293
catalog_sales,241294
catalog_sales,241295
catalog_sales,241296
catalog_sales,241297
catalog_sales,241298
catalog_sales,241299
catalog_sales,241300
catalog_sales,241301
catalog_sales,241302
catalog_sales,241303
catalog_sales,241304
catalog_sales,241305
catalog_sales,241306
catalog_sales,241307
catalog_sales,241308
catalog_sales,241309
catalog_sales,241310
catalog_sales,241311
catalog_sales,241312
catalog_sales,241313
catalog_sales,241314
catalog_sales,241315
catalog_sales,241316
catalog_sales,241317
catalog_sales,241318
catalog_sales,241319
catalog_sales,241320
catalog_sales,241321
catalog_sales,241322
catalog_sales,241323
catalog_sales,241324
catalog_sales,241325
catalog_sales,241326
catalog_sales,241327
catalog_sales,241328
catalog_sales,241329
catalog_sales,241330
catalog_sales,241331
catalog_sales,241332
catalog_sales,241333
catalog_sales,241334
catalog_sales,241335
catalog_sales,241336
catalog_sales,241337
catalog_sales,241338
catalog_sales,241339
catalog_sales,241340
catalog_sales,241341
catalog_sales,241342
catalog_sales,241343
catalog_sales,241344
catalog_sales,241345
catalog_sales,241346
catalog_sales,241347
catalog_sales,241348
catalog_sales,241349
catalog_sales,241350
catalog_sales,241351
catalog_sales,241352
catalog_sales,241353
catalog_sales,241354
catalog_sales,241355
catalog_sales,241356
catalog_sales,241357
catalog_sales,241358
catalog_sales,241359
catalog_sales,241360
catalog_sales,241361
catalog_sales,241362
catalog_sales,241363
catalog_sales,241364
catalog_sales,241365
catalog_sales,241366
catalog_sales,241367
catalog_sales,241368
catalog_sales,241369
catalog_sales,241370
catalog_sales,241371
catalog_sales,241372
catalog_sales,241373
catalog_sales,241374
catalog_sales,241375
catalog_sales,241376
catalog_sales,241377
catalog_sales,241378
catalog_sales,241379
catalog_sales,241380
catalog_sales,241381
catalog_sales,241382
catalog_sales,241383
catalog_sales,241384
catalog_sales,241385
catalog_sales,241386
catalog_sales,241387
catalog_sales,241388
catalog_sales,241389
catalog_sales,241390
catalog_sales,241391
catalog_sales,241392
catalog_sales,241393
catalog_sales,241394
catalog_sales,241395
catalog_sales,241396
catalog_sales,241397
catalog_sales,241398
catalog_sales,241399
catalog_sales,241400
catalog_sales,241401
catalog_sales,241402
catalog_sales,241403
catalog_sales,241404
catalog_sales,241405
catalog_sales,241406
catalog_sales,241407
catalog_sales,241408
catalog_sales,241409
catalog_sales,241410
catalog_sales,241411
catalog_sales,241412
catalog_sales,241413
catalog_sales,241414
catalog_sales,241415
catalog_sales,241416
catalog_sales,241417
catalog_sales,241418
catalog_sales,241419
catalog_sales,241420
catalog_sales,241421
catalog_sales,241422
catalog_sales,241423
catalog_sales,241424
catalog_sales,241425
catalog_sales,241426
catalog_sales,241427
catalog_sales,241428
catalog_sales,241429
catalog_sales,241430
catalog_sales,241431
catalog_sales,241432
catalog_sales,241433
catalog_sales,241434
catalog_sales,241435
catalog_sales,241436
catalog_sales,241437
catalog_sales,241438
catalog_sales,241439
catalog_sales,241440
catalog_sales,241441
catalog_sales,241442
catalog_sales,241443
catalog_sales,241444
catalog_sales,241445
catalog_sales,241446
catalog_sales,241447
catalog_sales,241448
catalog_sales,241449
catalog_sales,241450
catalog_sales,241451
catalog_sales,241452
catalog_sales,241453
catalog_sales,241454
catalog_sales,241455
catalog_sales,241456
catalog_sales,241457
catalog_sales,241458
catalog_sales,241459
catalog_sales,241460
catalog_sales,241461
catalog_sales,241462
catalog_sales,241463
catalog_sales,241464
catalog_sales,241465
catalog_sales,241466
catalog_sales,241467
catalog_sales,241468
catalog_sales,241469
catalog_sales,241470
catalog_sales,241471
catalog_sales,241472
catalog_sales,241473
catalog_sales,241474
catalog_sales,241475
catalog_sales,241476
catalog_sales,241477
catalog_sales,241478
catalog_sales,241479
catalog_sales,241480
catalog_sales,241481
catalog_sales,241482
catalog_sales,241483
catalog_sales,241484
catalog_sales,241485
catalog_sales,241486
catalog_sales,241487
catalog_sales,241488
catalog_sales,241489
catalog_sales,241490
catalog_sales,241491
catalog_sales,241492
catalog_sales,241493
catalog_sales,241494
catalog_sales,241495
catalog_sales,241496
catalog_sales,241497
catalog_sales,241498
catalog_sales,241499
catalog_sales,241500
catalog_sales,241501
catalog_sales,241502
catalog_sales,241503
catalog_sales,241504
catalog_sales,241505
catalog_sales,241506
catalog_sales,241507
catalog_sales,241508
catalog_sales,241509
catalog_sales,241510
catalog_sales,241511
catalog_sales,241512
catalog_sales,241513
catalog_sales,241514
catalog_sales,241515
catalog_sales,241516
catalog_sales,241517
catalog_sales,241518
catalog_sales,241519
catalog_sales,241520
catalog_sales,241521
catalog_sales,241522
catalog_sales,241523
catalog_sales,241524
catalog_sales,241525
catalog_sales,241526
catalog_sales,241527
catalog_sales,241528
catalog_sales,241529
catalog_sales,241530
catalog_sales,241531
catalog_sales,241532
catalog_sales,241533
catalog_sales,241534
catalog_sales,241535
catalog_sales,241536
catalog_sales,241537
catalog_sales,241538
catalog_sales,241539
catalog_sales,241540
catalog_sales,241541
catalog_sales,241542
catalog_sales,241543
catalog_sales,241544
catalog_sales,241545
catalog_sales,241546
catalog_sales,241547
catalog_sales,241548
catalog_sales,241549
catalog_sales,241550
catalog_sales,241551
catalog_sales,241552
catalog_sales,241553
catalog_sales,241554
catalog_sales,241555
catalog_sales,241556
catalog_sales,241557
catalog_sales,241558
catalog_sales,241559
catalog_sales,241560
catalog_sales,241561
catalog_sales,241562
catalog_sales,241563
catalog_sales,241564
catalog_sales,241565
catalog_sales,241566
catalog_sales,241567
catalog_sales,241568
catalog_sales,241569
catalog_sales,241570
catalog_sales,241571
catalog_sales,241572
catalog_sales,241573
catalog_sales,241574
catalog_sales,241575
catalog_sales,241576
catalog_sales,241577
catalog_sales,241578
catalog_sales,241579
catalog_sales,241580
catalog_sales,241581
catalog_sales,241582
catalog_sales,241583
catalog_sales,241584
catalog_sales,241585
catalog_sales,241586
catalog_sales,241587
catalog_sales,241588
catalog_sales,241589
catalog_sales,241590
catalog_sales,241591
catalog_sales,241592
catalog_sales,241593
catalog_sales,241594
catalog_sales,241595
catalog_sales,241596
catalog_sales,241597
catalog_sales,241598
catalog_sales,241599
catalog_sales,241600
catalog_sales,241601
catalog_sales,241602
catalog_sales,241603
catalog_sales,241604
catalog_sales,241605
catalog_sales,241606
catalog_sales,241607
catalog_sales,241608
catalog_sales,241609
catalog_sales,241610
catalog_sales,241611
catalog_sales,241612
catalog_sales,241613
catalog_sales,241614
catalog_sales,241615
catalog_sales,241616
catalog_sales,241617
catalog_sales,241618
catalog_sales,241619
catalog_sales,241620
catalog_sales,241621
catalog_sales,241622
catalog_sales,241623
catalog_sales,241624
catalog_sales,241625
catalog_sales,241626
catalog_sales,241627
catalog_sales,241628
catalog_sales,241629
catalog_sales,241630
catalog_sales,241631
catalog_sales,241632
catalog_sales,241633
catalog_sales,241634
catalog_sales,241635
catalog_sales,241636
catalog_sales,241637
catalog_sales,241638
catalog_sales,241639
catalog_sales,241640
catalog_sales,241641
catalog_sales,241642
catalog_sales,241643
catalog_sales,241650
catalog_sales,241671
catalog_sales,241718
catalog_sales,241734
catalog_sales,241758
catalog_sales,241774
catalog_sales,241798
catalog_sales,241810
catalog_sales,241839
catalog_sales,241846
catalog_sales,241849
catalog_sales,241874
catalog_sales,241883
catalog_sales,241906
catalog_sales,241922
catalog_sales,241945
catalog_sales,241946
catalog_sales,241952
catalog_sales,241983
catalog_sales,241989
catalog_sales,242041
catalog_sales,242051
catalog_sales,242072
catalog_sales,242081
catalog_sales,242140
catalog_sales,242150
catalog_sales,242158
catalog_sales,242169
catalog_sales,242175
catalog_sales,242180
catalog_sales,242181
catalog_sales,242239
catalog_sales,242244
catalog_sales,242254
catalog_sales,242287
catalog_sales,242326
catalog_sales,242394
catalog_sales,242402
catalog_sales,242439
catalog_sales,242483
catalog_sales,242512
catalog_sales,242532
catalog_sales,242543
catalog_sales,242551
catalog_sales,242559
catalog_sales,242598
catalog_sales,242604
catalog_sales,242631
catalog_sales,242637
catalog_sales,242687
catalog_sales,242695
catalog_sales,242725
catalog_sales,242739
catalog_sales,242821
catalog_sales,242834
catalog_sales,242845
catalog_sales,242865
catalog_sales,242875
catalog_sales,242898
catalog_sales,242906
catalog_sales,242911
catalog_sales,242935
catalog_sales,243018
catalog_sales,243022
catalog_sales,243056
catalog_sales,243092
catalog_sales,243144
catalog_sales,243181
catalog_sales,243211
catalog_sales,243217
catalog_sales,243260
catalog_sales,243329
catalog_sales,243344
catalog_sales,243358
catalog_sales,243406
catalog_sales,243409
catalog_sales,243430
catalog_sales,243466
catalog_sales,243539
catalog_sales,243584
catalog_sales,243641
catalog_sales,243655
catalog_sales,243802
catalog_sales,243830
catalog_sales,243858
catalog_sales,243862
catalog_sales,243869
catalog_sales,243877
catalog_sales,243912
catalog_sales,243933
catalog_sales,243945
catalog_sales,243984
catalog_sales,243993
catalog_sales,244037
catalog_sales,244055
catalog_sales,244069
catalog_sales,244070
catalog_sales,244092
catalog_sales,244128
catalog_sales,244147
catalog_sales,244193
catalog_sales,244222
catalog_sales,244240
catalog_sales,244315
catalog_sales,244318
catalog_sales,244346
catalog_sales,244381
catalog_sales,244407
catalog_sales,244424
catalog_sales,244457
catalog_sales,244576
catalog_sales,244582
catalog_sales,244585
catalog_sales,244604
catalog_sales,244631
catalog_sales,244670
catalog_sales,244677
catalog_sales,244691
catalog_sales,244694
catalog_sales,244772
catalog_sales,244788
catalog_sales,244807
catalog_sales,244818
catalog_sales,244848
catalog_sales,244852
catalog_sales,244858
catalog_sales,244930
catalog_sales,244942
catalog_sales,244972
catalog_sales,245068
catalog_sales,245069
catalog_sales,245109
catalog_sales,245115
catalog_sales,245116
catalog_sales,245124
catalog_sales,245176
catalog_sales,245200
catalog_sales,245209
catalog_sales,245212
catalog_sales,245247
catalog_sales,245271
catalog_sales,245326
catalog_sales,245389
catalog_sales,245401
catalog_sales,245407
catalog_sales,245422
catalog_sales,245423
catalog_sales,245446
catalog_sales,245448
catalog_sales,245461
catalog_sales,245469
catalog_sales,245502
catalog_sales,245523
catalog_sales,245544
catalog_sales,245589
catalog_sales,245607
catalog_sales,245617
catalog_sales,245698
catalog_sales,245722
catalog_sales,245743
catalog_sales,245808
catalog_sales,245818
catalog_sales,245868
catalog_sales,245899
catalog_sales,245918
catalog_sales,245931
catalog_sales,246045
catalog_sales,246050
catalog_sales,246052
catalog_sales,246053
catalog_sales,246162
catalog_sales,246227
catalog_sales,246237
catalog_sales,246246
catalog_sales,246327
catalog_sales,246332
catalog_sales,246350
catalog_sales,246405
catalog_sales,246421
catalog_sales,246433
catalog_sales,246451
catalog_sales,246485
catalog_sales,246553
catalog_sales,246557
catalog_sales,246579
catalog_sales,246663
catalog_sales,246684
catalog_sales,246710
catalog_sales,246728
catalog_sales,246736
catalog_sales,246755
catalog_sales,246782
catalog_sales,246827
catalog_sales,246861
catalog_sales,246913
catalog_sales,246920
catalog_sales,247009
catalog_sales,247034
catalog_sales,247063
catalog_sales,247075
catalog_sales,247109
catalog_sales,247168
catalog_sales,247173
catalog_sales,247174
catalog_sales,247183
catalog_sales,247211
catalog_sales,247212
catalog_sales,247215
catalog_sales,247289
catalog_sales,247291
catalog_sales,247305
catalog_sales,247316
catalog_sales,247320
catalog_sales,247348
catalog_sales,247356
catalog_sales,247399
catalog_sales,247424
catalog_sales,247425
catalog_sales,247467
catalog_sales,247525
catalog_sales,247620
catalog_sales,247630
catalog_sales,247649
catalog_sales,247671
catalog_sales,247684
catalog_sales,247688
catalog_sales,247705
catalog_sales,247706
catalog_sales,247774
catalog_sales,247798
catalog_sales,247802
catalog_sales,247853
catalog_sales,247854
catalog_sales,247867
catalog_sales,247878
catalog_sales,248011
catalog_sales,248025
catalog_sales,248028
catalog_sales,248067
catalog_sales,248088
catalog_sales,248099
catalog_sales,248132
catalog_sales,248178
catalog_sales,248187
catalog_sales,248215
catalog_sales,248263
catalog_sales,248279
catalog_sales,248289
catalog_sales,248302
catalog_sales,248328
catalog_sales,248348
catalog_sales,248371
catalog_sales,248414
catalog_sales,248433
catalog_sales,248456
catalog_sales,248487
catalog_sales,248491
catalog_sales,248555
catalog_sales,248578
catalog_sales,248750
catalog_sales,248772
catalog_sales,248773
catalog_sales,248808
catalog_sales,248854
catalog_sales,248870
catalog_sales,248880
catalog_sales,248904
catalog_sales,248940
catalog_sales,248944
catalog_sales,248950
catalog_sales,248987
catalog_sales,249015
catalog_sales,249047
catalog_sales,249057
catalog_sales,249096
catalog_sales,249210
catalog_sales,249240
catalog_sales,249244
catalog_sales,249249
catalog_sales,249349
catalog_sales,249355
catalog_sales,249397
catalog_sales,249398
catalog_sales,249461
catalog_sales,249466
catalog_sales,249476
catalog_sales,249537
catalog_sales,249557
catalog_sales,249571
catalog_sales,249634
catalog_sales,249684
catalog_sales,249721
catalog_sales,249724
catalog_sales,249798
catalog_sales,249800
catalog_sales,249808
catalog_sales,249826
catalog_sales,249834
catalog_sales,249880
catalog_sales,249919
catalog_sales,249943
catalog_sales,249944
catalog_sales,249968
catalog_sales,250004
catalog_sales,250020
catalog_sales,250029
catalog_sales,250035
catalog_sales,250042
catalog_sales,250084
catalog_sales,250110
catalog_sales,250153
catalog_sales,250207
catalog_sales,250240
catalog_sales,250298
catalog_sales,250338
catalog_sales,250347
catalog_sales,250387
catalog_sales,250435
catalog_sales,250457
catalog_sales,250482
catalog_sales,250492
catalog_sales,250501
catalog_sales,250511
catalog_sales,250515
catalog_sales,250587
catalog_sales,250602
catalog_sales,250620
catalog_sales,250621
catalog_sales,250631
catalog_sales,250698
catalog_sales,250712
catalog_sales,250790
catalog_sales,250894
catalog_sales,250899
catalog_sales,250910
catalog_sales,250986
catalog_sales,250987
catalog_sales,250992
catalog_sales,251028
catalog_sales,251055
catalog_sales,251073
catalog_sales,251120
catalog_sales,251138
catalog_sales,251177
catalog_sales,251193
catalog_sales,251339
catalog_sales,251351
catalog_sales,251355
catalog_sales,251369
catalog_sales,251372
catalog_sales,251392
catalog_sales,251415
catalog_sales,251437
catalog_sales,251485
catalog_sales,251505
catalog_sales,251575
catalog_sales,251591
catalog_sales,251610
catalog_sales,251611
catalog_sales,251689
catalog_sales,251716
catalog_sales,251738
catalog_sales,251775
catalog_sales,251806
catalog_sales,251833
catalog_sales,251855
catalog_sales,251922
catalog_sales,251931
catalog_sales,252032
catalog_sales,252045
catalog_sales,252081
catalog_sales,252106
catalog_sales,252133
catalog_sales,252176
catalog_sales,252185
catalog_sales,252218
catalog_sales,252220
catalog_sales,252295
catalog_sales,252300
catalog_sales,252324
catalog_sales,252327
catalog_sales,252340
catalog_sales,252368
catalog_sales,252383
catalog_sales,252388
catalog_sales,252412
catalog_sales,252420
catalog_sales,252422
catalog_sales,252480
catalog_sales,252505
catalog_sales,252508
catalog_sales,252545
catalog_sales,252559
catalog_sales,252577
catalog_sales,252584
catalog_sales,252642
catalog_sales,252711
catalog_sales,252736
catalog_sales,252782
catalog_sales,252789
catalog_sales,252844
catalog_sales,252865
catalog_sales,252878
catalog_sales,252920
catalog_sales,252962
catalog_sales,252966
catalog_sales,253152
catalog_sales,253160
catalog_sales,253163
catalog_sales,253247
catalog_sales,253259
catalog_sales,253317
catalog_sales,253343
catalog_sales,253390
catalog_sales,253439
catalog_sales,253469
catalog_sales,253514
catalog_sales,253526
catalog_sales,253532
catalog_sales,253554
catalog_sales,253573
catalog_sales,253605
catalog_sales,253612
catalog_sales,253635
catalog_sales,253688
catalog_sales,253828
catalog_sales,253853
catalog_sales,253904
catalog_sales,253908
catalog_sales,253932
catalog_sales,253945
catalog_sales,254000
catalog_sales,254008
catalog_sales,254064
catalog_sales,254066
catalog_sales,254118
catalog_sales,254132
catalog_sales,254139
catalog_sales,254150
catalog_sales,254182
catalog_sales,254200
catalog_sales,254204
catalog_sales,254223
catalog_sales,254246
catalog_sales,254265
catalog_sales,254304
catalog_sales,254334
catalog_sales,254361
catalog_sales,254380
catalog_sales,254440
catalog_sales,254457
catalog_sales,254477
catalog_sales,254528
catalog_sales,254565
catalog_sales,254611
catalog_sales,254618
catalog_sales,254663
catalog_sales,254667
catalog_sales,254690
catalog_sales,254696
catalog_sales,254723
catalog_sales,254733
catalog_sales,254736
catalog_sales,254738
catalog_sales,254902
catalog_sales,254903
catalog_sales,254918
catalog_sales,254965
catalog_sales,255002
catalog_sales,255015
catalog_sales,255040
catalog_sales,255082
catalog_sales,255119
catalog_sales,255142
catalog_sales,255150
catalog_sales,255174
catalog_sales,255195
catalog_sales,255292
catalog_sales,255317
catalog_sales,255328
catalog_sales,255342
catalog_sales,255368
catalog_sales,255410
catalog_sales,255475
catalog_sales,255515
catalog_sales,255550
catalog_sales,255552
catalog_sales,255554
catalog_sales,255590
catalog_sales,255631
catalog_sales,255645
catalog_sales,255680
catalog_sales,255686
catalog_sales,255692
catalog_sales,255698
catalog_sales,255716
catalog_sales,255717
catalog_sales,255718
catalog_sales,255740
catalog_sales,255754
catalog_sales,255777
catalog_sales,255814
catalog_sales,255818
catalog_sales,255886
catalog_sales,255914
catalog_sales,255922
catalog_sales,256053
catalog_sales,256067
catalog_sales,256081
catalog_sales,256115
catalog_sales,256162
catalog_sales,256175
catalog_sales,256178
catalog_sales,256209
catalog_sales,256211
catalog_sales,256277
catalog_sales,256296
catalog_sales,256329
catalog_sales,256357
catalog_sales,256364
catalog_sales,256374
catalog_sales,256388
catalog_sales,256442
catalog_sales,256453
catalog_sales,256467
catalog_sales,256615
catalog_sales,256714
catalog_sales,256733
catalog_sales,256832
catalog_sales,256902
catalog_sales,256910
catalog_sales,256911
catalog_sales,256918
catalog_sales,256968
catalog_sales,256996
catalog_sales,257044
catalog_sales,257047
catalog_sales,257085
catalog_sales,257105
catalog_sales,257108
catalog_sales,257121
catalog_sales,257131
catalog_sales,257168
catalog_sales,257207
catalog_sales,257233
catalog_sales,257246
catalog_sales,257273
catalog_sales,257395
catalog_sales,257396
catalog_sales,257532
catalog_sales,257559
catalog_sales,257584
catalog_sales,257588
catalog_sales,257724
catalog_sales,257730
catalog_sales,257745
catalog_sales,257810
catalog_sales,257833
catalog_sales,257868
catalog_sales,257907
catalog_sales,257991
catalog_sales,257997
catalog_sales,258001
catalog_sales,258025
catalog_sales,258068
catalog_sales,258091
catalog_sales,258118
catalog_sales,258136
catalog_sales,258153
catalog_sales,258169
catalog_sales,258191
catalog_sales,258219
catalog_sales,258239
catalog_sales,258318
catalog_sales,258331
catalog_sales,258348
catalog_sales,258355
catalog_sales,258369
catalog_sales,258416
catalog_sales,258423
catalog_sales,258448
catalog_sales,258455
catalog_sales,258500
catalog_sales,258526
catalog_sales,258557
catalog_sales,258568
catalog_sales,258620
catalog_sales,258727
catalog_sales,258754
catalog_sales,258800
catalog_sales,258814
catalog_sales,258843
catalog_sales,258875
catalog_sales,258923
catalog_sales,258947
catalog_sales,258990
catalog_sales,259030
catalog_sales,259037
catalog_sales,259042
catalog_sales,259053
catalog_sales,259072
catalog_sales,259114
catalog_sales,259154
catalog_sales,259201
catalog_sales,259226
catalog_sales,259248
catalog_sales,259254
catalog_sales,259281
catalog_sales,259324
catalog_sales,259347
catalog_sales,259444
catalog_sales,259479
catalog_sales,259689
catalog_sales,259716
catalog_sales,259785
catalog_sales,259814
catalog_sales,259816
catalog_sales,259820
catalog_sales,259846
catalog_sales,259864
catalog_sales,260000
catalog_sales,260026
catalog_sales,260027
catalog_sales,260052
catalog_sales,260069
catalog_sales,260077
catalog_sales,260125
catalog_sales,260129
catalog_sales,260150
catalog_sales,260198
catalog_sales,260204
catalog_sales,260238
catalog_sales,260241
catalog_sales,260246
catalog_sales,260258
catalog_sales,260296
catalog_sales,260356
catalog_sales,260372
catalog_sales,260429
catalog_sales,260441
catalog_sales,260491
catalog_sales,260493
catalog_sales,260496
catalog_sales,260537
catalog_sales,260587
catalog_sales,260697
catalog_sales,260711
catalog_sales,260723
catalog_sales,260750
catalog_sales,260764
catalog_sales,260791
catalog_sales,260818
catalog_sales,260940
catalog_sales,260979
catalog_sales,260981
catalog_sales,260991
catalog_sales,260992
catalog_sales,261015
catalog_sales,261054
catalog_sales,261085
catalog_sales,261087
catalog_sales,261088
catalog_sales,261130
catalog_sales,261132
catalog_sales,261150
catalog_sales,261178
catalog_sales,261201
catalog_sales,261204
catalog_sales,261213
catalog_sales,261239
catalog_sales,261332
catalog_sales,261351
catalog_sales,261353
catalog_sales,261356
catalog_sales,261367
catalog_sales,261375
catalog_sales,261388
catalog_sales,261413
catalog_sales,261416
catalog_sales,261428
catalog_sales,261446
catalog_sales,261458
catalog_sales,261467
catalog_sales,261490
catalog_sales,261502
catalog_sales,261520
catalog_sales,261542
catalog_sales,261602
catalog_sales,261608
catalog_sales,261711
catalog_sales,261728
catalog_sales,261733
catalog_sales,261754
catalog_sales,261790
catalog_sales,261832
catalog_sales,261845
catalog_sales,261854
catalog_sales,261855
catalog_sales,261873
catalog_sales,261899
catalog_sales,261916
catalog_sales,261917
catalog_sales,261926
catalog_sales,261933
catalog_sales,261946
catalog_sales,261947
catalog_sales,262008
catalog_sales,262123
catalog_sales,262138
catalog_sales,262139
catalog_sales,262166
catalog_sales,262168
catalog_sales,262232
catalog_sales,262235
catalog_sales,262254
catalog_sales,262285
catalog_sales,262353
catalog_sales,262354
catalog_sales,262432
catalog_sales,262457
catalog_sales,262464
catalog_sales,262467
catalog_sales,262611
catalog_sales,262659
catalog_sales,262678
catalog_sales,262681
catalog_sales,262700
catalog_sales,262714
catalog_sales,262779
catalog_sales,262788
catalog_sales,262789
catalog_sales,262802
catalog_sales,262817
catalog_sales,262840
catalog_sales,262952
catalog_sales,262990
catalog_sales,263010
catalog_sales,263108
catalog_sales,263128
catalog_sales,263157
catalog_sales,263179
catalog_sales,263225
catalog_sales,263238
catalog_sales,263316
catalog_sales,263378
catalog_sales,263403
catalog_sales,263488
catalog_sales,263494
catalog_sales,263503
catalog_sales,263510
catalog_sales,263601
catalog_sales,263647
catalog_sales,263680
catalog_sales,263700
catalog_sales,263710
catalog_sales,263726
catalog_sales,263734
catalog_sales,263811
catalog_sales,263875
catalog_sales,263879
catalog_sales,263947
catalog_sales,263960
catalog_sales,264016
catalog_sales,264110
catalog_sales,264132
catalog_sales,264224
catalog_sales,264232
catalog_sales,264240
catalog_sales,264244
catalog_sales,264335
catalog_sales,264349
catalog_sales,264366
catalog_sales,264388
catalog_sales,264416
catalog_sales,264439
catalog_sales,264512
catalog_sales,264553
catalog_sales,264565
catalog_sales,264568
catalog_sales,264601
catalog_sales,264623
catalog_sales,264624
catalog_sales,264635
catalog_sales,264639
catalog_sales,264700
catalog_sales,264722
catalog_sales,264748
catalog_sales,264824
catalog_sales,264866
catalog_sales,264873
catalog_sales,264875
catalog_sales,264903
catalog_sales,265015
catalog_sales,265101
catalog_sales,265168
catalog_sales,265186
catalog_sales,265209
catalog_sales,265216
catalog_sales,265222
catalog_sales,265229
catalog_sales,265266
catalog_sales,265338
catalog_sales,265382
catalog_sales,265403
catalog_sales,265407
catalog_sales,265431
catalog_sales,265472
catalog_sales,265498
catalog_sales,265499
catalog_sales,265510
catalog_sales,265514
catalog_sales,265515
catalog_sales,265526
catalog_sales,265573
catalog_sales,265587
catalog_sales,265620
catalog_sales,265642
catalog_sales,265663
catalog_sales,265692
catalog_sales,265696
catalog_sales,265709
catalog_sales,265744
catalog_sales,265749
catalog_sales,265758
catalog_sales,265787
catalog_sales,265790
catalog_sales,265813
catalog_sales,265815
catalog_sales,265822
catalog_sales,265839
catalog_sales,265856
catalog_sales,265865
catalog_sales,265872
catalog_sales,265885
catalog_sales,265891
catalog_sales,265905
catalog_sales,265939
catalog_sales,265963
catalog_sales,265979
catalog_sales,266001
catalog_sales,266029
catalog_sales,266053
catalog_sales,266058
catalog_sales,266121
catalog_sales,266128
catalog_sales,266129
catalog_sales,266141
catalog_sales,266178
catalog_sales,266190
catalog_sales,266201
catalog_sales,266228
catalog_sales,266239
catalog_sales,266271
catalog_sales,266365
catalog_sales,266380
catalog_sales,266394
catalog_sales,266411
catalog_sales,266416
catalog_sales,266425
catalog_sales,266436
catalog_sales,266479
catalog_sales,266483
catalog_sales,266568
catalog_sales,266633
catalog_sales,266662
catalog_sales,266680
catalog_sales,266683
catalog_sales,266708
catalog_sales,266719
catalog_sales,266739
catalog_sales,266763
catalog_sales,266775
catalog_sales,266814
catalog_sales,266851
catalog_sales,266856
catalog_sales,266866
catalog_sales,266905
catalog_sales,266920
catalog_sales,266958
catalog_sales,266961
catalog_sales,267004
catalog_sales,267005
catalog_sales,267012
catalog_sales,267028
catalog_sales,267142
catalog_sales,267150
catalog_sales,267188
catalog_sales,267220
catalog_sales,267221
catalog_sales,267268
catalog_sales,267274
catalog_sales,267310
catalog_sales,267427
catalog_sales,267449
catalog_sales,267518
catalog_sales,267525
catalog_sales,267534
catalog_sales,267604
catalog_sales,267607
catalog_sales,267647
catalog_sales,267649
catalog_sales,267666
catalog_sales,267719
catalog_sales,267722
catalog_sales,267766
catalog_sales,267790
catalog_sales,267800
catalog_sales,267889
catalog_sales,267892
catalog_sales,267904
catalog_sales,267956
catalog_sales,267967
catalog_sales,268026
catalog_sales,268029
catalog_sales,268072
catalog_sales,268081
catalog_sales,268091
catalog_sales,268097
catalog_sales,268150
catalog_sales,268151
catalog_sales,268223
catalog_sales,268269
catalog_sales,268320
catalog_sales,268344
catalog_sales,268375
catalog_sales,268464
catalog_sales,268502
catalog_sales,268629
catalog_sales,268644
catalog_sales,268649
catalog_sales,268712
catalog_sales,268713
catalog_sales,268718
catalog_sales,268744
catalog_sales,268791
catalog_sales,268793
catalog_sales,268800
catalog_sales,268806
catalog_sales,268885
catalog_sales,268927
catalog_sales,268940
catalog_sales,268944
catalog_sales,268972
catalog_sales,269027
catalog_sales,269063
catalog_sales,269212
catalog_sales,269213
catalog_sales,269273
catalog_sales,269289
catalog_sales,269404
catalog_sales,269408
catalog_sales,269435
catalog_sales,269517
catalog_sales,269584
catalog_sales,269610
catalog_sales,269653
catalog_sales,269727
catalog_sales,269732
catalog_sales,269750
catalog_sales,269762
catalog_sales,269810
catalog_sales,269813
catalog_sales,269853
catalog_sales,269918
catalog_sales,269923
catalog_sales,269991
catalog_sales,270003
catalog_sales,270008
catalog_sales,270009
catalog_sales,270032
catalog_sales,270071
catalog_sales,270086
catalog_sales,270105
catalog_sales,270118
catalog_sales,270139
catalog_sales,270151
catalog_sales,270158
catalog_sales,270175
catalog_sales,270204
catalog_sales,270213
catalog_sales,270261
catalog_sales,270298
catalog_sales,270302
catalog_sales,270430
catalog_sales,270431
catalog_sales,270434
catalog_sales,270477
catalog_sales,270505
catalog_sales,270513
catalog_sales,270528
catalog_sales,270554
catalog_sales,270558
catalog_sales,270563
catalog_sales,270592
catalog_sales,270697
catalog_sales,270708
catalog_sales,270717
catalog_sales,270729
catalog_sales,270732
catalog_sales,270764
catalog_sales,270807
catalog_sales,270835
catalog_sales,270870
catalog_sales,270949
catalog_sales,270962
catalog_sales,271043
catalog_sales,271064
catalog_sales,271101
catalog_sales,271184
catalog_sales,271190
catalog_sales,271197
catalog_sales,271222
catalog_sales,271242
catalog_sales,271244
catalog_sales,271248
catalog_sales,271282
catalog_sales,271288
catalog_sales,271355
catalog_sales,271363
catalog_sales,271405
catalog_sales,271426
catalog_sales,271428
catalog_sales,271445
catalog_sales,271446
catalog_sales,271455
catalog_sales,271477
catalog_sales,271600
catalog_sales,271612
catalog_sales,271627
catalog_sales,271671
catalog_sales,271679
catalog_sales,271686
catalog_sales,271745
catalog_sales,271748
catalog_sales,271842
catalog_sales,271866
catalog_sales,271919
catalog_sales,271947
catalog_sales,271968
catalog_sales,272072
catalog_sales,272079
catalog_sales,272111
catalog_sales,272131
catalog_sales,272169
catalog_sales,272174
catalog_sales,272181
catalog_sales,272188
catalog_sales,272191
catalog_sales,272213
catalog_sales,272295
catalog_sales,272317
catalog_sales,272339
catalog_sales,272359
catalog_sales,272360
catalog_sales,272386
catalog_sales,272387
catalog_sales,272420
catalog_sales,272443
catalog_sales,272479
catalog_sales,272547
catalog_sales,272561
catalog_sales,272580
catalog_sales,272609
catalog_sales,272626
catalog_sales,272650
catalog_sales,272668
catalog_sales,272769
catalog_sales,272771
catalog_sales,272775
catalog_sales,272842
catalog_sales,272906
catalog_sales,272922
catalog_sales,272989
catalog_sales,273033
catalog_sales,273110
catalog_sales,273124
catalog_sales,273126
catalog_sales,273140
catalog_sales,273249
catalog_sales,273315
catalog_sales,273336
catalog_sales,273341
catalog_sales,273364
catalog_sales,273396
catalog_sales,273398
catalog_sales,273467
catalog_sales,273556
catalog_sales,273590
catalog_sales,273591
catalog_sales,273627
catalog_sales,273639
catalog_sales,273722
catalog_sales,273737
catalog_sales,273739
catalog_sales,273791
catalog_sales,273856
catalog_sales,273924
catalog_sales,274028
catalog_sales,274042
catalog_sales,274086
catalog_sales,274099
catalog_sales,274163
catalog_sales,274222
catalog_sales,274252
catalog_sales,274264
catalog_sales,274311
catalog_sales,274381
catalog_sales,274403
catalog_sales,274414
catalog_sales,274462
catalog_sales,274472
catalog_sales,274474
catalog_sales,274540
catalog_sales,274641
catalog_sales,274667
catalog_sales,274679
catalog_sales,274712
catalog_sales,274715
catalog_sales,274809
catalog_sales,274816
catalog_sales,274840
catalog_sales,274871
catalog_sales,274873
catalog_sales,274882
catalog_sales,274906
catalog_sales,274917
catalog_sales,274919
catalog_sales,274966
catalog_sales,275049
catalog_sales,275065
catalog_sales,275114
catalog_sales,275159
catalog_sales,275200
catalog_sales,275208
catalog_sales,275241
catalog_sales,275250
catalog_sales,275284
catalog_sales,275294
catalog_sales,275304
catalog_sales,275328
catalog_sales,275347
catalog_sales,275400
catalog_sales,275401
catalog_sales,275428
catalog_sales,275498
catalog_sales,275547
catalog_sales,275563
catalog_sales,275651
catalog_sales,275666
catalog_sales,275679
catalog_sales,275691
catalog_sales,275721
catalog_sales,275741
catalog_sales,275815
catalog_sales,275849
catalog_sales,275860
catalog_sales,275910
catalog_sales,275946
catalog_sales,275956
catalog_sales,275971
catalog_sales,276000
catalog_sales,276074
catalog_sales,276080
catalog_sales,276088
catalog_sales,276130
catalog_sales,276178
catalog_sales,276220
catalog_sales,276255
catalog_sales,276294
catalog_sales,276323
catalog_sales,276334
catalog_sales,276365
catalog_sales,276478
catalog_sales,276479
catalog_sales,276489
catalog_sales,276492
catalog_sales,276503
catalog_sales,276516
catalog_sales,276540
catalog_sales,276548
catalog_sales,276640
catalog_sales,276698
catalog_sales,276738
catalog_sales,276739
catalog_sales,276740
catalog_sales,276763
catalog_sales,276796
catalog_sales,276863
catalog_sales,277006
catalog_sales,277007
catalog_sales,277009
catalog_sales,277064
catalog_sales,277071
catalog_sales,277121
catalog_sales,277126
catalog_sales,277168
catalog_sales,277172
catalog_sales,277197
catalog_sales,277302
catalog_sales,277311
catalog_sales,277327
catalog_sales,277362
catalog_sales,277415
catalog_sales,277467
catalog_sales,277546
catalog_sales,277564
catalog_sales,277586
catalog_sales,277601
catalog_sales,277613
catalog_sales,277674
catalog_sales,277679
catalog_sales,277713
catalog_sales,277726
catalog_sales,277735
catalog_sales,277765
catalog_sales,277770
catalog_sales,277864
catalog_sales,277866
catalog_sales,277867
catalog_sales,277872
catalog_sales,277886
catalog_sales,277913
catalog_sales,277931
catalog_sales,277932
catalog_sales,277956
catalog_sales,277962
catalog_sales,277977
catalog_sales,277983
catalog_sales,278061
catalog_sales,278080
catalog_sales,278091
catalog_sales,278102
catalog_sales,278103
catalog_sales,278119
catalog_sales,278145
catalog_sales,278156
catalog_sales,278195
catalog_sales,278240
catalog_sales,278301
catalog_sales,278306
catalog_sales,278407
catalog_sales,278453
catalog_sales,278467
catalog_sales,278508
catalog_sales,278538
catalog_sales,278555
catalog_sales,278558
catalog_sales,278569
catalog_sales,278570
catalog_sales,278612
catalog_sales,278621
catalog_sales,278629
catalog_sales,278632
catalog_sales,278644
catalog_sales,278740
catalog_sales,278757
catalog_sales,278840
catalog_sales,278846
catalog_sales,278868
catalog_sales,278871
catalog_sales,278894
catalog_sales,278911
catalog_sales,278929
catalog_sales,278982
catalog_sales,278987
catalog_sales,279021
catalog_sales,279057
catalog_sales,279074
catalog_sales,279075
catalog_sales,279089
catalog_sales,279096
catalog_sales,279126
catalog_sales,279137
catalog_sales,279157
catalog_sales,279163
catalog_sales,279198
catalog_sales,279199
catalog_sales,279280
catalog_sales,279285
catalog_sales,279347
catalog_sales,279363
catalog_sales,279372
catalog_sales,279396
catalog_sales,279424
catalog_sales,279428
catalog_sales,279469
catalog_sales,279493
catalog_sales,279505
catalog_sales,279528
catalog_sales,279549
catalog_sales,279558
catalog_sales,279562
catalog_sales,279571
catalog_sales,279576
catalog_sales,279608
catalog_sales,279619
catalog_sales,279651
catalog_sales,279660
catalog_sales,279670
catalog_sales,279690
catalog_sales,279693
catalog_sales,279697
catalog_sales,279700
catalog_sales,279718
catalog_sales,279751
catalog_sales,279754
catalog_sales,279808
catalog_sales,279809
catalog_sales,279833
catalog_sales,279841
catalog_sales,279852
catalog_sales,279873
catalog_sales,279876
catalog_sales,279914
catalog_sales,279968
catalog_sales,279983
catalog_sales,279988
catalog_sales,279997
catalog_sales,280005
catalog_sales,280019
catalog_sales,280109
catalog_sales,280157
catalog_sales,280163
catalog_sales,280170
catalog_sales,280183
catalog_sales,280264
catalog_sales,280296
catalog_sales,280300
catalog_sales,280385
catalog_sales,280400
catalog_sales,280444
catalog_sales,280475
catalog_sales,280488
catalog_sales,280503
catalog_sales,280531
catalog_sales,280538
catalog_sales,280618
catalog_sales,280696
catalog_sales,280745
catalog_sales,280807
catalog_sales,280824
catalog_sales,280854
catalog_sales,280883
catalog_sales,280915
catalog_sales,280928
catalog_sales,280932
catalog_sales,280938
catalog_sales,280973
catalog_sales,281071
catalog_sales,281075
catalog_sales,281103
catalog_sales,281115
catalog_sales,281121
catalog_sales,281197
catalog_sales,281205
catalog_sales,281258
catalog_sales,281274
catalog_sales,281275
catalog_sales,281294
catalog_sales,281377
catalog_sales,281442
catalog_sales,281452
catalog_sales,281510
catalog_sales,281634
catalog_sales,281638
catalog_sales,281654
catalog_sales,281706
catalog_sales,281712
catalog_sales,281745
catalog_sales,281770
catalog_sales,281771
catalog_sales,281828
catalog_sales,281854
catalog_sales,281873
catalog_sales,281990
catalog_sales,282003
catalog_sales,282009
catalog_sales,282041
catalog_sales,282067
catalog_sales,282071
catalog_sales,282105
catalog_sales,282149
catalog_sales,282170
catalog_sales,282242
catalog_sales,282262
catalog_sales,282297
catalog_sales,282444
catalog_sales,282461
catalog_sales,282464
catalog_sales,282493
catalog_sales,282499
catalog_sales,282501
catalog_sales,282540
catalog_sales,282563
catalog_sales,282682
catalog_sales,282745
catalog_sales,282835
catalog_sales,282858
catalog_sales,282953
catalog_sales,282964
catalog_sales,283035
catalog_sales,283065
catalog_sales,283084
catalog_sales,283101
catalog_sales,283104
catalog_sales,283129
catalog_sales,283130
catalog_sales,283176
catalog_sales,283209
catalog_sales,283213
catalog_sales,283244
catalog_sales,283249
catalog_sales,283265
catalog_sales,283267
catalog_sales,283289
catalog_sales,283327
catalog_sales,283331
catalog_sales,283332
catalog_sales,283341
catalog_sales,283375
catalog_sales,283411
catalog_sales,283420
catalog_sales,283487
catalog_sales,283497
catalog_sales,283501
catalog_sales,283529
catalog_sales,283548
catalog_sales,283550
catalog_sales,283557
catalog_sales,283567
catalog_sales,283599
catalog_sales,283627
catalog_sales,283650
catalog_sales,283716
catalog_sales,283776
catalog_sales,283819
catalog_sales,283839
catalog_sales,283902
catalog_sales,283908
catalog_sales,283921
catalog_sales,283933
catalog_sales,283952
catalog_sales,284041
catalog_sales,284048
catalog_sales,284061
catalog_sales,284073
catalog_sales,284100
catalog_sales,284131
catalog_sales,284139
catalog_sales,284148
catalog_sales,284166
catalog_sales,284187
catalog_sales,284235
catalog_sales,284249
catalog_sales,284279
catalog_sales,284309
catalog_sales,284342
catalog_sales,284345
catalog_sales,284349
catalog_sales,284410
catalog_sales,284470
catalog_sales,284492
catalog_sales,284517
catalog_sales,284585
catalog_sales,284645
catalog_sales,284653
catalog_sales,284712
catalog_sales,284716
catalog_sales,284736
catalog_sales,284766
catalog_sales,284813
catalog_sales,284850
catalog_sales,284911
catalog_sales,284951
catalog_sales,285147
catalog_sales,285211
catalog_sales,285258
catalog_sales,285272
catalog_sales,285296
catalog_sales,285325
catalog_sales,285332
catalog_sales,285334
catalog_sales,285346
catalog_sales,285364
catalog_sales,285392
catalog_sales,285401
catalog_sales,285405
catalog_sales,285496
catalog_sales,285510
catalog_sales,285511
catalog_sales,285535
catalog_sales,285540
catalog_sales,285547
catalog_sales,285599
catalog_sales,285620
catalog_sales,285666
catalog_sales,285669
catalog_sales,285690
catalog_sales,285740
catalog_sales,285742
catalog_sales,285803
catalog_sales,285832
catalog_sales,285892
catalog_sales,285926
catalog_sales,285954
catalog_sales,285984
catalog_sales,285995
catalog_sales,286018
catalog_sales,286038
catalog_sales,286122
catalog_sales,286152
catalog_sales,286201
catalog_sales,286250
catalog_sales,286251
catalog_sales,286261
catalog_sales,286275
catalog_sales,286300
catalog_sales,286331
catalog_sales,286354
catalog_sales,286392
catalog_sales,286441
catalog_sales,286447
catalog_sales,286474
catalog_sales,286502
catalog_sales,286518
catalog_sales,286535
catalog_sales,286624
catalog_sales,286721
catalog_sales,286728
catalog_sales,286730
catalog_sales,286758
catalog_sales,286764
catalog_sales,286776
catalog_sales,286779
catalog_sales,286789
catalog_sales,286797
catalog_sales,286853
catalog_sales,286892
catalog_sales,286893
catalog_sales,286901
catalog_sales,286963
catalog_sales,286999
catalog_sales,287036
catalog_sales,287053
catalog_sales,287094
catalog_sales,287098
catalog_sales,287131
catalog_sales,287145
catalog_sales,287156
catalog_sales,287203
catalog_sales,287286
catalog_sales,287293
catalog_sales,287303
catalog_sales,287309
catalog_sales,287379
catalog_sales,287380
catalog_sales,287381
catalog_sales,287410
catalog_sales,287428
catalog_sales,287472
catalog_sales,287503
catalog_sales,287605
catalog_sales,287621
catalog_sales,287680
catalog_sales,287709
catalog_sales,287770
catalog_sales,287783
catalog_sales,287833
catalog_sales,287840
catalog_sales,287850
catalog_sales,287855
catalog_sales,287906
catalog_sales,287923
catalog_sales,287949
catalog_sales,288004
catalog_sales,288033
catalog_sales,288105
catalog_sales,288115
catalog_sales,288122
catalog_sales,288192
catalog_sales,288193
catalog_sales,288196
catalog_sales,288261
catalog_sales,288300
catalog_sales,288307
catalog_sales,288349
catalog_sales,288418
catalog_sales,288485
catalog_sales,288538
catalog_sales,288547
catalog_sales,288569
catalog_sales,288593
catalog_sales,288612
catalog_sales,288679
catalog_sales,288680
catalog_sales,288687
catalog_sales,288697
catalog_sales,288758
catalog_sales,288789
catalog_sales,288849
catalog_sales,288882
catalog_sales,288902
catalog_sales,288906
catalog_sales,288911
catalog_sales,288971
catalog_sales,289026
catalog_sales,289034
catalog_sales,289048
catalog_sales,289050
catalog_sales,289054
catalog_sales,289065
catalog_sales,289114
catalog_sales,289124
catalog_sales,289125
catalog_sales,289129
catalog_sales,289130
catalog_sales,289156
catalog_sales,289181
catalog_sales,289211
catalog_sales,289239
catalog_sales,289290
catalog_sales,289291
catalog_sales,289314
catalog_sales,289331
catalog_sales,289419
catalog_sales,289434
catalog_sales,289461
catalog_sales,289472
catalog_sales,289499
catalog_sales,289510
catalog_sales,289511
catalog_sales,289535
catalog_sales,289606
catalog_sales,289624
catalog_sales,289646
catalog_sales,289726
catalog_sales,289730
catalog_sales,289767
catalog_sales,289780
catalog_sales,289815
catalog_sales,289823
catalog_sales,289847
catalog_sales,289858
catalog_sales,289883
catalog_sales,289899
catalog_sales,289911
catalog_sales,289918
catalog_sales,289947
catalog_sales,289977
catalog_sales,289989
catalog_sales,290045
catalog_sales,290071
catalog_sales,290121
catalog_sales,290141
catalog_sales,290151
catalog_sales,290243
catalog_sales,290298
catalog_sales,290324
catalog_sales,290325
catalog_sales,290343
catalog_sales,290363
catalog_sales,290412
catalog_sales,290424
catalog_sales,290428
catalog_sales,290454
catalog_sales,290471
catalog_sales,290495
catalog_sales,290543
catalog_sales,290562
catalog_sales,290567
catalog_sales,290631
catalog_sales,290703
catalog_sales,290720
catalog_sales,290769
catalog_sales,290770
catalog_sales,290780
catalog_sales,290815
catalog_sales,290828
catalog_sales,290839
catalog_sales,290867
catalog_sales,290935
catalog_sales,290951
catalog_sales,290981
catalog_sales,291015
catalog_sales,291074
catalog_sales,291089
catalog_sales,291094
catalog_sales,291141
catalog_sales,291212
catalog_sales,291238
catalog_sales,291270
catalog_sales,291283
catalog_sales,291285
catalog_sales,291340
catalog_sales,291406
catalog_sales,291436
catalog_sales,291447
catalog_sales,291491
catalog_sales,291514
catalog_sales,291517
catalog_sales,291550
catalog_sales,291578
catalog_sales,291618
catalog_sales,291642
catalog_sales,291681
catalog_sales,291755
catalog_sales,291757
catalog_sales,291771
catalog_sales,291795
catalog_sales,291797
catalog_sales,291802
catalog_sales,291810
catalog_sales,291817
catalog_sales,291857
catalog_sales,291896
catalog_sales,291910
catalog_sales,292047
catalog_sales,292161
catalog_sales,292173
catalog_sales,292201
catalog_sales,292214
catalog_sales,292215
catalog_sales,292252
catalog_sales,292279
catalog_sales,292295
catalog_sales,292298
catalog_sales,292372
catalog_sales,292506
catalog_sales,292511
catalog_sales,292555
catalog_sales,292619
catalog_sales,292659
catalog_sales,292664
catalog_sales,292673
catalog_sales,292675
catalog_sales,292698
catalog_sales,292722
catalog_sales,292726
catalog_sales,292790
catalog_sales,292850
catalog_sales,292877
catalog_sales,292885
catalog_sales,292886
catalog_sales,292894
catalog_sales,293016
catalog_sales,293028
catalog_sales,293108
catalog_sales,293145
catalog_sales,293148
catalog_sales,293149
catalog_sales,293154
catalog_sales,293178
catalog_sales,293180
catalog_sales,293246
catalog_sales,293251
catalog_sales,293254
catalog_sales,293261
catalog_sales,293299
catalog_sales,293347
catalog_sales,293414
catalog_sales,293422
catalog_sales,293448
catalog_sales,293501
catalog_sales,293511
catalog_sales,293524
catalog_sales,293533
catalog_sales,293542
catalog_sales,293560
catalog_sales,293567
catalog_sales,293569
catalog_sales,293614
catalog_sales,293626
catalog_sales,293696
catalog_sales,293709
catalog_sales,293807
catalog_sales,293816
catalog_sales,293844
catalog_sales,293876
catalog_sales,293907
catalog_sales,293925
catalog_sales,293949
catalog_sales,293984
catalog_sales,294084
catalog_sales,294089
catalog_sales,294101
catalog_sales,294117
catalog_sales,294128
catalog_sales,294131
catalog_sales,294132
catalog_sales,294189
catalog_sales,294194
catalog_sales,294197
catalog_sales,294203
catalog_sales,294230
catalog_sales,294249
catalog_sales,294254
catalog_sales,294270
catalog_sales,294271
catalog_sales,294278
catalog_sales,294289
catalog_sales,294328
catalog_sales,294357
catalog_sales,294365
catalog_sales,294382
catalog_sales,294427
catalog_sales,294435
catalog_sales,294462
catalog_sales,294486
catalog_sales,294493
catalog_sales,294497
catalog_sales,294540
catalog_sales,294589
catalog_sales,294661
catalog_sales,294720
catalog_sales,294726
catalog_sales,294735
catalog_sales,294748
catalog_sales,294806
catalog_sales,294854
catalog_sales,294926
catalog_sales,294938
catalog_sales,294949
catalog_sales,294957
catalog_sales,294959
catalog_sales,294982
catalog_sales,294989
catalog_sales,295006
catalog_sales,295008
catalog_sales,295015
catalog_sales,295044
catalog_sales,295079
catalog_sales,295100
catalog_sales,295101
catalog_sales,295108
catalog_sales,295126
catalog_sales,295147
catalog_sales,295152
catalog_sales,295158
catalog_sales,295163
catalog_sales,295164
catalog_sales,295220
catalog_sales,295285
catalog_sales,295288
catalog_sales,295314
catalog_sales,295343
catalog_sales,295353
catalog_sales,295386
catalog_sales,295426
catalog_sales,295436
catalog_sales,295438
catalog_sales,295455
catalog_sales,295515
catalog_sales,295524
catalog_sales,295525
catalog_sales,295639
catalog_sales,295702
catalog_sales,295725
catalog_sales,295730
catalog_sales,295758
catalog_sales,295770
catalog_sales,295771
catalog_sales,295774
catalog_sales,295777
catalog_sales,295852
catalog_sales,295881
catalog_sales,295900
catalog_sales,295917
catalog_sales,295935
catalog_sales,295998
catalog_sales,296062
catalog_sales,296116
catalog_sales,296144
catalog_sales,296155
catalog_sales,296160
catalog_sales,296177
catalog_sales,296186
catalog_sales,296205
catalog_sales,296304
catalog_sales,296308
catalog_sales,296336
catalog_sales,296349
catalog_sales,296400
catalog_sales,296540
catalog_sales,296636
catalog_sales,296643
catalog_sales,296647
catalog_sales,296705
catalog_sales,296720
catalog_sales,296746
catalog_sales,296748
catalog_sales,296808
catalog_sales,296865
catalog_sales,296892
catalog_sales,296904
catalog_sales,296945
catalog_sales,296952
catalog_sales,296963
catalog_sales,297028
catalog_sales,297030
catalog_sales,297034
catalog_sales,297077
catalog_sales,297210
catalog_sales,297223
catalog_sales,297242
catalog_sales,297341
catalog_sales,297352
catalog_sales,297360
catalog_sales,297430
catalog_sales,297432
catalog_sales,297437
catalog_sales,297475
catalog_sales,297478
catalog_sales,297493
catalog_sales,297502
catalog_sales,297510
catalog_sales,297551
catalog_sales,297597
catalog_sales,297667
catalog_sales,297716
catalog_sales,297760
catalog_sales,297848
catalog_sales,297908
catalog_sales,297911
catalog_sales,297937
catalog_sales,297993
catalog_sales,298048
catalog_sales,298059
catalog_sales,298101
catalog_sales,298114
catalog_sales,298159
catalog_sales,298271
catalog_sales,298431
catalog_sales,298441
catalog_sales,298446
catalog_sales,298495
catalog_sales,298533
catalog_sales,298648
catalog_sales,298779
catalog_sales,298828
catalog_sales,298855
catalog_sales,298873
catalog_sales,298883
catalog_sales,298918
catalog_sales,298989
catalog_sales,298992
catalog_sales,299025
catalog_sales,299049
catalog_sales,299111
catalog_sales,299161
catalog_sales,299205
catalog_sales,299245
catalog_sales,299291
catalog_sales,299294
catalog_sales,299331
catalog_sales,299361
catalog_sales,299440
catalog_sales,299448
catalog_sales,299511
catalog_sales,299513
catalog_sales,299530
catalog_sales,299700
catalog_sales,299858
catalog_sales,299895
catalog_sales,299897
catalog_sales,299942
catalog_sales,299955
catalog_sales,299986
catalog_sales,300131
catalog_sales,300197
catalog_sales,300212
catalog_sales,300251
catalog_sales,300252
catalog_sales,300277
catalog_sales,300290
catalog_sales,300292
catalog_sales,300305
catalog_sales,300384
catalog_sales,300390
catalog_sales,300404
catalog_sales,300424
catalog_sales,300441
catalog_sales,300444
catalog_sales,300474
catalog_sales,300507
catalog_sales,300546
catalog_sales,300593
catalog_sales,300610
catalog_sales,300670
catalog_sales,300707
catalog_sales,300796
catalog_sales,300843
catalog_sales,300854
catalog_sales,300856
catalog_sales,300862
catalog_sales,300883
catalog_sales,300893
catalog_sales,300980
catalog_sales,301005
catalog_sales,301026
catalog_sales,301034
catalog_sales,301061
catalog_sales,301080
catalog_sales,301122
catalog_sales,301145
catalog_sales,301152
catalog_sales,301165
catalog_sales,301222
catalog_sales,301310
catalog_sales,301381
catalog_sales,301394
catalog_sales,301427
catalog_sales,301488
catalog_sales,301503
catalog_sales,301519
catalog_sales,301545
catalog_sales,301546
catalog_sales,301624
catalog_sales,301661
catalog_sales,301729
catalog_sales,301736
catalog_sales,301737
catalog_sales,301760
catalog_sales,301806
catalog_sales,302015
catalog_sales,302134
catalog_sales,302151
catalog_sales,302171
catalog_sales,302186
catalog_sales,302219
catalog_sales,302302
catalog_sales,302320
catalog_sales,302369
catalog_sales,302404
catalog_sales,302421
catalog_sales,302459
catalog_sales,302468
catalog_sales,302548
catalog_sales,302565
catalog_sales,302603
catalog_sales,302635
catalog_sales,302669
catalog_sales,302780
catalog_sales,302795
catalog_sales,302806
catalog_sales,303048
catalog_sales,303068
catalog_sales,303121
catalog_sales,303124
catalog_sales,303173
catalog_sales,303223
catalog_sales,303229
catalog_sales,303301
catalog_sales,303407
catalog_sales,303469
catalog_sales,303493
catalog_sales,303514
catalog_sales,303541
catalog_sales,303667
catalog_sales,303708
catalog_sales,303783
catalog_sales,303785
catalog_sales,303791
catalog_sales,303807
catalog_sales,303823
catalog_sales,303854
catalog_sales,303860
catalog_sales,303864
catalog_sales,303963
catalog_sales,303993
catalog_sales,304035
catalog_sales,304132
catalog_sales,304148
catalog_sales,304175
catalog_sales,304179
catalog_sales,304294
catalog_sales,304333
catalog_sales,304373
catalog_sales,304507
catalog_sales,304579
catalog_sales,304642
catalog_sales,304825
catalog_sales,304861
catalog_sales,304919
catalog_sales,304921
catalog_sales,305127
catalog_sales,305139
catalog_sales,305201
catalog_sales,305218
catalog_sales,305252
catalog_sales,305253
catalog_sales,305254
catalog_sales,305267
catalog_sales,305295
catalog_sales,305348
catalog_sales,305366
catalog_sales,305380
catalog_sales,305417
catalog_sales,305427
catalog_sales,305469
catalog_sales,305504
catalog_sales,305614
catalog_sales,305632
catalog_sales,305655
catalog_sales,305676
catalog_sales,305707
catalog_sales,305738
catalog_sales,305770
catalog_sales,305816
catalog_sales,305896
catalog_sales,305944
catalog_sales,306053
catalog_sales,306213
catalog_sales,306226
catalog_sales,306287
catalog_sales,306322
catalog_sales,306405
catalog_sales,306497
catalog_sales,306498
catalog_sales,306502
catalog_sales,306579
catalog_sales,306608
catalog_sales,306620
catalog_sales,306701
catalog_sales,306730
catalog_sales,306816
catalog_sales,306834
catalog_sales,306849
catalog_sales,306882
catalog_sales,306966
catalog_sales,307012
catalog_sales,307078
catalog_sales,307155
catalog_sales,307256
catalog_sales,307282
catalog_sales,307341
catalog_sales,307363
catalog_sales,307399
catalog_sales,307459
catalog_sales,307470
catalog_sales,307579
catalog_sales,307601
catalog_sales,307605
catalog_sales,307617
catalog_sales,307678
catalog_sales,307695
catalog_sales,307773
catalog_sales,307781
catalog_sales,307856
catalog_sales,307863
catalog_sales,307969
catalog_sales,308030
catalog_sales,308033
catalog_sales,308131
catalog_sales,308194
catalog_sales,308199
catalog_sales,308298
catalog_sales,308367
catalog_sales,308389
catalog_sales,308414
catalog_sales,308445
catalog_sales,308505
catalog_sales,308524
catalog_sales,308582
catalog_sales,308605
catalog_sales,308636
catalog_sales,308728
catalog_sales,308747
catalog_sales,308759
catalog_sales,308868
catalog_sales,308936
catalog_sales,308943
catalog_sales,308981
catalog_sales,309012
catalog_sales,309049
catalog_sales,309060
catalog_sales,309086
catalog_sales,309106
catalog_sales,309137
catalog_sales,309195
catalog_sales,309205
catalog_sales,309208
catalog_sales,309209
catalog_sales,309231
catalog_sales,309246
catalog_sales,309286
catalog_sales,309296
catalog_sales,309330
catalog_sales,309544
catalog_sales,309718
catalog_sales,309762
catalog_sales,309779
catalog_sales,309783
catalog_sales,309941
catalog_sales,309946
catalog_sales,309967
catalog_sales,310007
catalog_sales,310186
catalog_sales,310210
catalog_sales,310227
catalog_sales,310283
catalog_sales,310358
catalog_sales,310388
catalog_sales,310422
catalog_sales,310455
catalog_sales,310523
catalog_sales,310681
catalog_sales,310739
catalog_sales,310783
catalog_sales,310833
catalog_sales,310845
catalog_sales,310945
catalog_sales,310957
catalog_sales,311034
catalog_sales,311075
catalog_sales,311091
catalog_sales,311239
catalog_sales,311320
catalog_sales,311458
catalog_sales,311503
catalog_sales,311519
catalog_sales,311537
catalog_sales,311590
catalog_sales,311613
catalog_sales,311663
catalog_sales,311671
catalog_sales,311672
catalog_sales,311821
catalog_sales,311853
catalog_sales,311939
catalog_sales,312000
catalog_sales,312052
catalog_sales,312148
catalog_sales,312210
catalog_sales,312271
catalog_sales,312280
catalog_sales,312282
catalog_sales,312294
catalog_sales,312295
catalog_sales,312396
catalog_sales,312434
catalog_sales,312439
catalog_sales,312569
catalog_sales,312575
catalog_sales,312580
catalog_sales,312593
catalog_sales,312602
catalog_sales,312730
catalog_sales,312762
catalog_sales,312769
catalog_sales,312791
catalog_sales,312799
catalog_sales,312813
catalog_sales,312848
catalog_sales,312856
catalog_sales,312920
catalog_sales,313027
catalog_sales,313054
catalog_sales,313093
catalog_sales,313171
catalog_sales,313172
catalog_sales,313216
catalog_sales,313255
catalog_sales,313274
catalog_sales,313323
catalog_sales,313335
catalog_sales,313453
catalog_sales,313475
catalog_sales,313521
catalog_sales,313603
catalog_sales,313616
catalog_sales,313626
catalog_sales,313664
catalog_sales,313714
catalog_sales,313824
catalog_sales,313837
catalog_sales,313940
catalog_sales,313962
catalog_sales,314053
catalog_sales,314064
catalog_sales,314065
catalog_sales,314072
catalog_sales,314107
catalog_sales,314124
catalog_sales,314230
catalog_sales,314314
catalog_sales,314321
catalog_sales,314331
catalog_sales,314345
catalog_sales,314403
catalog_sales,314504
catalog_sales,314513
catalog_sales,314526
catalog_sales,314549
catalog_sales,314559
catalog_sales,314586
catalog_sales,314587
catalog_sales,314678
catalog_sales,314702
catalog_sales,314736
catalog_sales,314772
catalog_sales,314780
catalog_sales,314809
catalog_sales,314837
catalog_sales,314872
catalog_sales,314934
catalog_sales,314952
catalog_sales,315044
catalog_sales,315057
catalog_sales,315105
catalog_sales,315158
catalog_sales,315215
catalog_sales,315294
catalog_sales,315299
catalog_sales,315305
catalog_sales,315317
catalog_sales,315331
catalog_sales,315391
catalog_sales,315464
catalog_sales,315512
catalog_sales,315520
catalog_sales,315543
catalog_sales,315549
catalog_sales,315563
catalog_sales,315603
catalog_sales,315626
catalog_sales,315655
catalog_sales,315680
catalog_sales,315773
catalog_sales,315800
catalog_sales,315873
catalog_sales,315912
catalog_sales,315932
catalog_sales,315958
catalog_sales,315970
catalog_sales,316042
catalog_sales,316111
catalog_sales,316142
catalog_sales,316147
catalog_sales,316174
catalog_sales,316213
catalog_sales,316420
catalog_sales,316422
catalog_sales,316432
catalog_sales,316438
catalog_sales,316447
catalog_sales,316453
catalog_sales,316459
catalog_sales,316495
catalog_sales,316510
catalog_sales,316518
catalog_sales,316530
catalog_sales,316613
catalog_sales,316619
catalog_sales,316629
catalog_sales,316679
catalog_sales,316695
catalog_sales,316699
catalog_sales,316708
catalog_sales,316722
catalog_sales,316737
catalog_sales,316806
catalog_sales,316905
catalog_sales,316961
catalog_sales,317151
catalog_sales,317180
catalog_sales,317181
catalog_sales,317195
catalog_sales,317273
catalog_sales,317281
catalog_sales,317284
catalog_sales,317309
catalog_sales,317358
catalog_sales,317410
catalog_sales,317414
catalog_sales,317489
catalog_sales,317513
catalog_sales,317558
catalog_sales,317630
catalog_sales,317647
catalog_sales,317680
catalog_sales,317706
catalog_sales,317900
catalog_sales,317912
catalog_sales,318012
catalog_sales,318020
catalog_sales,318178
catalog_sales,318236
catalog_sales,318337
catalog_sales,318391
catalog_sales,318451
catalog_sales,318493
catalog_sales,318598
catalog_sales,318623
catalog_sales,318767
catalog_sales,318828
catalog_sales,318876
catalog_sales,318924
catalog_sales,319038
catalog_sales,319040
catalog_sales,319052
catalog_sales,319130
catalog_sales,319217
catalog_sales,319247
catalog_sales,319358
catalog_sales,319387
catalog_sales,319694
catalog_sales,319761
catalog_sales,319771
catalog_sales,319858
catalog_sales,319861
catalog_sales,319863
catalog_sales,319920
catalog_sales,320050
catalog_sales,320106
catalog_sales,320135
catalog_sales,320159
catalog_sales,320199
catalog_sales,320209
catalog_sales,320216
catalog_sales,320285
catalog_sales,320306
catalog_sales,320335
catalog_sales,320386
catalog_sales,320407
catalog_sales,320436
catalog_sales,320491
catalog_sales,320540
catalog_sales,320647
catalog_sales,320750
catalog_sales,320755
catalog_sales,320759
catalog_sales,320768
catalog_sales,320846
catalog_sales,320859
catalog_sales,320899
catalog_sales,320938
catalog_sales,320953
catalog_sales,321067
catalog_sales,321085
catalog_sales,321111
catalog_sales,321115
catalog_sales,321122
catalog_sales,321197
catalog_sales,321198
catalog_sales,321317
catalog_sales,321323
catalog_sales,321370
catalog_sales,321375
catalog_sales,321376
catalog_sales,321476
catalog_sales,321504
catalog_sales,321532
catalog_sales,321595
catalog_sales,321600
catalog_sales,321648
catalog_sales,321661
catalog_sales,321687
catalog_sales,321701
catalog_sales,321702
catalog_sales,321745
catalog_sales,321777
catalog_sales,321831
catalog_sales,321883
catalog_sales,321967
catalog_sales,321979
catalog_sales,322034
catalog_sales,322122
catalog_sales,322190
catalog_sales,322314
catalog_sales,322366
catalog_sales,322504
catalog_sales,322669
catalog_sales,322826
catalog_sales,322832
catalog_sales,322877
catalog_sales,322962
catalog_sales,322988
catalog_sales,322998
catalog_sales,323025
catalog_sales,323044
catalog_sales,323080
catalog_sales,323108
catalog_sales,323124
catalog_sales,323176
catalog_sales,323212
catalog_sales,323216
catalog_sales,323321
catalog_sales,323349
catalog_sales,323361
catalog_sales,323517
catalog_sales,323543
catalog_sales,323559
catalog_sales,323601
catalog_sales,323613
catalog_sales,323655
catalog_sales,323834
catalog_sales,323918
catalog_sales,323956
catalog_sales,323959
catalog_sales,324034
catalog_sales,324060
catalog_sales,324064
catalog_sales,324144
catalog_sales,324153
catalog_sales,324160
catalog_sales,324184
catalog_sales,324273
catalog_sales,324296
catalog_sales,324485
catalog_sales,324574
catalog_sales,324600
catalog_sales,324615
catalog_sales,324753
catalog_sales,324774
catalog_sales,324777
catalog_sales,325043
catalog_sales,325104
catalog_sales,325169
catalog_sales,325220
catalog_sales,325226
catalog_sales,325294
catalog_sales,325384
catalog_sales,325445
catalog_sales,325470
catalog_sales,325486
catalog_sales,325531
catalog_sales,325636
catalog_sales,325646
catalog_sales,325660
catalog_sales,325743
catalog_sales,325770
catalog_sales,325773
catalog_sales,325978
catalog_sales,326043
catalog_sales,326127
catalog_sales,326129
catalog_sales,326187
catalog_sales,326198
catalog_sales,326218
catalog_sales,326245
catalog_sales,326385
catalog_sales,326391
catalog_sales,326431
catalog_sales,326443
catalog_sales,326446
catalog_sales,326515
catalog_sales,326533
catalog_sales,326680
catalog_sales,326688
catalog_sales,326725
catalog_sales,326781
catalog_sales,326795
catalog_sales,326820
catalog_sales,326852
catalog_sales,326868
catalog_sales,326878
catalog_sales,326952
catalog_sales,326976
catalog_sales,327011
catalog_sales,327016
catalog_sales,327024
catalog_sales,327171
catalog_sales,327247
catalog_sales,327260
catalog_sales,327264
catalog_sales,327280
catalog_sales,327292
catalog_sales,327339
catalog_sales,327398
catalog_sales,327445
catalog_sales,327528
catalog_sales,327582
catalog_sales,327616
catalog_sales,327672
catalog_sales,327718
catalog_sales,327744
catalog_sales,327746
catalog_sales,327768
catalog_sales,327818
catalog_sales,327842
catalog_sales,327881
catalog_sales,327902
catalog_sales,327916
catalog_sales,327961
catalog_sales,327999
catalog_sales,328061
catalog_sales,328106
catalog_sales,328144
catalog_sales,328156
catalog_sales,328165
catalog_sales,328191
catalog_sales,328232
catalog_sales,328261
catalog_sales,328338
catalog_sales,328351
catalog_sales,328365
catalog_sales,328386
catalog_sales,328462
catalog_sales,328482
catalog_sales,328505
catalog_sales,328543
catalog_sales,328571
catalog_sales,328614
catalog_sales,328864
catalog_sales,328869
catalog_sales,328942
catalog_sales,328962
catalog_sales,328999
catalog_sales,329026
catalog_sales,329034
catalog_sales,329041
catalog_sales,329151
catalog_sales,329194
catalog_sales,329325
catalog_sales,329469
catalog_sales,329472
catalog_sales,329482
catalog_sales,329506
catalog_sales,329601
catalog_sales,329695
catalog_sales,329739
catalog_sales,329742
catalog_sales,329746
catalog_sales,329780
catalog_sales,329796
catalog_sales,329803
catalog_sales,329826
catalog_sales,329828
catalog_sales,329867
catalog_sales,330074
catalog_sales,330136
catalog_sales,330158
catalog_sales,330195
catalog_sales,330205
catalog_sales,330277
catalog_sales,330279
catalog_sales,330314
catalog_sales,330356
catalog_sales,330357
catalog_sales,330359
catalog_sales,330362
catalog_sales,330445
catalog_sales,330453
catalog_sales,330467
catalog_sales,330471
catalog_sales,330496
catalog_sales,330518
catalog_sales,330564
catalog_sales,330582
catalog_sales,330615
catalog_sales,330624
catalog_sales,330636
catalog_sales,330669
catalog_sales,330769
catalog_sales,330923
catalog_sales,330994
catalog_sales,331014
catalog_sales,331039
catalog_sales,331192
catalog_sales,331194
catalog_sales,331245
catalog_sales,331276
catalog_sales,331278
catalog_sales,331308
catalog_sales,331339
catalog_sales,331459
catalog_sales,331535
catalog_sales,331579
catalog_sales,331670
catalog_sales,331690
catalog_sales,331697
catalog_sales,331721
catalog_sales,331839
catalog_sales,331866
catalog_sales,331870
catalog_sales,332017
catalog_sales,332056
catalog_sales,332084
catalog_sales,332188
catalog_sales,332335
catalog_sales,332343
catalog_sales,332365
catalog_sales,332392
catalog_sales,332397
catalog_sales,332441
catalog_sales,332444
catalog_sales,332494
catalog_sales,332612
catalog_sales,332745
catalog_sales,332747
catalog_sales,332810
catalog_sales,332845
catalog_sales,332846
catalog_sales,332848
catalog_sales,332888
catalog_sales,332920
catalog_sales,333057
catalog_sales,333173
catalog_sales,333184
catalog_sales,333209
catalog_sales,333261
catalog_sales,333338
catalog_sales,333356
catalog_sales,333379
catalog_sales,333400
catalog_sales,333446
catalog_sales,333447
catalog_sales,333455
catalog_sales,333475
catalog_sales,333499
catalog_sales,333577
catalog_sales,333591
catalog_sales,333650
catalog_sales,333652
catalog_sales,333701
catalog_sales,333802
catalog_sales,333804
catalog_sales,333849
catalog_sales,333868
catalog_sales,333885
catalog_sales,333903
catalog_sales,333905
catalog_sales,333927
catalog_sales,333984
catalog_sales,334035
catalog_sales,334046
catalog_sales,334124
catalog_sales,334321
catalog_sales,334349
catalog_sales,334463
catalog_sales,334497
catalog_sales,334500
catalog_sales,334519
catalog_sales,334545
catalog_sales,334553
catalog_sales,334571
catalog_sales,334632
catalog_sales,334644
catalog_sales,334701
catalog_sales,334761
catalog_sales,334841
catalog_sales,334877
catalog_sales,334940
catalog_sales,335015
catalog_sales,335090
catalog_sales,335091
catalog_sales,335154
catalog_sales,335175
catalog_sales,335188
catalog_sales,335330
catalog_sales,335337
catalog_sales,335360
catalog_sales,335372
catalog_sales,335380
catalog_sales,335404
catalog_sales,335429
catalog_sales,335450
catalog_sales,335465
catalog_sales,335473
catalog_sales,335643
catalog_sales,335724
catalog_sales,335762
catalog_sales,335901
catalog_sales,335948
catalog_sales,336007
catalog_sales,336040
catalog_sales,336124
catalog_sales,336151
catalog_sales,336155
catalog_sales,336189
catalog_sales,336227
catalog_sales,336260
catalog_sales,336273
catalog_sales,336274
catalog_sales,336363
catalog_sales,336470
catalog_sales,336479
catalog_sales,336575
catalog_sales,336579
catalog_sales,336644
catalog_sales,336668
catalog_sales,336719
catalog_sales,336743
catalog_sales,336789
catalog_sales,336817
catalog_sales,336834
catalog_sales,336871
catalog_sales,336875
catalog_sales,337030
catalog_sales,337049
catalog_sales,337081
catalog_sales,337101
catalog_sales,337147
catalog_sales,337162
catalog_sales,337177
catalog_sales,337271
catalog_sales,337323
catalog_sales,337365
catalog_sales,337400
catalog_sales,337440
catalog_sales,337475
catalog_sales,337496
catalog_sales,337512
catalog_sales,337558
catalog_sales,337579
catalog_sales,337583
catalog_sales,337686
catalog_sales,337846
catalog_sales,337887
catalog_sales,337923
catalog_sales,337926
catalog_sales,337952
catalog_sales,337964
catalog_sales,338021
catalog_sales,338120
catalog_sales,338172
catalog_sales,338389
catalog_sales,338437
catalog_sales,338538
catalog_sales,338667
catalog_sales,338684
catalog_sales,338696
catalog_sales,338742
catalog_sales,338807
catalog_sales,338866
catalog_sales,338894
catalog_sales,338944
catalog_sales,339057
catalog_sales,339123
catalog_sales,339160
catalog_sales,339168
catalog_sales,339210
catalog_sales,339254
catalog_sales,339287
catalog_sales,339305
catalog_sales,339327
catalog_sales,339329
catalog_sales,339428
catalog_sales,339444
catalog_sales,339474
catalog_sales,339481
catalog_sales,339511
catalog_sales,339701
catalog_sales,339712
catalog_sales,339713
catalog_sales,339717
catalog_sales,339752
catalog_sales,339761
catalog_sales,339772
catalog_sales,339800
catalog_sales,339815
catalog_sales,339897
catalog_sales,339910
catalog_sales,339912
catalog_sales,339940
catalog_sales,340001
catalog_sales,340069
catalog_sales,340090
catalog_sales,340156
catalog_sales,340170
catalog_sales,340309
catalog_sales,340366
catalog_sales,340433
catalog_sales,340458
catalog_sales,340471
catalog_sales,340549
catalog_sales,340551
catalog_sales,340620
catalog_sales,340778
catalog_sales,340831
catalog_sales,340877
catalog_sales,340898
catalog_sales,340937
catalog_sales,340977
catalog_sales,340990
catalog_sales,340996
catalog_sales,341141
catalog_sales,341163
catalog_sales,341219
catalog_sales,341265
catalog_sales,341318
catalog_sales,341336
catalog_sales,341378
catalog_sales,341500
catalog_sales,341570
catalog_sales,341638
catalog_sales,341645
catalog_sales,341666
catalog_sales,341740
catalog_sales,341781
catalog_sales,341824
catalog_sales,341828
catalog_sales,341832
catalog_sales,341838
catalog_sales,341910
catalog_sales,341929
catalog_sales,342021
catalog_sales,342123
catalog_sales,342285
catalog_sales,342335
catalog_sales,342359
catalog_sales,342368
catalog_sales,342412
catalog_sales,342475
catalog_sales,342476
catalog_sales,342492
catalog_sales,342555
catalog_sales,342587
catalog_sales,342813
catalog_sales,342947
catalog_sales,342950
catalog_sales,342953
catalog_sales,343095
catalog_sales,343112
catalog_sales,343150
catalog_sales,343163
catalog_sales,343215
catalog_sales,343236
catalog_sales,343274
catalog_sales,343282
catalog_sales,343302
catalog_sales,343348
catalog_sales,343349
catalog_sales,343406
catalog_sales,343510
catalog_sales,343539
catalog_sales,343628
catalog_sales,343649
catalog_sales,343662
catalog_sales,343699
catalog_sales,343764
catalog_sales,343828
catalog_sales,343926
catalog_sales,343938
catalog_sales,343975
catalog_sales,343983
catalog_sales,344047
catalog_sales,344121
catalog_sales,344374
catalog_sales,344391
catalog_sales,344419
catalog_sales,344442
catalog_sales,344446
catalog_sales,344457
catalog_sales,344463
catalog_sales,344508
catalog_sales,344528
catalog_sales,344636
catalog_sales,344664
catalog_sales,344699
catalog_sales,344715
catalog_sales,344734
catalog_sales,344842
catalog_sales,344896
catalog_sales,344938
catalog_sales,344966
catalog_sales,345068
catalog_sales,345092
catalog_sales,345125
catalog_sales,345139
catalog_sales,345181
catalog_sales,345312
catalog_sales,345390
catalog_sales,345407
catalog_sales,345421
catalog_sales,345440
catalog_sales,345472
catalog_sales,345558
catalog_sales,345597
catalog_sales,345641
catalog_sales,345739
catalog_sales,345747
catalog_sales,345936
catalog_sales,346010
catalog_sales,346026
catalog_sales,346059
catalog_sales,346172
catalog_sales,346227
catalog_sales,346228
catalog_sales,346262
catalog_sales,346350
catalog_sales,346393
catalog_sales,346574
catalog_sales,346581
catalog_sales,346597
catalog_sales,346599
catalog_sales,346601
catalog_sales,346614
catalog_sales,346645
catalog_sales,346654
catalog_sales,346665
catalog_sales,346675
catalog_sales,346824
catalog_sales,346838
catalog_sales,346839
catalog_sales,346907
catalog_sales,346914
catalog_sales,346933
catalog_sales,347082
catalog_sales,347097
catalog_sales,347164
catalog_sales,347264
catalog_sales,347298
catalog_sales,347384
catalog_sales,347389
catalog_sales,347509
catalog_sales,347512
catalog_sales,347529
catalog_sales,347589
catalog_sales,347598
catalog_sales,347660
catalog_sales,347674
catalog_sales,347742
catalog_sales,347804
catalog_sales,347881
catalog_sales,347898
catalog_sales,348071
catalog_sales,348074
catalog_sales,348103
catalog_sales,348113
catalog_sales,348166
catalog_sales,348222
catalog_sales,348232
catalog_sales,348237
catalog_sales,348388
catalog_sales,348403
catalog_sales,348438
catalog_sales,348443
catalog_sales,348672
catalog_sales,348713
catalog_sales,348720
catalog_sales,348727
catalog_sales,348791
catalog_sales,348794
catalog_sales,348896
catalog_sales,348923
catalog_sales,349056
catalog_sales,349091
catalog_sales,349107
catalog_sales,349122
catalog_sales,349127
catalog_sales,349218
catalog_sales,349257
catalog_sales,349272
catalog_sales,349305
catalog_sales,349398
catalog_sales,349474
catalog_sales,349639
catalog_sales,349653
catalog_sales,349864
catalog_sales,349880
catalog_sales,349887
catalog_sales,350051
catalog_sales,350106
catalog_sales,350272
catalog_sales,350276
catalog_sales,350299
catalog_sales,350399
catalog_sales,350431
catalog_sales,350449
catalog_sales,350488
catalog_sales,350535
catalog_sales,350655
catalog_sales,350671
catalog_sales,350751
catalog_sales,350805
catalog_sales,350851
catalog_sales,350858
catalog_sales,350902
catalog_sales,350965
catalog_sales,351044
catalog_sales,351104
catalog_sales,351396
catalog_sales,351434
catalog_sales,351528
catalog_sales,351537
catalog_sales,351589
catalog_sales,351640
catalog_sales,351853
catalog_sales,351882
catalog_sales,351967
catalog_sales,351971
catalog_sales,351981
catalog_sales,352126
catalog_sales,352174
catalog_sales,352226
catalog_sales,352243
catalog_sales,352250
catalog_sales,352309
catalog_sales,352339
catalog_sales,352344
catalog_sales,352366
catalog_sales,352421
catalog_sales,352465
catalog_sales,352489
catalog_sales,352523
catalog_sales,352526
catalog_sales,352533
catalog_sales,352605
catalog_sales,352638
catalog_sales,352647
catalog_sales,352749
catalog_sales,352784
catalog_sales,353040
catalog_sales,353044
catalog_sales,353052
catalog_sales,353054
catalog_sales,353206
catalog_sales,353373
catalog_sales,353428
catalog_sales,353447
catalog_sales,353454
catalog_sales,353512
catalog_sales,353538
catalog_sales,353583
catalog_sales,353595
catalog_sales,353608
catalog_sales,353644
catalog_sales,353712
catalog_sales,353771
catalog_sales,353778
catalog_sales,353791
catalog_sales,353942
catalog_sales,353951
catalog_sales,353976
catalog_sales,353988
catalog_sales,354066
catalog_sales,354073
catalog_sales,354113
catalog_sales,354169
catalog_sales,354242
catalog_sales,354263
catalog_sales,354335
catalog_sales,354344
catalog_sales,354359
catalog_sales,354366
catalog_sales,354416
catalog_sales,354427
catalog_sales,354530
catalog_sales,354605
catalog_sales,354636
catalog_sales,354641
catalog_sales,354644
catalog_sales,354669
catalog_sales,354711
catalog_sales,354776
catalog_sales,354930
catalog_sales,354954
catalog_sales,354956
catalog_sales,354960
catalog_sales,354995
catalog_sales,354997
catalog_sales,355031
catalog_sales,355170
catalog_sales,355184
catalog_sales,355259
catalog_sales,355316
catalog_sales,355357
catalog_sales,355389
catalog_sales,355459
catalog_sales,355692
catalog_sales,355780
catalog_sales,355790
catalog_sales,355846
catalog_sales,355890
catalog_sales,355892
catalog_sales,355903
catalog_sales,355936
catalog_sales,355956
catalog_sales,356158
catalog_sales,356205
catalog_sales,356212
catalog_sales,356279
catalog_sales,356502
catalog_sales,356598
catalog_sales,356613
catalog_sales,356655
catalog_sales,356736
catalog_sales,356748
catalog_sales,356758
catalog_sales,356894
catalog_sales,356900
catalog_sales,356950
catalog_sales,357022
catalog_sales,357251
catalog_sales,357257
catalog_sales,357262
catalog_sales,357291
catalog_sales,357302
catalog_sales,357424
catalog_sales,357449
catalog_sales,357480
catalog_sales,357503
catalog_sales,357534
catalog_sales,357615
catalog_sales,357624
catalog_sales,357659
catalog_sales,357732
catalog_sales,357744
catalog_sales,357763
catalog_sales,357771
catalog_sales,357820
catalog_sales,357835
catalog_sales,357855
catalog_sales,357920
catalog_sales,357936
catalog_sales,357978
catalog_sales,358065
catalog_sales,358083
catalog_sales,358153
catalog_sales,358212
catalog_sales,358231
catalog_sales,358249
catalog_sales,358259
catalog_sales,358388
catalog_sales,358422
catalog_sales,358650
catalog_sales,358681
catalog_sales,358787
catalog_sales,358814
catalog_sales,358962
catalog_sales,358989
catalog_sales,359000
catalog_sales,359030
catalog_sales,359034
catalog_sales,359096
catalog_sales,359120
catalog_sales,359122
catalog_sales,359127
catalog_sales,359236
catalog_sales,359259
catalog_sales,359263
catalog_sales,359282
catalog_sales,359294
catalog_sales,359302
catalog_sales,359365
catalog_sales,359396
catalog_sales,359428
catalog_sales,359435
catalog_sales,359570
catalog_sales,359610
catalog_sales,359704
catalog_sales,359710
catalog_sales,359742
catalog_sales,359749
catalog_sales,359765
catalog_sales,359908
catalog_sales,359914
catalog_sales,360005
catalog_sales,360032
catalog_sales,360068
catalog_sales,360071
catalog_sales,360180
catalog_sales,360251
catalog_sales,360304
catalog_sales,360321
catalog_sales,360325
catalog_sales,360332
catalog_sales,360355
catalog_sales,360369
catalog_sales,360378
catalog_sales,360413
catalog_sales,360419
catalog_sales,360449
catalog_sales,360459
catalog_sales,360471
catalog_sales,360515
catalog_sales,360524
catalog_sales,360553
catalog_sales,360572
catalog_sales,360702
catalog_sales,360822
catalog_sales,360865
catalog_sales,360877
catalog_sales,360881
catalog_sales,360884
catalog_sales,360960
catalog_sales,360972
catalog_sales,361078
catalog_sales,361081
catalog_sales,361212
catalog_sales,361230
catalog_sales,361244
catalog_sales,361257
catalog_sales,361268
catalog_sales,361307
catalog_sales,361416
catalog_sales,361425
catalog_sales,361426
catalog_sales,361477
catalog_sales,361532
catalog_sales,361578
catalog_sales,361623
catalog_sales,361681
catalog_sales,361705
catalog_sales,361719
catalog_sales,361723
catalog_sales,361749
catalog_sales,361767
catalog_sales,361796
catalog_sales,362008
catalog_sales,362038
catalog_sales,362056
catalog_sales,362059
catalog_sales,362092
catalog_sales,362115
catalog_sales,362198
catalog_sales,362259
catalog_sales,362298
catalog_sales,362304
catalog_sales,362306
catalog_sales,362376
catalog_sales,362459
catalog_sales,362469
catalog_sales,362482
catalog_sales,362521
catalog_sales,362552
catalog_sales,362574
catalog_sales,362623
catalog_sales,362635
catalog_sales,362675
catalog_sales,362795
catalog_sales,362881
catalog_sales,362883
catalog_sales,362969
catalog_sales,362982
catalog_sales,362991
catalog_sales,363010
catalog_sales,363208
catalog_sales,363284
catalog_sales,363327
catalog_sales,363373
catalog_sales,363408
catalog_sales,363448
catalog_sales,363466
catalog_sales,363504
catalog_sales,363508
catalog_sales,363605
catalog_sales,363663
catalog_sales,363674
catalog_sales,363700
catalog_sales,363723
catalog_sales,363758
catalog_sales,363762
catalog_sales,363808
catalog_sales,363872
catalog_sales,363914
catalog_sales,363933
catalog_sales,363970
catalog_sales,363990
catalog_sales,364007
catalog_sales,364022
catalog_sales,364036
catalog_sales,364040
catalog_sales,364227
catalog_sales,364284
catalog_sales,364320
catalog_sales,364363
catalog_sales,364379
catalog_sales,364380
catalog_sales,364385
catalog_sales,364432
catalog_sales,364488
catalog_sales,364492
catalog_sales,364590
catalog_sales,364715
catalog_sales,364724
catalog_sales,364877
catalog_sales,364884
catalog_sales,364886
catalog_sales,364893
catalog_sales,364975
catalog_sales,365034
catalog_sales,365056
catalog_sales,365068
catalog_sales,365077
catalog_sales,365121
catalog_sales,365216
catalog_sales,365269
catalog_sales,365321
catalog_sales,365374
catalog_sales,365389
catalog_sales,365392
catalog_sales,365400
catalog_sales,365432
catalog_sales,365461
catalog_sales,365582
catalog_sales,365732
catalog_sales,365740
catalog_sales,365782
catalog_sales,365864
catalog_sales,365898
catalog_sales,365937
catalog_sales,366020
catalog_sales,366083
catalog_sales,366132
catalog_sales,366156
catalog_sales,366167
catalog_sales,366190
catalog_sales,366199
catalog_sales,366235
catalog_sales,366279
catalog_sales,366291
catalog_sales,366352
catalog_sales,366364
catalog_sales,366474
catalog_sales,366508
catalog_sales,366561
catalog_sales,366656
catalog_sales,366787
catalog_sales,366821
catalog_sales,366913
catalog_sales,366939
catalog_sales,366995
catalog_sales,367014
catalog_sales,367085
catalog_sales,367113
catalog_sales,367190
catalog_sales,367209
catalog_sales,367222
catalog_sales,367245
catalog_sales,367251
catalog_sales,367288
catalog_sales,367294
catalog_sales,367300
catalog_sales,367372
catalog_sales,367390
catalog_sales,367413
catalog_sales,367464
catalog_sales,367480
catalog_sales,367486
catalog_sales,367596
catalog_sales,367636
catalog_sales,367782
catalog_sales,367858
catalog_sales,367869
catalog_sales,367894
catalog_sales,367942
catalog_sales,367999
catalog_sales,368007
catalog_sales,368141
catalog_sales,368172
catalog_sales,368233
catalog_sales,368274
catalog_sales,368308
catalog_sales,368309
catalog_sales,368363
catalog_sales,368391
catalog_sales,368392
catalog_sales,368408
catalog_sales,368428
catalog_sales,368455
catalog_sales,368494
catalog_sales,368620
catalog_sales,368719
catalog_sales,368733
catalog_sales,368763
catalog_sales,368849
catalog_sales,368889
catalog_sales,368977
catalog_sales,369020
catalog_sales,369035
catalog_sales,369064
catalog_sales,369066
catalog_sales,369073
catalog_sales,369095
catalog_sales,369103
catalog_sales,369123
catalog_sales,369235
catalog_sales,369288
catalog_sales,369331
catalog_sales,369394
catalog_sales,369439
catalog_sales,369449
catalog_sales,369557
catalog_sales,369570
catalog_sales,369585
catalog_sales,369722
catalog_sales,369750
catalog_sales,369768
catalog_sales,369818
catalog_sales,369857
catalog_sales,369863
catalog_sales,370037
catalog_sales,370116
catalog_sales,370149
catalog_sales,370151
catalog_sales,370156
catalog_sales,370172
catalog_sales,370284
catalog_sales,370352
catalog_sales,370482
catalog_sales,370503
catalog_sales,370534
catalog_sales,370562
catalog_sales,370623
catalog_sales,370628
catalog_sales,370694
catalog_sales,370722
catalog_sales,370740
catalog_sales,370779
catalog_sales,370780
catalog_sales,370790
catalog_sales,370793
catalog_sales,370794
catalog_sales,370819
catalog_sales,370836
catalog_sales,370917
catalog_sales,370949
catalog_sales,371059
catalog_sales,371077
catalog_sales,371136
catalog_sales,371141
catalog_sales,371158
catalog_sales,371238
catalog_sales,371312
catalog_sales,371315
catalog_sales,371332
catalog_sales,371336
catalog_sales,371371
catalog_sales,371428
catalog_sales,371532
catalog_sales,371548
catalog_sales,371563
catalog_sales,371566
catalog_sales,371645
catalog_sales,371646
catalog_sales,371707
catalog_sales,371748
catalog_sales,371789
catalog_sales,371798
catalog_sales,371824
catalog_sales,371935
catalog_sales,371991
catalog_sales,372019
catalog_sales,372059
catalog_sales,372087
catalog_sales,372199
catalog_sales,372252
catalog_sales,372256
catalog_sales,372270
catalog_sales,372291
catalog_sales,372306
catalog_sales,372403
catalog_sales,372411
catalog_sales,372459
catalog_sales,372554
catalog_sales,372780
catalog_sales,372811
catalog_sales,372832
catalog_sales,372885
catalog_sales,372910
catalog_sales,372934
catalog_sales,372962
catalog_sales,373023
catalog_sales,373030
catalog_sales,373123
catalog_sales,373124
catalog_sales,373245
catalog_sales,373362
catalog_sales,373394
catalog_sales,373420
catalog_sales,373473
catalog_sales,373508
catalog_sales,373546
catalog_sales,373623
catalog_sales,373725
catalog_sales,373807
catalog_sales,373843
catalog_sales,373862
catalog_sales,373880
catalog_sales,373881
date_dim,0
date_dim,1
date_dim,2
date_dim,3
date_dim,4
date_dim,5
date_dim,6
date_dim,7
date_dim,8
date_dim,9
date_dim,10
date_dim,11
date_dim,12
date_dim,13
date_dim,14
date_dim,15
date_dim,16
date_dim,17
date_dim,18
date_dim,19
date_dim,20
date_dim,21
date_dim,22
date_dim,23
date_dim,24
date_dim,25
date_dim,26
date_dim,27
date_dim,28
date_dim,29
date_dim,30
date_dim,31
date_dim,32
date_dim,33
date_dim,34
date_dim,35
date_dim,36
date_dim,37
date_dim,38
date_dim,39
date_dim,40
date_dim,41
date_dim,42
date_dim,43
date_dim,44
date_dim,45
date_dim,46
date_dim,47
date_dim,48
date_dim,49
date_dim,50
date_dim,51
date_dim,52
date_dim,53
date_dim,54
date_dim,55
date_dim,56
date_dim,57
date_dim,58
date_dim,59
date_dim,60
date_dim,61
date_dim,62
date_dim,63
date_dim,64
date_dim,65
date_dim,66
date_dim,67
date_dim,68
date_dim,69
date_dim,70
date_dim,71
date_dim,72
date_dim,73
date_dim,74
date_dim,75
date_dim,76
date_dim,77
date_dim,78
date_dim,79
date_dim,80
date_dim,81
date_dim,82
date_dim,83
date_dim,84
date_dim,85
date_dim,86
date_dim,87
date_dim,88
date_dim,89
date_dim,90
date_dim,91
date_dim,92
date_dim,93
date_dim,94
date_dim,95
date_dim,96
date_dim,97
date_dim,98
date_dim,99
date_dim,100
date_dim,101
date_dim,102
date_dim,103
date_dim,104
date_dim,105
date_dim,106
date_dim,107
date_dim,108
date_dim,109
date_dim,110
date_dim,111
date_dim,112
date_dim,113
date_dim,114
date_dim,115
date_dim,116
date_dim,117
date_dim,118
date_dim,119
date_dim,120
date_dim,121
date_dim,122
date_dim,123
date_dim,124
date_dim,125
date_dim,126
date_dim,127
date_dim,128
date_dim,129
date_dim,130
date_dim,131
date_dim,132
date_dim,133
date_dim,134
date_dim,135
date_dim,136
date_dim,137
date_dim,138
date_dim,139
date_dim,140
date_dim,141
date_dim,142
date_dim,143
date_dim,144
date_dim,145
date_dim,146
date_dim,147
date_dim,148
date_dim,149
date_dim,150
date_dim,151
date_dim,152
date_dim,153
date_dim,154
date_dim,155
date_dim,156
date_dim,157
date_dim,158
date_dim,159
date_dim,160
date_dim,161
date_dim,162
date_dim,163
date_dim,164
date_dim,165
date_dim,166
date_dim,167
date_dim,168
date_dim,169
date_dim,170
date_dim,171
date_dim,172
date_dim,173
date_dim,174
date_dim,175
date_dim,176
date_dim,177
date_dim,178
date_dim,179
date_dim,180
date_dim,181
date_dim,182
date_dim,183
date_dim,184
date_dim,185
date_dim,186
date_dim,187
date_dim,188
date_dim,189
date_dim,190
date_dim,191
date_dim,192
date_dim,193
date_dim,194
date_dim,195
date_dim,196
date_dim,197
date_dim,198
date_dim,199
date_dim,200
date_dim,201
date_dim,202
date_dim,203
date_dim,204
date_dim,205
date_dim,206
date_dim,207
date_dim,208
date_dim,209
date_dim,210
date_dim,211
date_dim,212
date_dim,213
date_dim,214
date_dim,215
date_dim,216
date_dim,217
date_dim,218
date_dim,219
date_dim,220
date_dim,221
date_dim,222
date_dim,223
date_dim,224
date_dim,225
date_dim,226
date_dim,227
date_dim,228
date_dim,229
date_dim,230
date_dim,231
date_dim,232
date_dim,233
date_dim,234
date_dim,235
date_dim,236
date_dim,237
date_dim,238
date_dim,239
date_dim,240
date_dim,241
date_dim,242
date_dim,243
date_dim,244
date_dim,245
date_dim,246
date_dim,247
date_dim,248
date_dim,249
date_dim,250
date_dim,251
date_dim,252
date_dim,253
date_dim,254
date_dim,255
date_dim,256
date_dim,257
date_dim,258
date_dim,259
date_dim,260
date_dim,261
date_dim,262
date_dim,263
date_dim,264
date_dim,265
date_dim,266
date_dim,267
date_dim,268
date_dim,269
date_dim,270
date_dim,271
date_dim,272
date_dim,273
date_dim,274
date_dim,275
date_dim,276
date_dim,277
date_dim,278
date_dim,279
date_dim,280
date_dim,281
date_dim,282
date_dim,283
date_dim,284
date_dim,285
date_dim,286
date_dim,287
date_dim,288
date_dim,289
date_dim,290
date_dim,291
date_dim,292
date_dim,293
date_dim,294
date_dim,295
date_dim,296
date_dim,297
date_dim,298
date_dim,299
date_dim,300
date_dim,301
date_dim,302
date_dim,303
date_dim,304
date_dim,305
date_dim,306
date_dim,307
date_dim,308
date_dim,309
date_dim,310
date_dim,311
date_dim,312
date_dim,313
date_dim,314
date_dim,315
date_dim,316
date_dim,317
date_dim,318
date_dim,319
date_dim,320
date_dim,321
date_dim,322
date_dim,323
date_dim,324
date_dim,325
date_dim,326
date_dim,327
date_dim,328
date_dim,329
date_dim,330
date_dim,331
date_dim,332
date_dim,333
date_dim,334
date_dim,335
date_dim,336
date_dim,337
date_dim,338
date_dim,339
date_dim,340
date_dim,341
date_dim,342
date_dim,343
date_dim,344
date_dim,345
date_dim,346
date_dim,347
date_dim,348
date_dim,349
date_dim,350
date_dim,351
date_dim,352
date_dim,353
date_dim,354
date_dim,355
date_dim,356
date_dim,357
date_dim,358
date_dim,359
date_dim,360
date_dim,361
date_dim,362
date_dim,363
date_dim,364
date_dim,365
date_dim,366
date_dim,367
date_dim,368
date_dim,369
date_dim,370
date_dim,371
date_dim,372
date_dim,373
date_dim,374
date_dim,375
date_dim,376
date_dim,377
date_dim,378
date_dim,379
date_dim,380
date_dim,381
date_dim,382
date_dim,383
date_dim,384
date_dim,385
date_dim,386
date_dim,387
date_dim,388
date_dim,389
date_dim,390
date_dim,391
date_dim,392
date_dim,393
date_dim,394
date_dim,395
date_dim,396
date_dim,397
date_dim,398
date_dim,399
date_dim,400
date_dim,401
date_dim,402
date_dim,403
date_dim,404
date_dim,405
date_dim,406
date_dim,407
date_dim,408
date_dim,409
date_dim,410
date_dim,411
date_dim,412
date_dim,413
date_dim,414
date_dim,415
date_dim,416
date_dim,417
date_dim,418
date_dim,419
date_dim,420
date_dim,421
date_dim,422
date_dim,423
date_dim,424
date_dim,425
date_dim,426
date_dim,427
date_dim,428
date_dim,429
date_dim,430
date_dim,431
date_dim,432
date_dim,433
date_dim,434
date_dim,435
date_dim,436
date_dim,437
date_dim,438
date_dim,439
date_dim,440
date_dim,441
date_dim,442
date_dim,443
date_dim,444
date_dim,445
date_dim,446
date_dim,447
date_dim,448
date_dim,449
date_dim,450
date_dim,451
date_dim,452
date_dim,453
date_dim,454
date_dim,455
date_dim,456
date_dim,457
date_dim,458
date_dim,459
date_dim,460
date_dim,461
date_dim,462
date_dim,463
date_dim,464
date_dim,465
date_dim,466
date_dim,467
date_dim,468
date_dim,469
date_dim,470
date_dim,471
date_dim,472
date_dim,473
date_dim,474
date_dim,475
date_dim,476
date_dim,477
date_dim,478
date_dim,479
date_dim,480
date_dim,481
date_dim,482
date_dim,483
date_dim,484
date_dim,485
date_dim,486
date_dim,487
date_dim,488
date_dim,489
date_dim,490
date_dim,491
date_dim,492
date_dim,493
date_dim,494
date_dim,495
date_dim,496
date_dim,497
date_dim,498
date_dim,499
date_dim,500
date_dim,501
date_dim,502
date_dim,503
date_dim,504
date_dim,505
date_dim,506
date_dim,507
date_dim,508
date_dim,509
date_dim,510
date_dim,511
date_dim,512
date_dim,513
date_dim,514
date_dim,515
date_dim,516
date_dim,517
date_dim,518
date_dim,519
date_dim,520
date_dim,521
date_dim,522
date_dim,523
date_dim,524
date_dim,525
date_dim,526
date_dim,527
date_dim,528
date_dim,529
date_dim,530
date_dim,531
date_dim,532
date_dim,533
date_dim,534
date_dim,535
date_dim,536
date_dim,537
date_dim,538
date_dim,539
date_dim,540
date_dim,541
date_dim,542
date_dim,543
date_dim,544
date_dim,545
date_dim,546
date_dim,547
date_dim,548
date_dim,549
date_dim,550
date_dim,551
date_dim,552
date_dim,553
date_dim,554
date_dim,555
date_dim,556
date_dim,557
date_dim,558
date_dim,559
date_dim,560
date_dim,561
date_dim,562
date_dim,563
date_dim,564
date_dim,565
date_dim,566
date_dim,567
date_dim,568
date_dim,569
date_dim,570
date_dim,571
date_dim,572
date_dim,573
date_dim,574
date_dim,575
date_dim,576
date_dim,577
date_dim,578
date_dim,579
date_dim,580
date_dim,581
date_dim,582
date_dim,583
date_dim,584
date_dim,585
date_dim,586
date_dim,587
date_dim,588
date_dim,589
date_dim,590
date_dim,591
date_dim,592
date_dim,593
date_dim,594
date_dim,595
date_dim,596
date_dim,597
date_dim,598
date_dim,599
date_dim,600
date_dim,601
date_dim,602
date_dim,603
date_dim,604
date_dim,605
date_dim,606
date_dim,607
date_dim,608
date_dim,609
date_dim,610
date_dim,611
date_dim,612
date_dim,613
date_dim,614
date_dim,615
date_dim,616
date_dim,617
date_dim,618
date_dim,619
date_dim,620
date_dim,621
date_dim,622
date_dim,623
date_dim,624
date_dim,625
date_dim,626
date_dim,627
date_dim,628
date_dim,629
date_dim,630
date_dim,631
date_dim,632
date_dim,633
date_dim,634
date_dim,635
date_dim,636
date_dim,637
date_dim,638
date_dim,639
date_dim,640
date_dim,641
date_dim,642
date_dim,643
date_dim,644
date_dim,645
date_dim,646
date_dim,647
date_dim,648
date_dim,649
date_dim,650
date_dim,651
date_dim,652
date_dim,653
date_dim,654
date_dim,655
date_dim,656
date_dim,657
date_dim,658
date_dim,659
date_dim,660
date_dim,661
date_dim,662
date_dim,663
date_dim,664
date_dim,665
date_dim,666
date_dim,667
date_dim,668
date_dim,669
date_dim,670
date_dim,671
date_dim,672
date_dim,673
date_dim,674
date_dim,675
date_dim,676
date_dim,677
date_dim,678
date_dim,679
date_dim,680
date_dim,681
date_dim,682
date_dim,683
date_dim,684
date_dim,685
date_dim,686
date_dim,687
date_dim,688
date_dim,689
date_dim,690
date_dim,691
date_dim,692
date_dim,693
date_dim,694
date_dim,695
date_dim,696
date_dim,697
date_dim,698
date_dim,699
date_dim,700
date_dim,701
date_dim,702
date_dim,703
date_dim,704
date_dim,705
date_dim,706
date_dim,707
date_dim,708
date_dim,709
date_dim,710
date_dim,711
date_dim,712
date_dim,713
date_dim,714
date_dim,715
date_dim,716
date_dim,717
date_dim,718
date_dim,719
date_dim,720
date_dim,721
date_dim,722
date_dim,723
date_dim,724
date_dim,725
date_dim,726
date_dim,727
date_dim,728
date_dim,729
date_dim,730
date_dim,731
date_dim,732
date_dim,733
date_dim,734
date_dim,735
date_dim,736
date_dim,737
date_dim,738
date_dim,739
date_dim,740
date_dim,741
date_dim,742
date_dim,743
date_dim,744
date_dim,745
date_dim,746
date_dim,747
date_dim,748
date_dim,749
date_dim,750
date_dim,751
date_dim,752
date_dim,753
date_dim,754
date_dim,755
date_dim,756
date_dim,757
date_dim,758
date_dim,759
date_dim,760
date_dim,761
date_dim,762
date_dim,763
date_dim,764
date_dim,765
date_dim,766
date_dim,767
date_dim,768
date_dim,769
date_dim,770
date_dim,771
date_dim,772
date_dim,773
date_dim,774
date_dim,775
date_dim,776
date_dim,777
date_dim,778
date_dim,779
date_dim,780
date_dim,781
date_dim,782
date_dim,783
date_dim,784
date_dim,785
date_dim,786
date_dim,787
date_dim,788
date_dim,789
date_dim,790
date_dim,791
date_dim,792
date_dim,793
date_dim,794
date_dim,795
date_dim,796
date_dim,797
date_dim,798
date_dim,799
date_dim,800
date_dim,801
date_dim,802
date_dim,803
date_dim,804
date_dim,805
date_dim,806
date_dim,807
date_dim,808
date_dim,809
date_dim,810
date_dim,811
date_dim,812
date_dim,813
date_dim,814
date_dim,815
date_dim,816
date_dim,817
date_dim,818
date_dim,819
date_dim,820
date_dim,821
date_dim,822
date_dim,823
date_dim,824
date_dim,825
date_dim,826
date_dim,827
date_dim,828
date_dim,829
date_dim,830
date_dim,831
date_dim,832
date_dim,833
date_dim,834
date_dim,835
date_dim,836
date_dim,837
date_dim,838
date_dim,839
date_dim,840
date_dim,841
date_dim,842
date_dim,843
date_dim,844
date_dim,845
date_dim,846
date_dim,847
date_dim,848
date_dim,849
date_dim,850
date_dim,851
date_dim,852
date_dim,853
date_dim,854
date_dim,855
date_dim,856
date_dim,857
date_dim,858
date_dim,859
date_dim,860
date_dim,861
date_dim,862
date_dim,863
date_dim,864
date_dim,865
date_dim,866
date_dim,867
date_dim,868
date_dim,869
date_dim,870
date_dim,871
date_dim,872
date_dim,873
date_dim,874
date_dim,875
date_dim,876
date_dim,877
date_dim,878
date_dim,879
date_dim,880
date_dim,881
date_dim,882
date_dim,883
date_dim,884
date_dim,885
date_dim,886
date_dim,887
date_dim,888
date_dim,889
date_dim,890
date_dim,891
date_dim,892
date_dim,893
date_dim,894
date_dim,895
date_dim,896
date_dim,897
date_dim,898
date_dim,899
date_dim,900
date_dim,901
date_dim,902
date_dim,903
date_dim,904
date_dim,905
date_dim,906
date_dim,907
date_dim,908
date_dim,909
date_dim,910
date_dim,911
date_dim,912
date_dim,913
date_dim,914
date_dim,915
date_dim,916
date_dim,917
date_dim,918
date_dim,919
date_dim,920
date_dim,921
date_dim,922
date_dim,923
date_dim,924
date_dim,925
date_dim,926
date_dim,927
date_dim,928
date_dim,929
date_dim,930
date_dim,931
date_dim,932
date_dim,933
date_dim,934
date_dim,935
date_dim,936
date_dim,937
date_dim,938
date_dim,939
date_dim,940
date_dim,941
date_dim,942
date_dim,943
date_dim,944
date_dim,945
date_dim,946
date_dim,947
date_dim,948
date_dim,949
date_dim,950
date_dim,951
date_dim,952
date_dim,953
date_dim,954
date_dim,955
date_dim,956
date_dim,957
date_dim,958
date_dim,959
date_dim,960
date_dim,961
date_dim,962
date_dim,963
date_dim,964
date_dim,965
date_dim,966
date_dim,967
date_dim,968
date_dim,969
date_dim,970
date_dim,971
date_dim,972
date_dim,973
date_dim,974
date_dim,975
date_dim,976
date_dim,977
date_dim,978
date_dim,979
date_dim,980
date_dim,981
date_dim,982
date_dim,983
date_dim,984
date_dim,985
date_dim,986
date_dim,987
date_dim,988
date_dim,989
date_dim,990
date_dim,991
date_dim,992
date_dim,993
date_dim,994
date_dim,995
date_dim,996
date_dim,997
date_dim,998
date_dim,999
date_dim,1000
date_dim,1001
date_dim,1002
date_dim,1003
date_dim,1004
date_dim,1005
date_dim,1006
date_dim,1007
date_dim,1008
date_dim,1009
date_dim,1010
date_dim,1011
date_dim,1012
date_dim,1013
date_dim,1014
date_dim,1015
date_dim,1016
date_dim,1017
date_dim,1018
date_dim,1019
date_dim,1020
date_dim,1021
date_dim,1022
date_dim,1023
date_dim,1024
date_dim,1025
date_dim,1026
date_dim,1027
date_dim,1028
date_dim,1029
date_dim,1030
date_dim,1031
date_dim,1032
date_dim,1033
date_dim,1034
date_dim,1035
date_dim,1036
date_dim,1037
date_dim,1038
date_dim,1039
date_dim,1040
date_dim,1041
date_dim,1042
date_dim,1043
date_dim,1044
date_dim,1045
date_dim,1046
date_dim,1047
date_dim,1048
date_dim,1049
date_dim,1050
date_dim,1051
date_dim,1052
date_dim,1053
date_dim,1054
date_dim,1055
date_dim,1056
date_dim,1057
date_dim,1058
date_dim,1059
date_dim,1060
date_dim,1061
date_dim,1062
date_dim,1063
date_dim,1064
date_dim,1065
date_dim,1066
date_dim,1067
date_dim,1068
date_dim,1069
date_dim,1070
date_dim,1071
date_dim,1072
date_dim,1073
date_dim,1074
date_dim,1075
date_dim,1076
date_dim,1077
date_dim,1078
date_dim,1079
date_dim,1080
date_dim,1081
date_dim,1082
date_dim,1083
date_dim,1084
date_dim,1085
date_dim,1086
date_dim,1087
date_dim,1088
date_dim,1089
date_dim,1090
date_dim,1091
date_dim,1092
date_dim,1093
date_dim,1094
date_dim,1095
date_dim,1096
date_dim,1097
date_dim,1098
date_dim,1099
date_dim,1100
date_dim,1101
date_dim,1102
date_dim,1103
date_dim,1104
date_dim,1105
date_dim,1106
date_dim,1107
date_dim,1108
date_dim,1109
date_dim,1110
date_dim,1111
date_dim,1112
date_dim,1113
date_dim,1114
date_dim,1115
date_dim,1116
date_dim,1117
date_dim,1118
date_dim,1119
date_dim,1120
date_dim,1121
date_dim,1122
date_dim,1123
date_dim,1124
date_dim,1125
date_dim,1126
date_dim,1127
date_dim,1128
date_dim,1129
date_dim,1130
date_dim,1131
date_dim,1132
date_dim,1133
date_dim,1134
date_dim,1135
date_dim,1136
date_dim,1137
date_dim,1138
date_dim,1139
date_dim,1140
date_dim,1141
date_dim,1142
date_dim,1143
date_dim,1144
date_dim,1145
date_dim,1146
date_dim,1147
date_dim,1148
date_dim,1149
date_dim,1150
date_dim,1151
date_dim,1152
date_dim,1153
date_dim,1154
date_dim,1155
date_dim,1156
date_dim,1157
date_dim,1158
date_dim,1159
date_dim,1160
date_dim,1161
date_dim,1162
date_dim,1163
date_dim,1164
date_dim,1165
date_dim,1166
date_dim,1167
date_dim,1168
date_dim,1169
date_dim,1170
date_dim,1171
date_dim,1172
date_dim,1173
date_dim,1174
date_dim,1175
date_dim,1176
date_dim,1177
date_dim,1178
date_dim,1179
date_dim,1180
date_dim,1181
date_dim,1182
date_dim,1183
date_dim,1184
date_dim,1185
date_dim,1186
date_dim,1187
date_dim,1188
date_dim,1189
date_dim,1190
date_dim,1191
date_dim,1192
date_dim,1193
date_dim,1194
date_dim,1195
date_dim,1196
date_dim,1197
date_dim,1198
date_dim,1199
date_dim,1200
date_dim,1201
date_dim,1202
date_dim,1203
date_dim,1204
date_dim,1205
date_dim,1206
date_dim,1207
date_dim,1208
date_dim,1209
date_dim,1210
date_dim,1211
date_dim,1212
date_dim,1213
date_dim,1214
date_dim,1215
date_dim,1216
date_dim,1217
date_dim,1218
date_dim,1219
date_dim,1220
date_dim,1221
date_dim,1222
date_dim,1223
date_dim,1224
date_dim,1225
date_dim,1226
date_dim,1227
date_dim,1228
date_dim,1229
date_dim,1230
date_dim,1231
date_dim,1232
date_dim,1233
date_dim,1234
date_dim,1235
date_dim,1236
date_dim,1237
date_dim,1238
date_dim,1239
date_dim,1240
date_dim,1241
date_dim,1242
date_dim,1243
date_dim,1244
date_dim,1245
date_dim,1246
date_dim,1247
date_dim,1248
date_dim,1249
date_dim,1250
date_dim,1251
date_dim,1252
date_dim,1253
date_dim,1254
date_dim,1255
date_dim,1256
date_dim,1257
date_dim,1258
date_dim,1259
date_dim,1260
date_dim,1261
date_dim,1262
date_dim,1263
date_dim,1264
date_dim,1265
date_dim,1266
date_dim,1267
date_dim,1268
date_dim,1269
date_dim,1270
date_dim,1271
date_dim,1272
date_dim,1273
date_dim,1274
date_dim,1275
date_dim,1276
date_dim,1277
date_dim,1278
date_dim,1279
date_dim,1280
date_dim,1281
date_dim,1282
date_dim,1283
date_dim,1284
date_dim,1285
date_dim,1286
date_dim,1287
date_dim,1288
date_dim,1289
date_dim,1290
date_dim,1291
date_dim,1292
date_dim,1293
date_dim,1294
date_dim,1295
date_dim,1296
date_dim,1297
date_dim,1298
date_dim,1299
date_dim,1300
date_dim,1301
date_dim,1302
date_dim,1303
date_dim,1304
date_dim,1305
date_dim,1306
date_dim,1307
date_dim,1308
date_dim,1309
date_dim,1310
date_dim,1311
date_dim,1312
date_dim,1313
date_dim,1314
date_dim,1315
date_dim,1316
date_dim,1317
date_dim,1318
date_dim,1319
date_dim,1320
date_dim,1321
date_dim,1322
date_dim,1323
date_dim,1324
date_dim,1325
date_dim,1326
date_dim,1327
date_dim,1328
date_dim,1329
date_dim,1330
date_dim,1331
date_dim,1332
date_dim,1333
date_dim,1334
date_dim,1335
date_dim,1336
date_dim,1337
date_dim,1338
date_dim,1339
date_dim,1340
date_dim,1341
date_dim,1342
date_dim,1343
date_dim,1344
date_dim,1345
date_dim,1346
date_dim,1347
date_dim,1348
date_dim,1349
date_dim,1350
date_dim,1351
date_dim,1352
date_dim,1353
date_dim,1354
date_dim,1355
date_dim,1356
date_dim,1357
date_dim,1358
date_dim,1359
date_dim,1360
date_dim,1361
date_dim,1362
date_dim,1363
date_dim,1364
date_dim,1365
date_dim,1366
date_dim,1367
date_dim,1368
date_dim,1369
date_dim,1370
date_dim,1371
date_dim,1372
date_dim,1373
date_dim,1374
date_dim,1375
date_dim,1376
date_dim,1377
date_dim,1378
date_dim,1379
date_dim,1380
date_dim,1381
date_dim,1382
date_dim,1383
date_dim,1384
date_dim,1385
date_dim,1386
date_dim,1387
date_dim,1388
date_dim,1389
date_dim,1390
date_dim,1391
date_dim,1392
date_dim,1393
date_dim,1394
date_dim,1395
date_dim,1396
date_dim,1397
date_dim,1398
date_dim,1399
date_dim,1400
date_dim,1401
date_dim,1402
date_dim,1403
date_dim,1404
item,0
item,0
item,1
item,2
item,3
item,4
item,5
item,6
item,7
item,8
item,9
item,10
item,11
item,12
item,13
item,14
item,15
item,16
item,17
item,18
item,19
item,20
item,21
item,22
item,23
item,24
item,25
item,26
item,27
item,28
item,29
item,30
item,31
item,32
item,33
item,34
item,35
item,36
item,37
item,38
item,39
item,40
item,41
item,42
item,43
item,44
item,45
item,46
item,47
item,48
item,49
item,50
item,51
item,52
item,53
item,54
item,55
item,56
item,57
item,58
item,59
item,60
item,61
item,62
item,63
item,64
item,65
item,66
item,67
item,68
item,69
item,70
item,71
item,72
item,73
item,74
item,75
item,76
item,77
item,78
item,79
item,80
item,81
item,82
item,83
item,84
item,85
item,86
item,87
item,88
item,89
item,90
item,91
item,92
item,93
item,94
item,95
item,96
item,97
item,98
item,99
item,100
item,101
item,102
item,103
item,104
item,105
item,106
item,107
item,108
item,109
item,110
item,111
item,112
item,113
item,114
item,115
item,116
item,117
item,118
item,119
item,120
item,121
item,122
item,123
item,124
item,125
item,126
item,127
item,128
item,129
item,130
item,131
item,132
item,133
item,134
item,135
item,136
item,137
item,138
item,139
item,140
item,141
item,142
item,143
item,144
item,145
item,146
item,147
item,148
item,149
item,150
item,151
item,152
item,153
item,154
item,155
item,156
item,157
item,158
item,159
item,160
item,161
item,162
item,163
item,164
item,165
item,166
item,167
item,168
item,169
item,170
item,171
item,172
item,173
item,174
item,175
item,176
item,177
item,178
item,179
item,180
item,181
item,182
item,183
item,184
item,185
item,186
item,187
item,188
item,189
item,190
item,191
item,192
item,193
item,194
item,195
item,196
item,197
item,198
item,199
item,200
item,201
item,202
item,203
item,204
item,205
item,206
item,207
item,208
item,209
item,210
item,211
item,212
item,213
item,214
item,215
item,216
item,217
item,218
item,219
item,220
item,221
item,222
item,223
item,224
item,225
item,226
item,227
item,228
item,229
item,230
item,231
item,232
item,233
item,234
item,235
item,236
item,237
item,238
item,239
item,240
item,241
item,242
item,243
item,244
item,245
item,246
item,247
item,248
item,249
item,250
item,251
item,252
item,253
item,254
item,255
item,256
item,257
item,258
item,259
item,260
item,261
item,262
item,263
item,264
item,265
item,266
item,267
item,268
item,269
item,270
item,271
item,272
item,273
item,274
item,275
item,276
item,277
item,278
item,279
item,280
item,281
item,282
item,283
item,284
item,285
item,286
item,287
item,288
item,289
item,290
item,291
item,292
item,293
item,294
item,295
item,296
item,297
item,298
item,299
item,300
item,301
item,302
item,303
item,304
item,305
item,306
item,307
item,308
item,309
item,310
item,311
item,312
item,313
item,314
item,315
item,316
item,317
item,318
item,319
item,320
item,321
item,322
item,323
item,324
item,325
item,326
item,327
item,328
item,329
item,330
item,331
item,332
item,333
item,334
item,335
item,336
item,337
item,338
item,339
item,340
item,341
item,342
item,343
item,344
item,345
item,346
item,347
item,348
item,349
item,350
item,351
item,352
item,353
item,354
item,355
item,356
item,357
item,358
item,359
item,360
item,361
item,362
item,363
item,364
item,365
item,366
item,367
item,368
item,369
item,370
item,371
item,372
item,373
item,374
item,375
item,376
item,377
item,378
item,379
item,380
item,381
item,382
item,383
item,384
item,385
item,386
item,387
item,388
item,389
item,390
item,391
item,392
item,393
item,394
item,395
item,396
item,397
item,398
item,399
item,400
item,401
item,402
item,403
item,404
item,405
item,406
item,407
item,408
item,409
item,410
item,411
item,412
item,413
item,414
item,415
item,416
item,417
item,418
item,419
item,420
item,421
item,422
item,423
item,424
item,425
item,426
item,427
item,428
item,429
item,430
item,431
item,432
item,433
item,434
item,435
item,436
item,437
item,438
item,439
item,440
item,441
item,442
item,443
item,444
item,445
item,446
item,447
item,448
item,449
item,450
item,451
item,452
item,453
item,454
item,455
item,456
item,457
item,458
item,459
item,460
item,461
item,462
item,463
item,464
item,465
item,466
item,467
item,468
item,469
item,470
item,471
item,472
item,473
item,474
item,475
item,476
item,477
item,478
item,479
item,480
item,481
item,482
item,483
item,484
item,485
item,486
item,487
item,488
item,489
item,490
item,491
item,492
item,493
item,494
item,495
item,496
item,497
item,498
item,499
item,500
item,501
item,502
item,503
item,504
item,505
item,506
item,507
item,508
item,509
item,510
item,511
item,512
item,513
item,514
item,515
item,516
item,517
item,518
item,519
item,520
item,521
item,522
item,523
item,524
item,525
item,526
item,527
item,528
item,529
item,530
item,531
item,532
item,533
item,534
item,535
item,536
item,537
item,538
item,539
item,540
item,541
item,542
item,543
item,544
item,545
item,546
item,547
item,548
item,549
item,550
item,551
item,552
item,553
item,554
item,555
item,556
item,557
item,558
item,559
item,560
item,561
item,562
item,563
item,564
item,565
item,566
item,567
item,568
item,569
item,570
item,571
item,572
item,573
item,574
item,575
item,576
item,577
item,578
item,579
item,580
item,581
item,582
item,583
item,584
item,585
item,586
item,587
item,588
item,589
item,590
item,591
item,592
item,593
item,594
item,595
item,596
item,597
item,598
item,599
item,600
item,601
item,602
item,603
item,604
item,605
item,606
item,607
item,608
item,609
item,610
item,611
item,612
item,613
item,614
item,615
item,616
item,617
item,618
item,619
item,620
item,621
item,622
item,623
item,624
item,625
item,626
item,627
item,628
item,629
item,630
item,631
item,632
item,633
item,634
item,635
item,636
item,637
item,638
item,639
item,640
item,641
item,642
item,643
item,644
item,645
item,646
item,647
item,648
item,649
item,650
item,651
item,652
item,653
item,654
item,655
item,656
item,657
item,658
item,659
item,660
item,661
item,662
item,663
item,664
item,665
item,666
item,667
item,668
item,669
item,670
item,671
item,672
item,673
item,674
item,675
item,676
item,677
item,678
item,679
item,680
item,681
item,682
item,683
item,684
item,685
item,686
item,687
item,688
item,689
item,690
item,691
item,692
item,693
item,694
item,695
item,696
item,697
item,698
item,699
item,700
item,701
item,702
item,703
item,704
item,705
item,706
item,707
item,708
item,709
item,710
item,711
item,712
item,713
item,714
item,715
item,716
item,717
item,718
item,719
item,720
item,721
item,722
item,723
item,724
item,725
item,726
item,727
item,728
item,729
item,730
item,731
item,732
item,733
item,734
item,735
item,736
item,737
item,738
item,739
item,740
item,741
item,742
item,743
item,744
item,745
item,746
item,747
item,748
item,749
item,750
item,751
item,752
item,753
item,754
item,755
item,756
item,757
item,758
item,759
item,760
item,761
item,762
item,763
item,764
item,765
item,766
item,767
item,768
item,769
item,770
item,771
item,772
item,773
item,774
item,775
item,776
item,777
item,778
item,779
item,780
item,781
item,782
item,783
item,784
item,785
item,786
item,787
item,788
item,789
item,790
item,791
item,792
item,793
item,794
item,795
item,796
item,797
item,798
item,799
item,800
item,801
item,802
item,803
item,804
item,805
item,806
item,807
item,808
item,809
item,810
item,811
item,812
item,813
item,814
item,815
item,816
item,817
item,818
item,819
item,820
item,821
item,822
item,823
item,824
item,825
item,826
item,827
item,828
item,829
item,830
item,831
item,832
item,833
item,834
item,835
item,836
item,837
item,838
item,839
item,840
item,841
item,842
item,843
item,844
item,845
item,846
item,847
item,848
item,849
item,850
item,851
item,852
item,853
item,854
item,855
item,856
item,857
item,858
item,859
item,860
item,861
item,862
item,863
item,864
item,865
item,866
item,867
item,868
item,869
item,870
item,871
item,872
item,873
item,874
item,875
item,876
item,877
item,878
item,879
item,880
item,881
item,882
item,883
item,884
item,885
item,886
item,887
item,888
item,889
item,890
item,891
item,892
item,893
item,894
item,895
item,896
item,897
item,898
item,899
item,900
item,901
item,902
item,903
item,904
item,905
item,906
item,907
item,908
item,909
item,910
item,911
item,912
item,913
item,914
item,915
item,916
item,917
item,918
item,919
item,920
item,921
item,922
item,923
item,924
item,925
item,926
item,927
item,928
item,929
item,930
item,931
item,932
item,933
item,934
item,935
item,936
item,937
item,938
item,939
item,940
item,941
item,942
item,943
item,944
item,945
item,946
item,947
item,948
item,949
item,950
item,951
item,952
item,953
item,954
item,955
item,956
item,957
item,958
item,959
item,960
item,961
item,962
item,963
item,964
item,965
item,966
item,967
item,968
item,969
item,970
item,971
item,972
item,973
item,974
item,975
item,976
item,977
item,978
item,979
item,980
item,981
item,982
item,983
item,984
item,985
item,986
item,987
item,988
item,989
item,990
item,991
item,992
item,993
item,994
item,995
item,996
item,997
item,998
item,999
item,1000
item,1001
item,1002
item,1003
item,1004
item,1005
item,1006
item,1007
item,1008
item,1009
item,1010
item,1011
item,1012
item,1013
item,1014
item,1015
item,1016
item,1017
item,1018
item,1019
item,1020
item,1021
item,1022
item,1023
item,1024
item,1025
item,1026
item,1027
item,1028
item,1029
item,1030
item,1031
item,1032
item,1033
item,1034
item,1035
item,1036
item,1037
item,1038
item,1039
item,1040
item,1041
item,1042
item,1043
item,1044
item,1045
item,1046
item,1047
item,1048
item,1049
item,1050
item,1051
item,1052
item,1053
item,1054
item,1055
item,1056
item,1057
item,1058
item,1059
item,1060
item,1061
item,1062
item,1063
item,1064
item,1065
item,1066
item,1067
item,1068
item,1069
item,1070
item,1071
item,1072
item,1073
item,1074
item,1075
item,1076
item,1077
item,1078
item,1079
item,1080
item,1081
item,1082
item,1083
item,1084
item,1085
item,1086
item,1087
item,1088
item,1089
item,1090
item,1091
item,1092
item,1093
item,1094
item,1095
item,1096
item,1097
item,1098
item,1099
item,1100
item,1101
item,1102
item,1103
item,1104
item,1105
item,1106
item,1107
item,1108
item,1109
item,1110
item,1111
item,1112
item,1113
item,1114
item,1115
item,1116
item,1117
item,1118
item,1119
item,1120
item,1121
item,1122
item,1123
item,1124
item,1125
item,1126
item,1127
item,1128
item,1129
item,1130
item,1131
item,1132
item,1133
item,1134
item,1135
item,1136
item,1137
item,1138
item,1139
item,1140
item,1141
item,1142
item,1143
item,1144
item,1145
item,1146
item,1147
item,1148
item,1149
item,1150
item,1151
item,1152
item,1153
item,1154
item,1155
item,1156
item,1157
item,1158
item,1159
item,1160
item,1161
item,1162
item,1163
item,1164
item,1165
item,1166
item,1167
item,1168
item,1169
item,1170
item,1171
item,1172
item,1173
item,1174
item,1175
item,1176
item,1177
item,1178
item,1179
item,1180
item,1181
item,1182
item,1183
item,1184
item,1185
item,1186
item,1187
item,1188
item,1189
item,1190
item,1191
item,1192
item,1193
item,1194
item,1195
item,1196
item,1197
item,1198
item,1199
item,1200
item,1201
item,1202
item,1203
item,1204
item,1205
item,1206
item,1207
item,1208
item,1209
item,1210
item,1211
item,1212
item,1213
item,1214
item,1215
item,1216
item,1217
item,1218
item,1219
item,1220
item,1221
item,1222
item,1223
item,1224
item,1225
item,1226
item,1227
item,1228
item,1229
item,1230
item,1231
item,1232
item,1233
item,1234
item,1235
item,1236
item,1237
item,1238
item,1239
item,1240
item,1241
item,1242
item,1243
item,1244
item,1245
item,1246
item,1247
item,1248
item,1249
item,1250
item,1251
item,1252
item,1253
item,1254
item,1255
item,1256
item,1257
item,1258
item,1259
item,1260
item,1261
item,1262
item,1263
item,1264
item,1265
item,1266
item,1267
item,1268
item,1269
item,1270
item,1271
item,1272
item,1273
item,1274
item,1275
item,1276
item,1277
item,1278
item,1279
item,1280
item,1281
item,1282
item,1283
item,1284
item,1285
item,1286
item,1287
item,1288
item,1289
item,1290
item,1291
item,1292
item,1293
item,1294
item,1295
item,1296
item,1297
item,1298
item,1299
item,1300
item,1301
item,1302
item,1303
item,1304
item,1305
item,1306
item,1307
item,1308
item,1309
item,1310
item,1311
item,1312
item,1313
item,1314
item,1315
item,1316
item,1317
item,1318
item,1319
item,1320
item,1321
item,1322
item,1323
item,1324
item,1325
item,1326
item,1327
item,1328
item,1329
item,1330
item,1331
item,1332
item,1333
item,1334
item,1335
item,1336
item,1337
item,1338
item,1339
item,1340
item,1341
item,1342
item,1343
item,1344
item,1345
item,1346
item,1347
item,1348
item,1349
item,1350
item,1351
item,1352
item,1353
item,1354
item,1355
item,1356
item,1357
item,1358
item,1359
item,1360
item,1361
item,1362
item,1363
item,1364
item,1365
item,1366
item,1367
item,1368
item,1369
item,1370
item,1371
item,1372
item,1373
item,1374
item,1375
item,1376
item,1377
item,1378
item,1379
item,1380
item,1381
item,1382
item,1383
item,1384
item,1385
item,1386
item,1387
item,1388
item,1389
item,1390
item,1391
item,1392
item,1393
item,1394
item,1395
item,1396
item,1397
item,1398
item,1399
item,1400
item,1401
item,1402
item,1403
item,1404
item,1405
item,1406
item,1407
item,1408
item,1409
item,1410
item,1411
item,1412
item,1413
item,1414
item,1415
item,1416
item,1417
item,1418
item,1419
item,1420
item,1421
item,1422
item,1423
item,1424
item,1425
item,1426
item,1427
item,1428
item,1429
item,1430
item,1431
item,1432
item,1433
item,1434
item,1435
item,1436
item,1437
item,1438
item,1439
item,1440
item,1441
item,1442
item,1443
item,1444
item,1445
item,1446
item,1447
item,1448
item,1449
item,1450
item,1451
item,1452
item,1453
item,1454
item,1455
item,1456
item,1457
item,1458
item,1459
item,1460
item,1461
item,1462
item,1463
item,1464
item,1465
item,1466
item,1467
item,1468
item,1469
item,1470
item,1471
item,1472
item,1473
item,1474
item,1475
item,1476
item,1477
item,1478
item,1479
item,1480
item,1481
item,1482
item,1483
item,1484
item,1485
item,1486
item,1487
item,1488
item,1489
item,1490
item,1491
item,1492
item,1493
item,1494
item,1495
item,1496
item,1497
item,1498
item,1499
item,1500
item,1501
item,1502
item,1503
item,1504
item,1505
item,1506
item,1507
item,1508
item,1509
item,1510
item,1511
item,1512
item,1513
item,1514
item,1515
item,1516
item,1517
item,1518
item,1519
item,1520
item,1521
item,1522
item,1523
item,1524
item,1525
item,1526
item,1527
item,1528
item,1529
item,1530
item,1531
item,1532
item,1533
item,1534
item,1535
item,1536
item,1537
item,1538
item,1539
item,1540
item,1541
item,1542
item,1543
item,1544
item,1545
item,1546
item,1547
item,1548
item,1549
item,1550
item,1551
item,1552
item,1553
item,1554
item,1555
item,1556
item,1557
item,1558
item,1559
item,1560
item,1561
item,1562
item,1563
item,1564
item,1565
item,1566
item,1567
item,1568
item,1569
item,1570
item,1571
item,1572
item,1573
item,1574
item,1575
item,1576
item,1577
item,1578
item,1579
item,1580
item,1581
item,1582
item,1583
item,1584
item,1585
item,1586
item,1587
item,1588
item,1589
item,1590
item,1591
item,1592
item,1593
item,1594
item,1595
item,1596
item,1597
item,1598
item,1599
item,1600
item,1601
item,1602
item,1603
item,1604
item,1605
item,1606
item,1607
item,1608
item,1609
item,1610
item,1611
item,1612
item,1613
item,1614
item,1615
item,1616
item,1617
item,1618
item,1619
item,1620
item,1621
item,1622
item,1623
item,1624
item,1625
item,1626
item,1627
item,1628
item,1629
item,1630
item,1631
item,1632
item,1633
item,1634
item,1635
item,1636
item,1637
item,1638
item,1639
item,1640
item,1641
item,1642
item,1643
item,1644
item,1645
item,1646
item,1647
item,1648
item,1649
item,1650
item,1651
item,1652
item,1653
item,1654
item,1655
item,1656
item,1657
item,1658
item,1659
item,1660
item,1661
item,1662
item,1663
item,1664
item,1665
item,1666
item,1667
item,1668
item,1669
item,1670
item,1671
item,1672
item,1673
item,1674
item,1675
item,1676
item,1677
item,1678
item,1679
item,1680
item,1681
item,1682
item,1683
item,1684
item,1685
item,1686
item,1687
item,1688
item,1689
item,1690
item,1691
item,1692
item,1693
item,1694
item,1695
item,1696
item,1697
item,1698
item,1699
item,1700
item,1701
item,1702
item,1703
item,1704
item,1705
item,1706
item,1707
item,1708
item,1709
item,1710
item,1711
item,1712
item,1713
item,1714
item,1715
item,1716
item,1717
item,1718
item,1719
item,1720
item,1721
item,1722
item,1723
item,1724
item,1725
item,1726
item,1727
item,1728
item,1729
item,1730
item,1731
item,1732
item,1733
item,1734
item,1735
item,1736
item,1737
item,1738
item,1739
item,1740
item,1741
item,1742
item,1743
item,1744
item,1745
item,1746
item,1747
item,1748
item,1749
item,1750
item,1751
item,1752
item,1753
item,1754
item,1755
item,1756
item,1757
item,1758
item,1759
item,1760
item,1761
item,1762
item,1763
item,1764
item,1765
item,1766
item,1767
item,1768
item,1769
item,1770
item,1771
item,1772
item,1773
item,1774
item,1775
item,1776
item,1777
item,1778
item,1779
item,1780
item,1781
item,1782
item,1783
item,1784
item,1785
item,1786
item,1787
item,1788
item,1789
item,1790
item,1791
item,1792
item,1793
item,1794
item,1795
item,1796
item,1797
item,1798
item,1799
item,1800
item,1801
item,1802
item,1803
item,1804
item,1805
item,1806
item,1807
item,1808
item,1809
item,1810
item,1811
item,1812
item,1813
item,1814
item,1815
item,1816
item,1817
item,1818
item,1819
item,1820
item,1821
item,1822
item,1823
item,1824
item,1825
item,1826
item,1827
item,1828
item,1829
item,1830
item,1831
item,1832
item,1833
item,1834
item,1835
item,1836
item,1837
item,1838
item,1839
item,1840
item,1841
item,1842
item,1843
item,1844
item,1845
item,1846
item,1847
item,1848
item,1849
item,1850
item,1851
item,1852
item,1853
item,1854
item,1855
item,1856
item,1857
item,1858
item,1859
item,1860
item,1861
item,1862
item,1863
item,1864
item,1865
item,1866
item,1867
item,1868
item,1869
item,1870
item,1871
item,1872
item,1873
item,1874
item,1875
item,1876
item,1877
item,1878
item,1879
item,1880
item,1881
item,1882
item,1883
item,1884
item,1885
item,1886
item,1887
item,1888
item,1889
item,1890
item,1891
item,1892
item,1893
item,1894
item,1895
item,1896
item,1897
item,1898
item,1899
item,1900
item,1901
item,1902
item,1903
item,1904
item,1905
item,1906
item,1907
item,1908
item,1909
item,1910
item,1911
item,1912
item,1913
item,1914
item,1915
item,1916
item,1917
item,1918
item,1919
item,1920
item,1921
item,1922
item,1923
item,1924
item,1925
item,1926
item,1927
item,1928
item,1929
item,1930
item,1931
item,1932
item,1933
item,1934
item,1935
item,1936
item,1937
item,1938
item,1939
item,1940
item,1941
item,1942
item,1943
item,1944
item,1945
item,1946
item,1947
item,1948
item,1949
item,1950
item,1951
item,1952
item,1953
item,1954
item,1955
item,1956
item,1957
item,1958
item,1959
item,1960
item,1961
item,1962
item,1963
item,1964
item,1965
item,1966
item,1967
item,1968
item,1969
item,1970
item,1971
item,1972
item,1973
item,1974
item,1975
item,1976
item,1977
item,1978
item,1979
item,1980
item,1981
item,1982
item,1983
item,1984
item,1985
item,1986
item,1987
item,1988
item,1989
item,1990
item,1991
item,1992
item,1993
item,1994
item,1995
item,1996
item,1997
item,1998
item,1999
item,2000
item,2001
item,2002
item,2003
item,2004
item,2005
item,2006
item,2007
item,2008
item,2009
item,2010
item,2011
item,2012
item,2013
item,2014
item,2015
item,2016
item,2017
item,2018
item,2019
item,2020
item,2021
item,2022
item,2023
item,2024
item,2025
item,2026
item,2027
item,2028
item,2029
item,2030
item,2031
item,2032
item,2033
item,2034
item,2035
item,2036
item,2037
item,2038
item,2039
item,2040
item,2041
item,2042
item,2043
item,2044
item,2045
item,2046
item,2047
item,2048
item,2049
item,2050
item,2051
item,2052
item,2053
item,2054
item,2055
item,2056
item,2057
item,2058
item,2059
item,2060
item,2061
item,2062
item,2063
item,2064
item,2065
item,2066
item,2067
item,2068
item,2069
item,2070
item,2071
item,2072
item,2073
item,2074
item,2075
item,2076
item,2077
item,2078
item,2079
item,2080
item,2081
item,2082
item,2083
item,2084
item,2085
item,2086
item,2087
item,2088
item,2089
item,2090
item,2091
item,2092
item,2093
item,2094
item,2095
item,2096
item,2097
item,2098
item,2099
item,2100
item,2101
item,2102
item,2103
item,2104
item,2105
item,2106
item,2107
item,2108
item,2109
item,2110
item,2111
item,2112
item,2113
item,2114
item,2115
item,2116
item,2117
item,2118
item,2119
item,2120
item,2121
item,2122
item,2123
item,2124
item,2125
item,2126
item,2127
item,2128
item,2129
item,2130
item,2131
item,2132
item,2133
item,2134
item,2135
item,2136
item,2137
item,2138
item,2139
item,2140
item,2141
item,2142
item,2143
item,2144
item,2145
item,2146
item,2147
item,2148
item,2149
item,2150
item,2151
item,2152
item,2153
item,2154
item,2155
item,2156
item,2157
item,2158
item,2159
item,2160
item,2161
item,2162
item,2163
item,2164
item,2165
item,2166
item,2167
item,2168
item,2169
item,2170
item,2171
item,2172
item,2173
item,2174
item,2175
item,2176
item,2177
item,2178
item,2179
item,2180
item,2181
item,2182
item,2183
item,2184
item,2185
item,2186
item,2187
item,2188
item,2189
item,2190
item,2191
item,2192
item,2193
item,2194
item,2195
item,2196
item,2197
item,2198
item,2199
item,2200
item,2201
item,2202
item,2203
item,2204
item,2205
item,2206
item,2207
item,2208
item,2209
item,2210
item,2211
item,2212
item,2213
item,2214
item,2215
item,2216
item,2217
item,2218
item,2219
item,2220
item,2221
item,2222
item,2223
item,2224
item,2225
item,2226
item,2227
item,2228
item,2229
item,2230
item,2231
item,2232
item,2233
item,2234
item,2235
item,2236
item,2237
item,2238
item,2239
item,2240
item,2241
item,2242
item,2243
item,2244
item,2245
item,2246
item,2247
item,2248
item,2249
item,2250
item,2251
item,2252
item,2253
item,2254
item,2255
item,2256
item,2257
item,2258
item,2259
item,2260
item,2261
item,2262
item,2263
item,2264
item,2265
item,2266
item,2267
item,2268
item,2269
item,2270
item,2271
item,2272
item,2273
item,2274
item,2275
item,2276
item,2277
item,2278
item,2279
item,2280
item,2281
item,2282
item,2283
item,2284
item,2285
item,2286
item,2287
item,2288
item,2289
item,2290
item,2291
item,2292
item,2293
item,2294
item,2295
item,2296
item,2297
item,2298
item,2299
item,2300
item,2301
item,2302
item,2303
item,2304
item,2305
item,2306
item,2307
item,2308
item,2309
item,2310
item,2311
item,2312
item,2313
item,2314
item,2315
item,2316
item,2317
item,2318
item,2319
item,2320
item,2321
item,2322
item,2323
item,2324
item,2325
item,2326
item,2327
item,2328
item,2329
item,2330
item,2331
item,2332
item,2333
item,2334
item,2335
item,2336
item,2337
item,2338
item,2339
item,2340
item,2341
item,2342
item,2343
item,2344
item,2345
item,2346
item,2347
item,2348
item,2349
item,2350
item,2351
item,2352
item,2353
item,2354
item,2355
item,2356
item,2357
item,2358
item,2359
item,2360
item,2361
item,2362
item,2363
item,2364
item,2365
item,2366
item,2367
item,2368
item,2369
item,2370
item,2371
item,2372
item,2373
item,2374
item,2375
item,2376
item,2377
item,2378
item,2379
item,2380
item,2381
item,2382
item,2383
item,2384
item,2385
item,2386
item,2387
item,2388
item,2389
item,2390
item,2391
item,2392
item,2393
item,2394
item,2395
item,2396
item,2397
item,2398
item,2399
item,2400
item,2401
item,2402
item,2403
item,2404
item,2405
item,2406
item,2407
item,2408
item,2409
item,2410
item,2411
item,2412
item,2413
item,2414
item,2415
item,2416
item,2417
item,2418
item,2419
item,2420
item,2421
item,2422
item,2423
item,2424
item,2425
item,2426
item,2427
item,2428
item,2429
item,2430
item,2431
item,2432
item,2433
item,2434
item,2435
item,2436
item,2437
item,2438
item,2439
item,2440
item,2441
item,2442
item,2443
item,2444
item,2445
item,2446
item,2447
item,2448
item,2449
item,2450
item,2451
item,2452
item,2453
item,2454
item,2455
item,2456
item,2457
item,2458
item,2459
item,2460
item,2461
item,2462
item,2463
item,2464
item,2465
item,2466
item,2467
item,2468
item,2469
item,2470
item,2471
item,2472
item,2473
item,2474
item,2475
item,2476
item,2477
item,2478
item,2479
item,2480
item,2481
item,2482
item,2483
item,2484
item,2485
item,2486
item,2487
item,2488
item,2489
item,2490
item,2491
item,2492
item,2493
item,2494
item,2495
item,2496
item,2497
item,2498
item,2499
item,2500
item,2501
item,2502
item,2503
item,2504
item,2505
item,2506
item,2507
item,2508
item,2509
item,2510
item,2511
item,2512
item,2513
item,2514
item,2515
item,2516
item,2517
item,2518
item,2519
item,2520
item,2521
item,2522
item,2523
item,2524
item,2525
item,2526
item,2527
item,2528
item,2529
item,2530
item,2531
item,2532
item,2533
item,2534
item,2535
item,2536
item,2537
item,2538
item,2539
item,2540
item,2541
item,2542
item,2543
item,2544
item,2545
item,2546
item,2547
item,2548
item,2549
item,2550
item,2551
item,2552
item,2553
item,2554
item,2555
item,2556
item,2557
item,2558
item,2559
item,2560
item,2561
item,2562
item,2563
item,2564
item,2565
item,2566
item,2567
item,2568
item,2569
item,2570
item,2571
item,2572
item,2573
item,2574
item,2575
item,2576
item,2577
item,2578
item,2579
item,2580
item,2581
item,2582
item,2583
item,2584
item,2585
item,2586
item,2587
item,2588
item,2589
item,2590
item,2591
item,2592
item,2593
item,2594
item,2595
item,2596
item,2597
item,2598
item,2599
item,2600
item,2601
item,2602
item,2603
item,2604
item,2605
item,2606
item,2607
item,2608
item,2609
item,2610
item,2611
item,2612
item,2613
item,2614
item,2615
item,2616
item,2617
item,2618
item,2619
item,2620
item,2621
item,2622
item,2623
item,2624
item,2625
item,2626
item,2627
item,2628
item,2629
item,2630
item,2631
item,2632
item,2633
item,2634
item,2635
item,2636
item,2637
item,2638
item,2639
item,2640
item,2641
item,2642
item,2643
item,2644
item,2645
item,2646
item,2647
item,2648
item,2649
item,2650
item,2651
item,2652
item,2653
item,2654
item,2655
item,2656
item,2657
item,2658
item,2659
item,2660
item,2661
item,2662
item,2663
item,2664
item,2665
item,2666
item,2667
item,2668
item,2669
item,2670
item,2671
item,2672
item,2673
item,2674
item,2675
item,2676
item,2677
item,2678
item,2679
item,2680
item,2681
item,2682
item,2683
item,2684
item,2685
item,2686
item,2687
item,2688
item,2689
item,2690
item,2691
item,2692
item,2693
item,2694
item,2695
item,2696
item,2697
item,2698
item,2699
item,2700
item,2701
item,2702
item,2703
item,2704
item,2705
item,2706
item,2707
item,2708
item,2709
item,2710
item,2711
item,2712
item,2713
item,2714
item,2715
item,2716
item,2717
item,2718
item,2719
item,2720
item,2721
item,2722
item,2723
item,2724
item,2725
item,2726
item,2727
item,2728
item,2729
item,2730
item,2731
item,2732
item,2733
item,2734
item,2735
item,2736
item,2737
item,2738
item,2739
item,2740
item,2741
item,2742
item,2743
item,2744
item,2745
item,2746
item,2747
item,2748
item,2749
item,2750
item,2751
item,2752
item,2753
item,2754
item,2755
item,2756
item,2757
item,2758
item,2759
item,2760
item,2761
item,2762
item,2763
item,2764
item,2765
item,2766
item,2767
item,2768
item,2769
item,2770
item,2771
item,2772
item,2773
item,2774
item,2775
item,2776
item,2777
item,2778
item,2779
item,2780
item,2781
item,2782
item,2783
item,2784
item,2785
item,2786
item,2787
item,2788
item,2789
item,2790
item,2791
item,2792
item,2793
item,2794
item,2795
item,2796
item,2797
item,2798
item,2799
item,2800
item,2801
item,2802
item,2803
item,2804
item,2805
item,2806
item,2807
item,2808
item,2809
item,2810
item,2811
item,2812
item,2813
item,2814
item,2815
item,2816
item,2817
item,2818
item,2819
item,2820
item,2821
item,2822
item,2823
item,2824
item,2825
item,2826
item,2827
item,2828
item,2829
item,2830
item,2831
item,2832
item,2833
item,2834
item,2835
item,2836
item,2837
item,2838
item,2839
item,2840
item,2841
item,2842
item,2843
item,2844
item,2845
item,2846
item,2847
item,2848
item,2849
item,2850
item,2851
item,2852
item,2853
item,2854
item,2855
item,2856
item,2857
item,2858
item,2859
item,2860
item,2861
item,2862
item,2863
item,2864
item,2865
item,2866
item,2867
item,2868
item,2869
item,2870
item,2871
item,2872
item,2873
item,2874
item,2875
item,2876
item,2877
item,2878
item,2879
item,2880
item,2881
item,2882
item,2883
item,2884
item,2885
item,2886
item,2887
item,2888
item,2889
item,2890
item,2891
item,2892
item,2893
item,2894
item,2895
item,2896
item,2897
item,2898
item,2899
item,2900
item,2901
item,2902
item,2903
item,2904
item,2905
item,2906
item,2907
item,2908
item,2909
item,2910
item,2911
item,2912
item,2913
item,2914
item,2915
item,2916
item,2917
item,2918
item,2919
item,2920
item,2921
item,2922
item,2923
item,2924
item,2925
item,2926
item,2927
item,2928
item,2929
item,2930
item,2931
item,2932
item,2933
item,2934
item,2935
item,2936
item,2937
item,2938
item,2939
item,2940
item,2941
item,2942
item,2943
item,2944
item,2945
item,2946
item,2947
item,2948
item,2949
item,2950
item,2951
item,2952
item,2953
item,2954
item,2955
item,2956
item,2957
item,2958
item,2959
item,2960
item,2961
item,2962
item,2963
item,2964
item,2965
item,2966
item,2967
item,2968
item,2969
item,2970
item,2971
item,2972
item,2973
item,2974
item,2975
item,2976
item,2977
item,2978
item,2979
item,2980
item,2981
item,2982
item,2983
item,2984
item,2985
item,2986
item,2987
item,2988
item,2989
item,2990
item,2991
item,2992
item,2993
item,2994
item,2995
item,2996
item,2997
item,2998
item,2999
item,3000
item,3001
item,3002
item,3003
item,3004
item,3005
item,3006
item,3007
item,3008
item,3009
item,3010
item,3011
item,3012
item,3013
item,3014
item,3015
item,3016
item,3017
item,3018
item,3019
item,3020
item,3021
item,3022
item,3023
item,3024
item,3025
item,3026
item,3027
item,3028
item,3029
item,3030
item,3031
item,3032
item,3033
item,3034
item,3035
item,3036
item,3037
item,3038
item,3039
item,3040
item,3041
item,3042
item,3043
item,3044
item,3045
item,3046
item,3047
item,3048
item,3049
item,3050
item,3051
item,3052
item,3053
item,3054
item,3055
item,3056
item,3057
item,3058
item,3059
item,3060
item,3061
item,3062
item,3063
item,3064
item,3065
item,3066
item,3067
item,3068
item,3069
item,3070
item,3071
item,3072
item,3073
item,3074
item,3075
item,3076
item,3077
item,3078
item,3079
item,3080
item,3081
item,3082
item,3083
item,3084
item,3085
item,3086
item,3087
item,3088
item,3089
item,3090
item,3091
item,3092
item,3093
item,3094
item,3095
item,3096
item,3097
item,3098
item,3099
item,3100
item,3101
item,3102
item,3103
item,3104
item,3105
item,3106
item,3107
item,3108
item,3109
item,3110
item,3111
item,3112
item,3113
item,3114
item,3115
item,3116
item,3117
item,3118
item,3119
item,3120
item,3121
item,3122
item,3123
item,3124
item,3125
item,3126
item,3127
item,3128
item,3129
item,3130
item,3131
item,3132
item,3133
item,3134
item,3135
item,3136
item,3137
item,3138
item,3139
item,3140
item,3141
item,3142
item,3143
item,3144
item,3145
item,3146
item,3147
item,3148
item,3149
item,3150
item,3151
item,3152
item,3153
item,3154
item,3155
item,3156
item,3157
item,3158
item,3159
item,3160
item,3161
item,3162
item,3163
item,3164
item,3165
item,3166
item,3167
item,3168
item,3169
item,3170
item,3171
item,3172
item,3173
item,3174
item,3175
item,3176
item,3177
item,3178
item,3179
item,3180
item,3181
item,3182
item,3183
item,3184
item,3185
item,3186
item,3187
item,3188
item,3189
item,3190
item,3191
item,3192
item,3193
item,3194
item,3195
item,3196
item,3197
item,3198
item,3199
item,3200
item,3201
item,3202
item,3203
item,3204
item,3205
item,3206
item,3207
item,3208
item,3209
item,3210
item,3211
item,3212
item,3213
item,3214
item,3215
item,3216
item,3217
item,3218
item,3219
item,3220
item,3221
item,3222
item,3223
item,3224
item,3225
item,3226
item,3227
item,3228
item,3229
item,3230
item,3231
item,3232
item,3233
item,3234
item,3235
item,3236
item,3237
item,3238
item,3239
item,3240
item,3241
item,3242
item,3243
item,3244
item,3245
item,3246
item,3247
item,3248
item,3249
item,3250
item,3251
item,3252
item,3253
item,3254
item,3255
item,3256
item,3257
item,3258
item,3259
item,3260
item,3261
item,3262
item,3263
item,3264
item,3265
item,3266
item,3267
item,3268
item,3269
item,3270
item,3271
item,3272
item,3273
item,3274
item,3275
item,3276
item,3277
item,3278
item,3279
item,3280
item,3281
item,3282
item,3283
item,3284
item,3285
item,3286
item,3287
item,3288
item,3289
item,3290
item,3291
item,3292
item,3293
item,3294
item,3295
item,3296
item,3297
item,3298
item,3299
item,3300
item,3301
item,3302
item,3303
item,3304
item,3305
item,3306
item,3307
item,3308
item,3309
item,3310
item,3311
item,3312
item,3313
item,3314
item,3315
item,3316
item,3317
item,3318
item,3319
item,3320
item,3321
item,3322
item,3323
item,3324
item,3325
item,3326
item,3327
item,3328
item,3329
item,3330
item,3331
item,3332
item,3333
item,3334
item,3335
item,3336
item,3337
item,3338
item,3339
item,3340
item,3341
item,3342
item,3343
item,3344
item,3345
item,3346
item,3347
item,3348
item,3349
item,3350
item,3351
item,3352
item,3353
item,3354
item,3355
item,3356
item,3357
item,3358
item,3359
item,3360
item,3361
item,3362
item,3363
item,3364
item,3365
item,3366
item,3367
item,3368
item,3369
item,3370
item,3371
item,3372
item,3373
item,3374
item,3375
item,3376
item,3377
item,3378
item,3379
item,3380
item,3381
item,3382
item,3383
item,3384
item,3385
item,3386
item,3387
item,3388
item,3389
item,3390
item,3391
item,3392
item,3393
item,3394
item,3395
item,3396
item,3397
item,3398
item,3399
item,3400
item,3401
item,3402
item,3403
item,3404
item,3405
item,3406
item,3407
item,3408
item,3409
item,3410
item,3411
item,3412
item,3413
item,3414
item,3415
item,3416
item,3417
item,3418
item,3419
item,3420
item,3421
item,3422
item,3423
item,3424
item,3425
item,3426
item,3427
item,3428
item,3429
item,3430
item,3431
item,3432
item,3433
item,3434
item,3435
item,3436
item,3437
item,3438
item,3439
item,3440
item,3441
item,3442
item,3443
item,3444
item,3445
item,3446
item,3447
item,3448
item,3449
item,3450
item,3451
item,3452
item,3453
item,3454
item,3455
item,3456
item,3457
item,3458
item,3459
item,3460
item,3461
item,3462
item,3463
item,3464
item,3465
item,3466
item,3467
item,3468
item,3469
item,3470
item,3471
item,3472
item,3473
item,3474
item,3475
item,3476
item,3477
item,3478
item,3479
item,3480
item,3481
item,3482
item,3483
item,3484
item,3485
item,3486
item,3487
item,3488
item,3489
item,3490
item,3491
item,3492
item,3493
item,3494
item,3495
item,3496
item,3497
item,3498
item,3499
item,3500
item,3501
item,3502
item,3503
item,3504
item,3505
item,3506
item,3507
item,3508
item,3509
item,3510
item,3511
item,3512
item,3513
item,3514
item,3515
item,3516
item,3517
item,3518
item,3519
item,3520
item,3521
item,3522
item,3523
item,3524
item,3525
item,3526
item,3527
item,3528
item,3529
item,3530
item,3531
item,3532
item,3533
item,3534
item,3535
item,3536
item,3537
item,3538
item,3539
item,3540
item,3541
item,3542
item,3543
item,3544
item,3545
item,3546
item,3547
item,3548
item,3549
item,3550
item,3551
item,3552
item,3553
item,3554
item,3555
item,3556
item,3557
item,3558
item,3559
item,3560
item,3561
item,3562
item,3563
item,3564
item,3565
item,3566
item,3567
item,3568
item,3569
item,3570
item,3571
item,3572
item,3573
item,3574
item,3575
item,3576
item,3577
item,3578
item,3579
item,3580
item,3581
item,3582
item,3583
item,3584
item,3585
item,3586
item,3587
item,3588
item,3589
item,3590
item,3591
item,3592
item,3593
item,3594
item,3595
item,3596
item,3597
item,3598
item,3599
item,3600
item,3601
item,3602
item,3603
item,3604
item,3605
item,3606
item,3607
item,3608
item,3609
item,3610
item,3611
item,3612
item,3613
item,3614
item,3615
item,3616
item,3617
item,3618
item,3619
item,3620
item,3621
item,3622
item,3623
item,3624
item,3625
item,3626
item,3627
item,3628
item,3629
item,3630
item,3631
item,3632
item,3633
item,3634
item,3635
item,3636
item,3637
item,3638
item,3639
item,3640
item,3641
item,3642
item,3643
item,3644
item,3645
item,3646
item,3647
item,3648
item,3649
item,3650
item,3651
item,3652
item,3653
item,3654
item,3655
item,3656
item,3657
item,3658
item,3659
item,3660
item,3661
item,3662
item,3663
item,3664
item,3665
item,3666
item,3667
item,3668
item,3669
item,3670
item,3671
item,3672
item,3673
item,3674
item,3675
item,3676
item,3677
item,3678
item,3679
item,3680
item,3681
item,3682
item,3683
item,3684
item,3685
item,3686
item,3687
item,3688
item,3689
item,3690
item,3691
item,3692
item,3693
item,3694
item,3695
item,3696
item,3697
item,3698
item,3699
item,3700
item,3701
item,3702
item,3703
item,3704
item,3705
item,3706
item,3707
item,3708
item,3709
item,3710
item,3711
item,3712
item,3713
item,3714
item,3715
item,3716
item,3717
item,3718
item,3719
item,3720
item,3721
item,3722
item,3723
item,3724
item,3725
item,3726
item,3727
item,3728
item,3729
item,3730
item,3731
item,3732
item,3733
item,3734
item,3735
item,3736
item,3737
item,3738
item,3739
item,3740
item,3741
item,3742
item,3743
item,3744
item,3745
item,3746
item,3747
item,3748
item,3749
item,3750
item,3751
item,3752
item,3753
item,3754
item,3755
item,3756
item,3757
item,3758
item,3759
item,3760
item,3761
item,3762
item,3763
item,3764
item,3765
item,3766
item,3767
item,3768
item,3769
item,3770
item,3771
item,3772
item,3773
item,3774
item,3775
item,3776
item,3777
item,3778
item,3779
item,3780
item,3781
item,3782
item,3783
item,3784
item,3785
item,3786
item,3787
item,3788
item,3789
item,3790
item,3791
item,3792
item,3793
item,3794
item,3795
item,3796
item,3797
item,3798
item,3799
item,3800
item,3801
item,3802
item,3803
item,3804
item,3805
item,3806
item,3807
item,3808
item,3809
item,3810
item,3811
item,3812
item,3813
item,3814
item,3815
item,3816
item,3817
item,3818
item,3819
item,3820
item,3821
item,3822
item,3823
item,3824
item,3825
item,3826
item,3827
item,3828
item,3829
item,3830
item,3831
item,3832
item,3833
item,3834
item,3835
item,3836
item,3837
item,3838
item,3839
item,3840
item,3841
item,3842
item,3843
item,3844
item,3845
item,3846
item,3847
item,3848
item,3849
item,3850
item,3851
item,3852
item,3853
item,3854
item,3855
item,3856
item,3857
item,3858
item,3859
item,3860
item,3861
item,3862
item,3863
item,3864
item,3865
item,3866
item,3867
item,3868
item,3869
item,3870
item,3871
item,3872
item,3873
item,3874
item,3875
item,3876
item,3877
item,3878
item,3879
item,3880
item,3881
item,3882
item,3883
item,3884
item,3885
item,3886
item,3887
item,3888
item,3889
item,3890
item,3891
item,3892
item,3893
item,3894
item,3895
item,3896
item,3897
item,3898
item,3899
item,3900
item,3901
item,3902
item,3903
item,3904
item,3905
item,3906
item,3907
item,3908
item,3909
item,3910
item,3911
item,3912
item,3913
item,3914
item,3915
item,3916
item,3917
item,3918
item,3919
item,3920
item,3921
item,3922
item,3923
item,3924
item,3925
item,3926
item,3927
item,3928
item,3929
item,3930
item,3931
item,3932
item,3933
item,3934
item,3935
item,3936
item,3937
item,3938
item,3939
item,3940
item,3941
item,3942
item,3943
item,3944
item,3945
item,3946
item,3947
item,3948
item,3949
item,3950
item,3951
item,3952
item,3953
item,3954
item,3955
item,3956
item,3957
item,3958
item,3959
item,3960
item,3961
item,3962
item,3963
item,3964
item,3965
item,3966
item,3967
item,3968
item,3969
item,3970
item,3971
item,3972
item,3973
item,3974
item,3975
item,3976
item,3977
item,3978
item,3979
item,3980
item,3981
item,3982
item,3983
item,3984
item,3985
item,3986
item,3987
item,3988
item,3989
item,3990
item,3991
item,3992
item,3993
item,3994
item,3995
item,3996
item,3997
item,3998
item,3999
item,4000
item,4001
item,4002
item,4003
item,4004
item,4005
item,4006
item,4007
item,4008
item,4009
item,4010
item,4011
item,4012
item,4013
item,4014
item,4015
item,4016
item,4017
item,4018
item,4019
item,4020
item,4021
item,4022
item,4023
item,4024
item,4025
item,4026
item,4027
item,4028
item,4029
item,4030
item,4031
item,4032
item,4033
item,4034
item,4035
item,4036
item,4037
item,4038
item,4039
item,4040
item,4041
item,4042
item,4043
item,4044
item,4045
item,4046
item,4047
item,4048
item,4049
item,4050
item,4051
item,4052
item,4053
item,4054
item,4055
item,4056
item,4057
item,4058
item,4059
item,4060
item,4061
item,4062
item,4063
item,4064
item,4065
item,4066
item,4067
item,4068
item,4069
item,4070
item,4071
item,4072
item,4073
item,4074
item,4075
item,4076
item,4077
item,4078
item,4079
item,4080
item,4081
item,4082
item,4083
item,4084
item,4085
item,4086
item,4087
item,4088
item,4089
item,4090
item,4091
item,4092
item,4093
item,4094
item,4095
item,4096
item,4097
item,4098
item,4099
item,4100
item,4101
item,4102
item,4103
item,4104
item,4105
item,4106
item,4107
item,4108
item,4109
item,4110
item,4111
item,4112
item,4113
item,4114
item,4115
item,4116
item,4117
item,4118
item,4119
item,4120
item,4121
item,4122
item,4123
item,4124
item,4125
item,4126
item,4127
item,4128
item,4129
item,4130
item,4131
item,4132
item,4133
item,4134
item,4135
item,4136
item,4137
item,4138
item,4139
item,4140
item,4141
item,4142
item,4143
item,4144
item,4145
item,4146
item,4147
item,4148
item,4149
item,4150
item,4151
item,4152
item,4153
item,4154
item,4155
item,4156
item,4157
item,4158
item,4159
item,4160
item,4161
item,4162
item,4163
item,4164
item,4165
item,4166
item,4167
item,4168
item,4169
item,4170
item,4171
item,4172
item,4173
item,4174
item,4175
item,4176
item,4177
item,4178
item,4179
item,4180
item,4181
item,4182
item,4183
item,4184
item,4185
item,4186
item,4187
item,4188
item,4189
item,4190
item,4191
item,4192
item,4193
item,4194
item,4195
item,4196
item,4197
item,4198
item,4199
item,4200
item,4201
item,4202
item,4203
item,4204
item,4205
item,4206
item,4207
item,4208
item,4209
item,4210
item,4211
item,4212
item,4213
item,4214
item,4215
item,4216
item,4217
item,4218
item,4219
item,4220
item,4221
item,4222
item,4223
item,4224
item,4225
item,4226
item,4227
item,4228
item,4229
item,4230
item,4231
item,4232
item,4233
item,4234
item,4235
item,4236
item,4237
item,4238
item,4239
item,4240
item,4241
item,4242
item,4243
item,4244
item,4245
item,4246
item,4247
item,4248
item,4249
item,4250
item,4251
item,4252
item,4253
item,4254
item,4255
item,4256
item,4257
item,4258
item,4259
item,4260
item,4261
item,4262
item,4263
item,4264
item,4265
item,4266
item,4267
item,4268
item,4269
item,4270
item,4271
item,4272
item,4273
item,4274
item,4275
item,4276
item,4277
item,4278
item,4279
item,4280
item,4281
item,4282
item,4283
item,4284
item,4285
item,4286
item,4287
item,4288
item,4289
item,4290
item,4291
item,4292
item,4293
item,4294
item,4295
item,4296
item,4297
item,4298
item,4299
item,4300
item,4301
item,4302
item,4303
item,4304
item,4305
item,4306
item,4307
item,4308
item,4309
item,4310
item,4311
item,4312
item,4313
item,4314
item,4315
item,4316
item,4317
item,4318
item,4319
item,4320
item,4321
item,4322
item,4323
item,4324
item,4325
item,4326
item,4327
item,4328
item,4329
item,4330
item,4331
item,4332
item,4333
item,4334
item,4335
item,4336
item,4337
item,4338
item,4339
item,4340
item,4341
item,4342
item,4343
item,4344
item,4345
item,4346
item,4347
item,4348
item,4349
item,4350
item,4351
item,4352
item,4353
item,4354
item,4355
item,4356
item,4357
item,4358
item,4359
item,4360
item,4361
item,4362
item,4363
item,4364
item,4365
item,4366
item,4367
item,4368
item,4369
item,4370
item,4371
item,4372
item,4373
item,4374
item,4375
item,4376
item,4377
item,4378
item,4379
item,4380
item,4381
item,4382
item,4383
item,4384
item,4385
item,4386
item,4387
item,4388
item,4389
item,4390
item,4391
item,4392
item,4393
item,4394
item,4395
item,4396
item,4397
item,4398
item,4399
item,4400
item,4401
item,4402
item,4403
item,4404
item,4405
item,4406
item,4407
item,4408
item,4409
item,4410
item,4411
item,4412
item,4413
item,4414
item,4415
item,4416
item,4417
item,4418
item,4419
item,4420
item,4421
item,4422
item,4423
item,4424
item,4425
item,4426
item,4427
item,4428
item,4429
item,4430
item,4431
item,4432
item,4433
item,4434
item,4435
item,4436
item,4437
item,4438
item,4439
item,4440
item,4441
item,4442
item,4443
item,4444
item,4445
item,4446
item,4447
item,4448
item,4449
item,4450
item,4451
item,4452
item,4453
item,4454
item,4455
item,4456
item,4457
item,4458
item,4459
item,4460
item,4461
item,4462
item,4463
item,4464
item,4465
item,4466
item,4467
item,4468
item,4469
item,4470
item,4471
item,4472
item,4473
item,4474
item,4475
item,4476
item,4477
item,4478
item,4479
item,4480
item,4481
item,4482
item,4483
item,4484
item,4485
item,4486
item,4487
item,4488
item,4489
item,4490
item,4491
item,4492
item,4493
item,4494
item,4495
item,4496
item,4497
item,4498
item,4499
item,4500
item,4501
item,4502
item,4503
item,4504
item,4505
item,4506
item,4507
item,4508
item,4509
item,4510
item,4511
item,4512
item,4513
item,4514
item,4515
item,4516
item,4517
item,4518
item,4519
item,4520
item,4521
item,4522
item,4523
item,4524
item,4525
item,4526
item,4527
item,4528
item,4529
item,4530
item,4531
item,4532
item,4533
item,4534
item,4535
item,4536
item,4537
item,4538
item,4539
item,4540
item,4541
item,4542
item,4543
item,4544
item,4545
item,4546
item,4547
item,4548
item,4549
item,4550
item,4551
item,4552
item,4553
item,4554
item,4555
item,4556
item,4557
item,4558
item,4559
item,4560
item,4561
item,4562
item,4563
item,4564
item,4565
item,4566
item,4567
item,4568
item,4569
item,4570
item,4571
item,4572
item,4573
item,4574
item,4575
item,4576
item,4577
item,4578
item,4579
item,4580
item,4581
item,4582
item,4583
item,4584
item,4585
item,4586
item,4587
item,4588
item,4589
item,4590
item,4591
item,4592
item,4593
item,4594
item,4595
item,4596
item,4597
item,4598
item,4599
item,4600
item,4601
item,4602
item,4603
item,4604
item,4605
item,4606
item,4607
item,4608
item,4609
item,4610
item,4611
item,4612
item,4613
item,4614
item,4615
item,4616
item,4617
item,4618
item,4619
item,4620
item,4621
item,4622
item,4623
item,4624
item,4625
item,4626
item,4627
item,4628
item,4629
item,4630
item,4631
item,4632
item,4633
item,4634
item,4635
item,4636
item,4637
item,4638
item,4639
item,4640
item,4641
item,4642
item,4643
item,4644
item,4645
item,4646
item,4647
item,4648
item,4649
item,4650
item,4651
item,4652
item,4653
item,4654
item,4655
item,4656
item,4657
item,4658
item,4659
item,4660
item,4661
item,4662
item,4663
item,4664
item,4665
item,4666
item,4667
item,4668
item,4669
item,4670
item,4671
item,4672
item,4673
item,4674
item,4675
item,4676
item,4677
item,4678
item,4679
item,4680
item,4681
item,4682
item,4683
item,4684
item,4685
item,4686
item,4687
item,4688
item,4689
item,4690
item,4691
item,4692
item,4693
item,4694
item,4695
item,4696
item,4697
item,4698
item,4699
item,4700
item,4701
item,4702
item,4703
item,4704
item,4705
item,4706
item,4707
item,4708
item,4709
item,4710
item,4711
item,4712
item,4713
item,4714
item,4715
item,4716
item,4717
item,4718
item,4719
item,4720
item,4721
item,4722
item,4723
item,4724
item,4725
item,4726
item,4727
item,4728
item,4729
item,4730
item,4731
item,4732
item,4733
item,4734
item,4735
item,4736
item,4737
item,4738
item,4739
item,4740
item,4741
item,4742
item,4743
item,4744
item,4745
item,4746
item,4747
item,4748
item,4749
item,4750
item,4751
item,4752
item,4753
item,4754
item,4755
item,4756
item,4757
item,4758
item,4759
item,4760
item,4761
item,4762
item,4763
item,4764
item,4765
item,4766
item,4767
item,4768
item,4769
item,4770
item,4771
item,4772
item,4773
item,4774
item,4775
item,4776
item,4777
item,4778
item,4779
item,4780
item,4781
item,4782
item,4783
item,4784
item,4785
item,4786
item,4787
item,4788
item,4789
item,4790
item,4791
item,4792
item,4793
item,4794
item,4795
item,4796
item,4797
item,4798
item,4799
item,4800
item,4801
item,4802
item,4803
item,4804
item,4805
item,4806
item,4807
item,4808
item,4809
item,4810
item,4811
item,4812
item,4813
item,4814
item,4815
item,4816
item,4817
item,4818
item,4819
item,4820
item,4821
item,4822
item,4823
item,4824
item,4825
item,4826
item,4827
item,4828
item,4829
item,4830
item,4831
item,4832
item,4833
item,4834
item,4835
item,4836
item,4837
item,4838
item,4839
item,4840
item,4841
item,4842
item,4843
item,4844
item,4845
item,4846
item,4847
item,4848
item,4849
item,4850
item,4851
item,4852
item,4853
item,4854
item,4855
item,4856
item,4857
item,4858
item,4859
item,4860
item,4861
item,4862
item,4863
item,4864
item,4865
item,4866
item,4867
item,4868
item,4869
item,4870
item,4871
item,4872
item,4873
item,4874
item,4875
item,4876
item,4877
item,4878
item,4879
item,4880
item,4881
item,4882
item,4883
item,4884
item,4885
item,4886
item,4887
item,4888
item,4889
item,4890
item,4891
item,4892
item,4893
item,4894
item,4895
item,4896
item,4897
item,4898
item,4899
item,4900
item,4901
item,4902
item,4903
item,4904
item,4905
item,4906
item,4907
item,4908
item,4909
item,4910
item,4911
item,4912
item,4913
item,4914
item,4915
item,4916
item,4917
item,4918
item,4919
item,4920
item,4921
item,4922
item,4923
item,4924
item,4925
item,4926
item,4927
item,4928
item,4929
item,4930
item,4931
item,4932
item,4933
item,4934
item,4935
item,4936
item,4937
item,4938
item,4939
item,4940
item,4941
item,4942
item,4943
item,4944
item,4945
item,4946
item,4947
item,4948
item,4949
item,4950
item,4951
item,4952
item,4953
item,4954
item,4955
item,4956
item,4957
item,4958
item,4959
item,4960
item,4961
item,4962
item,4963
item,4964
item,4965
item,4966
item,4967
item,4968
item,4969
item,4970
item,4971
item,4972
item,4973
item,4974
item,4975
item,4976
item,4977
item,4978
item,4979
item,4980
item,4981
item,4982
item,4983
item,4984
item,4985
item,4986
item,4987
item,4988
item,4989
item,4990
item,4991
item,4992
item,4993
item,4994
item,4995
item,4996
item,4997
item,4998
item,4999
item,5000
item,5001
item,5002
item,5003
item,5004
item,5005
item,5006
item,5007
item,5008
item,5009
item,5010
item,5011
item,5012
item,5013
item,5014
item,5015
item,5016
item,5017
item,5018
item,5019
item,5020
item,5021
item,5022
item,5023
item,5024
item,5025
item,5026
item,5027
item,5028
item,5029
item,5030
item,5031
item,5032
item,5033
item,5034
item,5035
item,5036
item,5037
item,5038
item,5039
item,5040
item,5041
item,5042
item,5043
item,5044
item,5045
item,5046
item,5047
item,5048
item,5049
item,5050
item,5051
item,5052
item,5053
item,5054
item,5055
item,5056
item,5057
item,5058
item,5059
item,5060
item,5061
item,5062
item,5063
item,5064
item,5065
item,5066
item,5067
item,5068
item,5069
item,5070
item,5071
item,5072
item,5073
item,5074
item,5075
item,5076
item,5077
item,5078
item,5079
item,5080
item,5081
item,5082
item,5083
item,5084
item,5085
item,5086
item,5087
item,5088
item,5089
item,5090
item,5091
item,5092
item,5093
item,5094
item,5095
item,5096
item,5097
item,5098
item,5099
item,5100
item,5101
item,5102
item,5103
item,5104
item,5105
item,5106
item,5107
item,5108
item,5109
item,5110
item,5111
item,5112
item,5113
item,5114
item,5115
item,5116
item,5117
item,5118
item,5119
item,5120
item,5121
item,5122
item,5123
item,5124
item,5125
item,5126
item,5127
item,5128
item,5129
item,5130
item,5131
item,5132
item,5133
item,5134
item,5135
item,5136
item,5137
item,5138
item,5139
item,5140
item,5141
item,5142
item,5143
item,5144
item,5145
item,5146
item,5147
item,5148
item,5149
item,5150
item,5151
item,5152
item,5153
item,5154
item,5155
item,5156
item,5157
item,5158
item,5159
item,5160
item,5161
item,5162
item,5163
item,5164
item,5165
item,5166
item,5167
item,5168
item,5169
item,5170
item,5171
item,5172
item,5173
item,5174
item,5175
item,5176
item,5177
item,5178
item,5179
item,5180
item,5181
item,5182
item,5183
item,5184
item,5185
item,5186
item,5187
item,5188
item,5189
item,5190
item,5191
item,5192
item,5193
item,5194
item,5195
item,5196
item,5197
item,5198
item,5199
item,5200
item,5201
item,5202
item,5203
item,5204
item,5205
item,5206
item,5207
item,5208
item,5209
item,5210
item,5211
item,5212
item,5213
item,5214
item,5215
item,5216
item,5217
item,5218
item,5219
item,5220
item,5221
item,5222
item,5223
item,5224
item,5225
item,5226
item,5227
item,5228
item,5229
item,5230
item,5231
item,5232
item,5233
item,5234
item,5235
item,5236
item,5237
item,5238
item,5239
item,5240
item,5241
item,5242
item,5243
item,5244
item,5245
item,5246
item,5247
item,5248
item,5249
item,5250
item,5251
item,5252
item,5253
item,5254
item,5255
item,5256
item,5257
item,5258
item,5259
item,5260
item,5261
item,5262
item,5263
item,5264
item,5265
item,5266
item,5267
item,5268
item,5269
item,5270
item,5271
item,5272
item,5273
item,5274
item,5275
item,5276
item,5277
item,5278
item,5279
item,5280
item,5281
item,5282
item,5283
item,5284
item,5285
item,5286
item,5287
item,5288
item,5289
item,5290
item,5291
item,5292
item,5293
item,5294
item,5295
item,5296
item,5297
item,5298
item,5299
item,5300
item,5301
item,5302
item,5303
item,5304
item,5305
item,5306
item,5307
item,5308
item,5309
item,5310
item,5311
item,5312
item,5313
item,5314
item,5315
item,5316
item,5317
item,5318
item,5319
item,5320
item,5321
item,5322
item,5323
item,5324
item,5325
item,5326
item,5327
item,5328
item,5329
item,5330
item,5331
item,5332
item,5333
item,5334
item,5335
item,5336
item,5337
item,5338
item,5339
item,5340
item,5341
item,5342
item,5343
item,5344
item,5345
item,5346
item,5347
item,5348
item,5349
item,5350
item,5351
item,5352
item,5353
item,5354
item,5355
item,5356
item,5357
item,5358
item,5359
item,5360
item,5361
item,5362
item,5363
item,5364
item,5365
item,5366
item,5367
item,5368
item,5369
item,5370
item,5371
item,5372
item,5373
item,5374
item,5375
item,5376
item,5377
item,5378
item,5379
item,5380
item,5381
item,5382
item,5383
item,5384
item,5385
item,5386
item,5387
item,5388
item,5389
item,5390
item,5391
item,5392
item,5393
item,5394
item,5395
item,5396
item,5397
item,5398
item,5399
item,5400
item,5401
item,5402
item,5403
item,5404
item,5405
item,5406
item,5407
item,5408
item,5409
item,5410
item,5411
item,5412
item,5413
item,5414
item,5415
item,5416
item,5417
item,5418
item,5419
item,5420
item,5421
item,5422
item,5423
item,5424
item,5425
item,5426
item,5427
item,5428
item,5429
item,5430
item,5431
item,5432
item,5433
item,5434
item,5435
item,5436
item,5437
item,5438
item,5439
item,5440
item,5441
item,5442
item,5443
item,5444
item,5445
item,5446
item,5447
item,5448
item,5449
item,5450
item,5451
item,5452
item,5453
item,5454
item,5455
item,5456
item,5457
item,5458
item,5459
item,5460
item,5461
item,5462
item,5463
item,5464
item,5465
item,5466
item,5467
item,5468
item,5469
item,5470
item,5471
item,5472
item,5473
item,5474
item,5475
item,5476
item,5477
item,5478
item,5479
item,5480
item,5481
item,5482
item,5483
item,5484
item,5485
item,5486
item,5487
item,5488
item,5489
item,5490
item,5491
item,5492
item,5493
item,5494
item,5495
item,5496
item,5497
item,5498
item,5499
item,5500
item,5501
item,5502
item,5503
item,5504
item,5505
item,5506
item,5507
item,5508
item,5509
item,5510
item,5511
item,5512
item,5513
item,5514
item,5515
item,5516
item,5517
item,5518
item,5519
item,5520
item,5521
item,5522
item,5523
item,5524
item,5525
item,5526
item,5527
item,5528
item,5529
item,5530
item,5531
item,5532
item,5533
item,5534
item,5535
item,5536
item,5537
item,5538
item,5539
item,5540
item,5541
item,5542
item,5543
item,5544
item,5545
item,5546
item,5547
item,5548
item,5549
item,5550
item,5551
item,5552
item,5553
item,5554
item,5555
item,5556
item,5557
item,5558
item,5559
item,5560
item,5561
item,5562
item,5563
item,5564
item,5565
item,5566
item,5567
item,5568
item,5569
item,5570
item,5571
item,5572
item,5573
item,5574
item,5575
item,5576
item,5577
item,5578
item,5579
item,5580
item,5581
item,5582
item,5583
item,5584
item,5585
item,5586
item,5587
item,5588
item,5589
item,5590
item,5591
item,5592
item,5593
item,5594
item,5595
item,5596
item,5597
item,5598
item,5599
item,5600
item,5601
item,5602
item,5603
item,5604
item,5605
item,5606
item,5607
item,5608
item,5609
item,5610
item,5611
item,5612
item,5613
item,5614
item,5615
item,5616
item,5617
item,5618
item,5619
item,5620
item,5621
item,5622
item,5623
item,5624
item,5625
item,5626
item,5627
item,5628
item,5629
item,5630
item,5631
item,5632
item,5633
item,5634
item,5635
item,5636
item,5637
item,5638
item,5639
item,5640
item,5641
item,5642
item,5643
item,5644
item,5645
item,5646
item,5647
item,5648
item,5649
item,5650
item,5651
item,5652
item,5653
item,5654
item,5655
item,5656
item,5657
item,5658
item,5659
item,5660
item,5661
item,5662
item,5663
item,5664
item,5665
item,5666
item,5667
item,5668
item,5669
item,5670
item,5671
item,5672
item,5673
item,5674
item,5675
item,5676
item,5677
item,5678
item,5679
item,5680
item,5681
item,5682
item,5683
item,5684
item,5685
item,5686
item,5687
item,5688
item,5689
item,5690
item,5691
item,5692
item,5693
item,5694
item,5695
item,5696
item,5697
item,5698
item,5699
item,5700
item,5701
item,5702
item,5703
item,5704
item,5705
item,5706
item,5707
item,5708
item,5709
item,5710
item,5711
item,5712
item,5713
item,5714
item,5715
item,5716
item,5717
item,5718
item,5719
item,5720
item,5721
item,5722
item,5723
item,5724
item,5725
item,5726
item,5727
item,5728
item,5729
item,5730
item,5731
item,5732
item,5733
item,5734
item,5735
item,5736
item,5737
item,5738
item,5739
item,5740
item,5741
item,5742
item,5743
item,5744
item,5745
item,5746
item,5747
item,5748
item,5749
item,5750
item,5751
item,5752
item,5753
item,5754
item,5755
item,5756
item,5757
item,5758
item,5759
item,5760
item,5761
item,5762
item,5763
item,5764
item,5765
item,5766
item,5767
item,5768
item,5769
item,5770
item,5771
item,5772
item,5773
item,5774
item,5775
item,5776
item,5777
item,5778
item,5779
item,5780
item,5781
item,5782
item,5783
item,5784
item,5785
item,5786
item,5787
item,5788
item,5789
item,5790
item,5791
item,5792
item,5793
item,5794
item,5795
item,5796
item,5797
item,5798
item,5799
item,5800
item,5801
item,5802
item,5803
item,5804
item,5805
item,5806
item,5807
item,5808
item,5809
item,5810
item,5811
item,5812
item,5813
item,5814
item,5815
item,5816
item,5817
item,5818
item,5819
item,5820
item,5821
item,5822
item,5823
item,5824
item,5825
item,5826
item,5827
item,5828
item,5829
item,5830
item,5831
item,5832
item,5833
item,5834
item,5835
item,5836
item,5837
item,5838
item,5839
item,5840
item,5841
item,5842
item,5843
item,5844
item,5845
item,5846
item,5847
item,5848
item,5849
item,5850
item,5851
item,5852
item,5853
item,5854
item,5855
item,5856
item,5857
item,5858
item,5859
item,5860
item,5861
item,5862
item,5863
item,5864
item,5865
item,5866
item,5867
item,5868
item,5869
item,5870
item,5871
item,5872
item,5873
item,5874
item,5875
item,5876
item,5877
item,5878
item,5879
item,5880
item,5881
item,5882
item,5883
item,5884
item,5885
item,5886
item,5887
item,5888
item,5889
item,5890
item,5891
item,5892
item,5893
item,5894
item,5895
item,5896
item,5897
item,5898
item,5899
item,5900
item,5901
item,5902
item,5903
item,5904
item,5905
item,5906
item,5907
item,5908
item,5909
item,5910
item,5911
item,5912
item,5913
item,5914
item,5915
item,5916
item,5917
item,5918
item,5919
item,5920
item,5921
item,5922
item,5923
item,5924
item,5925
item,5926
item,5927
item,5928
item,5929
item,5930
item,5931
item,5932
item,5933
item,5934
item,5935
item,5936
item,5937
item,5938
item,5939
item,5940
item,5941
item,5942
item,5943
item,5944
item,5945
item,5946
item,5947
item,5948
item,5949
item,5950
item,5951
item,5952
item,5953
item,5954
item,5955
item,5956
item,5957
item,5958
item,5959
item,5960
item,5961
item,5962
item,5963
item,5964
item,5965
item,5966
item,5967
item,5968
item,5969
item,5970
item,5971
item,5972
item,5973
item,5974
item,5975
item,5976
item,5977
item,5978
item,5979
item,5980
item,5981
item,5982
item,5983
item,5984
item,5985
item,5986
item,5987
item,5988
item,5989
item,5990
item,5991
item,5992
item,5993
item,5994
item,5995
item,5996
item,5997
item,5998
item,5999
item,6000
item,6001
item,6002
item,6003
item,6004
item,6005
item,6006
item,6007
item,6008
item,6009
item,6010
item,6011
item,6012
item,6013
item,6014
item,6015
item,6016
item,6017
item,6018
item,6019
item,6020
item,6021
item,6022
item,6023
item,6024
item,6025
item,6026
item,6027
item,6028
item,6029
item,6030
item,6031
item,6032
item,6033
item,6034
item,6035
item,6036
item,6037
item,6038
item,6039
item,6040
item,6041
item,6042
item,6043
item,6044
item,6045
item,6046
item,6047
item,6048
item,6049
item,6050
item,6051
item,6052
item,6053
item,6054
item,6055
item,6056
item,6057
item,6058
item,6059
item,6060
item,6061
item,6062
item,6063
item,6064
item,6065
item,6066
item,6067
item,6068
item,6069
item,6070
item,6071
item,6072
item,6073
item,6074
item,6075
item,6076
item,6077
item,6078
item,6079
item,6080
item,6081
item,6082
item,6083
item,6084
item,6085
item,6086
item,6087
item,6088
item,6089
item,6090
item,6091
item,6092
item,6093
item,6094
item,6095
item,6096
item,6097
item,6098
item,6099
item,6100
item,6101
item,6102
item,6103
item,6104
item,6105
item,6106
item,6107
item,6108
item,6109
item,6110
item,6111
item,6112
item,6113
item,6114
item,6115
item,6116
item,6117
item,6118
item,6119
item,6120
item,6121
item,6122
item,6123
item,6124
item,6125
item,6126
item,6127
item,6128
item,6129
item,6130
item,6131
item,6132
item,6133
item,6134
item,6135
item,6136
item,6137
item,6138
item,6139
item,6140
item,6141
item,6142
item,6143
item,6144
item,6145
item,6146
item,6147
item,6148
item,6149
item,6150
item,6151
item,6152
item,6153
item,6154
item,6155
item,6156
item,6157
item,6158
item,6159
item,6160
item,6161
item,6162
item,6163
item,6164
item,6165
item,6166
item,6167
item,6168
item,6169
item,6170
item,6171
item,6172
item,6173
item,6174
item,6175
item,6176
item,6177
item,6178
item,6179
item,6180
item,6181
item,6182
item,6183
item,6184
item,6185
item,6186
item,6187
item,6188
item,6189
item,6190
item,6191
item,6192
item,6193
item,6194
item,6195
item,6196
item,6197
item,6198
item,6199
item,6200
item,6201
item,6202
item,6203
item,6204
item,6205
item,6206
item,6207
item,6208
item,6209
item,6210
item,6211
item,6212
item,6213
item,6214
item,6215
item,6216
item,6217
item,6218
item,6219
item,6220
item,6221
item,6222
item,6223
item,6224
item,6225
item,6226
item,6227
item,6228
item,6229
item,6230
item,6231
item,6232
item,6233
item,6234
item,6235
item,6236
item,6237
item,6238
item,6239
item,6240
item,6241
item,6242
item,6243
item,6244
item,6245
item,6246
item,6247
item,6248
item,6249
item,6250
item,6251
item,6252
item,6253
item,6254
item,6255
item,6256
item,6257
item,6258
item,6259
item,6260
item,6261
item,6262
item,6263
item,6264
item,6265
item,6266
item,6267
item,6268
item,6269
item,6270
item,6271
item,6272
item,6273
item,6274
item,6275
item,6276
item,6277
item,6278
item,6279
item,6280
item,6281
item,6282
item,6283
item,6284
item,6285
item,6286
item,6287
item,6288
item,6289
item,6290
item,6291
item,6292
item,6293
item,6294
item,6295
item,6296
item,6297
item,6298
item,6299
item,6300
item,6301
item,6302
item,6303
item,6304
item,6305
item,6306
item,6307
item,6308
item,6309
item,6310
item,6311
item,6312
item,6313
item,6314
item,6315
item,6316
item,6317
item,6318
item,6319
item,6320
item,6321
item,6322
item,6323
item,6324
item,6325
item,6326
item,6327
item,6328
item,6329
item,6330
item,6331
item,6332
item,6333
item,6334
item,6335
item,6336
item,6337
item,6338
item,6339
item,6340
item,6341
item,6342
item,6343
item,6344
item,6345
item,6346
item,6347
item,6348
item,6349
item,6350
item,6351
item,6352
item,6353
item,6354
item,6355
item,6356
item,6357
item,6358
item,6359
item,6360
item,6361
item,6362
item,6363
item,6364
item,6365
item,6366
item,6367
item,6368
item,6369
item,6370
item,6371
item,6372
item,6373
item,6374
item,6375
item,6376
item,6377
item,6378
item,6379
item,6380
item,6381
item,6382
item,6383
item,6384
item,6385
item,6386
item,6387
item,6388
item,6389
item,6390
item,6391
item,6392
item,6393
item,6394
item,6395
item,6396
item,6397
item,6398
item,6399
item,6400
item,6401
item,6402
item,6403
item,6404
item,6405
item,6406
item,6407
item,6408
item,6409
item,6410
item,6411
item,6412
item,6413
item,6414
item,6415
item,6416
item,6417
item,6418
item,6419
item,6420
item,6421
item,6422
item,6423
item,6424
item,6425
item,6426
item,6427
item,6428
item,6429
item,6430
item,6431
item,6432
item,6433
item,6434
item,6435
item,6436
item,6437
item,6438
item,6439
item,6440
item,6441
item,6442
item,6443
item,6444
item,6445
item,6446
item,6447
item,6448
item,6449
item,6450
item,6451
item,6452
item,6453
item,6454
item,6455
item,6456
item,6457
item,6458
item,6459
item,6460
item,6461
item,6462
item,6463
item,6464
item,6465
item,6466
item,6467
item,6468
item,6469
item,6470
item,6471
item,6472
item,6473
item,6474
item,6475
item,6476
item,6477
item,6478
item,6479
item,6480
item,6481
item,6482
item,6483
item,6484
item,6485
item,6486
item,6487
item,6488
item,6489
item,6490
item,6491
item,6492
item,6493
item,6494
item,6495
item,6496
item,6497
item,6498
item,6499
item,6500
item,6501
item,6502
item,6503
item,6504
item,6505
item,6506
item,6507
item,6508
item,6509
item,6510
item,6511
item,6512
item,6513
item,6514
item,6515
item,6516
item,6517
item,6518
item,6519
item,6520
item,6521
item,6522
item,6523
item,6524
item,6525
item,6526
item,6527
item,6528
item,6529
item,6530
item,6531
item,6532
item,6533
item,6534
item,6535
item,6536
item,6537
item,6538
item,6539
item,6540
item,6541
item,6542
item,6543
item,6544
item,6545
item,6546
item,6547
item,6548
item,6549
item,6550
item,6551
item,6552
item,6553
item,6554
item,6555
item,6556
item,6557
item,6558
item,6559
item,6560
item,6561
item,6562
item,6563
item,6564
item,6565
item,6566
item,6567
item,6568
item,6569
item,6570
item,6571
item,6572
item,6573
item,6574
item,6575
item,6576
item,6577
item,6578
item,6579
item,6580
item,6581
item,6582
item,6583
item,6584
item,6585
item,6586
item,6587
item,6588
item,6589
item,6590
item,6591
item,6592
item,6593
item,6594
item,6595
item,6596
item,6597
item,6598
item,6599
item,6600
item,6601
item,6602
item,6603
item,6604
item,6605
item,6606
item,6607
item,6608
item,6609
item,6610
item,6611
item,6612
item,6613
item,6614
item,6615
item,6616
item,6617
item,6618
item,6619
item,6620
item,6621
item,6622
item,6623
item,6624
item,6625
item,6626
item,6627
item,6628
item,6629
item,6630
item,6631
item,6632
item,6633
item,6634
item,6635
item,6636
item,6637
item,6638
item,6639
item,6640
item,6641
item,6642
item,6643
item,6644
item,6645
item,6646
item,6647
item,6648
item,6649
item,6650
item,6651
item,6652
item,6653
item,6654
item,6655
item,6656
item,6657
item,6658
item,6659
item,6660
item,6661
item,6662
item,6663
item,6664
item,6665
item,6666
item,6667
item,6668
item,6669
item,6670
item,6671
item,6672
item,6673
item,6674
item,6675
item,6676
item,6677
item,6678
item,6679
item,6680
item,6681
item,6682
item,6683
item,6684
item,6685
item,6686
item,6687
item,6688
item,6689
item,6690
item,6691
item,6692
item,6693
item,6694
item,6695
item,6696
item,6697
item,6698
item,6699
item,6700
item,6701
item,6702
item,6703
item,6704
item,6705
item,6706
item,6707
item,6708
item,6709
item,6710
item,6711
item,6712
item,6713
item,6714
item,6715
item,6716
item,6717
item,6718
item,6719
item,6720
item,6721
item,6722
item,6723
item,6724
item,6725
item,6726
item,6727
item,6728
item,6729
item,6730
item,6731
item,6732
item,6733
item,6734
item,6735
item,6736
item,6737
item,6738
item,6739
item,6740
item,6741
item,6742
item,6743
item,6744
item,6745
item,6746
item,6747
item,6748
item,6749
item,6750
item,6751
item,6752
item,6753
item,6754
item,6755
item,6756
item,6757
item,6758
item,6759
item,6760
item,6761
item,6762
item,6763
item,6764
item,6765
item,6766
item,6767
item,6768
item,6769
item,6770
item,6771
item,6772
item,6773
item,6774
item,6775
item,6776
item,6777
item,6778
item,6779
item,6780
item,6781
item,6782
item,6783
item,6784
item,6785
item,6786
item,6787
item,6788
item,6789
item,6790
item,6791
item,6792
item,6793
item,6794
item,6795
item,6796
item,6797
item,6798
item,6799
item,6800
item,6801
item,6802
item,6803
item,6804
item,6805
item,6806
item,6807
item,6808
item,6809
item,6810
item,6811
item,6812
item,6813
item,6814
item,6815
item,6816
item,6817
item,6818
item,6819
item,6820
item,6821
item,6822
item,6823
item,6824
item,6825
item,6826
item,6827
item,6828
item,6829
item,6830
item,6831
item,6832
item,6833
item,6834
item,6835
item,6836
item,6837
item,6838
item,6839
item,6840
item,6841
item,6842
item,6843
item,6844
item,6845
item,6846
item,6847
item,6848
item,6849
item,6850
item,6851
item,6852
item,6853
item,6854
item,6855
item,6856
item,6857
item,6858
item,6859
item,6860
item,6861
item,6862
item,6863
item,6864
item,6865
item,6866
item,6867
item,6868
item,6869
item,6870
item,6871
item,6872
item,6873
item,6874
item,6875
item,6876
item,6877
item,6878
item,6879
item,6880
item,6881
item,6882
item,6883
item,6884
item,6885
item,6886
item,6887
item,6888
item,6889
item,6890
item,6891
item,6892
item,6893
item,6894
item,6895
item,6896
item,6897
item,6898
item,6899
item,6900
item,6901
item,6902
item,6903
item,6904
item,6905
item,6906
item,6907
item,6908
item,6909
item,6910
item,6911
item,6912
item,6913
item,6914
item,6915
item,6916
item,6917
item,6918
item,6919
item,6920
item,6921
item,6922
item,6923
item,6924
item,6925
item,6926
item,6927
item,6928
item,6929
item,6930
item,6931
item,6932
item,6933
item,6934
item,6935
item,6936
item,6937
item,6938
item,6939
item,6940
item,6941
item,6942
item,6943
item,6944
item,6945
item,6946
item,6947
item,6948
item,6949
item,6950
item,6951
item,6952
item,6953
item,6954
item,6955
item,6956
item,6957
item,6958
item,6959
item,6960
item,6961
item,6962
item,6963
item,6964
item,6965
item,6966
item,6967
item,6968
item,6969
item,6970
item,6971
item,6972
item,6973
item,6974
item,6975
item,6976
item,6977
item,6978
item,6979
item,6980
item,6981
item,6982
item,6983
item,6984
item,6985
item,6986
item,6987
item,6988
item,6989
item,6990
item,6991
item,6992
item,6993
item,6994
item,6995
item,6996
item,6997
item,6998
item,6999
item,7000
item,7001
item,7002
item,7003
item,7004
item,7005
item,7006
item,7007
pg_aggregate,0
pg_am,0
pg_amop,0
pg_amop,1
pg_amop,2
pg_amop,3
pg_amop,4
pg_amop,5
pg_amop,6
pg_amproc,0
pg_amproc,1
pg_amproc,2
pg_amproc,3
pg_amproc,4
pg_cast,0
pg_cast,1
pg_constraint,2
pg_constraint,3
pg_constraint,4
pg_index,0
pg_index,1
pg_index,2
pg_index,3
pg_index,4
pg_index,5
pg_namespace,0
pg_opclass,0
pg_opclass,1
pg_operator,0
pg_operator,1
pg_operator,2
pg_operator,5
pg_operator,8
pg_operator,10
pg_rewrite,12
pg_statistic,4
pg_statistic,14
pg_statistic,17
pg_statistic,22
pg_statistic,28
pg_statistic,29
pg_statistic,57
pg_statistic,58
pg_statistic,69
pg_statistic,85
pg_trigger,0
pg_trigger,1
pg_trigger,2
pg_trigger,3
pg_trigger,4
pg_trigger,5
pg_trigger,6
pg_trigger,7
pg_trigger,8
pg_ts_config,0
