table,block
cast_info,0
cast_info,4
cast_info,4
cast_info,6
cast_info,6
cast_info,8
cast_info,9
cast_info,10
cast_info,41
cast_info,51
cast_info,54
cast_info,58
cast_info,66
cast_info,71
cast_info,88
cast_info,90
cast_info,91
cast_info,92
cast_info,95
cast_info,98
cast_info,99
cast_info,101
cast_info,109
cast_info,113
cast_info,117
cast_info,120
cast_info,121
cast_info,151
cast_info,155
cast_info,164
cast_info,166
cast_info,167
cast_info,172
cast_info,173
cast_info,193
cast_info,209
cast_info,221
cast_info,231
cast_info,235
cast_info,236
cast_info,291
cast_info,292
cast_info,321
cast_info,345
cast_info,364
cast_info,373
cast_info,384
cast_info,396
cast_info,400
cast_info,403
cast_info,416
cast_info,441
cast_info,467
cast_info,470
cast_info,475
cast_info,504
cast_info,506
cast_info,510
cast_info,526
cast_info,528
cast_info,534
cast_info,535
cast_info,537
cast_info,543
cast_info,552
cast_info,562
cast_info,563
cast_info,575
cast_info,591
cast_info,597
cast_info,604
cast_info,608
cast_info,617
cast_info,628
cast_info,650
cast_info,666
cast_info,667
cast_info,674
cast_info,679
cast_info,685
cast_info,694
cast_info,696
cast_info,710
cast_info,718
cast_info,720
cast_info,726
cast_info,727
cast_info,740
cast_info,745
cast_info,746
cast_info,747
cast_info,749
cast_info,753
cast_info,765
cast_info,785
cast_info,796
cast_info,801
cast_info,807
cast_info,811
cast_info,827
cast_info,849
cast_info,871
cast_info,886
cast_info,893
cast_info,900
cast_info,904
cast_info,905
cast_info,920
cast_info,926
cast_info,970
cast_info,987
cast_info,996
cast_info,1004
cast_info,1005
cast_info,1009
cast_info,1011
cast_info,1012
cast_info,1013
cast_info,1014
cast_info,1016
cast_info,1017
cast_info,1022
cast_info,1040
cast_info,1058
cast_info,1071
cast_info,1072
cast_info,1083
cast_info,1107
cast_info,1109
cast_info,1112
cast_info,1121
cast_info,1126
cast_info,1130
cast_info,1136
cast_info,1142
cast_info,1148
cast_info,1157
cast_info,1162
cast_info,1170
cast_info,1172
cast_info,1176
cast_info,1178
cast_info,1183
cast_info,1185
cast_info,1187
cast_info,1210
cast_info,1211
cast_info,1230
cast_info,1232
cast_info,1261
cast_info,1267
cast_info,1274
cast_info,1281
cast_info,1291
cast_info,1292
cast_info,1293
cast_info,1296
cast_info,1303
cast_info,1304
cast_info,1316
cast_info,1338
cast_info,1359
cast_info,1388
cast_info,1390
cast_info,1396
cast_info,1397
cast_info,1431
cast_info,1460
cast_info,1466
cast_info,1497
cast_info,1499
cast_info,1526
cast_info,1531
cast_info,1555
cast_info,1558
cast_info,1565
cast_info,1569
cast_info,1574
cast_info,1581
cast_info,1587
cast_info,1609
cast_info,1618
cast_info,1631
cast_info,1632
cast_info,1674
cast_info,1677
cast_info,1684
cast_info,1685
cast_info,1705
cast_info,1720
cast_info,1728
cast_info,1744
cast_info,1785
cast_info,1786
cast_info,1791
cast_info,1804
cast_info,1862
cast_info,1898
cast_info,1899
cast_info,1920
cast_info,1944
cast_info,1960
cast_info,1963
cast_info,1970
cast_info,1972
cast_info,1979
cast_info,1982
cast_info,1997
cast_info,2000
cast_info,2005
cast_info,2061
cast_info,2065
cast_info,2088
cast_info,2089
cast_info,2100
cast_info,2101
cast_info,2105
cast_info,2108
cast_info,2122
cast_info,2124
cast_info,2133
cast_info,2134
cast_info,2146
cast_info,2157
cast_info,2161
cast_info,2163
cast_info,2167
cast_info,2171
cast_info,2173
cast_info,2187
cast_info,2188
cast_info,2190
cast_info,2200
cast_info,2204
cast_info,2205
cast_info,2219
cast_info,2223
cast_info,2254
cast_info,2266
cast_info,2296
cast_info,2297
cast_info,2299
cast_info,2300
cast_info,2351
cast_info,2374
cast_info,2379
cast_info,2380
cast_info,2387
cast_info,2391
cast_info,2392
cast_info,2415
cast_info,2419
cast_info,2423
cast_info,2426
cast_info,2432
cast_info,2437
cast_info,2443
cast_info,2452
cast_info,2468
cast_info,2480
cast_info,2499
cast_info,2539
cast_info,2550
cast_info,2551
cast_info,2554
cast_info,2558
cast_info,2560
cast_info,2569
cast_info,2570
cast_info,2576
cast_info,2595
cast_info,2605
cast_info,2637
cast_info,2697
cast_info,2698
cast_info,2699
cast_info,2700
cast_info,2704
cast_info,2712
cast_info,2713
cast_info,2715
cast_info,2739
cast_info,2755
cast_info,2764
cast_info,2779
cast_info,2796
cast_info,2798
cast_info,2808
cast_info,2814
cast_info,2815
cast_info,2828
cast_info,2834
cast_info,2837
cast_info,2839
cast_info,2843
cast_info,2848
cast_info,2854
cast_info,2861
cast_info,2874
cast_info,2875
cast_info,2889
cast_info,2921
cast_info,2965
cast_info,2966
cast_info,2976
cast_info,2990
cast_info,3004
cast_info,3009
cast_info,3010
cast_info,3028
cast_info,3030
cast_info,3043
cast_info,3049
cast_info,3057
cast_info,3106
cast_info,3109
cast_info,3114
cast_info,3115
cast_info,3126
cast_info,3158
cast_info,3178
cast_info,3239
cast_info,3251
cast_info,3258
cast_info,3278
cast_info,3306
cast_info,3307
cast_info,3314
cast_info,3318
cast_info,3333
cast_info,3336
cast_info,3343
cast_info,3355
cast_info,3360
cast_info,3370
cast_info,3374
cast_info,3383
cast_info,3387
cast_info,3403
cast_info,3404
cast_info,3406
cast_info,3420
cast_info,3423
cast_info,3425
cast_info,3426
cast_info,3469
cast_info,3483
cast_info,3487
cast_info,3503
cast_info,3510
cast_info,3511
cast_info,3517
cast_info,3521
cast_info,3522
cast_info,3530
cast_info,3533
cast_info,3550
cast_info,3554
cast_info,3559
cast_info,3563
cast_info,3567
cast_info,3572
cast_info,3575
cast_info,3592
cast_info,3593
cast_info,3601
cast_info,3603
cast_info,3625
cast_info,3627
cast_info,3628
cast_info,3632
cast_info,3633
cast_info,3635
cast_info,3638
cast_info,3668
cast_info,3672
cast_info,3681
cast_info,3683
cast_info,3684
cast_info,3690
cast_info,3706
cast_info,3729
cast_info,3742
cast_info,3749
cast_info,3797
cast_info,3815
cast_info,3832
cast_info,3834
cast_info,3868
cast_info,3872
cast_info,3910
cast_info,3915
cast_info,3918
cast_info,3919
cast_info,3922
cast_info,3923
cast_info,3938
cast_info,3939
cast_info,3942
cast_info,3946
cast_info,3950
cast_info,3955
cast_info,3957
cast_info,3965
cast_info,3966
cast_info,3968
cast_info,4031
cast_info,4034
cast_info,4044
cast_info,4052
cast_info,4107
cast_info,4117
cast_info,4126
cast_info,4127
cast_info,4128
cast_info,4131
cast_info,4136
cast_info,4148
cast_info,4164
cast_info,4171
cast_info,4172
cast_info,4189
cast_info,4207
cast_info,4229
cast_info,4230
cast_info,4238
cast_info,4241
cast_info,4263
cast_info,4296
cast_info,4305
cast_info,4308
cast_info,4309
cast_info,4317
cast_info,4318
cast_info,4326
cast_info,4332
cast_info,4345
cast_info,4374
cast_info,4377
cast_info,4386
cast_info,4403
cast_info,4422
cast_info,4423
cast_info,4428
cast_info,4429
cast_info,4448
cast_info,4449
cast_info,4452
cast_info,4528
cast_info,4532
cast_info,4565
cast_info,4580
cast_info,4591
cast_info,4595
cast_info,4616
cast_info,4652
cast_info,4664
cast_info,4681
cast_info,4710
cast_info,4717
cast_info,4763
cast_info,4791
cast_info,4801
cast_info,4802
cast_info,4807
cast_info,4811
cast_info,4813
cast_info,4814
cast_info,4821
cast_info,4863
cast_info,4864
cast_info,4878
cast_info,4881
cast_info,4882
cast_info,4918
cast_info,4920
cast_info,4921
cast_info,4925
cast_info,4928
cast_info,4931
cast_info,4935
cast_info,4937
cast_info,4938
cast_info,4939
cast_info,4953
cast_info,4954
cast_info,4963
cast_info,4964
cast_info,4968
cast_info,4975
cast_info,4986
cast_info,4996
cast_info,4997
cast_info,5006
cast_info,5040
cast_info,5049
cast_info,5050
cast_info,5062
cast_info,5069
cast_info,5071
cast_info,5098
cast_info,5158
cast_info,5173
cast_info,5214
cast_info,5217
cast_info,5218
cast_info,5228
cast_info,5250
cast_info,5252
cast_info,5253
cast_info,5260
cast_info,5261
cast_info,5262
cast_info,5264
cast_info,5266
cast_info,5273
cast_info,5278
cast_info,5285
cast_info,5294
cast_info,5310
cast_info,5319
cast_info,5324
cast_info,5328
cast_info,5337
cast_info,5341
cast_info,5372
cast_info,5376
cast_info,5379
cast_info,5381
cast_info,5417
cast_info,5418
cast_info,5429
cast_info,5445
cast_info,5459
cast_info,5460
cast_info,5495
cast_info,5498
cast_info,5505
cast_info,5538
cast_info,5554
cast_info,5557
cast_info,5573
cast_info,5581
cast_info,5583
cast_info,5584
cast_info,5594
cast_info,5620
cast_info,5623
cast_info,5626
cast_info,5640
cast_info,5653
cast_info,5669
cast_info,5678
cast_info,5684
cast_info,5703
cast_info,5720
cast_info,5722
cast_info,5727
cast_info,5728
cast_info,5733
cast_info,5740
cast_info,5741
cast_info,5742
cast_info,5743
cast_info,5756
cast_info,5786
cast_info,5790
cast_info,5827
cast_info,5831
cast_info,5867
cast_info,5875
cast_info,5895
cast_info,5898
cast_info,5903
cast_info,5933
cast_info,5948
cast_info,5970
cast_info,5972
cast_info,5990
cast_info,6010
cast_info,6019
cast_info,6021
cast_info,6025
cast_info,6027
cast_info,6038
cast_info,6039
cast_info,6070
cast_info,6074
cast_info,6086
cast_info,6087
cast_info,6091
cast_info,6092
cast_info,6099
cast_info,6104
cast_info,6114
cast_info,6123
cast_info,6128
cast_info,6130
cast_info,6208
cast_info,6216
cast_info,6224
cast_info,6302
cast_info,6329
cast_info,6331
cast_info,6338
cast_info,6354
cast_info,6374
cast_info,6377
cast_info,6426
cast_info,6450
cast_info,6458
cast_info,6470
cast_info,6485
cast_info,6498
cast_info,6499
cast_info,6500
cast_info,6512
cast_info,6522
cast_info,6533
cast_info,6541
cast_info,6542
cast_info,6553
cast_info,6556
cast_info,6559
cast_info,6561
cast_info,6563
cast_info,6586
cast_info,6600
cast_info,6623
cast_info,6625
cast_info,6633
cast_info,6634
cast_info,6637
cast_info,6646
cast_info,6665
cast_info,6680
cast_info,6681
cast_info,6686
cast_info,6709
cast_info,6711
cast_info,6712
cast_info,6721
cast_info,6727
cast_info,6729
cast_info,6772
cast_info,6782
cast_info,6786
cast_info,6787
cast_info,6788
cast_info,6800
cast_info,6806
cast_info,6809
cast_info,6823
cast_info,6830
cast_info,6842
cast_info,6876
cast_info,6879
cast_info,6880
cast_info,6889
cast_info,6891
cast_info,6894
cast_info,6900
cast_info,6928
cast_info,6931
cast_info,6934
cast_info,6942
cast_info,6950
cast_info,6973
cast_info,6987
cast_info,7016
cast_info,7019
cast_info,7035
cast_info,7041
cast_info,7048
cast_info,7049
cast_info,7053
cast_info,7065
cast_info,7067
cast_info,7068
cast_info,7078
cast_info,7082
cast_info,7084
cast_info,7087
cast_info,7096
cast_info,7128
cast_info,7131
cast_info,7185
cast_info,7187
cast_info,7211
cast_info,7219
cast_info,7233
cast_info,7252
cast_info,7270
cast_info,7287
cast_info,7300
cast_info,7352
cast_info,7355
cast_info,7380
cast_info,7443
cast_info,7454
cast_info,7461
cast_info,7488
cast_info,7494
cast_info,7495
cast_info,7496
cast_info,7501
cast_info,7514
cast_info,7546
cast_info,7558
cast_info,7561
cast_info,7575
cast_info,7577
cast_info,7578
cast_info,7579
cast_info,7580
cast_info,7621
cast_info,7631
cast_info,7632
cast_info,7633
cast_info,7665
cast_info,7691
cast_info,7692
cast_info,7695
cast_info,7700
cast_info,7701
cast_info,7711
cast_info,7742
cast_info,7749
cast_info,7758
cast_info,7759
cast_info,7760
cast_info,7776
cast_info,7812
cast_info,7817
cast_info,7851
cast_info,7863
cast_info,7867
cast_info,7878
cast_info,7880
cast_info,7884
cast_info,7888
cast_info,7890
cast_info,7895
cast_info,7897
cast_info,7899
cast_info,7901
cast_info,7929
cast_info,7932
cast_info,7943
cast_info,7957
cast_info,7983
cast_info,7985
cast_info,7986
cast_info,8009
cast_info,8017
cast_info,8018
cast_info,8036
cast_info,8041
cast_info,8043
cast_info,8065
cast_info,8067
cast_info,8075
cast_info,8094
cast_info,8104
cast_info,8107
cast_info,8133
cast_info,8143
cast_info,8152
cast_info,8154
cast_info,8159
cast_info,8161
cast_info,8172
cast_info,8181
cast_info,8195
cast_info,8199
cast_info,8200
cast_info,8203
cast_info,8206
cast_info,8223
cast_info,8235
cast_info,8258
cast_info,8262
cast_info,8264
cast_info,8267
cast_info,8270
cast_info,8284
cast_info,8299
cast_info,8361
cast_info,8362
cast_info,8374
cast_info,8375
cast_info,8420
cast_info,8423
cast_info,8432
cast_info,8442
cast_info,8467
cast_info,8481
cast_info,8500
cast_info,8516
cast_info,8524
cast_info,8530
cast_info,8534
cast_info,8538
cast_info,8539
cast_info,8549
cast_info,8568
cast_info,8585
cast_info,8589
cast_info,8622
cast_info,8642
cast_info,8645
cast_info,8656
cast_info,8658
cast_info,8660
cast_info,8693
cast_info,8695
cast_info,8697
cast_info,8717
cast_info,8732
cast_info,8737
cast_info,8760
cast_info,8762
cast_info,8763
cast_info,8775
cast_info,8780
cast_info,8789
cast_info,8793
cast_info,8806
cast_info,8816
cast_info,8817
cast_info,8819
cast_info,8824
cast_info,8828
cast_info,8860
cast_info,8868
cast_info,8869
cast_info,8878
cast_info,8888
cast_info,8898
cast_info,8899
cast_info,8907
cast_info,8919
cast_info,8921
cast_info,8933
cast_info,8939
cast_info,8949
cast_info,8968
cast_info,8987
cast_info,8990
cast_info,9005
cast_info,9018
cast_info,9047
cast_info,9067
cast_info,9080
cast_info,9091
cast_info,9118
cast_info,9155
cast_info,9164
cast_info,9171
cast_info,9190
cast_info,9216
cast_info,9218
cast_info,9221
cast_info,9233
cast_info,9242
cast_info,9249
cast_info,9252
cast_info,9266
cast_info,9269
cast_info,9272
cast_info,9277
cast_info,9293
cast_info,9309
cast_info,9324
cast_info,9338
cast_info,9347
cast_info,9358
cast_info,9363
cast_info,9369
cast_info,9375
cast_info,9425
cast_info,9426
cast_info,9441
cast_info,9451
cast_info,9463
cast_info,9467
cast_info,9469
cast_info,9476
cast_info,9483
cast_info,9491
cast_info,9496
cast_info,9497
cast_info,9500
cast_info,9513
cast_info,9515
cast_info,9525
cast_info,9537
cast_info,9545
cast_info,9553
cast_info,9555
cast_info,9560
cast_info,9563
cast_info,9579
cast_info,9581
cast_info,9600
cast_info,9613
cast_info,9615
cast_info,9622
cast_info,9624
cast_info,9625
cast_info,9626
cast_info,9637
cast_info,9664
cast_info,9690
cast_info,9699
cast_info,9747
cast_info,9769
cast_info,9784
cast_info,9791
cast_info,9806
cast_info,9813
cast_info,9814
cast_info,9819
cast_info,9854
cast_info,9869
cast_info,9870
cast_info,9879
cast_info,9896
cast_info,9901
cast_info,9908
cast_info,9914
cast_info,9923
cast_info,9927
cast_info,9947
cast_info,9986
cast_info,10012
cast_info,10035
cast_info,10037
cast_info,10041
cast_info,10042
cast_info,10044
cast_info,10077
cast_info,10083
cast_info,10090
cast_info,10099
cast_info,10125
cast_info,10137
cast_info,10144
cast_info,10145
cast_info,10147
cast_info,10156
cast_info,10178
cast_info,10179
cast_info,10185
cast_info,10209
cast_info,10218
cast_info,10227
cast_info,10238
cast_info,10242
cast_info,10246
cast_info,10251
cast_info,10260
cast_info,10271
cast_info,10295
cast_info,10296
cast_info,10306
cast_info,10313
cast_info,10314
cast_info,10326
cast_info,10355
cast_info,10367
cast_info,10371
cast_info,10403
cast_info,10410
cast_info,10411
cast_info,10423
cast_info,10440
cast_info,10502
cast_info,10505
cast_info,10531
cast_info,10534
cast_info,10535
cast_info,10567
cast_info,10585
cast_info,10601
cast_info,10602
cast_info,10603
cast_info,10605
cast_info,10610
cast_info,10611
cast_info,10617
cast_info,10622
cast_info,10624
cast_info,10643
cast_info,10657
cast_info,10683
cast_info,10684
cast_info,10692
cast_info,10752
cast_info,10785
cast_info,10888
cast_info,10889
cast_info,10899
cast_info,10903
cast_info,10910
cast_info,10917
cast_info,10924
cast_info,10929
cast_info,10939
cast_info,10954
cast_info,10957
cast_info,10971
cast_info,10980
cast_info,10985
cast_info,11011
cast_info,11051
cast_info,11055
cast_info,11064
cast_info,11176
cast_info,11185
cast_info,11202
cast_info,11218
cast_info,11220
cast_info,11230
cast_info,11234
cast_info,11245
cast_info,11251
cast_info,11256
cast_info,11258
cast_info,11263
cast_info,11264
cast_info,11285
cast_info,11290
cast_info,11312
cast_info,11344
cast_info,11376
cast_info,11382
cast_info,11398
cast_info,11408
cast_info,11413
cast_info,11425
cast_info,11452
cast_info,11454
cast_info,11473
cast_info,11482
cast_info,11543
cast_info,11555
cast_info,11561
cast_info,11583
cast_info,11589
cast_info,11598
cast_info,11606
cast_info,11646
cast_info,11680
cast_info,11690
cast_info,11702
cast_info,11722
cast_info,11752
cast_info,11807
cast_info,11808
cast_info,11880
cast_info,11895
cast_info,11902
cast_info,11903
cast_info,11914
cast_info,11917
cast_info,11928
cast_info,11942
cast_info,11953
cast_info,12004
cast_info,12020
cast_info,12027
cast_info,12048
cast_info,12064
cast_info,12065
cast_info,12094
cast_info,12107
cast_info,12122
cast_info,12127
cast_info,12132
cast_info,12140
cast_info,12142
cast_info,12245
cast_info,12290
cast_info,12315
cast_info,12338
cast_info,12355
cast_info,12403
cast_info,12415
cast_info,12447
cast_info,12497
cast_info,12533
cast_info,12536
cast_info,12541
cast_info,12587
cast_info,12631
cast_info,12637
cast_info,12650
cast_info,12679
cast_info,12684
cast_info,12715
cast_info,12716
cast_info,12723
cast_info,12745
cast_info,12770
cast_info,12810
cast_info,12817
cast_info,12818
cast_info,12824
cast_info,12830
cast_info,12834
cast_info,12892
cast_info,12906
cast_info,12908
cast_info,12921
cast_info,12922
cast_info,12934
cast_info,12942
cast_info,12957
cast_info,12958
cast_info,13000
cast_info,13002
cast_info,13004
cast_info,13048
cast_info,13049
cast_info,13055
cast_info,13063
cast_info,13070
cast_info,13096
cast_info,13112
cast_info,13117
cast_info,13149
cast_info,13158
cast_info,13159
cast_info,13161
cast_info,13171
cast_info,13181
cast_info,13188
cast_info,13202
cast_info,13213
cast_info,13218
cast_info,13229
cast_info,13230
cast_info,13255
cast_info,13267
cast_info,13306
cast_info,13307
cast_info,13308
cast_info,13317
cast_info,13325
cast_info,13353
cast_info,13354
cast_info,13355
cast_info,13358
cast_info,13365
cast_info,13385
cast_info,13402
cast_info,13407
cast_info,13409
cast_info,13418
cast_info,13423
cast_info,13435
cast_info,13445
cast_info,13448
cast_info,13450
cast_info,13452
cast_info,13455
cast_info,13456
cast_info,13459
cast_info,13460
cast_info,13461
cast_info,13466
cast_info,13467
cast_info,13475
cast_info,13482
cast_info,13487
cast_info,13490
cast_info,13509
cast_info,13515
cast_info,13522
cast_info,13528
cast_info,13531
cast_info,13565
cast_info,13568
cast_info,13569
cast_info,13576
cast_info,13579
cast_info,13592
cast_info,13599
cast_info,13600
cast_info,13618
cast_info,13621
cast_info,13644
cast_info,13645
cast_info,13647
cast_info,13649
cast_info,13652
cast_info,13673
cast_info,13679
cast_info,13682
cast_info,13697
cast_info,13715
cast_info,13718
cast_info,13719
cast_info,13730
cast_info,13738
cast_info,13755
cast_info,13767
cast_info,13768
cast_info,13769
cast_info,13786
cast_info,13803
cast_info,13815
cast_info,13831
cast_info,13836
cast_info,13853
cast_info,13857
cast_info,13879
cast_info,13887
cast_info,13894
cast_info,13896
cast_info,13902
cast_info,13909
cast_info,13914
cast_info,13919
cast_info,13924
cast_info,13925
cast_info,13926
cast_info,13928
cast_info,13936
cast_info,13965
cast_info,13966
cast_info,13967
cast_info,13993
cast_info,14008
cast_info,14028
cast_info,14058
cast_info,14074
cast_info,14085
cast_info,14094
cast_info,14098
cast_info,14103
cast_info,14104
cast_info,14117
cast_info,14166
cast_info,14170
cast_info,14181
cast_info,14220
cast_info,14227
cast_info,14242
cast_info,14243
cast_info,14255
cast_info,14290
cast_info,14309
cast_info,14316
cast_info,14318
cast_info,14326
cast_info,14336
cast_info,14347
cast_info,14352
cast_info,14362
cast_info,14373
cast_info,14413
cast_info,14429
cast_info,14440
cast_info,14444
cast_info,14451
cast_info,14487
cast_info,14550
cast_info,14554
cast_info,14573
cast_info,14590
cast_info,14598
cast_info,14616
cast_info,14630
cast_info,14634
cast_info,14635
cast_info,14645
cast_info,14660
cast_info,14674
cast_info,14677
cast_info,14691
cast_info,14695
cast_info,14700
cast_info,14712
cast_info,14732
cast_info,14734
cast_info,14738
cast_info,14756
cast_info,14759
cast_info,14809
cast_info,14853
cast_info,14867
cast_info,14868
cast_info,14889
cast_info,14902
cast_info,14906
cast_info,14919
cast_info,14925
cast_info,14926
cast_info,14935
cast_info,14953
cast_info,14975
cast_info,14987
cast_info,15004
cast_info,15018
cast_info,15044
cast_info,15103
cast_info,15144
cast_info,15164
cast_info,15217
cast_info,15229
cast_info,15231
cast_info,15236
cast_info,15243
cast_info,15261
cast_info,15262
cast_info,15302
cast_info,15322
cast_info,15323
cast_info,15335
cast_info,15345
cast_info,15358
cast_info,15364
cast_info,15365
cast_info,15377
cast_info,15381
cast_info,15401
cast_info,15418
cast_info,15419
cast_info,15429
cast_info,15430
cast_info,15440
cast_info,15454
cast_info,15470
cast_info,15481
cast_info,15499
cast_info,15501
cast_info,15503
cast_info,15513
cast_info,15517
cast_info,15525
cast_info,15533
cast_info,15550
cast_info,15551
cast_info,15560
cast_info,15579
cast_info,15601
cast_info,15602
cast_info,15620
cast_info,15633
cast_info,15654
cast_info,15657
cast_info,15660
cast_info,15662
cast_info,15720
cast_info,15749
cast_info,15787
cast_info,15788
cast_info,15795
cast_info,15796
cast_info,15837
cast_info,15846
cast_info,15863
cast_info,15896
cast_info,15904
cast_info,15926
cast_info,15930
cast_info,15947
cast_info,15950
cast_info,15951
cast_info,15968
cast_info,15976
cast_info,15977
cast_info,15985
cast_info,15989
cast_info,15990
cast_info,15995
cast_info,15996
cast_info,16011
cast_info,16017
cast_info,16025
cast_info,16026
cast_info,16035
cast_info,16048
cast_info,16063
cast_info,16075
cast_info,16096
cast_info,16103
cast_info,16108
cast_info,16111
cast_info,16112
cast_info,16114
cast_info,16117
cast_info,16169
cast_info,16176
cast_info,16181
cast_info,16182
cast_info,16190
cast_info,16198
cast_info,16230
cast_info,16243
cast_info,16254
cast_info,16255
cast_info,16257
cast_info,16291
cast_info,16293
cast_info,16300
cast_info,16302
cast_info,16306
cast_info,16323
cast_info,16340
cast_info,16341
cast_info,16342
cast_info,16360
cast_info,16390
cast_info,16398
cast_info,16406
cast_info,16415
cast_info,16418
cast_info,16463
cast_info,16473
cast_info,16476
cast_info,16497
cast_info,16501
cast_info,16503
cast_info,16507
cast_info,16510
cast_info,16516
cast_info,16526
cast_info,16532
cast_info,16537
cast_info,16571
cast_info,16603
cast_info,16607
cast_info,16610
cast_info,16617
cast_info,16621
cast_info,16639
cast_info,16645
cast_info,16652
cast_info,16663
cast_info,16664
cast_info,16671
cast_info,16675
cast_info,16683
cast_info,16691
cast_info,16695
cast_info,16700
cast_info,16709
cast_info,16751
cast_info,16770
cast_info,16772
cast_info,16792
cast_info,16793
cast_info,16836
cast_info,16857
cast_info,16859
cast_info,16868
cast_info,16871
cast_info,16875
cast_info,16880
cast_info,16893
cast_info,16903
cast_info,16919
cast_info,16928
cast_info,16937
cast_info,16975
cast_info,16979
cast_info,16997
cast_info,17006
cast_info,17025
cast_info,17082
cast_info,17089
cast_info,17109
cast_info,17112
cast_info,17119
cast_info,17134
cast_info,17146
cast_info,17153
cast_info,17162
cast_info,17169
cast_info,17189
cast_info,17198
cast_info,17199
cast_info,17217
cast_info,17230
cast_info,17255
cast_info,17270
cast_info,17273
cast_info,17274
cast_info,17278
cast_info,17281
cast_info,17292
cast_info,17299
cast_info,17309
cast_info,17325
cast_info,17379
cast_info,17398
cast_info,17419
cast_info,17420
cast_info,17422
cast_info,17439
cast_info,17443
cast_info,17446
cast_info,17449
cast_info,17455
cast_info,17462
cast_info,17490
cast_info,17514
cast_info,17534
cast_info,17535
cast_info,17540
cast_info,17551
cast_info,17558
cast_info,17587
cast_info,17597
cast_info,17598
cast_info,17605
cast_info,17625
cast_info,17629
cast_info,17635
cast_info,17646
cast_info,17658
cast_info,17659
cast_info,17671
cast_info,17672
cast_info,17678
cast_info,17679
cast_info,17703
cast_info,17733
cast_info,17735
cast_info,17739
cast_info,17746
cast_info,17761
cast_info,17768
cast_info,17771
cast_info,17782
cast_info,17783
cast_info,17835
cast_info,17837
cast_info,17844
cast_info,17849
cast_info,17852
cast_info,17854
cast_info,17862
cast_info,17888
cast_info,17901
cast_info,17961
cast_info,17984
cast_info,18006
cast_info,18014
cast_info,18020
cast_info,18021
cast_info,18053
cast_info,18086
cast_info,18089
cast_info,18093
cast_info,18100
cast_info,18113
cast_info,18150
cast_info,18197
cast_info,18241
cast_info,18274
cast_info,18316
cast_info,18317
cast_info,18330
cast_info,18339
cast_info,18343
cast_info,18344
cast_info,18349
cast_info,18379
cast_info,18385
cast_info,18426
cast_info,18427
cast_info,18432
cast_info,18441
cast_info,18446
cast_info,18495
cast_info,18581
cast_info,18614
cast_info,18617
cast_info,18633
cast_info,18681
cast_info,18683
cast_info,18686
cast_info,18698
cast_info,18711
cast_info,18765
cast_info,18772
cast_info,18777
cast_info,18787
cast_info,18791
cast_info,18792
cast_info,18796
cast_info,18797
cast_info,18804
cast_info,18900
cast_info,18901
cast_info,18917
cast_info,18919
cast_info,18926
cast_info,18932
cast_info,18939
cast_info,18940
cast_info,18946
cast_info,18960
cast_info,19028
cast_info,19032
cast_info,19045
cast_info,19047
cast_info,19054
cast_info,19075
cast_info,19082
cast_info,19091
cast_info,19092
cast_info,19094
cast_info,19095
cast_info,19102
cast_info,19103
cast_info,19113
cast_info,19119
cast_info,19122
cast_info,19125
cast_info,19136
cast_info,19140
cast_info,19142
cast_info,19147
cast_info,19155
cast_info,19168
cast_info,19171
cast_info,19176
cast_info,19183
cast_info,19197
cast_info,19226
cast_info,19232
cast_info,19251
cast_info,19253
cast_info,19257
cast_info,19258
cast_info,19266
cast_info,19280
cast_info,19281
cast_info,19285
cast_info,19297
cast_info,19298
cast_info,19318
cast_info,19349
cast_info,19388
cast_info,19418
cast_info,19425
cast_info,19445
cast_info,19446
cast_info,19450
cast_info,19463
cast_info,19474
cast_info,19475
cast_info,19509
cast_info,19527
cast_info,19528
cast_info,19548
cast_info,19561
cast_info,19572
cast_info,19574
cast_info,19575
cast_info,19593
cast_info,19595
cast_info,19605
cast_info,19608
cast_info,19630
cast_info,19690
cast_info,19696
cast_info,19697
cast_info,19701
cast_info,19745
cast_info,19746
cast_info,19761
cast_info,19773
cast_info,19778
cast_info,19789
cast_info,19803
cast_info,19804
cast_info,19808
cast_info,19812
cast_info,19813
cast_info,19814
cast_info,19821
cast_info,19830
cast_info,19854
cast_info,19872
cast_info,19893
cast_info,19895
cast_info,19897
cast_info,19927
cast_info,19928
cast_info,19946
cast_info,19962
cast_info,19969
cast_info,19983
cast_info,19994
cast_info,20008
cast_info,20026
cast_info,20028
cast_info,20043
cast_info,20045
cast_info,20049
cast_info,20055
cast_info,20057
cast_info,20058
cast_info,20060
cast_info,20074
cast_info,20076
cast_info,20084
cast_info,20086
cast_info,20087
cast_info,20120
cast_info,20123
cast_info,20138
cast_info,20154
cast_info,20167
cast_info,20168
cast_info,20179
cast_info,20185
cast_info,20211
cast_info,20212
cast_info,20219
cast_info,20222
cast_info,20239
cast_info,20245
cast_info,20246
cast_info,20252
cast_info,20256
cast_info,20257
cast_info,20265
cast_info,20269
cast_info,20272
cast_info,20275
cast_info,20287
cast_info,20289
cast_info,20298
cast_info,20308
cast_info,20339
cast_info,20378
cast_info,20379
cast_info,20389
cast_info,20400
cast_info,20402
cast_info,20409
cast_info,20414
cast_info,20423
cast_info,20436
cast_info,20437
cast_info,20450
cast_info,20453
cast_info,20464
cast_info,20467
cast_info,20470
cast_info,20478
cast_info,20479
cast_info,20481
cast_info,20482
cast_info,20487
cast_info,20488
cast_info,20497
cast_info,20500
cast_info,20522
cast_info,20541
cast_info,20568
cast_info,20580
cast_info,20588
cast_info,20591
cast_info,20596
cast_info,20598
cast_info,20633
cast_info,20658
cast_info,20661
cast_info,20681
cast_info,20715
cast_info,20730
cast_info,20734
cast_info,20743
cast_info,20759
cast_info,20761
cast_info,20785
cast_info,20795
cast_info,20797
cast_info,20798
cast_info,20802
cast_info,20805
cast_info,20813
cast_info,20814
cast_info,20844
cast_info,20893
cast_info,20894
cast_info,20898
cast_info,20900
cast_info,20916
cast_info,20921
cast_info,20934
cast_info,20942
cast_info,20943
cast_info,20954
cast_info,20962
cast_info,20969
cast_info,20987
cast_info,20992
cast_info,21000
cast_info,21007
cast_info,21022
cast_info,21023
cast_info,21043
cast_info,21044
cast_info,21051
cast_info,21056
cast_info,21060
cast_info,21063
cast_info,21078
cast_info,21086
cast_info,21091
cast_info,21111
cast_info,21120
cast_info,21132
cast_info,21135
cast_info,21152
cast_info,21162
cast_info,21183
cast_info,21187
cast_info,21190
cast_info,21192
cast_info,21209
cast_info,21220
cast_info,21242
cast_info,21243
cast_info,21248
cast_info,21276
cast_info,21283
cast_info,21286
cast_info,21294
cast_info,21348
cast_info,21359
cast_info,21361
cast_info,21363
cast_info,21371
cast_info,21390
cast_info,21394
cast_info,21422
cast_info,21432
cast_info,21434
cast_info,21435
cast_info,21436
cast_info,21437
cast_info,21442
cast_info,21443
cast_info,21452
cast_info,21476
cast_info,21515
cast_info,21560
cast_info,21620
cast_info,21629
cast_info,21630
cast_info,21639
cast_info,21652
cast_info,21654
cast_info,21655
cast_info,21656
cast_info,21664
cast_info,21693
cast_info,21714
cast_info,21720
cast_info,21741
cast_info,21743
cast_info,21830
cast_info,21849
cast_info,21850
cast_info,21851
cast_info,21852
cast_info,21869
cast_info,21878
cast_info,21915
cast_info,21946
cast_info,21948
cast_info,21963
cast_info,21983
cast_info,22007
cast_info,22021
cast_info,22030
cast_info,22031
cast_info,22050
cast_info,22051
cast_info,22082
cast_info,22089
cast_info,22093
cast_info,22102
cast_info,22120
cast_info,22126
cast_info,22134
cast_info,22145
cast_info,22147
cast_info,22172
cast_info,22174
cast_info,22186
cast_info,22228
cast_info,22229
cast_info,22234
cast_info,22247
cast_info,22249
cast_info,22271
cast_info,22303
cast_info,22306
cast_info,22309
cast_info,22334
cast_info,22340
cast_info,22343
cast_info,22348
cast_info,22386
cast_info,22387
cast_info,22408
cast_info,22425
cast_info,22437
cast_info,22439
cast_info,22449
cast_info,22456
cast_info,22471
cast_info,22473
cast_info,22474
cast_info,22475
cast_info,22480
cast_info,22500
cast_info,22501
cast_info,22506
cast_info,22521
cast_info,22522
cast_info,22558
cast_info,22560
cast_info,22562
cast_info,22563
cast_info,22565
cast_info,22569
cast_info,22574
cast_info,22580
cast_info,22584
cast_info,22607
cast_info,22645
cast_info,22698
cast_info,22727
cast_info,22740
cast_info,22767
cast_info,22790
cast_info,22796
cast_info,22799
cast_info,22803
cast_info,22814
cast_info,22864
cast_info,22865
cast_info,22889
cast_info,22892
cast_info,22899
cast_info,22936
cast_info,22956
cast_info,22959
cast_info,22966
cast_info,22968
cast_info,22969
cast_info,22972
cast_info,22975
cast_info,22976
cast_info,23018
cast_info,23021
cast_info,23059
cast_info,23060
cast_info,23092
cast_info,23099
cast_info,23108
cast_info,23109
cast_info,23112
cast_info,23114
cast_info,23133
cast_info,23142
cast_info,23154
cast_info,23158
cast_info,23168
cast_info,23169
cast_info,23183
cast_info,23215
cast_info,23232
cast_info,23240
cast_info,23248
cast_info,23254
cast_info,23255
cast_info,23257
cast_info,23262
cast_info,23287
cast_info,23289
cast_info,23297
cast_info,23305
cast_info,23307
cast_info,23311
cast_info,23318
cast_info,23319
cast_info,23320
cast_info,23341
cast_info,23357
cast_info,23359
cast_info,23369
cast_info,23372
cast_info,23380
cast_info,23386
cast_info,23388
cast_info,23389
cast_info,23400
cast_info,23401
cast_info,23402
cast_info,23419
cast_info,23420
cast_info,23428
cast_info,23433
cast_info,23450
cast_info,23460
cast_info,23479
cast_info,23483
cast_info,23495
cast_info,23508
cast_info,23509
cast_info,23510
cast_info,23511
cast_info,23512
cast_info,23524
cast_info,23528
cast_info,23529
cast_info,23539
cast_info,23586
cast_info,23587
cast_info,23589
cast_info,23620
cast_info,23630
cast_info,23663
cast_info,23664
cast_info,23674
cast_info,23740
cast_info,23764
cast_info,23782
cast_info,23783
cast_info,23894
cast_info,23923
cast_info,23947
cast_info,23968
cast_info,23994
cast_info,24007
cast_info,24021
cast_info,24040
cast_info,24043
cast_info,24049
cast_info,24050
cast_info,24069
cast_info,24084
cast_info,24085
cast_info,24138
cast_info,24149
cast_info,24174
cast_info,24181
cast_info,24182
cast_info,24183
cast_info,24193
cast_info,24195
cast_info,24234
cast_info,24239
cast_info,24240
cast_info,24245
cast_info,24246
cast_info,24250
cast_info,24257
cast_info,24258
cast_info,24283
cast_info,24285
cast_info,24309
cast_info,24311
cast_info,24315
cast_info,24322
cast_info,24333
cast_info,24334
cast_info,24335
cast_info,24348
cast_info,24349
cast_info,24357
cast_info,24358
cast_info,24366
cast_info,24377
cast_info,24385
cast_info,24394
cast_info,24441
cast_info,24460
cast_info,24464
cast_info,24491
cast_info,24493
cast_info,24499
cast_info,24514
cast_info,24515
cast_info,24520
cast_info,24531
cast_info,24542
cast_info,24578
cast_info,24590
cast_info,24591
cast_info,24594
cast_info,24636
cast_info,24643
cast_info,24670
cast_info,24705
cast_info,24706
cast_info,24739
cast_info,24771
cast_info,24782
cast_info,24794
cast_info,24817
cast_info,24818
cast_info,24824
cast_info,24826
cast_info,24838
cast_info,24872
cast_info,24881
cast_info,24888
cast_info,24893
cast_info,24900
cast_info,24910
cast_info,24919
cast_info,24938
cast_info,24941
cast_info,24946
cast_info,24949
cast_info,24956
cast_info,24969
cast_info,24970
cast_info,24979
cast_info,24995
cast_info,24998
cast_info,25026
cast_info,25047
cast_info,25052
cast_info,25090
cast_info,25096
cast_info,25097
cast_info,25102
cast_info,25114
cast_info,25143
cast_info,25160
cast_info,25181
cast_info,25182
cast_info,25193
cast_info,25226
cast_info,25250
cast_info,25285
cast_info,25287
cast_info,25312
cast_info,25317
cast_info,25354
cast_info,25371
cast_info,25403
cast_info,25432
cast_info,25434
cast_info,25442
cast_info,25447
cast_info,25466
cast_info,25467
cast_info,25493
cast_info,25505
cast_info,25520
cast_info,25524
cast_info,25542
cast_info,25565
cast_info,25585
cast_info,25587
cast_info,25629
cast_info,25644
cast_info,25645
cast_info,25651
cast_info,25657
cast_info,25679
cast_info,25719
cast_info,25732
cast_info,25738
cast_info,25743
cast_info,25746
cast_info,25752
cast_info,25775
cast_info,25791
cast_info,25796
cast_info,25811
cast_info,25833
cast_info,25834
cast_info,25840
cast_info,25858
cast_info,25913
cast_info,25919
cast_info,25940
cast_info,25946
cast_info,25978
cast_info,25998
cast_info,26007
cast_info,26011
cast_info,26016
cast_info,26025
cast_info,26029
cast_info,26044
cast_info,26062
cast_info,26067
cast_info,26069
cast_info,26072
cast_info,26073
cast_info,26077
cast_info,26121
cast_info,26134
cast_info,26138
cast_info,26139
cast_info,26149
cast_info,26151
cast_info,26153
cast_info,26155
cast_info,26163
cast_info,26171
cast_info,26174
cast_info,26175
cast_info,26177
cast_info,26179
cast_info,26184
cast_info,26205
cast_info,26218
cast_info,26219
cast_info,26220
cast_info,26230
cast_info,26231
cast_info,26245
cast_info,26260
cast_info,26261
cast_info,26264
cast_info,26303
cast_info,26326
cast_info,26338
cast_info,26348
cast_info,26350
cast_info,26351
cast_info,26353
cast_info,26356
cast_info,26368
cast_info,26373
cast_info,26381
cast_info,26382
cast_info,26383
cast_info,26392
cast_info,26429
cast_info,26456
cast_info,26467
cast_info,26468
cast_info,26470
cast_info,26473
cast_info,26492
cast_info,26496
cast_info,26499
cast_info,26524
cast_info,26540
cast_info,26543
cast_info,26555
cast_info,26559
cast_info,26564
cast_info,26571
cast_info,26590
cast_info,26591
cast_info,26619
cast_info,26632
cast_info,26637
cast_info,26645
cast_info,26662
cast_info,26682
cast_info,26683
cast_info,26692
cast_info,26698
cast_info,26759
cast_info,26784
cast_info,26792
cast_info,26794
cast_info,26803
cast_info,26808
cast_info,26817
cast_info,26821
cast_info,26825
cast_info,26851
cast_info,26853
cast_info,26854
cast_info,26863
cast_info,26865
cast_info,26878
cast_info,26919
cast_info,26948
cast_info,26958
cast_info,26980
cast_info,26990
cast_info,27007
cast_info,27010
cast_info,27013
cast_info,27027
cast_info,27043
cast_info,27056
cast_info,27057
cast_info,27068
cast_info,27102
cast_info,27107
cast_info,27110
cast_info,27113
cast_info,27121
cast_info,27122
cast_info,27136
cast_info,27141
cast_info,27142
cast_info,27196
cast_info,27206
cast_info,27210
cast_info,27283
cast_info,27293
cast_info,27300
cast_info,27309
cast_info,27314
cast_info,27323
cast_info,27329
cast_info,27335
cast_info,27360
cast_info,27361
cast_info,27362
cast_info,27363
cast_info,27368
cast_info,27375
cast_info,27376
cast_info,27382
cast_info,27389
cast_info,27420
cast_info,27427
cast_info,27453
cast_info,27469
cast_info,27470
cast_info,27476
cast_info,27481
cast_info,27489
cast_info,27492
cast_info,27494
cast_info,27499
cast_info,27509
cast_info,27522
cast_info,27527
cast_info,27534
cast_info,27536
cast_info,27538
cast_info,27552
cast_info,27553
cast_info,27555
cast_info,27560
cast_info,27583
cast_info,27584
cast_info,27592
cast_info,27595
cast_info,27602
cast_info,27608
cast_info,27609
cast_info,27618
cast_info,27619
cast_info,27620
cast_info,27624
cast_info,27641
cast_info,27642
cast_info,27643
cast_info,27671
cast_info,27676
cast_info,27715
cast_info,27775
cast_info,27787
cast_info,27812
cast_info,27819
cast_info,27820
cast_info,27842
cast_info,27853
cast_info,27854
cast_info,27871
cast_info,27876
cast_info,27898
cast_info,27936
cast_info,27970
cast_info,27982
cast_info,27989
cast_info,28001
cast_info,28005
cast_info,28007
cast_info,28013
cast_info,28015
cast_info,28017
cast_info,28025
cast_info,28027
cast_info,28036
cast_info,28041
cast_info,28058
cast_info,28074
cast_info,28077
cast_info,28081
cast_info,28098
cast_info,28099
cast_info,28100
cast_info,28101
cast_info,28111
cast_info,28122
cast_info,28123
cast_info,28124
cast_info,28132
cast_info,28145
cast_info,28156
cast_info,28163
cast_info,28167
cast_info,28182
cast_info,28195
cast_info,28213
cast_info,28238
cast_info,28244
cast_info,28250
cast_info,28270
cast_info,28289
cast_info,28304
cast_info,28306
cast_info,28308
cast_info,28310
cast_info,28317
cast_info,28327
cast_info,28343
cast_info,28350
cast_info,28352
cast_info,28358
cast_info,28404
cast_info,28406
cast_info,28425
cast_info,28429
cast_info,28430
cast_info,28432
cast_info,28433
cast_info,28434
cast_info,28436
cast_info,28484
cast_info,28493
cast_info,28501
cast_info,28504
cast_info,28506
cast_info,28524
cast_info,28529
cast_info,28531
cast_info,28542
cast_info,28545
cast_info,28546
cast_info,28548
cast_info,28556
cast_info,28560
cast_info,28593
cast_info,28618
cast_info,28665
cast_info,28667
cast_info,28674
cast_info,28676
cast_info,28679
cast_info,28686
cast_info,28688
cast_info,28704
cast_info,28717
cast_info,28750
cast_info,28754
cast_info,28756
cast_info,28759
cast_info,28761
cast_info,28763
cast_info,28765
cast_info,28768
cast_info,28779
cast_info,28781
cast_info,28796
cast_info,28818
cast_info,28831
cast_info,28853
cast_info,28860
cast_info,28861
cast_info,28864
cast_info,28881
cast_info,28886
cast_info,28891
cast_info,28892
cast_info,28900
cast_info,28924
cast_info,28929
cast_info,28931
cast_info,28933
cast_info,28934
cast_info,28944
cast_info,28949
cast_info,29000
cast_info,29008
cast_info,29019
cast_info,29023
cast_info,29026
cast_info,29029
cast_info,29031
cast_info,29059
cast_info,29062
cast_info,29071
cast_info,29077
cast_info,29089
cast_info,29114
cast_info,29120
cast_info,29128
cast_info,29149
cast_info,29154
cast_info,29155
cast_info,29160
cast_info,29161
cast_info,29165
cast_info,29221
cast_info,29231
cast_info,29240
cast_info,29251
cast_info,29252
cast_info,29257
cast_info,29259
cast_info,29269
cast_info,29293
cast_info,29298
cast_info,29319
cast_info,29397
cast_info,29405
cast_info,29407
cast_info,29426
cast_info,29431
cast_info,29440
cast_info,29488
cast_info,29518
cast_info,29563
cast_info,29576
cast_info,29586
cast_info,29588
cast_info,29618
cast_info,29642
cast_info,29644
cast_info,29653
cast_info,29657
cast_info,29664
cast_info,29666
cast_info,29683
cast_info,29694
cast_info,29714
cast_info,29731
cast_info,29760
cast_info,29763
cast_info,29768
cast_info,29770
cast_info,29774
cast_info,29780
cast_info,29802
cast_info,29806
cast_info,29807
cast_info,29808
cast_info,29809
cast_info,29810
cast_info,29820
cast_info,29828
cast_info,29834
cast_info,29851
cast_info,29868
cast_info,29913
cast_info,29930
cast_info,29932
cast_info,29944
cast_info,29949
cast_info,29950
cast_info,29960
cast_info,29964
cast_info,29969
cast_info,29992
cast_info,30030
cast_info,30033
cast_info,30035
cast_info,30037
cast_info,30044
cast_info,30045
cast_info,30048
cast_info,30074
cast_info,30099
cast_info,30108
cast_info,30111
cast_info,30152
cast_info,30153
cast_info,30158
cast_info,30159
cast_info,30183
cast_info,30187
cast_info,30188
cast_info,30189
cast_info,30194
cast_info,30199
cast_info,30204
cast_info,30205
cast_info,30214
cast_info,30218
cast_info,30221
cast_info,30228
cast_info,30255
cast_info,30258
cast_info,30268
cast_info,30271
cast_info,30272
cast_info,30274
cast_info,30275
cast_info,30285
cast_info,30287
cast_info,30288
cast_info,30289
cast_info,30290
cast_info,30291
cast_info,30313
cast_info,30376
cast_info,30378
cast_info,30385
cast_info,30400
cast_info,30404
cast_info,30417
cast_info,30431
cast_info,30440
cast_info,30553
cast_info,30567
cast_info,30568
cast_info,30576
cast_info,30578
cast_info,30590
cast_info,30599
cast_info,30609
cast_info,30613
cast_info,30614
cast_info,30631
cast_info,30636
cast_info,30637
cast_info,30649
cast_info,30659
cast_info,30673
cast_info,30677
cast_info,30679
cast_info,30693
cast_info,30696
cast_info,30699
cast_info,30707
cast_info,30709
cast_info,30718
cast_info,30721
cast_info,30722
cast_info,30723
cast_info,30730
cast_info,30737
cast_info,30739
cast_info,30754
cast_info,30784
cast_info,30808
cast_info,30813
cast_info,30854
cast_info,30856
cast_info,30862
cast_info,30904
cast_info,30935
cast_info,30947
cast_info,30957
cast_info,30986
cast_info,31019
cast_info,31047
cast_info,31057
cast_info,31081
cast_info,31109
cast_info,31111
cast_info,31120
cast_info,31145
cast_info,31155
cast_info,31171
cast_info,31173
cast_info,31176
cast_info,31196
cast_info,31204
cast_info,31225
cast_info,31227
cast_info,31238
cast_info,31257
cast_info,31270
cast_info,31280
cast_info,31302
cast_info,31320
cast_info,31336
cast_info,31378
cast_info,31398
cast_info,31435
cast_info,31447
cast_info,31468
cast_info,31508
cast_info,31509
cast_info,31510
cast_info,31534
cast_info,31536
cast_info,31547
cast_info,31573
cast_info,31599
cast_info,31641
cast_info,31645
cast_info,31646
cast_info,31657
cast_info,31662
cast_info,31673
cast_info,31678
cast_info,31682
cast_info,31701
cast_info,31702
cast_info,31716
cast_info,31721
cast_info,31722
cast_info,31723
cast_info,31748
cast_info,31754
cast_info,31756
cast_info,31757
cast_info,31758
cast_info,31778
cast_info,31803
cast_info,31811
cast_info,31821
cast_info,31829
cast_info,31834
cast_info,31842
cast_info,31844
cast_info,31894
cast_info,31897
cast_info,31912
cast_info,31934
cast_info,31935
cast_info,31936
cast_info,31942
cast_info,31949
cast_info,31955
cast_info,32003
cast_info,32028
cast_info,32046
cast_info,32061
cast_info,32079
cast_info,32082
cast_info,32097
cast_info,32102
cast_info,32108
cast_info,32109
cast_info,32130
cast_info,32141
cast_info,32146
cast_info,32171
cast_info,32179
cast_info,32188
cast_info,32233
cast_info,32252
cast_info,32272
cast_info,32276
cast_info,32288
cast_info,32302
cast_info,32330
cast_info,32342
cast_info,32359
cast_info,32360
cast_info,32376
cast_info,32388
cast_info,32437
cast_info,32438
cast_info,32445
cast_info,32448
cast_info,32454
cast_info,32455
cast_info,32468
cast_info,32484
cast_info,32489
cast_info,32506
cast_info,32509
cast_info,32513
cast_info,32530
cast_info,32540
cast_info,32561
cast_info,32573
cast_info,32575
cast_info,32578
cast_info,32614
cast_info,32630
cast_info,32639
cast_info,32653
cast_info,32671
cast_info,32689
cast_info,32697
cast_info,32699
cast_info,32700
cast_info,32708
cast_info,32710
cast_info,32712
cast_info,32717
cast_info,32719
cast_info,32740
cast_info,32750
cast_info,32754
cast_info,32757
cast_info,32770
cast_info,32771
cast_info,32774
cast_info,32817
cast_info,32819
cast_info,32823
cast_info,32839
cast_info,32849
cast_info,32863
cast_info,32891
cast_info,32892
cast_info,32898
cast_info,32903
cast_info,32918
cast_info,32954
cast_info,32960
cast_info,32963
cast_info,32966
cast_info,32990
cast_info,33016
cast_info,33026
cast_info,33029
cast_info,33036
cast_info,33083
cast_info,33099
cast_info,33104
cast_info,33108
cast_info,33118
cast_info,33120
cast_info,33127
cast_info,33132
cast_info,33134
cast_info,33151
cast_info,33160
cast_info,33197
cast_info,33205
cast_info,33218
cast_info,33224
cast_info,33251
cast_info,33279
cast_info,33281
cast_info,33309
cast_info,33312
cast_info,33325
cast_info,33334
cast_info,33335
cast_info,33336
cast_info,33408
cast_info,33414
cast_info,33429
cast_info,33432
cast_info,33433
cast_info,33467
cast_info,33490
cast_info,33500
cast_info,33526
cast_info,33529
cast_info,33535
cast_info,33537
cast_info,33542
cast_info,33590
cast_info,33652
cast_info,33659
cast_info,33680
cast_info,33688
cast_info,33694
cast_info,33698
cast_info,33703
cast_info,33705
cast_info,33706
cast_info,33720
cast_info,33729
cast_info,33748
cast_info,33752
cast_info,33757
cast_info,33763
cast_info,33764
cast_info,33765
cast_info,33769
cast_info,33773
cast_info,33778
cast_info,33795
cast_info,33819
cast_info,33836
cast_info,33850
cast_info,33852
cast_info,33856
cast_info,33861
cast_info,33874
cast_info,33897
cast_info,33932
cast_info,33935
cast_info,33936
cast_info,33938
cast_info,33943
cast_info,33947
cast_info,33959
cast_info,33960
cast_info,33964
cast_info,33968
cast_info,33981
cast_info,34003
cast_info,34005
cast_info,34023
cast_info,34033
cast_info,34042
cast_info,34047
cast_info,34049
cast_info,34072
cast_info,34085
cast_info,34101
cast_info,34103
cast_info,34128
cast_info,34139
cast_info,34150
cast_info,34160
cast_info,34170
cast_info,34178
cast_info,34188
cast_info,34198
cast_info,34212
cast_info,34224
cast_info,34229
cast_info,34231
cast_info,34232
cast_info,34283
cast_info,34287
cast_info,34288
cast_info,34299
cast_info,34303
cast_info,34319
cast_info,34374
cast_info,34401
cast_info,34420
cast_info,34448
cast_info,34490
cast_info,34502
cast_info,34512
cast_info,34522
cast_info,34533
cast_info,34544
cast_info,34548
cast_info,34551
cast_info,34559
cast_info,34565
cast_info,34571
cast_info,34578
cast_info,34579
cast_info,34585
cast_info,34586
cast_info,34598
cast_info,34600
cast_info,34611
cast_info,34621
cast_info,34629
cast_info,34674
cast_info,34680
cast_info,34682
cast_info,34695
cast_info,34709
cast_info,34711
cast_info,34737
cast_info,34788
cast_info,34790
cast_info,34800
cast_info,34801
cast_info,34810
cast_info,34835
cast_info,34847
cast_info,34853
cast_info,34857
cast_info,34876
cast_info,34895
cast_info,34896
cast_info,34918
cast_info,34930
cast_info,34953
cast_info,34960
cast_info,34962
cast_info,34964
cast_info,35008
cast_info,35040
cast_info,35044
cast_info,35050
cast_info,35053
cast_info,35073
cast_info,35081
cast_info,35096
cast_info,35103
cast_info,35118
cast_info,35126
cast_info,35134
cast_info,35136
cast_info,35148
cast_info,35149
cast_info,35169
cast_info,35173
cast_info,35184
cast_info,35198
cast_info,35199
cast_info,35216
cast_info,35232
cast_info,35241
cast_info,35243
cast_info,35244
cast_info,35249
cast_info,35253
cast_info,35278
cast_info,35280
cast_info,35304
cast_info,35310
cast_info,35342
cast_info,35381
cast_info,35412
cast_info,35417
cast_info,35423
cast_info,35436
cast_info,35454
cast_info,35457
cast_info,35497
cast_info,35520
cast_info,35556
cast_info,35562
cast_info,35568
cast_info,35569
cast_info,35575
cast_info,35595
cast_info,35598
cast_info,35606
cast_info,35607
cast_info,35608
cast_info,35615
cast_info,35617
cast_info,35618
cast_info,35632
cast_info,35639
cast_info,35657
cast_info,35659
cast_info,35690
cast_info,35700
cast_info,35702
cast_info,35704
cast_info,35725
cast_info,35740
cast_info,35754
cast_info,35767
cast_info,35769
cast_info,35770
cast_info,35771
cast_info,35787
cast_info,35800
cast_info,35809
cast_info,35817
cast_info,35832
cast_info,35836
cast_info,35838
cast_info,35840
cast_info,35841
cast_info,35847
cast_info,35855
cast_info,35858
cast_info,35870
cast_info,35872
cast_info,35878
cast_info,35879
cast_info,35881
cast_info,35890
cast_info,35947
cast_info,35956
cast_info,35981
cast_info,35982
cast_info,35994
cast_info,35998
cast_info,36003
cast_info,36016
cast_info,36017
cast_info,36019
cast_info,36020
cast_info,36021
cast_info,36023
cast_info,36024
cast_info,36025
cast_info,36026
cast_info,36028
cast_info,36029
cast_info,36042
cast_info,36049
cast_info,36051
cast_info,36093
cast_info,36099
cast_info,36107
cast_info,36108
cast_info,36127
cast_info,36131
cast_info,36182
cast_info,36197
cast_info,36209
cast_info,36213
cast_info,36214
cast_info,36215
cast_info,36236
cast_info,36248
cast_info,36255
cast_info,36269
cast_info,36285
cast_info,36313
cast_info,36315
cast_info,36350
cast_info,36371
cast_info,36386
cast_info,36414
cast_info,36438
cast_info,36443
cast_info,36450
cast_info,36482
cast_info,36485
cast_info,36488
cast_info,36508
cast_info,36510
cast_info,36524
cast_info,36551
cast_info,36580
cast_info,36589
cast_info,36601
cast_info,36633
cast_info,36658
cast_info,36668
cast_info,36730
cast_info,36734
cast_info,36737
cast_info,36767
cast_info,36770
cast_info,36773
cast_info,36791
cast_info,36798
cast_info,36805
cast_info,36825
cast_info,36841
cast_info,36844
cast_info,36852
cast_info,36853
cast_info,36872
cast_info,36873
cast_info,36876
cast_info,36890
cast_info,36891
cast_info,36920
cast_info,36949
cast_info,36958
cast_info,36985
cast_info,37012
cast_info,37013
cast_info,37022
cast_info,37026
cast_info,37029
cast_info,37030
cast_info,37037
cast_info,37039
cast_info,37080
cast_info,37082
cast_info,37108
cast_info,37121
cast_info,37140
cast_info,37175
cast_info,37176
cast_info,37177
cast_info,37217
cast_info,37218
cast_info,37223
cast_info,37231
cast_info,37237
cast_info,37250
cast_info,37255
cast_info,37256
cast_info,37281
cast_info,37289
cast_info,37295
cast_info,37296
cast_info,37300
cast_info,37307
cast_info,37320
cast_info,37334
cast_info,37340
cast_info,37346
cast_info,37352
cast_info,37362
cast_info,37365
cast_info,37371
cast_info,37377
cast_info,37414
cast_info,37431
cast_info,37466
cast_info,37473
cast_info,37493
cast_info,37502
cast_info,37516
cast_info,37542
cast_info,37550
cast_info,37599
cast_info,37600
cast_info,37611
cast_info,37614
cast_info,37630
cast_info,37634
cast_info,37635
cast_info,37640
cast_info,37665
cast_info,37667
cast_info,37691
cast_info,37696
cast_info,37716
cast_info,37724
cast_info,37751
cast_info,37791
cast_info,37799
cast_info,37811
cast_info,37821
cast_info,37835
cast_info,37847
cast_info,37876
cast_info,37877
cast_info,37915
cast_info,37925
cast_info,37926
cast_info,37966
cast_info,37995
cast_info,38030
cast_info,38052
cast_info,38053
cast_info,38054
cast_info,38062
cast_info,38063
cast_info,38066
cast_info,38071
cast_info,38080
cast_info,38088
cast_info,38093
cast_info,38096
cast_info,38100
cast_info,38103
cast_info,38107
cast_info,38112
cast_info,38114
cast_info,38128
cast_info,38143
cast_info,38145
cast_info,38155
cast_info,38157
cast_info,38158
cast_info,38159
cast_info,38160
cast_info,38162
cast_info,38172
cast_info,38177
cast_info,38182
cast_info,38185
cast_info,38200
cast_info,38205
cast_info,38207
cast_info,38210
cast_info,38221
cast_info,38222
cast_info,38224
cast_info,38232
cast_info,38235
cast_info,38237
cast_info,38245
cast_info,38256
cast_info,38275
cast_info,38279
cast_info,38285
cast_info,38307
cast_info,38335
cast_info,38343
cast_info,38350
cast_info,38356
cast_info,38357
cast_info,38364
cast_info,38376
cast_info,38387
cast_info,38393
cast_info,38402
cast_info,38404
cast_info,38419
cast_info,38421
cast_info,38451
cast_info,38457
cast_info,38468
cast_info,38474
cast_info,38478
cast_info,38493
cast_info,38505
cast_info,38510
cast_info,38525
cast_info,38530
cast_info,38531
cast_info,38545
cast_info,38546
cast_info,38549
cast_info,38558
cast_info,38568
cast_info,38569
cast_info,38570
cast_info,38571
cast_info,38583
cast_info,38584
cast_info,38586
cast_info,38594
cast_info,38603
cast_info,38619
cast_info,38625
cast_info,38632
cast_info,38645
cast_info,38646
cast_info,38656
cast_info,38668
cast_info,38674
cast_info,38686
cast_info,38703
cast_info,38707
cast_info,38749
cast_info,38752
cast_info,38756
cast_info,38759
cast_info,38823
cast_info,38852
cast_info,38853
cast_info,38858
cast_info,38863
cast_info,38872
cast_info,38878
cast_info,38882
cast_info,38887
cast_info,38906
cast_info,38908
cast_info,38939
cast_info,38956
cast_info,38961
cast_info,38972
cast_info,38978
cast_info,38982
cast_info,38992
cast_info,39000
cast_info,39002
cast_info,39035
cast_info,39048
cast_info,39086
cast_info,39091
cast_info,39105
cast_info,39118
cast_info,39132
cast_info,39140
cast_info,39152
cast_info,39161
cast_info,39165
cast_info,39186
cast_info,39189
cast_info,39236
cast_info,39240
cast_info,39255
cast_info,39276
cast_info,39283
cast_info,39286
cast_info,39287
cast_info,39294
cast_info,39304
cast_info,39309
cast_info,39328
cast_info,39354
cast_info,39356
cast_info,39364
cast_info,39379
cast_info,39392
cast_info,39410
cast_info,39411
cast_info,39440
cast_info,39476
cast_info,39477
cast_info,39490
cast_info,39493
cast_info,39512
cast_info,39535
cast_info,39538
cast_info,39540
cast_info,39545
cast_info,39549
cast_info,39550
cast_info,39551
cast_info,39552
cast_info,39553
cast_info,39554
cast_info,39555
cast_info,39559
cast_info,39566
cast_info,39571
cast_info,39600
cast_info,39601
cast_info,39603
cast_info,39604
cast_info,39605
cast_info,39607
cast_info,39608
cast_info,39609
cast_info,39614
cast_info,39615
cast_info,39616
cast_info,39617
cast_info,39620
cast_info,39621
cast_info,39622
cast_info,39624
cast_info,39631
cast_info,39632
cast_info,39634
cast_info,39635
cast_info,39637
cast_info,39638
cast_info,39648
cast_info,39656
cast_info,39679
cast_info,39683
cast_info,39700
cast_info,39718
cast_info,39731
cast_info,39733
cast_info,39745
cast_info,39756
cast_info,39766
cast_info,39776
cast_info,39786
cast_info,39787
cast_info,39804
cast_info,39811
cast_info,39829
cast_info,39850
cast_info,39865
cast_info,39880
cast_info,39906
cast_info,39913
cast_info,39930
cast_info,39932
cast_info,39941
cast_info,39958
cast_info,39972
cast_info,39975
cast_info,39982
cast_info,40001
cast_info,40004
cast_info,40012
cast_info,40013
cast_info,40018
cast_info,40022
cast_info,40030
cast_info,40034
cast_info,40038
cast_info,40040
cast_info,40061
cast_info,40062
cast_info,40065
cast_info,40067
cast_info,40071
cast_info,40072
cast_info,40074
cast_info,40079
cast_info,40083
cast_info,40086
cast_info,40091
cast_info,40111
cast_info,40115
cast_info,40117
cast_info,40149
cast_info,40175
cast_info,40181
cast_info,40192
cast_info,40203
cast_info,40206
cast_info,40223
cast_info,40225
cast_info,40257
cast_info,40262
cast_info,40264
cast_info,40271
cast_info,40273
cast_info,40278
cast_info,40287
cast_info,40298
cast_info,40304
cast_info,40314
cast_info,40317
cast_info,40325
cast_info,40332
cast_info,40338
cast_info,40348
cast_info,40351
cast_info,40362
cast_info,40365
cast_info,40370
cast_info,40373
cast_info,40394
cast_info,40414
cast_info,40417
cast_info,40423
cast_info,40424
cast_info,40427
cast_info,40442
cast_info,40452
cast_info,40456
cast_info,40463
cast_info,40473
cast_info,40496
cast_info,40498
cast_info,40509
cast_info,40515
cast_info,40520
cast_info,40528
cast_info,40529
cast_info,40533
cast_info,40535
cast_info,40540
cast_info,40557
cast_info,40561
cast_info,40562
cast_info,40572
cast_info,40580
cast_info,40597
cast_info,40608
cast_info,40612
cast_info,40615
cast_info,40617
cast_info,40618
cast_info,40627
cast_info,40628
cast_info,40629
cast_info,40645
cast_info,40647
cast_info,40648
cast_info,40649
cast_info,40651
cast_info,40667
cast_info,40668
cast_info,40669
cast_info,40675
cast_info,40676
cast_info,40680
cast_info,40682
cast_info,40689
cast_info,40697
cast_info,40702
cast_info,40704
cast_info,40706
cast_info,40732
cast_info,40733
cast_info,40738
cast_info,40742
cast_info,40743
cast_info,40746
cast_info,40747
cast_info,40748
cast_info,40749
cast_info,40753
cast_info,40760
cast_info,40761
cast_info,40774
cast_info,40775
cast_info,40777
cast_info,40783
cast_info,40785
cast_info,40789
cast_info,40800
cast_info,40804
cast_info,40805
cast_info,40818
cast_info,40819
cast_info,40825
cast_info,40828
cast_info,40829
cast_info,40830
cast_info,40831
cast_info,40834
cast_info,40836
cast_info,40837
cast_info,40846
cast_info,40849
cast_info,40850
cast_info,40851
cast_info,40856
cast_info,40857
cast_info,40858
cast_info,40861
cast_info,40863
cast_info,40864
cast_info,40882
cast_info,40889
cast_info,40892
cast_info,40899
cast_info,40901
cast_info,40908
cast_info,40909
cast_info,40913
cast_info,40914
cast_info,40915
cast_info,40919
cast_info,40922
cast_info,40926
cast_info,40934
cast_info,40941
cast_info,40953
cast_info,40966
cast_info,40967
cast_info,40968
cast_info,40969
cast_info,40970
cast_info,40973
cast_info,40987
cast_info,40992
cast_info,40997
cast_info,41003
cast_info,41017
cast_info,41018
cast_info,41020
cast_info,41022
cast_info,41023
cast_info,41024
cast_info,41026
cast_info,41028
cast_info,41029
cast_info,41048
cast_info,41049
cast_info,41060
cast_info,41081
cast_info,41101
cast_info,41103
cast_info,41104
cast_info,41105
cast_info,41108
cast_info,41110
cast_info,41128
cast_info,41134
cast_info,41137
cast_info,41164
cast_info,41166
cast_info,41168
cast_info,41172
cast_info,41199
cast_info,41201
cast_info,41204
cast_info,41210
cast_info,41219
cast_info,41229
cast_info,41237
cast_info,41240
cast_info,41254
cast_info,41257
cast_info,41281
cast_info,41298
cast_info,41305
cast_info,41316
cast_info,41325
cast_info,41326
cast_info,41332
cast_info,41334
cast_info,41335
cast_info,41336
cast_info,41340
cast_info,41341
cast_info,41348
cast_info,41352
cast_info,41394
cast_info,41401
cast_info,41404
cast_info,41407
cast_info,41408
cast_info,41409
cast_info,41413
cast_info,41414
cast_info,41420
cast_info,41427
cast_info,41433
cast_info,41436
cast_info,41437
cast_info,41440
cast_info,41444
cast_info,41446
cast_info,41451
cast_info,41455
cast_info,41457
cast_info,41476
cast_info,41515
cast_info,41519
cast_info,41525
cast_info,41527
cast_info,41528
cast_info,41529
cast_info,41534
cast_info,41539
cast_info,41540
cast_info,41544
cast_info,41547
cast_info,41554
cast_info,41571
cast_info,41572
cast_info,41574
cast_info,41603
cast_info,41622
cast_info,41623
cast_info,41624
cast_info,41629
cast_info,41633
cast_info,41634
cast_info,41635
cast_info,41636
cast_info,41637
cast_info,41638
cast_info,41639
cast_info,41640
cast_info,41644
cast_info,41651
cast_info,41660
cast_info,41666
cast_info,41678
cast_info,41680
cast_info,41701
cast_info,41729
cast_info,41753
cast_info,41774
cast_info,41778
cast_info,41809
cast_info,41815
cast_info,41828
cast_info,41832
cast_info,41839
cast_info,41851
cast_info,41873
cast_info,41891
cast_info,41892
cast_info,41897
cast_info,41903
cast_info,41908
cast_info,41933
cast_info,41936
cast_info,41944
cast_info,41961
cast_info,41988
cast_info,41997
cast_info,41998
cast_info,42037
cast_info,42039
cast_info,42045
cast_info,42051
cast_info,42052
cast_info,42056
cast_info,42063
cast_info,42123
cast_info,42168
cast_info,42174
cast_info,42176
cast_info,42226
cast_info,42234
cast_info,42264
cast_info,42270
cast_info,42272
cast_info,42302
cast_info,42303
cast_info,42305
cast_info,42308
cast_info,42339
cast_info,42355
cast_info,42366
cast_info,42370
cast_info,42407
cast_info,42408
cast_info,42416
cast_info,42420
cast_info,42445
cast_info,42455
cast_info,42466
cast_info,42482
cast_info,42499
cast_info,42501
cast_info,42514
cast_info,42534
cast_info,42538
cast_info,42548
cast_info,42557
cast_info,42568
cast_info,42580
cast_info,42611
cast_info,42628
cast_info,42637
cast_info,42716
cast_info,42721
cast_info,42724
cast_info,42756
cast_info,42762
cast_info,42780
cast_info,42787
cast_info,42797
cast_info,42799
cast_info,42801
cast_info,42810
cast_info,42812
cast_info,42824
cast_info,42837
cast_info,42844
cast_info,42866
cast_info,42867
cast_info,42870
cast_info,42892
cast_info,42925
cast_info,42937
cast_info,42956
cast_info,42962
cast_info,42963
cast_info,42983
cast_info,42995
cast_info,43009
cast_info,43012
cast_info,43021
cast_info,43024
cast_info,43046
cast_info,43057
cast_info,43072
cast_info,43080
cast_info,43082
cast_info,43089
cast_info,43108
cast_info,43110
cast_info,43113
cast_info,43116
cast_info,43118
cast_info,43128
cast_info,43129
cast_info,43134
cast_info,43143
cast_info,43154
cast_info,43156
cast_info,43179
cast_info,43182
cast_info,43184
cast_info,43192
cast_info,43196
cast_info,43200
cast_info,43202
cast_info,43208
cast_info,43211
cast_info,43213
cast_info,43223
cast_info,43246
cast_info,43257
cast_info,43263
cast_info,43272
cast_info,43275
cast_info,43283
cast_info,43284
cast_info,43294
cast_info,43304
cast_info,43317
cast_info,43318
cast_info,43327
cast_info,43353
cast_info,43361
cast_info,43362
cast_info,43372
cast_info,43381
cast_info,43382
cast_info,43389
cast_info,43390
cast_info,43392
cast_info,43396
cast_info,43397
cast_info,43399
cast_info,43410
cast_info,43412
cast_info,43427
cast_info,43444
cast_info,43451
cast_info,43452
cast_info,43458
cast_info,43464
cast_info,43469
cast_info,43472
cast_info,43481
cast_info,43483
cast_info,43485
cast_info,43495
cast_info,43503
cast_info,43505
cast_info,43508
cast_info,43545
cast_info,43546
cast_info,43547
cast_info,43548
cast_info,43549
cast_info,43553
cast_info,43560
cast_info,43563
cast_info,43632
cast_info,43636
cast_info,43643
cast_info,43648
cast_info,43649
cast_info,43650
cast_info,43651
cast_info,43652
cast_info,43654
cast_info,43656
cast_info,43670
cast_info,43681
cast_info,43709
cast_info,43716
cast_info,43717
cast_info,43807
cast_info,43817
cast_info,43820
cast_info,43822
cast_info,43824
cast_info,43825
cast_info,43855
cast_info,43861
cast_info,43874
cast_info,43888
cast_info,43897
cast_info,43898
cast_info,43907
cast_info,43918
cast_info,43924
cast_info,43926
cast_info,43949
cast_info,43968
cast_info,43970
cast_info,43971
cast_info,43985
cast_info,43987
cast_info,43992
cast_info,44074
cast_info,44076
cast_info,44084
cast_info,44096
cast_info,44098
cast_info,44106
cast_info,44110
cast_info,44111
cast_info,44127
cast_info,44128
cast_info,44134
cast_info,44151
cast_info,44157
cast_info,44159
cast_info,44162
cast_info,44167
cast_info,44170
cast_info,44175
cast_info,44189
cast_info,44196
cast_info,44207
cast_info,44227
cast_info,44255
cast_info,44257
cast_info,44268
cast_info,44271
cast_info,44274
cast_info,44352
cast_info,44353
cast_info,44370
cast_info,44377
cast_info,44381
cast_info,44386
cast_info,44413
cast_info,44414
cast_info,44428
cast_info,44431
cast_info,44454
cast_info,44456
cast_info,44464
cast_info,44477
cast_info,44479
cast_info,44485
cast_info,44513
cast_info,44530
cast_info,44549
cast_info,44551
cast_info,44575
cast_info,44576
cast_info,44605
cast_info,44623
cast_info,44640
cast_info,44646
cast_info,44652
cast_info,44670
cast_info,44681
cast_info,44686
cast_info,44693
cast_info,44695
cast_info,44698
cast_info,44705
cast_info,44706
cast_info,44711
cast_info,44712
cast_info,44718
cast_info,44728
cast_info,44774
cast_info,44782
cast_info,44784
cast_info,44800
cast_info,44808
cast_info,44824
cast_info,44827
cast_info,44828
cast_info,44840
cast_info,44848
cast_info,44871
cast_info,44896
cast_info,44906
cast_info,44910
cast_info,44932
cast_info,44948
cast_info,44975
cast_info,45005
cast_info,45007
cast_info,45008
cast_info,45013
cast_info,45021
cast_info,45032
cast_info,45040
cast_info,45041
cast_info,45046
cast_info,45066
cast_info,45096
cast_info,45102
cast_info,45103
cast_info,45105
cast_info,45119
cast_info,45139
cast_info,45143
cast_info,45154
cast_info,45155
cast_info,45189
cast_info,45208
cast_info,45216
cast_info,45265
cast_info,45268
cast_info,45300
cast_info,45310
cast_info,45313
cast_info,45314
cast_info,45315
cast_info,45335
cast_info,45350
cast_info,45353
cast_info,45365
cast_info,45368
cast_info,45393
cast_info,45408
cast_info,45434
cast_info,45440
cast_info,45448
cast_info,45454
cast_info,45461
cast_info,45472
cast_info,45474
cast_info,45502
cast_info,45521
cast_info,45526
cast_info,45534
cast_info,45536
cast_info,45537
cast_info,45567
cast_info,45571
cast_info,45573
cast_info,45588
cast_info,45603
cast_info,45621
cast_info,45656
cast_info,45657
cast_info,45660
cast_info,45661
cast_info,45665
cast_info,45668
cast_info,45674
cast_info,45680
cast_info,45684
cast_info,45728
cast_info,45729
cast_info,45730
cast_info,45731
cast_info,45732
cast_info,45755
cast_info,45758
cast_info,45764
cast_info,45765
cast_info,45773
cast_info,45841
cast_info,45844
cast_info,45846
cast_info,45854
cast_info,45855
cast_info,45859
cast_info,45969
cast_info,45975
cast_info,45980
cast_info,45983
cast_info,45988
cast_info,45989
cast_info,46000
cast_info,46013
cast_info,46014
cast_info,46025
cast_info,46031
cast_info,46041
cast_info,46058
cast_info,46062
cast_info,46083
cast_info,46084
cast_info,46088
cast_info,46151
cast_info,46162
cast_info,46175
cast_info,46186
cast_info,46199
cast_info,46207
cast_info,46208
cast_info,46232
cast_info,46249
cast_info,46257
cast_info,46281
cast_info,46291
cast_info,46294
cast_info,46297
cast_info,46316
cast_info,46327
cast_info,46331
cast_info,46337
cast_info,46352
cast_info,46360
cast_info,46364
cast_info,46371
cast_info,46377
cast_info,46379
cast_info,46386
cast_info,46387
cast_info,46395
cast_info,46421
cast_info,46424
cast_info,46450
cast_info,46471
cast_info,46472
cast_info,46485
cast_info,46496
cast_info,46518
cast_info,46519
cast_info,46521
cast_info,46540
cast_info,46549
cast_info,46557
cast_info,46558
cast_info,46568
cast_info,46587
cast_info,46595
cast_info,46604
cast_info,46612
cast_info,46620
cast_info,46625
cast_info,46641
cast_info,46657
cast_info,46660
cast_info,46661
cast_info,46662
cast_info,46664
cast_info,46665
cast_info,46668
cast_info,46669
cast_info,46675
cast_info,46676
cast_info,46677
cast_info,46681
cast_info,46682
cast_info,46683
cast_info,46684
cast_info,46697
cast_info,46699
cast_info,46702
cast_info,46709
cast_info,46714
cast_info,46717
cast_info,46739
cast_info,46740
cast_info,46745
cast_info,46760
cast_info,46763
cast_info,46772
cast_info,46782
cast_info,46783
cast_info,46785
cast_info,46786
cast_info,46802
cast_info,46807
cast_info,46817
cast_info,46853
cast_info,46862
cast_info,46863
cast_info,46867
cast_info,46868
cast_info,46872
cast_info,46875
cast_info,46878
cast_info,46879
cast_info,46892
cast_info,46893
cast_info,46923
cast_info,46926
cast_info,46933
cast_info,46959
cast_info,46960
cast_info,46979
cast_info,46982
cast_info,46989
cast_info,46994
cast_info,46997
cast_info,46999
cast_info,47003
cast_info,47017
cast_info,47032
cast_info,47045
cast_info,47103
cast_info,47107
cast_info,47113
cast_info,47139
cast_info,47140
cast_info,47156
cast_info,47165
cast_info,47166
cast_info,47167
cast_info,47177
cast_info,47197
cast_info,47206
cast_info,47244
cast_info,47255
cast_info,47270
cast_info,47299
cast_info,47316
cast_info,47320
cast_info,47349
cast_info,47357
cast_info,47361
cast_info,47364
cast_info,47377
cast_info,47395
cast_info,47397
cast_info,47402
cast_info,47413
cast_info,47431
cast_info,47441
cast_info,47456
cast_info,47458
cast_info,47472
cast_info,47479
cast_info,47490
cast_info,47507
cast_info,47517
cast_info,47556
cast_info,47585
cast_info,47589
cast_info,47608
cast_info,47640
cast_info,47659
cast_info,47665
cast_info,47667
cast_info,47679
cast_info,47683
cast_info,47686
cast_info,47689
cast_info,47710
cast_info,47723
cast_info,47734
cast_info,47736
cast_info,47749
cast_info,47753
cast_info,47756
cast_info,47757
cast_info,47763
cast_info,47816
cast_info,47818
cast_info,47826
cast_info,47833
cast_info,47834
cast_info,47839
cast_info,47867
cast_info,47875
cast_info,47892
cast_info,47894
cast_info,47920
cast_info,47931
cast_info,47934
cast_info,47949
cast_info,47950
cast_info,47982
cast_info,48026
cast_info,48027
cast_info,48028
cast_info,48053
cast_info,48054
cast_info,48093
cast_info,48175
cast_info,48176
cast_info,48177
cast_info,48191
cast_info,48204
cast_info,48242
cast_info,48243
cast_info,48244
cast_info,48246
cast_info,48247
cast_info,48251
cast_info,48252
cast_info,48258
cast_info,48264
cast_info,48265
cast_info,48267
cast_info,48272
cast_info,48289
cast_info,48297
cast_info,48316
cast_info,48323
cast_info,48324
cast_info,48336
cast_info,48337
cast_info,48341
cast_info,48344
cast_info,48347
cast_info,48375
cast_info,48393
cast_info,48477
cast_info,48510
cast_info,48536
cast_info,48539
cast_info,48540
cast_info,48563
cast_info,48582
cast_info,48588
cast_info,48596
cast_info,48607
cast_info,48620
cast_info,48624
cast_info,48627
cast_info,48633
cast_info,48649
cast_info,48660
cast_info,48661
cast_info,48662
cast_info,48675
cast_info,48680
cast_info,48695
cast_info,48702
cast_info,48710
cast_info,48711
cast_info,48712
cast_info,48721
cast_info,48722
cast_info,48732
cast_info,48761
cast_info,48812
cast_info,48813
cast_info,48830
cast_info,48833
cast_info,48837
cast_info,48851
cast_info,48852
cast_info,48854
cast_info,48861
cast_info,48862
cast_info,48863
cast_info,48867
cast_info,48883
cast_info,48887
cast_info,48923
cast_info,48940
cast_info,48941
cast_info,48944
cast_info,48964
cast_info,48994
cast_info,49004
cast_info,49009
cast_info,49018
cast_info,49019
cast_info,49023
cast_info,49032
cast_info,49033
cast_info,49037
cast_info,49041
cast_info,49043
cast_info,49048
cast_info,49060
cast_info,49074
cast_info,49088
cast_info,49100
cast_info,49103
cast_info,49104
cast_info,49140
cast_info,49143
cast_info,49166
cast_info,49177
cast_info,49178
cast_info,49210
cast_info,49224
cast_info,49232
cast_info,49239
cast_info,49257
cast_info,49261
cast_info,49271
cast_info,49276
cast_info,49292
cast_info,49293
cast_info,49308
cast_info,49330
cast_info,49345
cast_info,49365
cast_info,49381
cast_info,49390
cast_info,49399
cast_info,49405
cast_info,49406
cast_info,49408
cast_info,49414
cast_info,49425
cast_info,49435
cast_info,49462
cast_info,49483
cast_info,49490
cast_info,49493
cast_info,49506
cast_info,49540
cast_info,49543
cast_info,49544
cast_info,49549
cast_info,49559
cast_info,49577
cast_info,49581
cast_info,49584
cast_info,49589
cast_info,49592
cast_info,49593
cast_info,49695
cast_info,49702
cast_info,49710
cast_info,49725
cast_info,49736
cast_info,49762
cast_info,49764
cast_info,49770
cast_info,49773
cast_info,49776
cast_info,49791
cast_info,49794
cast_info,49819
cast_info,49821
cast_info,49827
cast_info,49831
cast_info,49884
cast_info,49906
cast_info,49908
cast_info,49913
cast_info,49919
cast_info,49928
cast_info,49945
cast_info,49946
cast_info,49963
cast_info,49976
cast_info,49978
cast_info,49985
cast_info,50005
cast_info,50011
cast_info,50012
cast_info,50037
cast_info,50069
cast_info,50074
cast_info,50078
cast_info,50079
cast_info,50082
cast_info,50095
cast_info,50100
cast_info,50117
cast_info,50132
cast_info,50135
cast_info,50164
cast_info,50170
cast_info,50172
cast_info,50177
cast_info,50188
cast_info,50189
cast_info,50197
cast_info,50203
cast_info,50205
cast_info,50207
cast_info,50216
cast_info,50232
cast_info,50235
cast_info,50295
cast_info,50314
cast_info,50321
cast_info,50328
cast_info,50333
cast_info,50340
cast_info,50345
cast_info,50348
cast_info,50352
cast_info,50385
cast_info,50390
cast_info,50398
cast_info,50418
cast_info,50424
cast_info,50474
cast_info,50475
cast_info,50487
cast_info,50500
cast_info,50531
cast_info,50533
cast_info,50540
cast_info,50555
cast_info,50556
cast_info,50561
cast_info,50567
cast_info,50570
cast_info,50572
cast_info,50573
cast_info,50587
cast_info,50605
cast_info,50628
cast_info,50632
cast_info,50633
cast_info,50635
cast_info,50645
cast_info,50689
cast_info,50751
cast_info,50756
cast_info,50778
cast_info,50779
cast_info,50785
cast_info,50791
cast_info,50796
cast_info,50799
cast_info,50807
cast_info,50822
cast_info,50824
cast_info,50836
cast_info,50837
cast_info,50856
cast_info,50858
cast_info,50865
cast_info,50870
cast_info,50892
cast_info,50903
cast_info,50913
cast_info,50914
cast_info,50941
cast_info,50944
cast_info,50959
cast_info,50961
cast_info,50971
cast_info,50999
cast_info,51013
cast_info,51014
cast_info,51015
cast_info,51030
cast_info,51032
cast_info,51039
cast_info,51043
cast_info,51045
cast_info,51065
cast_info,51068
cast_info,51078
cast_info,51087
cast_info,51097
cast_info,51121
cast_info,51144
cast_info,51146
cast_info,51156
cast_info,51163
cast_info,51183
cast_info,51186
cast_info,51197
cast_info,51203
cast_info,51208
cast_info,51215
cast_info,51225
cast_info,51226
cast_info,51249
cast_info,51290
cast_info,51298
cast_info,51332
cast_info,51345
cast_info,51365
cast_info,51366
cast_info,51369
cast_info,51390
cast_info,51398
cast_info,51410
cast_info,51413
cast_info,51414
cast_info,51417
cast_info,51422
cast_info,51449
cast_info,51460
cast_info,51468
cast_info,51482
cast_info,51504
cast_info,51505
cast_info,51508
cast_info,51509
cast_info,51511
cast_info,51513
cast_info,51519
cast_info,51523
cast_info,51524
cast_info,51526
cast_info,51528
cast_info,51530
cast_info,51532
cast_info,51546
cast_info,51556
cast_info,51574
cast_info,51580
cast_info,51605
cast_info,51606
cast_info,51608
cast_info,51628
cast_info,51630
cast_info,51634
cast_info,51635
cast_info,51653
cast_info,51654
cast_info,51658
cast_info,51672
cast_info,51677
cast_info,51691
cast_info,51696
cast_info,51746
cast_info,51760
cast_info,51762
cast_info,51797
cast_info,51829
cast_info,51833
cast_info,51835
cast_info,51836
cast_info,51839
cast_info,51866
cast_info,51869
cast_info,51876
cast_info,51877
cast_info,51879
cast_info,51881
cast_info,51882
cast_info,51885
cast_info,51887
cast_info,51895
cast_info,51901
cast_info,51941
cast_info,51950
cast_info,51952
cast_info,51964
cast_info,51971
cast_info,51976
cast_info,51983
cast_info,51990
cast_info,52021
cast_info,52044
cast_info,52052
cast_info,52059
cast_info,52065
cast_info,52069
cast_info,52091
cast_info,52115
cast_info,52119
cast_info,52149
cast_info,52180
cast_info,52188
cast_info,52192
cast_info,52208
cast_info,52212
cast_info,52237
cast_info,52254
cast_info,52270
cast_info,52285
cast_info,52288
cast_info,52290
cast_info,52303
cast_info,52335
cast_info,52364
cast_info,52386
cast_info,52407
cast_info,52421
cast_info,52426
cast_info,52428
cast_info,52481
cast_info,52510
cast_info,52514
cast_info,52532
cast_info,52546
cast_info,52578
cast_info,52610
cast_info,52634
cast_info,52638
cast_info,52639
cast_info,52737
cast_info,52752
cast_info,52754
cast_info,52767
cast_info,52818
cast_info,52830
cast_info,52852
cast_info,52857
cast_info,52863
cast_info,52893
cast_info,52902
cast_info,52909
cast_info,52912
cast_info,52927
cast_info,52931
cast_info,52975
cast_info,52995
cast_info,52999
cast_info,53001
cast_info,53002
cast_info,53021
cast_info,53026
cast_info,53066
cast_info,53080
cast_info,53091
cast_info,53095
cast_info,53109
cast_info,53113
cast_info,53124
cast_info,53153
cast_info,53177
cast_info,53190
cast_info,53192
cast_info,53212
cast_info,53213
cast_info,53215
cast_info,53218
cast_info,53219
cast_info,53239
cast_info,53240
cast_info,53254
cast_info,53271
cast_info,53282
cast_info,53284
cast_info,53286
cast_info,53290
cast_info,53338
cast_info,53374
cast_info,53375
cast_info,53379
cast_info,53380
cast_info,53383
cast_info,53398
cast_info,53399
cast_info,53428
cast_info,53443
cast_info,53455
cast_info,53465
cast_info,53470
cast_info,53503
cast_info,53519
cast_info,53527
cast_info,53528
cast_info,53554
cast_info,53561
cast_info,53565
cast_info,53614
cast_info,53618
cast_info,53644
cast_info,53654
cast_info,53668
cast_info,53669
cast_info,53685
cast_info,53697
cast_info,53700
cast_info,53703
cast_info,53752
cast_info,53757
cast_info,53759
cast_info,53761
cast_info,53764
cast_info,53787
cast_info,53790
cast_info,53796
cast_info,53797
cast_info,53798
cast_info,53800
cast_info,53817
cast_info,53819
cast_info,53857
cast_info,53911
cast_info,53918
cast_info,53944
cast_info,53956
cast_info,53957
cast_info,53998
cast_info,53999
cast_info,54016
cast_info,54037
cast_info,54041
cast_info,54057
cast_info,54079
cast_info,54166
cast_info,54181
cast_info,54182
cast_info,54186
cast_info,54200
cast_info,54204
cast_info,54216
cast_info,54217
cast_info,54223
cast_info,54230
cast_info,54244
cast_info,54248
cast_info,54251
cast_info,54257
cast_info,54266
cast_info,54267
cast_info,54275
cast_info,54278
cast_info,54283
cast_info,54285
cast_info,54289
cast_info,54301
cast_info,54306
cast_info,54308
cast_info,54325
cast_info,54344
cast_info,54346
cast_info,54349
cast_info,54351
cast_info,54365
cast_info,54366
cast_info,54368
cast_info,54370
cast_info,54371
cast_info,54372
cast_info,54373
cast_info,54375
cast_info,54381
cast_info,54382
cast_info,54387
cast_info,54390
cast_info,54411
cast_info,54445
cast_info,54449
cast_info,54452
cast_info,54458
cast_info,54482
cast_info,54495
cast_info,54500
cast_info,54501
cast_info,54503
cast_info,54516
cast_info,54527
cast_info,54533
cast_info,54540
cast_info,54558
cast_info,54577
cast_info,54581
cast_info,54588
cast_info,54599
cast_info,54602
cast_info,54604
cast_info,54613
cast_info,54614
cast_info,54627
cast_info,54634
cast_info,54639
cast_info,54645
cast_info,54675
cast_info,54676
cast_info,54700
cast_info,54701
cast_info,54716
cast_info,54727
cast_info,54744
cast_info,54776
cast_info,54798
cast_info,54805
cast_info,54830
cast_info,54845
cast_info,54849
cast_info,54855
cast_info,54864
cast_info,54869
cast_info,54882
cast_info,54889
cast_info,54896
cast_info,54922
cast_info,54930
cast_info,54955
cast_info,54956
cast_info,54959
cast_info,54974
cast_info,54990
cast_info,54992
cast_info,54993
cast_info,55019
cast_info,55021
cast_info,55025
cast_info,55027
cast_info,55028
cast_info,55029
cast_info,55042
cast_info,55043
cast_info,55050
cast_info,55051
cast_info,55056
cast_info,55063
cast_info,55064
cast_info,55066
cast_info,55067
cast_info,55068
cast_info,55071
cast_info,55072
cast_info,55083
cast_info,55089
cast_info,55099
cast_info,55100
cast_info,55101
cast_info,55151
cast_info,55153
cast_info,55168
cast_info,55172
cast_info,55173
cast_info,55178
cast_info,55182
cast_info,55192
cast_info,55203
cast_info,55206
cast_info,55207
cast_info,55223
cast_info,55261
cast_info,55265
cast_info,55271
cast_info,55272
cast_info,55303
cast_info,55332
cast_info,55334
cast_info,55342
cast_info,55352
cast_info,55370
cast_info,55381
cast_info,55389
cast_info,55397
cast_info,55415
cast_info,55416
cast_info,55442
cast_info,55481
cast_info,55482
cast_info,55483
cast_info,55488
cast_info,55502
cast_info,55518
cast_info,55526
cast_info,55527
cast_info,55548
cast_info,55549
cast_info,55554
cast_info,55555
cast_info,55560
cast_info,55561
cast_info,55571
cast_info,55577
cast_info,55594
cast_info,55640
cast_info,55648
cast_info,55650
cast_info,55654
cast_info,55661
cast_info,55666
cast_info,55671
cast_info,55673
cast_info,55680
cast_info,55685
cast_info,55698
cast_info,55699
cast_info,55702
cast_info,55724
cast_info,55732
cast_info,55746
cast_info,55748
cast_info,55772
cast_info,55777
cast_info,55795
cast_info,55817
cast_info,55818
cast_info,55824
cast_info,55826
cast_info,55841
cast_info,55885
cast_info,55888
cast_info,55899
cast_info,55905
cast_info,55932
cast_info,55948
cast_info,55958
cast_info,55962
cast_info,55978
cast_info,55989
cast_info,55990
cast_info,56007
cast_info,56032
cast_info,56043
cast_info,56056
cast_info,56062
cast_info,56082
cast_info,56107
cast_info,56127
cast_info,56147
cast_info,56150
cast_info,56152
cast_info,56178
cast_info,56179
cast_info,56209
cast_info,56217
cast_info,56237
cast_info,56240
cast_info,56252
cast_info,56268
cast_info,56273
cast_info,56286
cast_info,56303
cast_info,56315
cast_info,56318
cast_info,56330
cast_info,56331
cast_info,56338
cast_info,56348
cast_info,56367
cast_info,56384
cast_info,56398
cast_info,56410
cast_info,56411
cast_info,56413
cast_info,56414
cast_info,56424
cast_info,56437
cast_info,56439
cast_info,56442
cast_info,56447
cast_info,56453
cast_info,56456
cast_info,56460
cast_info,56465
cast_info,56471
cast_info,56474
cast_info,56476
cast_info,56477
cast_info,56478
cast_info,56501
cast_info,56518
cast_info,56526
cast_info,56560
cast_info,56584
cast_info,56603
cast_info,56610
cast_info,56625
cast_info,56627
cast_info,56655
cast_info,56665
cast_info,56669
cast_info,56674
cast_info,56686
cast_info,56693
cast_info,56698
cast_info,56714
cast_info,56735
cast_info,56742
cast_info,56744
cast_info,56756
cast_info,56767
cast_info,56772
cast_info,56773
cast_info,56793
cast_info,56794
cast_info,56803
cast_info,56814
cast_info,56870
cast_info,56871
cast_info,56904
cast_info,56906
cast_info,56915
cast_info,56940
cast_info,56941
cast_info,56944
cast_info,56956
cast_info,56965
cast_info,56973
cast_info,57004
cast_info,57013
cast_info,57014
cast_info,57016
cast_info,57019
cast_info,57020
cast_info,57021
cast_info,57022
cast_info,57044
cast_info,57047
cast_info,57055
cast_info,57062
cast_info,57064
cast_info,57069
cast_info,57092
cast_info,57105
cast_info,57106
cast_info,57107
cast_info,57110
cast_info,57127
cast_info,57130
cast_info,57138
cast_info,57141
cast_info,57142
cast_info,57144
cast_info,57145
cast_info,57161
cast_info,57169
cast_info,57212
cast_info,57213
cast_info,57228
cast_info,57230
cast_info,57232
cast_info,57246
cast_info,57267
cast_info,57277
cast_info,57282
cast_info,57286
cast_info,57299
cast_info,57305
cast_info,57309
cast_info,57320
cast_info,57340
cast_info,57343
cast_info,57355
cast_info,57358
cast_info,57369
cast_info,57381
cast_info,57392
cast_info,57419
cast_info,57420
cast_info,57423
cast_info,57439
cast_info,57440
cast_info,57441
cast_info,57442
cast_info,57443
cast_info,57449
cast_info,57456
cast_info,57457
cast_info,57466
cast_info,57469
cast_info,57475
cast_info,57477
cast_info,57491
cast_info,57494
cast_info,57506
cast_info,57525
cast_info,57543
cast_info,57561
cast_info,57570
cast_info,57578
cast_info,57579
cast_info,57582
cast_info,57615
cast_info,57616
cast_info,57617
cast_info,57622
cast_info,57626
cast_info,57628
cast_info,57636
cast_info,57637
cast_info,57640
cast_info,57641
cast_info,57642
cast_info,57643
cast_info,57659
cast_info,57669
cast_info,57674
cast_info,57691
cast_info,57707
cast_info,57726
cast_info,57732
cast_info,57748
cast_info,57751
cast_info,57758
cast_info,57810
cast_info,57813
cast_info,57818
cast_info,57828
cast_info,57867
cast_info,57870
cast_info,57922
cast_info,57959
cast_info,57969
cast_info,57972
cast_info,57977
cast_info,58022
cast_info,58041
cast_info,58061
cast_info,58064
cast_info,58084
cast_info,58091
cast_info,58120
cast_info,58123
cast_info,58124
cast_info,58185
cast_info,58188
cast_info,58204
cast_info,58210
cast_info,58219
cast_info,58221
cast_info,58231
cast_info,58254
cast_info,58263
cast_info,58268
cast_info,58269
cast_info,58295
cast_info,58309
cast_info,58312
cast_info,58331
cast_info,58332
cast_info,58333
cast_info,58352
cast_info,58355
cast_info,58386
cast_info,58416
cast_info,58451
cast_info,58452
cast_info,58453
cast_info,58454
cast_info,58456
cast_info,58457
cast_info,58458
cast_info,58461
cast_info,58475
cast_info,58480
cast_info,58482
cast_info,58489
cast_info,58510
cast_info,58515
cast_info,58525
cast_info,58534
cast_info,58535
cast_info,58555
cast_info,58561
cast_info,58584
cast_info,58592
cast_info,58596
cast_info,58609
cast_info,58612
cast_info,58613
cast_info,58616
cast_info,58617
cast_info,58645
cast_info,58663
cast_info,58680
cast_info,58687
cast_info,58691
cast_info,58696
cast_info,58697
cast_info,58728
cast_info,58734
cast_info,58737
cast_info,58740
cast_info,58746
cast_info,58755
cast_info,58770
cast_info,58810
cast_info,58824
cast_info,58850
cast_info,58852
cast_info,58854
cast_info,58895
cast_info,58900
cast_info,58901
cast_info,58959
cast_info,58961
cast_info,58968
cast_info,58972
cast_info,58974
cast_info,58978
cast_info,58994
cast_info,59005
cast_info,59037
cast_info,59040
cast_info,59041
cast_info,59047
cast_info,59080
cast_info,59087
cast_info,59106
cast_info,59109
cast_info,59166
cast_info,59177
cast_info,59184
cast_info,59201
cast_info,59203
cast_info,59214
cast_info,59231
cast_info,59238
cast_info,59261
cast_info,59263
cast_info,59265
cast_info,59269
cast_info,59275
cast_info,59289
cast_info,59303
cast_info,59309
cast_info,59327
cast_info,59329
cast_info,59337
cast_info,59340
cast_info,59358
cast_info,59359
cast_info,59360
cast_info,59362
cast_info,59375
cast_info,59397
cast_info,59402
cast_info,59409
cast_info,59426
cast_info,59434
cast_info,59448
cast_info,59465
cast_info,59523
cast_info,59532
cast_info,59533
cast_info,59537
cast_info,59547
cast_info,59548
cast_info,59574
cast_info,59577
cast_info,59579
cast_info,59594
cast_info,59596
cast_info,59628
cast_info,59632
cast_info,59643
cast_info,59644
cast_info,59679
cast_info,59680
cast_info,59689
cast_info,59691
cast_info,59701
cast_info,59711
cast_info,59715
cast_info,59730
cast_info,59735
cast_info,59752
cast_info,59754
cast_info,59758
cast_info,59771
cast_info,59789
cast_info,59790
cast_info,59793
cast_info,59829
cast_info,59837
cast_info,59857
cast_info,59884
cast_info,59900
cast_info,59936
cast_info,59944
cast_info,59977
cast_info,60003
cast_info,60010
cast_info,60016
cast_info,60021
cast_info,60027
cast_info,60028
cast_info,60034
cast_info,60043
cast_info,60056
cast_info,60057
cast_info,60058
cast_info,60061
cast_info,60072
cast_info,60081
cast_info,60085
cast_info,60095
cast_info,60107
cast_info,60113
cast_info,60118
cast_info,60120
cast_info,60130
cast_info,60137
cast_info,60143
cast_info,60157
cast_info,60180
cast_info,60183
cast_info,60194
cast_info,60199
cast_info,60202
cast_info,60206
cast_info,60208
cast_info,60219
cast_info,60222
cast_info,60225
cast_info,60232
cast_info,60242
cast_info,60246
cast_info,60250
cast_info,60252
cast_info,60253
cast_info,60254
cast_info,60255
cast_info,60259
cast_info,60267
cast_info,60268
cast_info,60272
cast_info,60287
cast_info,60298
cast_info,60300
cast_info,60301
cast_info,60305
cast_info,60309
cast_info,60315
cast_info,60332
cast_info,60333
cast_info,60339
cast_info,60347
cast_info,60362
cast_info,60380
cast_info,60384
cast_info,60385
cast_info,60386
cast_info,60394
cast_info,60402
cast_info,60417
cast_info,60418
cast_info,60429
cast_info,60443
cast_info,60465
cast_info,60473
cast_info,60474
cast_info,60475
cast_info,60493
cast_info,60498
cast_info,60504
cast_info,60512
cast_info,60534
cast_info,60554
cast_info,60555
cast_info,60568
cast_info,60570
cast_info,60577
cast_info,60591
cast_info,60600
cast_info,60601
cast_info,60602
cast_info,60618
cast_info,60627
cast_info,60632
cast_info,60654
cast_info,60663
cast_info,60667
cast_info,60668
cast_info,60673
cast_info,60675
cast_info,60676
cast_info,60678
cast_info,60685
cast_info,60686
cast_info,60687
cast_info,60688
cast_info,60693
cast_info,60699
cast_info,60702
cast_info,60703
cast_info,60710
cast_info,60716
cast_info,60718
cast_info,60738
cast_info,60785
cast_info,60789
cast_info,60825
cast_info,60879
cast_info,60882
cast_info,60902
cast_info,60916
cast_info,60917
cast_info,60928
cast_info,60952
cast_info,60977
cast_info,60992
cast_info,60993
cast_info,60994
cast_info,60998
cast_info,61000
cast_info,61054
cast_info,61055
cast_info,61060
cast_info,61061
cast_info,61062
cast_info,61063
cast_info,61065
cast_info,61066
cast_info,61078
cast_info,61095
cast_info,61100
cast_info,61102
cast_info,61103
cast_info,61110
cast_info,61116
cast_info,61118
cast_info,61131
cast_info,61133
cast_info,61145
cast_info,61146
cast_info,61149
cast_info,61153
cast_info,61169
cast_info,61173
cast_info,61180
cast_info,61181
cast_info,61183
cast_info,61215
cast_info,61251
cast_info,61259
cast_info,61271
cast_info,61278
cast_info,61279
cast_info,61290
cast_info,61303
cast_info,61321
cast_info,61324
cast_info,61331
cast_info,61333
cast_info,61337
cast_info,61340
cast_info,61341
cast_info,61343
cast_info,61345
cast_info,61346
cast_info,61361
cast_info,61362
cast_info,61376
cast_info,61384
cast_info,61398
cast_info,61412
cast_info,61467
cast_info,61468
cast_info,61469
cast_info,61474
cast_info,61476
cast_info,61494
cast_info,61514
cast_info,61518
cast_info,61521
cast_info,61571
cast_info,61578
cast_info,61579
cast_info,61590
cast_info,61597
cast_info,61608
cast_info,61617
cast_info,61627
cast_info,61642
cast_info,61665
cast_info,61679
cast_info,61681
cast_info,61707
cast_info,61744
cast_info,61748
cast_info,61749
cast_info,61754
cast_info,61759
cast_info,61779
cast_info,61782
cast_info,61783
cast_info,61784
cast_info,61792
cast_info,61816
cast_info,61819
cast_info,61825
cast_info,61852
cast_info,61890
cast_info,61896
cast_info,61897
cast_info,61900
cast_info,61901
cast_info,61907
cast_info,61917
cast_info,61923
cast_info,61932
cast_info,61940
cast_info,61948
cast_info,61951
cast_info,61978
cast_info,61982
cast_info,61984
cast_info,62007
cast_info,62028
cast_info,62042
cast_info,62056
cast_info,62065
cast_info,62084
cast_info,62120
cast_info,62123
cast_info,62124
cast_info,62137
cast_info,62152
cast_info,62168
cast_info,62172
cast_info,62198
cast_info,62202
cast_info,62229
cast_info,62234
cast_info,62240
cast_info,62244
cast_info,62265
cast_info,62268
cast_info,62269
cast_info,62284
cast_info,62295
cast_info,62316
cast_info,62320
cast_info,62335
cast_info,62351
cast_info,62377
cast_info,62387
cast_info,62393
cast_info,62397
cast_info,62411
cast_info,62418
cast_info,62428
cast_info,62429
cast_info,62432
cast_info,62452
cast_info,62480
cast_info,62504
cast_info,62508
cast_info,62513
cast_info,62565
cast_info,62566
cast_info,62570
cast_info,62571
cast_info,62572
cast_info,62573
cast_info,62595
cast_info,62635
cast_info,62642
cast_info,62645
cast_info,62654
cast_info,62656
cast_info,62659
cast_info,62670
cast_info,62685
cast_info,62761
cast_info,62768
cast_info,62781
cast_info,62783
cast_info,62789
cast_info,62801
cast_info,62805
cast_info,62806
cast_info,62822
cast_info,62838
cast_info,62847
cast_info,62848
cast_info,62862
cast_info,62873
cast_info,62895
cast_info,62911
cast_info,62936
cast_info,62942
cast_info,62950
cast_info,62952
cast_info,62955
cast_info,62964
cast_info,62975
cast_info,62986
cast_info,62992
cast_info,63026
cast_info,63029
cast_info,63052
cast_info,63067
cast_info,63069
cast_info,63072
cast_info,63110
cast_info,63114
cast_info,63141
cast_info,63161
cast_info,63173
cast_info,63174
cast_info,63175
cast_info,63186
cast_info,63190
cast_info,63191
cast_info,63193
cast_info,63203
cast_info,63205
cast_info,63208
cast_info,63225
cast_info,63233
cast_info,63238
cast_info,63243
cast_info,63250
cast_info,63293
cast_info,63318
cast_info,63325
cast_info,63326
cast_info,63377
cast_info,63400
cast_info,63405
cast_info,63409
cast_info,63434
cast_info,63443
cast_info,63481
cast_info,63487
cast_info,63490
cast_info,63523
cast_info,63552
cast_info,63559
cast_info,63560
cast_info,63579
cast_info,63584
cast_info,63586
cast_info,63587
cast_info,63592
cast_info,63596
cast_info,63609
cast_info,63610
cast_info,63626
cast_info,63627
cast_info,63634
cast_info,63644
cast_info,63664
cast_info,63666
cast_info,63670
cast_info,63684
cast_info,63711
cast_info,63714
cast_info,63726
cast_info,63733
cast_info,63734
cast_info,63747
cast_info,63766
cast_info,63780
cast_info,63804
cast_info,63805
cast_info,63811
cast_info,63812
cast_info,63814
cast_info,63819
cast_info,63822
cast_info,63830
cast_info,63854
cast_info,63860
cast_info,63861
cast_info,63885
cast_info,63899
cast_info,63922
cast_info,63932
cast_info,63939
cast_info,63945
cast_info,63947
cast_info,63950
cast_info,63954
cast_info,63955
cast_info,63986
cast_info,63994
cast_info,63999
cast_info,64004
cast_info,64018
cast_info,64048
cast_info,64052
cast_info,64053
cast_info,64068
cast_info,64101
cast_info,64119
cast_info,64136
cast_info,64150
cast_info,64171
cast_info,64173
cast_info,64214
cast_info,64247
cast_info,64279
cast_info,64342
cast_info,64344
cast_info,64352
cast_info,64363
cast_info,64378
cast_info,64388
cast_info,64402
cast_info,64430
cast_info,64433
cast_info,64441
cast_info,64447
cast_info,64517
cast_info,64523
cast_info,64530
cast_info,64545
cast_info,64568
cast_info,64600
cast_info,64604
cast_info,64627
cast_info,64630
cast_info,64631
cast_info,64653
cast_info,64698
cast_info,64704
cast_info,64707
cast_info,64724
cast_info,64736
cast_info,64740
cast_info,64759
cast_info,64765
cast_info,64781
cast_info,64789
cast_info,64803
cast_info,64833
cast_info,64834
cast_info,64836
cast_info,64840
cast_info,64855
cast_info,64863
cast_info,64865
cast_info,64866
cast_info,64870
cast_info,64924
cast_info,64966
cast_info,64973
cast_info,64978
cast_info,64992
cast_info,65017
cast_info,65038
cast_info,65066
cast_info,65074
cast_info,65094
cast_info,65095
cast_info,65124
cast_info,65128
cast_info,65153
cast_info,65158
cast_info,65195
cast_info,65210
cast_info,65223
cast_info,65225
cast_info,65228
cast_info,65231
cast_info,65243
cast_info,65250
cast_info,65289
cast_info,65295
cast_info,65325
cast_info,65343
cast_info,65345
cast_info,65362
cast_info,65377
cast_info,65417
cast_info,65418
cast_info,65421
cast_info,65428
cast_info,65430
cast_info,65440
cast_info,65456
cast_info,65459
cast_info,65479
cast_info,65513
cast_info,65517
cast_info,65522
cast_info,65527
cast_info,65548
cast_info,65558
cast_info,65559
cast_info,65563
cast_info,65570
cast_info,65571
cast_info,65572
cast_info,65590
cast_info,65616
cast_info,65618
cast_info,65621
cast_info,65623
cast_info,65631
cast_info,65634
cast_info,65641
cast_info,65642
cast_info,65644
cast_info,65660
cast_info,65661
cast_info,65668
cast_info,65675
cast_info,65677
cast_info,65681
cast_info,65682
cast_info,65684
cast_info,65700
cast_info,65701
cast_info,65736
cast_info,65737
cast_info,65748
cast_info,65769
cast_info,65779
cast_info,65790
cast_info,65801
cast_info,65802
cast_info,65803
cast_info,65804
cast_info,65827
cast_info,65844
cast_info,65845
cast_info,65879
cast_info,65900
cast_info,65911
cast_info,65932
cast_info,65940
cast_info,65968
cast_info,65984
cast_info,65985
cast_info,66013
cast_info,66014
cast_info,66018
cast_info,66020
cast_info,66026
cast_info,66032
cast_info,66053
cast_info,66060
cast_info,66087
cast_info,66109
cast_info,66111
cast_info,66113
cast_info,66134
cast_info,66138
cast_info,66165
cast_info,66176
cast_info,66201
cast_info,66207
cast_info,66208
cast_info,66213
cast_info,66214
cast_info,66216
cast_info,66253
cast_info,66258
cast_info,66264
cast_info,66267
cast_info,66277
cast_info,66278
cast_info,66282
cast_info,66284
cast_info,66295
cast_info,66311
cast_info,66320
cast_info,66322
cast_info,66356
cast_info,66407
cast_info,66428
cast_info,66430
cast_info,66438
cast_info,66486
cast_info,66490
cast_info,66518
cast_info,66522
cast_info,66526
cast_info,66533
cast_info,66538
cast_info,66543
cast_info,66554
cast_info,66567
cast_info,66577
cast_info,66584
cast_info,66637
cast_info,66650
cast_info,66656
cast_info,66660
cast_info,66676
cast_info,66696
cast_info,66712
cast_info,66719
cast_info,66720
cast_info,66752
cast_info,66760
cast_info,66768
cast_info,66769
cast_info,66774
cast_info,66802
cast_info,66818
cast_info,66832
cast_info,66834
cast_info,66836
cast_info,66845
cast_info,66873
cast_info,66883
cast_info,66900
cast_info,66910
cast_info,66957
cast_info,66980
cast_info,66985
cast_info,66997
cast_info,67005
cast_info,67012
cast_info,67032
cast_info,67073
cast_info,67097
cast_info,67101
cast_info,67104
cast_info,67107
cast_info,67122
cast_info,67128
cast_info,67131
cast_info,67133
cast_info,67137
cast_info,67153
cast_info,67167
cast_info,67192
cast_info,67193
cast_info,67219
cast_info,67220
cast_info,67241
cast_info,67243
cast_info,67263
cast_info,67272
cast_info,67276
cast_info,67298
cast_info,67352
cast_info,67354
cast_info,67382
cast_info,67389
cast_info,67406
cast_info,67415
cast_info,67416
cast_info,67429
cast_info,67430
cast_info,67433
cast_info,67435
cast_info,67436
cast_info,67443
cast_info,67457
cast_info,67466
cast_info,67478
cast_info,67479
cast_info,67488
cast_info,67491
cast_info,67509
cast_info,67511
cast_info,67515
cast_info,67535
cast_info,67545
cast_info,67546
cast_info,67571
cast_info,67587
cast_info,67588
cast_info,67602
cast_info,67617
cast_info,67618
cast_info,67644
cast_info,67654
cast_info,67669
cast_info,67670
cast_info,67674
cast_info,67685
cast_info,67689
cast_info,67703
cast_info,67736
cast_info,67768
cast_info,67794
cast_info,67798
cast_info,67803
cast_info,67811
cast_info,67818
cast_info,67820
cast_info,67835
cast_info,67841
cast_info,67889
cast_info,67899
cast_info,67902
cast_info,67914
cast_info,67945
cast_info,67958
cast_info,67959
cast_info,67974
cast_info,67988
cast_info,68040
cast_info,68050
cast_info,68054
cast_info,68058
cast_info,68062
cast_info,68075
cast_info,68137
cast_info,68138
cast_info,68161
cast_info,68173
cast_info,68181
cast_info,68195
cast_info,68196
cast_info,68204
cast_info,68206
cast_info,68211
cast_info,68216
cast_info,68223
cast_info,68246
cast_info,68267
cast_info,68268
cast_info,68269
cast_info,68291
cast_info,68304
cast_info,68312
cast_info,68316
cast_info,68322
cast_info,68339
cast_info,68340
cast_info,68345
cast_info,68346
cast_info,68352
cast_info,68367
cast_info,68380
cast_info,68381
cast_info,68409
cast_info,68413
cast_info,68415
cast_info,68417
cast_info,68418
cast_info,68425
cast_info,68426
cast_info,68435
cast_info,68442
cast_info,68443
cast_info,68451
cast_info,68454
cast_info,68462
cast_info,68468
cast_info,68477
cast_info,68491
cast_info,68492
cast_info,68494
cast_info,68524
cast_info,68528
cast_info,68544
cast_info,68550
cast_info,68551
cast_info,68557
cast_info,68591
cast_info,68600
cast_info,68604
cast_info,68609
cast_info,68647
cast_info,68653
cast_info,68673
cast_info,68676
cast_info,68693
cast_info,68694
cast_info,68695
cast_info,68701
cast_info,68702
cast_info,68703
cast_info,68753
cast_info,68764
cast_info,68799
cast_info,68803
cast_info,68804
cast_info,68805
cast_info,68808
cast_info,68812
cast_info,68814
cast_info,68817
cast_info,68820
cast_info,68823
cast_info,68824
cast_info,68825
cast_info,68826
cast_info,68839
cast_info,68840
cast_info,68884
cast_info,68899
cast_info,68919
cast_info,68925
cast_info,68926
cast_info,68937
cast_info,68945
cast_info,68948
cast_info,68958
cast_info,68963
cast_info,68966
cast_info,68974
cast_info,68992
cast_info,69017
cast_info,69018
cast_info,69044
cast_info,69047
cast_info,69059
cast_info,69067
cast_info,69068
cast_info,69069
cast_info,69071
cast_info,69072
cast_info,69073
cast_info,69088
cast_info,69089
cast_info,69094
cast_info,69106
cast_info,69110
cast_info,69113
cast_info,69125
cast_info,69130
cast_info,69136
cast_info,69139
cast_info,69140
cast_info,69141
cast_info,69142
cast_info,69146
cast_info,69147
cast_info,69149
cast_info,69151
cast_info,69152
cast_info,69160
cast_info,69161
cast_info,69162
cast_info,69163
cast_info,69183
cast_info,69200
cast_info,69207
cast_info,69209
cast_info,69211
cast_info,69213
cast_info,69217
cast_info,69224
cast_info,69226
cast_info,69230
cast_info,69252
cast_info,69253
cast_info,69254
cast_info,69255
cast_info,69261
cast_info,69314
cast_info,69316
cast_info,69317
cast_info,69339
cast_info,69343
cast_info,69346
cast_info,69348
cast_info,69351
cast_info,69353
cast_info,69361
cast_info,69368
cast_info,69372
cast_info,69373
cast_info,69390
cast_info,69391
cast_info,69407
cast_info,69413
cast_info,69424
cast_info,69429
cast_info,69430
cast_info,69442
cast_info,69451
cast_info,69455
cast_info,69466
cast_info,69482
cast_info,69490
cast_info,69496
cast_info,69502
cast_info,69509
cast_info,69516
cast_info,69517
cast_info,69520
cast_info,69526
cast_info,69531
cast_info,69532
cast_info,69533
cast_info,69542
cast_info,69595
cast_info,69607
cast_info,69617
cast_info,69618
cast_info,69621
cast_info,69623
cast_info,69626
cast_info,69631
cast_info,69632
cast_info,69636
cast_info,69637
cast_info,69639
cast_info,69640
cast_info,69641
cast_info,69642
cast_info,69649
cast_info,69654
cast_info,69681
cast_info,69687
cast_info,69689
cast_info,69690
cast_info,69691
cast_info,69694
cast_info,69706
cast_info,69710
cast_info,69716
cast_info,69718
cast_info,69719
cast_info,69720
cast_info,69722
cast_info,69726
cast_info,69729
cast_info,69736
cast_info,69742
cast_info,69746
cast_info,69752
cast_info,69756
cast_info,69757
cast_info,69759
cast_info,69761
cast_info,69769
cast_info,69770
cast_info,69776
cast_info,69781
cast_info,69786
cast_info,69787
cast_info,69788
cast_info,69813
cast_info,69818
cast_info,69830
cast_info,69857
cast_info,69858
cast_info,69863
cast_info,69865
cast_info,69879
cast_info,69880
cast_info,69890
cast_info,69894
cast_info,69955
cast_info,69974
cast_info,69986
cast_info,69995
cast_info,69996
cast_info,70014
cast_info,70015
cast_info,70044
cast_info,70047
cast_info,70049
cast_info,70052
cast_info,70054
cast_info,70060
cast_info,70069
cast_info,70074
cast_info,70076
cast_info,70101
cast_info,70103
cast_info,70104
cast_info,70128
cast_info,70133
cast_info,70138
cast_info,70150
cast_info,70152
cast_info,70155
cast_info,70158
cast_info,70163
cast_info,70197
cast_info,70238
cast_info,70246
cast_info,70255
cast_info,70261
cast_info,70262
cast_info,70269
cast_info,70270
cast_info,70284
cast_info,70285
cast_info,70290
cast_info,70292
cast_info,70294
cast_info,70296
cast_info,70302
cast_info,70304
cast_info,70309
cast_info,70315
cast_info,70319
cast_info,70335
cast_info,70338
cast_info,70339
cast_info,70347
cast_info,70349
cast_info,70350
cast_info,70356
cast_info,70359
cast_info,70365
cast_info,70371
cast_info,70381
cast_info,70416
cast_info,70417
cast_info,70419
cast_info,70430
cast_info,70432
cast_info,70436
cast_info,70447
cast_info,70457
cast_info,70479
cast_info,70485
cast_info,70492
cast_info,70496
cast_info,70501
cast_info,70504
cast_info,70513
cast_info,70528
cast_info,70534
cast_info,70542
cast_info,70553
cast_info,70555
cast_info,70565
cast_info,70576
cast_info,70592
cast_info,70594
cast_info,70596
cast_info,70599
cast_info,70600
cast_info,70612
cast_info,70629
cast_info,70630
cast_info,70633
cast_info,70637
cast_info,70657
cast_info,70658
cast_info,70659
cast_info,70660
cast_info,70661
cast_info,70664
cast_info,70672
cast_info,70683
cast_info,70687
cast_info,70690
cast_info,70697
cast_info,70705
cast_info,70707
cast_info,70718
cast_info,70719
cast_info,70721
cast_info,70725
cast_info,70729
cast_info,70732
cast_info,70734
cast_info,70788
cast_info,70813
cast_info,70815
cast_info,70829
cast_info,70841
cast_info,70866
cast_info,70867
cast_info,70894
cast_info,70902
cast_info,70903
cast_info,70908
cast_info,70927
cast_info,70928
cast_info,70930
cast_info,70937
cast_info,70938
cast_info,70953
cast_info,70962
cast_info,70965
cast_info,70967
cast_info,70968
cast_info,70970
cast_info,71003
cast_info,71030
cast_info,71036
cast_info,71041
cast_info,71046
cast_info,71062
cast_info,71083
cast_info,71094
cast_info,71103
cast_info,71107
cast_info,71108
cast_info,71109
cast_info,71110
cast_info,71115
cast_info,71131
cast_info,71133
cast_info,71142
cast_info,71155
cast_info,71156
cast_info,71175
cast_info,71176
cast_info,71185
cast_info,71186
cast_info,71187
cast_info,71221
cast_info,71226
cast_info,71268
cast_info,71271
cast_info,71308
cast_info,71320
cast_info,71326
cast_info,71337
cast_info,71339
cast_info,71340
cast_info,71342
cast_info,71345
cast_info,71347
cast_info,71350
cast_info,71368
cast_info,71371
cast_info,71381
cast_info,71383
cast_info,71417
cast_info,71418
cast_info,71446
cast_info,71453
cast_info,71456
cast_info,71464
cast_info,71467
cast_info,71474
cast_info,71486
cast_info,71498
cast_info,71508
cast_info,71509
cast_info,71511
cast_info,71545
cast_info,71566
cast_info,71573
cast_info,71591
cast_info,71600
cast_info,71601
cast_info,71635
cast_info,71642
cast_info,71644
cast_info,71681
cast_info,71699
cast_info,71704
cast_info,71722
cast_info,71752
cast_info,71762
cast_info,71765
cast_info,71775
cast_info,71777
cast_info,71789
cast_info,71806
cast_info,71816
cast_info,71833
cast_info,71837
cast_info,71838
cast_info,71868
cast_info,71877
cast_info,71878
cast_info,71881
cast_info,71894
cast_info,71903
cast_info,71910
cast_info,71930
cast_info,71932
cast_info,71939
cast_info,71947
cast_info,71958
cast_info,71959
cast_info,71961
cast_info,71965
cast_info,71979
cast_info,71985
cast_info,71991
cast_info,71997
cast_info,71999
cast_info,72001
cast_info,72011
cast_info,72021
cast_info,72028
cast_info,72039
cast_info,72041
cast_info,72045
cast_info,72067
cast_info,72073
cast_info,72089
cast_info,72101
cast_info,72102
cast_info,72103
cast_info,72105
cast_info,72111
cast_info,72188
cast_info,72217
cast_info,72224
cast_info,72227
cast_info,72236
cast_info,72274
cast_info,72305
cast_info,72307
cast_info,72309
cast_info,72331
cast_info,72351
cast_info,72354
cast_info,72409
cast_info,72410
cast_info,72433
cast_info,72439
cast_info,72452
cast_info,72456
cast_info,72499
cast_info,72503
cast_info,72520
cast_info,72546
cast_info,72547
cast_info,72563
cast_info,72573
cast_info,72581
cast_info,72589
cast_info,72592
cast_info,72593
cast_info,72595
cast_info,72628
cast_info,72637
cast_info,72651
cast_info,72687
cast_info,72706
cast_info,72726
cast_info,72733
cast_info,72746
cast_info,72755
cast_info,72774
cast_info,72785
cast_info,72840
cast_info,72855
cast_info,72879
cast_info,72880
cast_info,72882
cast_info,72885
cast_info,72899
cast_info,72903
cast_info,72905
cast_info,72944
cast_info,72963
cast_info,73003
cast_info,73004
cast_info,73031
cast_info,73040
cast_info,73048
cast_info,73052
cast_info,73053
cast_info,73061
cast_info,73089
cast_info,73099
cast_info,73115
cast_info,73141
cast_info,73142
cast_info,73155
cast_info,73168
cast_info,73169
cast_info,73171
cast_info,73177
cast_info,73185
cast_info,73192
cast_info,73206
cast_info,73215
cast_info,73217
cast_info,73218
cast_info,73223
cast_info,73242
cast_info,73249
cast_info,73259
cast_info,73274
cast_info,73287
cast_info,73289
cast_info,73293
cast_info,73296
cast_info,73297
cast_info,73300
cast_info,73302
cast_info,73303
cast_info,73311
cast_info,73351
cast_info,73353
cast_info,73362
cast_info,73363
cast_info,73365
cast_info,73367
cast_info,73372
cast_info,73393
cast_info,73402
cast_info,73425
cast_info,73439
cast_info,73452
cast_info,73455
cast_info,73464
cast_info,73466
cast_info,73468
cast_info,73476
cast_info,73481
cast_info,73482
cast_info,73483
cast_info,73490
cast_info,73492
cast_info,73497
cast_info,73518
cast_info,73521
cast_info,73571
cast_info,73585
cast_info,73586
cast_info,73587
cast_info,73588
cast_info,73589
cast_info,73596
cast_info,73610
cast_info,73611
cast_info,73658
cast_info,73669
cast_info,73674
cast_info,73696
cast_info,73702
cast_info,73714
cast_info,73719
cast_info,73724
cast_info,73734
cast_info,73746
cast_info,73751
cast_info,73783
cast_info,73794
cast_info,73815
cast_info,73866
cast_info,73899
cast_info,73902
cast_info,73960
cast_info,73968
cast_info,73974
cast_info,74002
cast_info,74012
cast_info,74021
cast_info,74025
cast_info,74035
cast_info,74099
cast_info,74102
cast_info,74126
cast_info,74128
cast_info,74132
cast_info,74149
cast_info,74150
cast_info,74173
cast_info,74186
cast_info,74187
cast_info,74188
cast_info,74189
cast_info,74194
cast_info,74197
cast_info,74198
cast_info,74229
cast_info,74266
cast_info,74275
cast_info,74277
cast_info,74278
cast_info,74291
cast_info,74293
cast_info,74318
cast_info,74325
cast_info,74334
cast_info,74341
cast_info,74343
cast_info,74345
cast_info,74346
cast_info,74354
cast_info,74355
cast_info,74356
cast_info,74359
cast_info,74377
cast_info,74379
cast_info,74403
cast_info,74404
cast_info,74417
cast_info,74419
cast_info,74465
cast_info,74466
cast_info,74467
cast_info,74476
cast_info,74477
cast_info,74499
cast_info,74501
cast_info,74502
cast_info,74562
cast_info,74567
cast_info,74573
cast_info,74579
cast_info,74581
cast_info,74613
cast_info,74620
cast_info,74630
cast_info,74635
cast_info,74646
cast_info,74648
cast_info,74700
cast_info,74706
cast_info,74716
cast_info,74731
cast_info,74740
cast_info,74742
cast_info,74761
cast_info,74763
cast_info,74768
cast_info,74775
cast_info,74795
cast_info,74812
cast_info,74820
cast_info,74835
cast_info,74836
cast_info,74837
cast_info,74843
cast_info,74866
cast_info,74872
cast_info,74886
cast_info,74893
cast_info,74905
cast_info,74912
cast_info,74914
cast_info,74929
cast_info,74932
cast_info,74944
cast_info,74948
cast_info,74963
cast_info,74986
cast_info,74993
cast_info,74994
cast_info,74995
cast_info,74998
cast_info,75000
cast_info,75024
cast_info,75027
cast_info,75028
cast_info,75034
cast_info,75036
cast_info,75037
cast_info,75038
cast_info,75047
cast_info,75048
cast_info,75049
cast_info,75058
cast_info,75087
cast_info,75099
cast_info,75109
cast_info,75121
cast_info,75132
cast_info,75139
cast_info,75156
cast_info,75158
cast_info,75161
cast_info,75165
cast_info,75173
cast_info,75186
cast_info,75220
cast_info,75222
cast_info,75234
cast_info,75252
cast_info,75253
cast_info,75262
cast_info,75271
cast_info,75288
cast_info,75311
cast_info,75312
cast_info,75314
cast_info,75328
cast_info,75343
cast_info,75352
cast_info,75393
cast_info,75429
cast_info,75456
cast_info,75476
cast_info,75485
cast_info,75501
cast_info,75502
cast_info,75507
cast_info,75515
cast_info,75517
cast_info,75549
cast_info,75553
cast_info,75576
cast_info,75587
cast_info,75588
cast_info,75594
cast_info,75595
cast_info,75603
cast_info,75604
cast_info,75622
cast_info,75629
cast_info,75633
cast_info,75634
cast_info,75663
cast_info,75669
cast_info,75682
cast_info,75693
cast_info,75703
cast_info,75704
cast_info,75717
cast_info,75727
cast_info,75735
cast_info,75736
cast_info,75755
cast_info,75762
cast_info,75768
cast_info,75774
cast_info,75789
cast_info,75811
cast_info,75830
cast_info,75839
cast_info,75859
cast_info,75862
cast_info,75868
cast_info,75874
cast_info,75876
cast_info,75925
cast_info,75927
cast_info,75928
cast_info,75929
cast_info,75958
cast_info,75996
cast_info,75997
cast_info,75999
cast_info,76033
cast_info,76058
cast_info,76063
cast_info,76106
cast_info,76109
cast_info,76136
cast_info,76143
cast_info,76153
cast_info,76155
cast_info,76156
cast_info,76180
cast_info,76182
cast_info,76243
cast_info,76244
cast_info,76245
cast_info,76246
cast_info,76249
cast_info,76259
cast_info,76271
cast_info,76282
cast_info,76286
cast_info,76287
cast_info,76303
cast_info,76304
cast_info,76310
cast_info,76313
cast_info,76324
cast_info,76334
cast_info,76357
cast_info,76364
cast_info,76368
cast_info,76370
cast_info,76381
cast_info,76382
cast_info,76391
cast_info,76424
cast_info,76448
cast_info,76468
cast_info,76470
cast_info,76487
cast_info,76491
cast_info,76494
cast_info,76495
cast_info,76503
cast_info,76515
cast_info,76518
cast_info,76522
cast_info,76563
cast_info,76572
cast_info,76584
cast_info,76586
cast_info,76618
cast_info,76629
cast_info,76630
cast_info,76638
cast_info,76639
cast_info,76651
cast_info,76656
cast_info,76677
cast_info,76681
cast_info,76683
cast_info,76684
cast_info,76702
cast_info,76704
cast_info,76714
cast_info,76738
cast_info,76740
cast_info,76742
cast_info,76752
cast_info,76758
cast_info,76785
cast_info,76791
cast_info,76796
cast_info,76801
cast_info,76803
cast_info,76807
cast_info,76817
cast_info,76819
cast_info,76820
cast_info,76832
cast_info,76833
cast_info,76834
cast_info,76841
cast_info,76844
cast_info,76845
cast_info,76846
cast_info,76867
cast_info,76909
cast_info,76910
cast_info,76911
cast_info,76946
cast_info,76947
cast_info,76963
cast_info,76966
cast_info,76974
cast_info,76992
cast_info,76997
cast_info,76998
cast_info,77000
cast_info,77055
cast_info,77058
cast_info,77063
cast_info,77064
cast_info,77065
cast_info,77089
cast_info,77090
cast_info,77127
cast_info,77130
cast_info,77132
cast_info,77134
cast_info,77142
cast_info,77147
cast_info,77148
cast_info,77150
cast_info,77159
cast_info,77160
cast_info,77169
cast_info,77173
cast_info,77183
cast_info,77187
cast_info,77191
cast_info,77203
cast_info,77210
cast_info,77215
cast_info,77222
cast_info,77224
cast_info,77226
cast_info,77227
cast_info,77246
cast_info,77255
cast_info,77283
cast_info,77284
cast_info,77327
cast_info,77359
cast_info,77369
cast_info,77386
cast_info,77416
cast_info,77419
cast_info,77433
cast_info,77437
cast_info,77456
cast_info,77467
cast_info,77482
cast_info,77483
cast_info,77544
cast_info,77556
cast_info,77582
cast_info,77592
cast_info,77640
cast_info,77655
cast_info,77667
cast_info,77679
cast_info,77691
cast_info,77731
cast_info,77737
cast_info,77749
cast_info,77753
cast_info,77754
cast_info,77757
cast_info,77767
cast_info,77778
cast_info,77779
cast_info,77790
cast_info,77795
cast_info,77798
cast_info,77817
cast_info,77829
cast_info,77831
cast_info,77843
cast_info,77847
cast_info,77849
cast_info,77864
cast_info,77869
cast_info,77906
cast_info,77923
cast_info,77926
cast_info,77949
cast_info,77950
cast_info,77951
cast_info,77952
cast_info,77954
cast_info,77967
cast_info,77968
cast_info,77971
cast_info,77978
cast_info,77981
cast_info,77984
cast_info,78006
cast_info,78015
cast_info,78024
cast_info,78026
cast_info,78027
cast_info,78030
cast_info,78031
cast_info,78042
cast_info,78052
cast_info,78053
cast_info,78054
cast_info,78095
cast_info,78101
cast_info,78106
cast_info,78109
cast_info,78112
cast_info,78136
cast_info,78150
cast_info,78151
cast_info,78157
cast_info,78158
cast_info,78159
cast_info,78162
cast_info,78172
cast_info,78173
cast_info,78192
cast_info,78237
cast_info,78244
cast_info,78302
cast_info,78303
cast_info,78316
cast_info,78325
cast_info,78327
cast_info,78329
cast_info,78339
cast_info,78340
cast_info,78344
cast_info,78348
cast_info,78362
cast_info,78369
cast_info,78447
cast_info,78458
cast_info,78465
cast_info,78475
cast_info,78505
cast_info,78524
cast_info,78527
cast_info,78546
cast_info,78558
cast_info,78570
cast_info,78590
cast_info,78603
cast_info,78622
cast_info,78666
cast_info,78680
cast_info,78696
cast_info,78699
cast_info,78733
cast_info,78739
cast_info,78742
cast_info,78743
cast_info,78744
cast_info,78746
cast_info,78750
cast_info,78787
cast_info,78801
cast_info,78831
cast_info,78834
cast_info,78880
cast_info,78881
cast_info,78887
cast_info,78888
cast_info,78894
cast_info,78895
cast_info,78900
cast_info,78902
cast_info,78914
cast_info,78919
cast_info,78920
cast_info,78964
cast_info,78965
cast_info,78967
cast_info,78968
cast_info,78973
cast_info,78975
cast_info,78976
cast_info,78982
cast_info,78983
cast_info,79025
cast_info,79068
cast_info,79101
cast_info,79102
cast_info,79103
cast_info,79110
cast_info,79119
cast_info,79125
cast_info,79136
cast_info,79137
cast_info,79143
cast_info,79145
cast_info,79146
cast_info,79170
cast_info,79190
cast_info,79196
cast_info,79300
cast_info,79320
cast_info,79370
cast_info,79371
cast_info,79372
cast_info,79393
cast_info,79400
cast_info,79414
cast_info,79420
cast_info,79464
cast_info,79472
cast_info,79475
cast_info,79477
cast_info,79481
cast_info,79483
cast_info,79484
cast_info,79496
cast_info,79502
cast_info,79511
cast_info,79520
cast_info,79523
cast_info,79525
cast_info,79547
cast_info,79552
cast_info,79584
cast_info,79590
cast_info,79596
cast_info,79613
cast_info,79654
cast_info,79666
cast_info,79671
cast_info,79677
cast_info,79678
cast_info,79684
cast_info,79692
cast_info,79696
cast_info,79703
cast_info,79706
cast_info,79710
cast_info,79712
cast_info,79732
cast_info,79737
cast_info,79739
cast_info,79742
cast_info,79747
cast_info,79756
cast_info,79773
cast_info,79785
cast_info,79790
cast_info,79799
cast_info,79807
cast_info,79821
cast_info,79823
cast_info,79829
cast_info,79879
cast_info,79880
cast_info,79881
cast_info,79887
cast_info,79912
cast_info,79925
cast_info,79941
cast_info,79942
cast_info,79949
cast_info,79952
cast_info,79953
cast_info,79959
cast_info,79961
cast_info,79971
cast_info,79983
cast_info,79989
cast_info,79990
cast_info,80014
cast_info,80028
cast_info,80034
cast_info,80037
cast_info,80039
cast_info,80094
cast_info,80124
cast_info,80133
cast_info,80156
cast_info,80197
cast_info,80198
cast_info,80204
cast_info,80207
cast_info,80216
cast_info,80218
cast_info,80228
cast_info,80234
cast_info,80237
cast_info,80245
cast_info,80252
cast_info,80271
cast_info,80285
cast_info,80303
cast_info,80321
cast_info,80331
cast_info,80332
cast_info,80355
cast_info,80392
cast_info,80395
cast_info,80397
cast_info,80404
cast_info,80415
cast_info,80451
cast_info,80462
cast_info,80464
cast_info,80474
cast_info,80536
cast_info,80537
cast_info,80544
cast_info,80549
cast_info,80550
cast_info,80558
cast_info,80567
cast_info,80615
cast_info,80634
cast_info,80644
cast_info,80655
cast_info,80740
cast_info,80751
cast_info,80786
cast_info,80789
cast_info,80791
cast_info,80794
cast_info,80824
cast_info,80838
cast_info,80839
cast_info,80842
cast_info,80860
cast_info,80867
cast_info,80875
cast_info,80880
cast_info,80884
cast_info,80885
cast_info,80886
cast_info,80907
cast_info,80913
cast_info,80914
cast_info,80941
cast_info,80964
cast_info,80973
cast_info,80984
cast_info,81002
cast_info,81041
cast_info,81108
cast_info,81114
cast_info,81117
cast_info,81123
cast_info,81127
cast_info,81137
cast_info,81140
cast_info,81141
cast_info,81160
cast_info,81169
cast_info,81203
cast_info,81213
cast_info,81225
cast_info,81226
cast_info,81248
cast_info,81250
cast_info,81256
cast_info,81268
cast_info,81279
cast_info,81285
cast_info,81286
cast_info,81291
cast_info,81306
cast_info,81308
cast_info,81309
cast_info,81347
cast_info,81354
cast_info,81384
cast_info,81388
cast_info,81415
cast_info,81425
cast_info,81438
cast_info,81473
cast_info,81486
cast_info,81510
cast_info,81515
cast_info,81525
cast_info,81557
cast_info,81565
cast_info,81582
cast_info,81612
cast_info,81626
cast_info,81643
cast_info,81675
cast_info,81676
cast_info,81718
cast_info,81719
cast_info,81728
cast_info,81732
cast_info,81739
cast_info,81750
cast_info,81751
cast_info,81756
cast_info,81758
cast_info,81797
cast_info,81798
cast_info,81816
cast_info,81825
cast_info,81826
cast_info,81835
cast_info,81848
cast_info,81850
cast_info,81860
cast_info,81899
cast_info,81904
cast_info,81954
cast_info,81959
cast_info,81963
cast_info,81986
cast_info,82040
cast_info,82065
cast_info,82075
cast_info,82077
cast_info,82083
cast_info,82089
cast_info,82105
cast_info,82134
cast_info,82141
cast_info,82170
cast_info,82181
cast_info,82184
cast_info,82200
cast_info,82248
cast_info,82258
cast_info,82263
cast_info,82267
cast_info,82275
cast_info,82282
cast_info,82294
cast_info,82305
cast_info,82340
cast_info,82350
cast_info,82372
cast_info,82377
cast_info,82378
cast_info,82383
cast_info,82384
cast_info,82397
cast_info,82403
cast_info,82409
cast_info,82465
cast_info,82485
cast_info,82506
cast_info,82523
cast_info,82531
cast_info,82534
cast_info,82536
cast_info,82545
cast_info,82560
cast_info,82561
cast_info,82573
cast_info,82576
cast_info,82584
cast_info,82604
cast_info,82627
cast_info,82630
cast_info,82635
cast_info,82636
cast_info,82637
cast_info,82664
cast_info,82685
cast_info,82686
cast_info,82697
cast_info,82701
cast_info,82745
cast_info,82747
cast_info,82759
cast_info,82787
cast_info,82788
cast_info,82789
cast_info,82796
cast_info,82797
cast_info,82798
cast_info,82799
cast_info,82800
cast_info,82845
cast_info,82858
cast_info,82869
cast_info,82873
cast_info,82883
cast_info,82884
cast_info,82892
cast_info,82916
cast_info,82937
cast_info,82941
cast_info,82947
cast_info,82969
cast_info,82972
cast_info,82973
cast_info,82976
cast_info,82979
cast_info,82980
cast_info,82981
cast_info,82982
cast_info,82983
cast_info,82984
cast_info,82991
cast_info,82992
cast_info,82998
cast_info,83002
cast_info,83003
cast_info,83004
cast_info,83005
cast_info,83008
cast_info,83012
cast_info,83013
cast_info,83014
cast_info,83019
cast_info,83021
cast_info,83024
cast_info,83028
cast_info,83029
cast_info,83031
cast_info,83034
cast_info,83035
cast_info,83040
cast_info,83044
cast_info,83046
cast_info,83048
cast_info,83051
cast_info,83053
cast_info,83055
cast_info,83056
cast_info,83062
cast_info,83065
cast_info,83069
cast_info,83089
cast_info,83091
cast_info,83100
cast_info,83104
cast_info,83111
cast_info,83115
cast_info,83131
cast_info,83136
cast_info,83157
cast_info,83158
cast_info,83165
cast_info,83175
cast_info,83185
cast_info,83187
cast_info,83194
cast_info,83226
cast_info,83277
cast_info,83278
cast_info,83286
cast_info,83299
cast_info,83300
cast_info,83302
cast_info,83316
cast_info,83317
cast_info,83321
cast_info,83330
cast_info,83331
cast_info,83333
cast_info,83336
cast_info,83337
cast_info,83341
cast_info,83342
cast_info,83347
cast_info,83348
cast_info,83350
cast_info,83370
cast_info,83374
cast_info,83405
cast_info,83411
cast_info,83414
cast_info,83432
cast_info,83437
cast_info,83438
cast_info,83443
cast_info,83452
cast_info,83470
cast_info,83482
cast_info,83491
cast_info,83505
cast_info,83507
cast_info,83511
cast_info,83516
cast_info,83519
cast_info,83537
cast_info,83538
cast_info,83539
cast_info,83547
cast_info,83548
cast_info,83553
cast_info,83560
cast_info,83562
cast_info,83568
cast_info,83569
cast_info,83570
cast_info,83571
cast_info,83596
cast_info,83602
cast_info,83605
cast_info,83608
cast_info,83609
cast_info,83618
cast_info,83628
cast_info,83631
cast_info,83668
cast_info,83678
cast_info,83679
cast_info,83693
cast_info,83694
cast_info,83695
cast_info,83696
cast_info,83697
cast_info,83698
cast_info,83699
cast_info,83704
cast_info,83705
cast_info,83706
cast_info,83708
cast_info,83709
cast_info,83739
cast_info,83749
cast_info,83763
cast_info,83773
cast_info,83778
cast_info,83787
cast_info,83796
cast_info,83827
cast_info,83828
cast_info,83835
cast_info,83846
cast_info,83847
cast_info,83848
cast_info,83856
cast_info,83879
cast_info,83884
cast_info,83890
cast_info,83891
cast_info,83898
cast_info,83906
cast_info,83909
cast_info,83912
cast_info,83934
cast_info,83935
cast_info,83936
cast_info,83947
cast_info,83958
cast_info,84037
cast_info,84040
cast_info,84063
cast_info,84066
cast_info,84067
cast_info,84091
cast_info,84143
cast_info,84148
cast_info,84151
cast_info,84154
cast_info,84160
cast_info,84165
cast_info,84174
cast_info,84177
cast_info,84219
cast_info,84228
cast_info,84234
cast_info,84258
cast_info,84266
cast_info,84269
cast_info,84270
cast_info,84327
cast_info,84343
cast_info,84355
cast_info,84365
cast_info,84374
cast_info,84382
cast_info,84395
cast_info,84396
cast_info,84404
cast_info,84414
cast_info,84415
cast_info,84477
cast_info,84479
cast_info,84486
cast_info,84518
cast_info,84522
cast_info,84538
cast_info,84551
cast_info,84557
cast_info,84575
cast_info,84639
cast_info,84645
cast_info,84647
cast_info,84650
cast_info,84651
cast_info,84656
cast_info,84659
cast_info,84668
cast_info,84672
cast_info,84680
cast_info,84683
cast_info,84713
cast_info,84728
cast_info,84729
cast_info,84777
cast_info,84805
cast_info,84815
cast_info,84816
cast_info,84824
cast_info,84832
cast_info,84833
cast_info,84843
cast_info,84845
cast_info,84881
cast_info,84908
cast_info,84919
cast_info,84929
cast_info,84943
cast_info,84948
cast_info,84949
cast_info,84959
cast_info,84974
cast_info,85006
cast_info,85009
cast_info,85011
cast_info,85090
cast_info,85094
cast_info,85100
cast_info,85102
cast_info,85108
cast_info,85171
cast_info,85180
cast_info,85209
cast_info,85214
cast_info,85227
cast_info,85228
cast_info,85239
cast_info,85244
cast_info,85273
cast_info,85274
cast_info,85325
cast_info,85363
cast_info,85372
cast_info,85394
cast_info,85399
cast_info,85404
cast_info,85410
cast_info,85441
cast_info,85469
cast_info,85470
cast_info,85472
cast_info,85522
cast_info,85530
cast_info,85549
cast_info,85551
cast_info,85552
cast_info,85577
cast_info,85593
cast_info,85627
cast_info,85639
cast_info,85640
cast_info,85641
cast_info,85642
cast_info,85643
cast_info,85664
cast_info,85707
cast_info,85715
cast_info,85728
cast_info,85730
cast_info,85806
cast_info,85808
cast_info,85817
cast_info,85830
cast_info,85831
cast_info,85883
cast_info,85884
cast_info,85885
cast_info,85927
cast_info,85935
cast_info,85938
cast_info,85959
cast_info,85960
cast_info,85962
cast_info,85971
cast_info,85983
cast_info,85996
cast_info,85997
cast_info,85999
cast_info,86020
cast_info,86023
cast_info,86024
cast_info,86030
cast_info,86034
cast_info,86047
cast_info,86092
cast_info,86109
cast_info,86135
cast_info,86144
cast_info,86145
cast_info,86149
cast_info,86156
cast_info,86157
cast_info,86158
cast_info,86161
cast_info,86174
cast_info,86182
cast_info,86185
cast_info,86216
cast_info,86219
cast_info,86222
cast_info,86228
cast_info,86235
cast_info,86237
cast_info,86238
cast_info,86261
cast_info,86263
cast_info,86267
cast_info,86278
cast_info,86286
cast_info,86313
cast_info,86325
cast_info,86328
cast_info,86330
cast_info,86333
cast_info,86334
cast_info,86335
cast_info,86337
cast_info,86342
cast_info,86348
cast_info,86355
cast_info,86361
cast_info,86364
cast_info,86368
cast_info,86384
cast_info,86392
cast_info,86393
cast_info,86394
cast_info,86403
cast_info,86411
cast_info,86426
cast_info,86432
cast_info,86467
cast_info,86468
cast_info,86488
cast_info,86494
cast_info,86509
cast_info,86518
cast_info,86523
cast_info,86537
cast_info,86550
cast_info,86561
cast_info,86564
cast_info,86566
cast_info,86595
cast_info,86597
cast_info,86612
cast_info,86628
cast_info,86641
cast_info,86671
cast_info,86681
cast_info,86685
cast_info,86729
cast_info,86759
cast_info,86802
cast_info,86804
cast_info,86815
cast_info,86826
cast_info,86838
cast_info,86844
cast_info,86848
cast_info,86875
cast_info,86893
cast_info,86931
cast_info,86934
cast_info,86936
cast_info,86947
cast_info,86951
cast_info,86980
cast_info,86997
cast_info,87002
cast_info,87003
cast_info,87011
cast_info,87078
cast_info,87095
cast_info,87104
cast_info,87105
cast_info,87119
cast_info,87141
cast_info,87165
cast_info,87170
cast_info,87182
cast_info,87184
cast_info,87194
cast_info,87201
cast_info,87221
cast_info,87222
cast_info,87237
cast_info,87255
cast_info,87279
cast_info,87306
cast_info,87316
cast_info,87317
cast_info,87324
cast_info,87328
cast_info,87366
cast_info,87376
cast_info,87393
cast_info,87414
cast_info,87454
cast_info,87483
cast_info,87511
cast_info,87520
cast_info,87534
cast_info,87543
cast_info,87558
cast_info,87570
cast_info,87586
cast_info,87595
cast_info,87607
cast_info,87640
cast_info,87643
cast_info,87653
cast_info,87660
cast_info,87679
cast_info,87681
cast_info,87684
cast_info,87706
cast_info,87728
cast_info,87729
cast_info,87740
cast_info,87741
cast_info,87764
cast_info,87765
cast_info,87821
cast_info,87825
cast_info,87841
cast_info,87842
cast_info,87858
cast_info,87873
cast_info,87898
cast_info,87902
cast_info,87903
cast_info,87911
cast_info,87977
cast_info,87979
cast_info,87980
cast_info,88027
cast_info,88067
cast_info,88076
cast_info,88082
cast_info,88105
cast_info,88115
cast_info,88118
cast_info,88128
cast_info,88153
cast_info,88164
cast_info,88176
cast_info,88182
cast_info,88192
cast_info,88200
cast_info,88206
cast_info,88207
cast_info,88221
cast_info,88229
cast_info,88245
cast_info,88247
cast_info,88280
cast_info,88297
cast_info,88308
cast_info,88309
cast_info,88311
cast_info,88312
cast_info,88323
cast_info,88334
cast_info,88352
cast_info,88368
cast_info,88444
cast_info,88446
cast_info,88449
cast_info,88485
cast_info,88515
cast_info,88520
cast_info,88526
cast_info,88530
cast_info,88534
cast_info,88536
cast_info,88556
cast_info,88590
cast_info,88594
cast_info,88608
cast_info,88611
cast_info,88618
cast_info,88620
cast_info,88630
cast_info,88733
cast_info,88734
cast_info,88755
cast_info,88769
cast_info,88789
cast_info,88794
cast_info,88803
cast_info,88804
cast_info,88812
cast_info,88831
cast_info,88839
cast_info,88843
cast_info,88855
cast_info,88858
cast_info,88898
cast_info,88911
cast_info,88958
cast_info,88964
cast_info,88973
cast_info,88983
cast_info,88989
cast_info,89009
cast_info,89013
cast_info,89026
cast_info,89034
cast_info,89053
cast_info,89063
cast_info,89064
cast_info,89075
cast_info,89088
cast_info,89089
cast_info,89113
cast_info,89116
cast_info,89130
cast_info,89167
cast_info,89193
cast_info,89198
cast_info,89211
cast_info,89214
cast_info,89235
cast_info,89241
cast_info,89247
cast_info,89248
cast_info,89253
cast_info,89262
cast_info,89286
cast_info,89292
cast_info,89301
cast_info,89310
cast_info,89311
cast_info,89341
cast_info,89352
cast_info,89353
cast_info,89364
cast_info,89382
cast_info,89390
cast_info,89420
cast_info,89432
cast_info,89481
cast_info,89505
cast_info,89538
cast_info,89559
cast_info,89561
cast_info,89565
cast_info,89582
cast_info,89584
cast_info,89593
cast_info,89606
cast_info,89610
cast_info,89612
cast_info,89616
cast_info,89638
cast_info,89664
cast_info,89688
cast_info,89724
cast_info,89759
cast_info,89772
cast_info,89800
cast_info,89803
cast_info,89808
cast_info,89814
cast_info,89823
cast_info,89835
cast_info,89882
cast_info,89897
cast_info,89901
cast_info,89915
cast_info,89916
cast_info,89941
cast_info,89958
cast_info,89964
cast_info,89969
cast_info,89998
cast_info,90006
cast_info,90027
cast_info,90033
cast_info,90037
cast_info,90055
cast_info,90088
cast_info,90104
cast_info,90105
cast_info,90140
cast_info,90148
cast_info,90149
cast_info,90169
cast_info,90172
cast_info,90178
cast_info,90191
cast_info,90196
cast_info,90203
cast_info,90207
cast_info,90216
cast_info,90220
cast_info,90233
cast_info,90236
cast_info,90245
cast_info,90246
cast_info,90250
cast_info,90254
cast_info,90255
cast_info,90280
cast_info,90301
cast_info,90304
cast_info,90320
cast_info,90325
cast_info,90333
cast_info,90337
cast_info,90346
cast_info,90379
cast_info,90387
cast_info,90399
cast_info,90408
cast_info,90414
cast_info,90415
cast_info,90443
cast_info,90446
cast_info,90457
cast_info,90467
cast_info,90473
cast_info,90487
cast_info,90496
cast_info,90506
cast_info,90529
cast_info,90531
cast_info,90536
cast_info,90538
cast_info,90539
cast_info,90591
cast_info,90609
cast_info,90615
cast_info,90620
cast_info,90637
cast_info,90703
cast_info,90704
cast_info,90711
cast_info,90717
cast_info,90720
cast_info,90732
cast_info,90737
cast_info,90744
cast_info,90748
cast_info,90780
cast_info,90802
cast_info,90882
cast_info,90892
cast_info,90914
cast_info,90931
cast_info,90933
cast_info,90985
cast_info,91018
cast_info,91049
cast_info,91070
cast_info,91086
cast_info,91115
cast_info,91125
cast_info,91150
cast_info,91164
cast_info,91189
cast_info,91199
cast_info,91202
cast_info,91216
cast_info,91236
cast_info,91266
cast_info,91271
cast_info,91401
cast_info,91405
cast_info,91432
cast_info,91471
cast_info,91493
cast_info,91513
cast_info,91556
cast_info,91568
cast_info,91582
cast_info,91587
cast_info,91625
cast_info,91633
cast_info,91635
cast_info,91636
cast_info,91641
cast_info,91651
cast_info,91674
cast_info,91680
cast_info,91694
cast_info,91710
cast_info,91737
cast_info,91746
cast_info,91783
cast_info,91786
cast_info,91788
cast_info,91800
cast_info,91801
cast_info,91805
cast_info,91808
cast_info,91821
cast_info,91835
cast_info,91843
cast_info,91848
cast_info,91874
cast_info,91877
cast_info,91878
cast_info,91897
cast_info,91907
cast_info,91938
cast_info,91955
cast_info,91974
cast_info,92012
cast_info,92013
cast_info,92015
cast_info,92022
cast_info,92024
cast_info,92061
cast_info,92064
cast_info,92065
cast_info,92066
cast_info,92083
cast_info,92093
cast_info,92110
cast_info,92111
cast_info,92124
cast_info,92129
cast_info,92131
cast_info,92133
cast_info,92147
cast_info,92148
cast_info,92162
cast_info,92178
cast_info,92209
cast_info,92217
cast_info,92223
cast_info,92247
cast_info,92261
cast_info,92279
cast_info,92290
cast_info,92298
cast_info,92301
cast_info,92311
cast_info,92312
cast_info,92336
cast_info,92354
cast_info,92363
cast_info,92377
cast_info,92401
cast_info,92408
cast_info,92414
cast_info,92444
cast_info,92446
cast_info,92453
cast_info,92454
cast_info,92471
cast_info,92495
cast_info,92496
cast_info,92509
cast_info,92523
cast_info,92531
cast_info,92557
cast_info,92563
cast_info,92572
cast_info,92653
cast_info,92661
cast_info,92680
cast_info,92686
cast_info,92693
cast_info,92701
cast_info,92715
cast_info,92754
cast_info,92773
cast_info,92774
cast_info,92776
cast_info,92791
cast_info,92822
cast_info,92832
cast_info,92834
cast_info,92846
cast_info,92871
cast_info,92876
cast_info,92881
cast_info,92896
cast_info,92933
cast_info,92934
cast_info,92952
cast_info,92958
cast_info,92985
cast_info,92998
cast_info,93002
cast_info,93004
cast_info,93028
cast_info,93058
cast_info,93085
cast_info,93120
cast_info,93145
cast_info,93166
cast_info,93171
cast_info,93174
cast_info,93185
cast_info,93241
cast_info,93262
cast_info,93264
cast_info,93268
cast_info,93330
cast_info,93336
cast_info,93346
cast_info,93349
cast_info,93361
cast_info,93364
cast_info,93411
cast_info,93430
cast_info,93443
cast_info,93446
cast_info,93464
cast_info,93472
cast_info,93494
cast_info,93512
cast_info,93538
cast_info,93551
cast_info,93585
cast_info,93593
cast_info,93595
cast_info,93621
cast_info,93645
cast_info,93665
cast_info,93672
cast_info,93693
cast_info,93707
cast_info,93737
cast_info,93738
cast_info,93778
cast_info,93793
cast_info,93794
cast_info,93797
cast_info,93818
cast_info,93822
cast_info,93839
cast_info,93877
cast_info,93886
cast_info,93898
cast_info,93902
cast_info,93913
cast_info,93919
cast_info,93975
cast_info,94008
cast_info,94022
cast_info,94042
cast_info,94044
cast_info,94048
cast_info,94049
cast_info,94087
cast_info,94117
cast_info,94120
cast_info,94178
cast_info,94186
cast_info,94192
cast_info,94195
cast_info,94203
cast_info,94204
cast_info,94205
cast_info,94208
cast_info,94229
cast_info,94252
cast_info,94297
cast_info,94298
cast_info,94337
cast_info,94340
cast_info,94342
cast_info,94363
cast_info,94380
cast_info,94383
cast_info,94387
cast_info,94418
cast_info,94425
cast_info,94453
cast_info,94464
cast_info,94481
cast_info,94485
cast_info,94493
cast_info,94504
cast_info,94509
cast_info,94510
cast_info,94516
cast_info,94550
cast_info,94563
cast_info,94600
cast_info,94602
cast_info,94651
cast_info,94666
cast_info,94693
cast_info,94701
cast_info,94721
cast_info,94724
cast_info,94731
cast_info,94741
cast_info,94748
cast_info,94764
cast_info,94784
cast_info,94825
cast_info,94841
cast_info,94842
cast_info,94852
cast_info,94862
cast_info,94864
cast_info,94878
cast_info,94909
cast_info,94914
cast_info,94929
cast_info,95012
cast_info,95062
cast_info,95076
cast_info,95102
cast_info,95107
cast_info,95134
cast_info,95158
cast_info,95166
cast_info,95177
cast_info,95178
cast_info,95187
cast_info,95193
cast_info,95195
cast_info,95202
cast_info,95206
cast_info,95207
cast_info,95219
cast_info,95220
cast_info,95236
cast_info,95259
cast_info,95262
cast_info,95298
cast_info,95305
cast_info,95311
cast_info,95326
cast_info,95330
cast_info,95408
cast_info,95431
cast_info,95432
cast_info,95434
cast_info,95435
cast_info,95440
cast_info,95441
cast_info,95442
cast_info,95455
cast_info,95467
cast_info,95471
cast_info,95477
cast_info,95478
cast_info,95492
cast_info,95516
cast_info,95517
cast_info,95528
cast_info,95533
cast_info,95534
cast_info,95539
cast_info,95543
cast_info,95544
cast_info,95546
cast_info,95548
cast_info,95584
cast_info,95585
cast_info,95594
cast_info,95605
cast_info,95620
cast_info,95622
cast_info,95629
cast_info,95632
cast_info,95640
cast_info,95691
cast_info,95696
cast_info,95698
cast_info,95730
cast_info,95733
cast_info,95742
cast_info,95776
cast_info,95778
cast_info,95779
cast_info,95780
cast_info,95781
cast_info,95782
cast_info,95788
cast_info,95808
cast_info,95822
cast_info,95837
cast_info,95857
cast_info,95859
cast_info,95860
cast_info,95903
cast_info,95922
cast_info,95930
cast_info,95938
cast_info,95958
cast_info,95969
cast_info,95987
cast_info,95993
cast_info,95994
cast_info,96000
cast_info,96002
cast_info,96005
cast_info,96029
cast_info,96030
cast_info,96036
cast_info,96059
cast_info,96063
cast_info,96143
cast_info,96181
cast_info,96182
cast_info,96190
cast_info,96193
cast_info,96197
cast_info,96200
cast_info,96201
cast_info,96209
cast_info,96222
cast_info,96225
cast_info,96226
cast_info,96266
cast_info,96267
cast_info,96273
cast_info,96274
cast_info,96285
cast_info,96287
cast_info,96289
cast_info,96307
cast_info,96323
cast_info,96324
cast_info,96363
cast_info,96375
cast_info,96404
cast_info,96410
cast_info,96419
cast_info,96437
cast_info,96443
cast_info,96451
cast_info,96466
cast_info,96468
cast_info,96477
cast_info,96485
cast_info,96497
cast_info,96502
cast_info,96507
cast_info,96511
cast_info,96514
cast_info,96522
cast_info,96571
cast_info,96577
cast_info,96594
cast_info,96600
cast_info,96606
cast_info,96648
cast_info,96669
cast_info,96695
cast_info,96706
cast_info,96714
cast_info,96730
cast_info,96745
cast_info,96746
cast_info,96802
cast_info,96811
cast_info,96828
cast_info,96839
cast_info,96859
cast_info,96886
cast_info,96896
cast_info,96902
cast_info,96965
cast_info,96976
cast_info,96985
cast_info,97011
cast_info,97024
cast_info,97059
cast_info,97062
cast_info,97064
cast_info,97073
cast_info,97089
cast_info,97090
cast_info,97107
cast_info,97109
cast_info,97127
cast_info,97133
cast_info,97134
cast_info,97152
cast_info,97157
cast_info,97173
cast_info,97188
cast_info,97193
cast_info,97201
cast_info,97211
cast_info,97222
cast_info,97225
cast_info,97227
cast_info,97234
cast_info,97256
cast_info,97279
cast_info,97375
cast_info,97382
cast_info,97415
cast_info,97420
cast_info,97431
cast_info,97433
cast_info,97440
cast_info,97448
cast_info,97458
cast_info,97461
cast_info,97469
cast_info,97471
cast_info,97479
cast_info,97500
cast_info,97502
cast_info,97503
cast_info,97505
cast_info,97511
cast_info,97512
cast_info,97513
cast_info,97517
cast_info,97519
cast_info,97541
cast_info,97548
cast_info,97553
cast_info,97555
cast_info,97561
cast_info,97609
cast_info,97617
cast_info,97620
cast_info,97621
cast_info,97627
cast_info,97645
cast_info,97663
cast_info,97664
cast_info,97672
cast_info,97678
cast_info,97679
cast_info,97680
cast_info,97735
cast_info,97771
cast_info,97781
cast_info,97782
cast_info,97784
cast_info,97794
cast_info,97799
cast_info,97801
cast_info,97835
cast_info,97877
cast_info,97883
cast_info,97884
cast_info,97892
cast_info,97901
cast_info,97973
cast_info,98048
cast_info,98063
cast_info,98065
cast_info,98096
cast_info,98103
cast_info,98148
cast_info,98159
cast_info,98174
cast_info,98178
cast_info,98179
cast_info,98181
cast_info,98186
cast_info,98193
cast_info,98202
cast_info,98207
cast_info,98211
cast_info,98254
cast_info,98255
cast_info,98276
cast_info,98293
cast_info,98305
cast_info,98307
cast_info,98309
cast_info,98326
cast_info,98332
cast_info,98344
cast_info,98361
cast_info,98395
cast_info,98406
cast_info,98410
cast_info,98425
cast_info,98461
cast_info,98494
cast_info,98512
cast_info,98551
cast_info,98558
cast_info,98566
cast_info,98646
cast_info,98656
cast_info,98687
cast_info,98689
cast_info,98705
cast_info,98732
cast_info,98735
cast_info,98752
cast_info,98774
cast_info,98785
cast_info,98790
cast_info,98814
cast_info,98841
cast_info,98861
cast_info,98867
cast_info,98897
cast_info,98901
cast_info,98909
cast_info,98921
cast_info,99018
cast_info,99041
cast_info,99043
cast_info,99050
cast_info,99055
cast_info,99061
cast_info,99066
cast_info,99086
cast_info,99089
cast_info,99102
cast_info,99105
cast_info,99117
cast_info,99120
cast_info,99143
cast_info,99175
cast_info,99209
cast_info,99216
cast_info,99251
cast_info,99263
cast_info,99264
cast_info,99275
cast_info,99311
cast_info,99326
cast_info,99340
cast_info,99346
cast_info,99348
cast_info,99349
cast_info,99353
cast_info,99356
cast_info,99358
cast_info,99368
cast_info,99375
cast_info,99381
cast_info,99383
cast_info,99403
cast_info,99407
cast_info,99418
cast_info,99487
cast_info,99497
cast_info,99500
cast_info,99554
cast_info,99559
cast_info,99573
cast_info,99580
cast_info,99620
cast_info,99621
cast_info,99635
cast_info,99706
cast_info,99714
cast_info,99735
cast_info,99761
cast_info,99762
cast_info,99831
cast_info,99849
cast_info,99862
cast_info,99870
cast_info,99871
cast_info,99882
cast_info,99895
cast_info,99896
cast_info,99907
cast_info,99918
cast_info,99934
cast_info,99944
cast_info,99959
cast_info,99972
cast_info,99976
cast_info,99979
cast_info,99985
cast_info,99997
cast_info,100000
cast_info,100037
cast_info,100042
cast_info,100050
cast_info,100051
cast_info,100069
cast_info,100070
cast_info,100071
cast_info,100077
cast_info,100082
cast_info,100096
cast_info,100124
cast_info,100142
cast_info,100144
cast_info,100171
cast_info,100190
cast_info,100259
cast_info,100269
cast_info,100291
cast_info,100295
cast_info,100304
cast_info,100309
cast_info,100318
cast_info,100342
cast_info,100366
cast_info,100388
cast_info,100398
cast_info,100420
cast_info,100428
cast_info,100432
cast_info,100442
cast_info,100444
cast_info,100452
cast_info,100460
cast_info,100464
cast_info,100465
cast_info,100473
cast_info,100478
cast_info,100480
cast_info,100489
cast_info,100507
cast_info,100520
cast_info,100523
cast_info,100531
cast_info,100545
cast_info,100567
cast_info,100601
cast_info,100603
cast_info,100604
cast_info,100627
cast_info,100630
cast_info,100631
cast_info,100637
cast_info,100638
cast_info,100645
cast_info,100672
cast_info,100714
cast_info,100744
cast_info,100747
cast_info,100756
cast_info,100774
cast_info,100787
cast_info,100812
cast_info,100826
cast_info,100854
cast_info,100864
cast_info,100872
cast_info,100876
cast_info,100878
cast_info,100882
cast_info,100891
cast_info,100893
cast_info,100897
cast_info,100899
cast_info,100926
cast_info,100940
cast_info,100959
cast_info,100962
cast_info,100967
cast_info,100975
cast_info,100998
cast_info,101029
cast_info,101033
cast_info,101061
cast_info,101063
cast_info,101079
cast_info,101094
cast_info,101146
cast_info,101156
cast_info,101166
cast_info,101175
cast_info,101176
cast_info,101184
cast_info,101188
cast_info,101215
cast_info,101243
cast_info,101272
cast_info,101286
cast_info,101288
cast_info,101306
cast_info,101338
cast_info,101389
cast_info,101401
cast_info,101414
cast_info,101423
cast_info,101433
cast_info,101446
cast_info,101447
cast_info,101470
cast_info,101471
cast_info,101472
cast_info,101476
cast_info,101509
cast_info,101515
cast_info,101566
cast_info,101573
cast_info,101584
cast_info,101614
cast_info,101664
cast_info,101667
cast_info,101668
cast_info,101671
cast_info,101673
cast_info,101683
cast_info,101686
cast_info,101692
cast_info,101694
cast_info,101699
cast_info,101701
cast_info,101740
cast_info,101742
cast_info,101761
cast_info,101765
cast_info,101838
cast_info,101840
cast_info,101842
cast_info,101843
cast_info,101874
cast_info,101877
cast_info,101902
cast_info,101936
cast_info,101943
cast_info,101944
cast_info,101958
cast_info,101959
cast_info,101960
cast_info,101984
cast_info,102005
cast_info,102011
cast_info,102054
cast_info,102070
cast_info,102074
cast_info,102084
cast_info,102126
cast_info,102132
cast_info,102157
cast_info,102183
cast_info,102191
cast_info,102199
cast_info,102232
cast_info,102244
cast_info,102248
cast_info,102270
cast_info,102276
cast_info,102281
cast_info,102287
cast_info,102332
cast_info,102333
cast_info,102335
cast_info,102342
cast_info,102347
cast_info,102398
cast_info,102406
cast_info,102419
cast_info,102453
cast_info,102454
cast_info,102466
cast_info,102493
cast_info,102502
cast_info,102606
cast_info,102619
cast_info,102630
cast_info,102643
cast_info,102655
cast_info,102669
cast_info,102688
cast_info,102703
cast_info,102724
cast_info,102727
cast_info,102738
cast_info,102740
cast_info,102763
cast_info,102785
cast_info,102788
cast_info,102826
cast_info,102848
cast_info,102849
cast_info,102860
cast_info,102862
cast_info,102872
cast_info,102877
cast_info,102902
cast_info,102995
cast_info,103002
cast_info,103006
cast_info,103030
cast_info,103049
cast_info,103068
cast_info,103083
cast_info,103097
cast_info,103138
cast_info,103140
cast_info,103158
cast_info,103195
cast_info,103204
cast_info,103215
cast_info,103231
cast_info,103234
cast_info,103284
cast_info,103303
cast_info,103306
cast_info,103339
cast_info,103341
cast_info,103353
cast_info,103414
cast_info,103505
cast_info,103536
cast_info,103540
cast_info,103567
cast_info,103571
cast_info,103575
cast_info,103600
cast_info,103602
cast_info,103605
cast_info,103607
cast_info,103608
cast_info,103609
cast_info,103619
cast_info,103648
cast_info,103651
cast_info,103659
cast_info,103673
cast_info,103674
cast_info,103710
cast_info,103781
cast_info,103806
cast_info,103813
cast_info,103836
cast_info,103869
cast_info,103885
cast_info,103887
cast_info,103898
cast_info,103918
cast_info,103921
cast_info,103923
cast_info,103931
cast_info,103943
cast_info,103955
cast_info,103959
cast_info,103979
cast_info,103983
cast_info,104001
cast_info,104009
cast_info,104031
cast_info,104050
cast_info,104053
cast_info,104059
cast_info,104065
cast_info,104074
cast_info,104095
cast_info,104104
cast_info,104105
cast_info,104115
cast_info,104130
cast_info,104132
cast_info,104155
cast_info,104159
cast_info,104167
cast_info,104168
cast_info,104200
cast_info,104222
cast_info,104233
cast_info,104248
cast_info,104257
cast_info,104266
cast_info,104281
cast_info,104291
cast_info,104306
cast_info,104339
cast_info,104343
cast_info,104351
cast_info,104386
cast_info,104392
cast_info,104418
cast_info,104448
cast_info,104498
cast_info,104505
cast_info,104506
cast_info,104532
cast_info,104550
cast_info,104552
cast_info,104570
cast_info,104572
cast_info,104574
cast_info,104608
cast_info,104645
cast_info,104646
cast_info,104729
cast_info,104741
cast_info,104761
cast_info,104775
cast_info,104780
cast_info,104812
cast_info,104813
cast_info,104814
cast_info,104815
cast_info,104816
cast_info,104818
cast_info,104851
cast_info,104864
cast_info,104868
cast_info,104885
cast_info,104894
cast_info,104900
cast_info,104905
cast_info,104913
cast_info,104922
cast_info,104944
cast_info,104968
cast_info,104974
cast_info,104975
cast_info,104990
cast_info,105021
cast_info,105051
cast_info,105054
cast_info,105070
cast_info,105088
cast_info,105101
cast_info,105119
cast_info,105148
cast_info,105187
cast_info,105210
cast_info,105211
cast_info,105215
cast_info,105220
cast_info,105230
cast_info,105236
cast_info,105270
cast_info,105285
cast_info,105300
cast_info,105302
cast_info,105325
cast_info,105362
cast_info,105366
cast_info,105368
cast_info,105377
cast_info,105386
cast_info,105395
cast_info,105397
cast_info,105405
cast_info,105421
cast_info,105425
cast_info,105436
cast_info,105437
cast_info,105448
cast_info,105449
cast_info,105466
cast_info,105470
cast_info,105491
cast_info,105500
cast_info,105505
cast_info,105508
cast_info,105525
cast_info,105540
cast_info,105544
cast_info,105579
cast_info,105597
cast_info,105611
cast_info,105619
cast_info,105626
cast_info,105628
cast_info,105629
cast_info,105652
cast_info,105670
cast_info,105682
cast_info,105683
cast_info,105689
cast_info,105700
cast_info,105704
cast_info,105719
cast_info,105721
cast_info,105768
cast_info,105772
cast_info,105777
cast_info,105782
cast_info,105803
cast_info,105806
cast_info,105819
cast_info,105821
cast_info,105826
cast_info,105863
cast_info,105891
cast_info,105913
cast_info,105915
cast_info,105916
cast_info,105918
cast_info,105931
cast_info,105941
cast_info,105949
cast_info,105976
cast_info,105977
cast_info,105979
cast_info,105980
cast_info,105982
cast_info,105986
cast_info,105989
cast_info,106002
cast_info,106006
cast_info,106015
cast_info,106018
cast_info,106019
cast_info,106025
cast_info,106030
cast_info,106036
cast_info,106044
cast_info,106062
cast_info,106075
cast_info,106099
cast_info,106133
cast_info,106137
cast_info,106142
cast_info,106160
cast_info,106181
cast_info,106189
cast_info,106190
cast_info,106202
cast_info,106206
cast_info,106207
cast_info,106210
cast_info,106233
cast_info,106241
cast_info,106244
cast_info,106245
cast_info,106247
cast_info,106253
cast_info,106262
cast_info,106264
cast_info,106271
cast_info,106278
cast_info,106279
cast_info,106286
cast_info,106287
cast_info,106292
cast_info,106308
cast_info,106309
cast_info,106324
cast_info,106340
cast_info,106347
cast_info,106403
cast_info,106407
cast_info,106408
cast_info,106420
cast_info,106428
cast_info,106430
cast_info,106432
cast_info,106434
cast_info,106455
cast_info,106461
cast_info,106462
cast_info,106465
cast_info,106471
cast_info,106500
cast_info,106501
cast_info,106504
cast_info,106548
cast_info,106553
cast_info,106564
cast_info,106565
cast_info,106608
cast_info,106609
cast_info,106646
cast_info,106647
cast_info,106665
cast_info,106671
cast_info,106679
cast_info,106688
cast_info,106714
cast_info,106726
cast_info,106728
cast_info,106766
cast_info,106772
cast_info,106805
cast_info,106815
cast_info,106835
cast_info,106836
cast_info,106838
cast_info,106839
cast_info,106840
cast_info,106841
cast_info,106842
cast_info,106847
cast_info,106848
cast_info,106849
cast_info,106859
cast_info,106865
cast_info,106868
cast_info,106897
cast_info,106910
cast_info,106915
cast_info,106920
cast_info,106924
cast_info,106931
cast_info,106942
cast_info,106946
cast_info,106974
cast_info,106990
cast_info,106991
cast_info,107023
cast_info,107038
cast_info,107067
cast_info,107071
cast_info,107072
cast_info,107112
cast_info,107114
cast_info,107121
cast_info,107133
cast_info,107146
cast_info,107147
cast_info,107155
cast_info,107161
cast_info,107162
cast_info,107167
cast_info,107168
cast_info,107177
cast_info,107182
cast_info,107185
cast_info,107195
cast_info,107215
cast_info,107228
cast_info,107229
cast_info,107232
cast_info,107237
cast_info,107261
cast_info,107262
cast_info,107269
cast_info,107295
cast_info,107300
cast_info,107319
cast_info,107322
cast_info,107343
cast_info,107344
cast_info,107372
cast_info,107379
cast_info,107384
cast_info,107397
cast_info,107398
cast_info,107412
cast_info,107431
cast_info,107437
cast_info,107438
cast_info,107440
cast_info,107441
cast_info,107443
cast_info,107444
cast_info,107447
cast_info,107459
cast_info,107461
cast_info,107462
cast_info,107472
cast_info,107483
cast_info,107484
cast_info,107485
cast_info,107489
cast_info,107502
cast_info,107508
cast_info,107515
cast_info,107516
cast_info,107517
cast_info,107518
cast_info,107541
cast_info,107549
cast_info,107552
cast_info,107557
cast_info,107558
cast_info,107559
cast_info,107561
cast_info,107562
cast_info,107567
cast_info,107568
cast_info,107570
cast_info,107571
cast_info,107588
cast_info,107602
cast_info,107605
cast_info,107608
cast_info,107625
cast_info,107626
cast_info,107627
cast_info,107634
cast_info,107635
cast_info,107637
cast_info,107656
cast_info,107657
cast_info,107662
cast_info,107683
cast_info,107689
cast_info,107691
cast_info,107736
cast_info,107737
cast_info,107744
cast_info,107751
cast_info,107752
cast_info,107757
cast_info,107774
cast_info,107778
cast_info,107787
cast_info,107791
cast_info,107813
cast_info,107833
cast_info,107834
cast_info,107851
cast_info,107859
cast_info,107867
cast_info,107870
cast_info,107871
cast_info,107893
cast_info,107896
cast_info,107901
cast_info,107924
cast_info,107925
cast_info,107926
cast_info,107929
cast_info,107930
cast_info,107935
cast_info,107939
cast_info,107954
cast_info,107973
cast_info,107979
cast_info,107988
cast_info,107998
cast_info,108008
cast_info,108012
cast_info,108025
cast_info,108030
cast_info,108032
cast_info,108033
cast_info,108036
cast_info,108052
cast_info,108054
cast_info,108055
cast_info,108059
cast_info,108074
cast_info,108089
cast_info,108090
cast_info,108101
cast_info,108200
cast_info,108202
cast_info,108215
cast_info,108235
cast_info,108237
cast_info,108247
cast_info,108314
cast_info,108329
cast_info,108341
cast_info,108367
cast_info,108371
cast_info,108382
cast_info,108406
cast_info,108429
cast_info,108446
cast_info,108503
cast_info,108543
cast_info,108582
cast_info,108585
cast_info,108614
cast_info,108615
cast_info,108630
cast_info,108637
cast_info,108642
cast_info,108658
cast_info,108684
cast_info,108687
cast_info,108691
cast_info,108709
cast_info,108710
cast_info,108732
cast_info,108740
cast_info,108765
cast_info,108787
cast_info,108809
cast_info,108819
cast_info,108820
cast_info,108821
cast_info,108853
cast_info,108887
cast_info,108894
cast_info,108895
cast_info,108899
cast_info,108904
cast_info,108908
cast_info,108921
cast_info,108922
cast_info,108923
cast_info,108927
cast_info,108931
cast_info,108936
cast_info,108937
cast_info,108941
cast_info,108945
cast_info,108949
cast_info,108990
cast_info,108991
cast_info,109017
cast_info,109021
cast_info,109027
cast_info,109063
cast_info,109073
cast_info,109110
cast_info,109114
cast_info,109135
cast_info,109136
cast_info,109142
cast_info,109146
cast_info,109178
cast_info,109189
cast_info,109197
cast_info,109202
cast_info,109241
cast_info,109261
cast_info,109265
cast_info,109302
cast_info,109305
cast_info,109322
cast_info,109324
cast_info,109342
cast_info,109381
cast_info,109382
cast_info,109389
cast_info,109394
cast_info,109415
cast_info,109424
cast_info,109438
cast_info,109447
cast_info,109469
cast_info,109488
cast_info,109495
cast_info,109496
cast_info,109505
cast_info,109507
cast_info,109508
cast_info,109523
cast_info,109525
cast_info,109536
cast_info,109543
cast_info,109547
cast_info,109549
cast_info,109552
cast_info,109567
cast_info,109598
cast_info,109600
cast_info,109612
cast_info,109618
cast_info,109640
cast_info,109659
cast_info,109660
cast_info,109672
cast_info,109678
cast_info,109689
cast_info,109698
cast_info,109701
cast_info,109713
cast_info,109758
cast_info,109765
cast_info,109829
cast_info,109832
cast_info,109836
cast_info,109862
cast_info,109875
cast_info,109885
cast_info,109914
cast_info,109921
cast_info,109944
cast_info,109946
cast_info,109982
cast_info,109989
cast_info,110008
cast_info,110019
cast_info,110033
cast_info,110038
cast_info,110065
cast_info,110090
cast_info,110109
cast_info,110113
cast_info,110125
cast_info,110130
cast_info,110147
cast_info,110200
cast_info,110219
cast_info,110220
cast_info,110227
cast_info,110240
cast_info,110262
cast_info,110264
cast_info,110295
cast_info,110312
cast_info,110325
cast_info,110332
cast_info,110349
cast_info,110350
cast_info,110357
cast_info,110360
cast_info,110389
cast_info,110430
cast_info,110448
cast_info,110454
cast_info,110460
cast_info,110474
cast_info,110505
cast_info,110506
cast_info,110514
cast_info,110569
cast_info,110574
cast_info,110588
cast_info,110590
cast_info,110593
cast_info,110595
cast_info,110640
cast_info,110652
cast_info,110662
cast_info,110669
cast_info,110672
cast_info,110673
cast_info,110692
cast_info,110717
cast_info,110718
cast_info,110720
cast_info,110721
cast_info,110726
cast_info,110727
cast_info,110736
cast_info,110776
cast_info,110780
cast_info,110793
cast_info,110819
cast_info,110833
cast_info,110845
cast_info,110887
cast_info,110929
cast_info,110997
cast_info,111006
cast_info,111012
cast_info,111021
cast_info,111035
cast_info,111054
cast_info,111077
cast_info,111127
cast_info,111135
cast_info,111179
cast_info,111183
cast_info,111230
cast_info,111234
cast_info,111246
cast_info,111258
cast_info,111271
cast_info,111274
cast_info,111275
cast_info,111276
cast_info,111311
cast_info,111335
cast_info,111337
cast_info,111340
cast_info,111341
cast_info,111350
cast_info,111352
cast_info,111353
cast_info,111358
cast_info,111359
cast_info,111363
cast_info,111365
cast_info,111369
cast_info,111375
cast_info,111376
cast_info,111387
cast_info,111390
cast_info,111395
cast_info,111396
cast_info,111399
cast_info,111402
cast_info,111415
cast_info,111430
cast_info,111438
cast_info,111447
cast_info,111448
cast_info,111450
cast_info,111453
cast_info,111454
cast_info,111485
cast_info,111496
cast_info,111505
cast_info,111517
cast_info,111523
cast_info,111534
cast_info,111536
cast_info,111554
cast_info,111577
cast_info,111594
cast_info,111598
cast_info,111599
cast_info,111609
cast_info,111645
cast_info,111649
cast_info,111692
cast_info,111726
cast_info,111729
cast_info,111860
cast_info,111863
cast_info,111892
cast_info,111896
cast_info,111897
cast_info,111919
cast_info,111921
cast_info,111925
cast_info,111956
cast_info,111965
cast_info,111973
cast_info,111978
cast_info,111979
cast_info,112006
cast_info,112041
cast_info,112042
cast_info,112068
cast_info,112074
cast_info,112083
cast_info,112117
cast_info,112118
cast_info,112120
cast_info,112130
cast_info,112133
cast_info,112136
cast_info,112143
cast_info,112146
cast_info,112148
cast_info,112159
cast_info,112161
cast_info,112172
cast_info,112178
cast_info,112180
cast_info,112216
cast_info,112239
cast_info,112242
cast_info,112263
cast_info,112270
cast_info,112271
cast_info,112272
cast_info,112276
cast_info,112277
cast_info,112298
cast_info,112351
cast_info,112358
cast_info,112361
cast_info,112381
cast_info,112395
cast_info,112433
cast_info,112444
cast_info,112507
cast_info,112554
cast_info,112566
cast_info,112601
cast_info,112607
cast_info,112620
cast_info,112647
cast_info,112655
cast_info,112667
cast_info,112671
cast_info,112681
cast_info,112682
cast_info,112684
cast_info,112687
cast_info,112750
cast_info,112751
cast_info,112754
cast_info,112800
cast_info,112827
cast_info,112848
cast_info,112851
cast_info,112853
cast_info,112867
cast_info,112910
cast_info,112912
cast_info,112923
cast_info,112937
cast_info,112938
cast_info,112948
cast_info,112986
cast_info,112988
cast_info,112989
cast_info,113029
cast_info,113031
cast_info,113040
cast_info,113058
cast_info,113059
cast_info,113069
cast_info,113082
cast_info,113084
cast_info,113092
cast_info,113109
cast_info,113118
cast_info,113123
cast_info,113125
cast_info,113149
cast_info,113165
cast_info,113168
cast_info,113171
cast_info,113238
cast_info,113240
cast_info,113271
cast_info,113273
cast_info,113277
cast_info,113278
cast_info,113287
cast_info,113330
cast_info,113349
cast_info,113367
cast_info,113409
cast_info,113428
cast_info,113430
cast_info,113465
cast_info,113470
cast_info,113488
cast_info,113490
cast_info,113542
cast_info,113546
cast_info,113566
cast_info,113590
cast_info,113610
cast_info,113611
cast_info,113625
cast_info,113643
cast_info,113652
cast_info,113671
cast_info,113712
cast_info,113716
cast_info,113725
cast_info,113735
cast_info,113737
cast_info,113748
cast_info,113767
cast_info,113771
cast_info,113780
cast_info,113781
cast_info,113782
cast_info,113785
cast_info,113786
cast_info,113807
cast_info,113808
cast_info,113809
cast_info,113848
cast_info,113874
cast_info,113879
cast_info,113887
cast_info,113888
cast_info,113889
cast_info,113905
cast_info,113910
cast_info,113914
cast_info,113932
cast_info,113934
cast_info,113935
cast_info,113986
cast_info,114018
cast_info,114024
cast_info,114036
cast_info,114041
cast_info,114050
cast_info,114085
cast_info,114140
cast_info,114143
cast_info,114144
cast_info,114145
cast_info,114173
cast_info,114218
cast_info,114239
cast_info,114240
cast_info,114241
cast_info,114259
cast_info,114269
cast_info,114274
cast_info,114307
cast_info,114308
cast_info,114310
cast_info,114318
cast_info,114322
cast_info,114329
cast_info,114341
cast_info,114364
cast_info,114366
cast_info,114378
cast_info,114399
cast_info,114438
cast_info,114451
cast_info,114458
cast_info,114491
cast_info,114502
cast_info,114504
cast_info,114515
cast_info,114528
cast_info,114615
cast_info,114623
cast_info,114629
cast_info,114693
cast_info,114784
cast_info,114830
cast_info,114921
cast_info,114925
cast_info,114961
cast_info,114978
cast_info,115014
cast_info,115016
cast_info,115017
cast_info,115027
cast_info,115038
cast_info,115041
cast_info,115054
cast_info,115061
cast_info,115068
cast_info,115118
cast_info,115133
cast_info,115134
cast_info,115148
cast_info,115161
cast_info,115179
cast_info,115200
cast_info,115209
cast_info,115235
cast_info,115244
cast_info,115253
cast_info,115267
cast_info,115276
cast_info,115281
cast_info,115286
cast_info,115330
cast_info,115353
cast_info,115381
cast_info,115395
cast_info,115410
cast_info,115422
cast_info,115427
cast_info,115440
cast_info,115447
cast_info,115448
cast_info,115452
cast_info,115453
cast_info,115483
cast_info,115492
cast_info,115503
cast_info,115505
cast_info,115510
cast_info,115512
cast_info,115513
cast_info,115515
cast_info,115587
cast_info,115594
cast_info,115596
cast_info,115612
cast_info,115618
cast_info,115696
cast_info,115697
cast_info,115736
cast_info,115739
cast_info,115748
cast_info,115766
cast_info,115792
cast_info,115804
cast_info,115836
cast_info,115841
cast_info,115842
cast_info,115844
cast_info,115865
cast_info,115882
cast_info,115888
cast_info,115889
cast_info,115892
cast_info,115936
cast_info,115948
cast_info,115954
cast_info,115957
cast_info,115958
cast_info,115961
cast_info,115974
cast_info,115978
cast_info,115988
cast_info,116002
cast_info,116021
cast_info,116053
cast_info,116070
cast_info,116074
cast_info,116085
cast_info,116106
cast_info,116110
cast_info,116114
cast_info,116116
cast_info,116124
cast_info,116177
cast_info,116202
cast_info,116209
cast_info,116213
cast_info,116230
cast_info,116235
cast_info,116240
cast_info,116267
cast_info,116273
cast_info,116284
cast_info,116288
cast_info,116291
cast_info,116298
cast_info,116318
cast_info,116361
cast_info,116367
cast_info,116391
cast_info,116392
cast_info,116438
cast_info,116464
cast_info,116465
cast_info,116541
cast_info,116575
cast_info,116576
cast_info,116578
cast_info,116595
cast_info,116618
cast_info,116626
cast_info,116627
cast_info,116628
cast_info,116631
cast_info,116634
cast_info,116669
cast_info,116679
cast_info,116714
cast_info,116801
cast_info,116817
cast_info,116883
cast_info,116885
cast_info,116913
cast_info,116929
cast_info,116979
cast_info,116985
cast_info,116990
cast_info,117003
cast_info,117025
cast_info,117065
cast_info,117083
cast_info,117097
cast_info,117109
cast_info,117128
cast_info,117129
cast_info,117136
cast_info,117185
cast_info,117190
cast_info,117199
cast_info,117200
cast_info,117207
cast_info,117212
cast_info,117213
cast_info,117222
cast_info,117226
cast_info,117264
cast_info,117280
cast_info,117281
cast_info,117285
cast_info,117289
cast_info,117294
cast_info,117300
cast_info,117324
cast_info,117326
cast_info,117327
cast_info,117331
cast_info,117332
cast_info,117346
cast_info,117355
cast_info,117357
cast_info,117403
cast_info,117408
cast_info,117437
cast_info,117439
cast_info,117455
cast_info,117456
cast_info,117470
cast_info,117495
cast_info,117496
cast_info,117501
cast_info,117505
cast_info,117516
cast_info,117554
cast_info,117559
cast_info,117577
cast_info,117579
cast_info,117603
cast_info,117609
cast_info,117610
cast_info,117657
cast_info,117666
cast_info,117667
cast_info,117695
cast_info,117727
cast_info,117766
cast_info,117782
cast_info,117803
cast_info,117812
cast_info,117848
cast_info,117849
cast_info,117861
cast_info,117863
cast_info,117869
cast_info,117900
cast_info,117914
cast_info,117915
cast_info,117924
cast_info,117925
cast_info,117943
cast_info,117987
cast_info,118001
cast_info,118024
cast_info,118038
cast_info,118039
cast_info,118047
cast_info,118078
cast_info,118082
cast_info,118100
cast_info,118121
cast_info,118145
cast_info,118169
cast_info,118192
cast_info,118220
cast_info,118234
cast_info,118252
cast_info,118255
cast_info,118272
cast_info,118284
cast_info,118290
cast_info,118300
cast_info,118303
cast_info,118307
cast_info,118320
cast_info,118324
cast_info,118356
cast_info,118361
cast_info,118382
cast_info,118410
cast_info,118436
cast_info,118446
cast_info,118454
cast_info,118465
cast_info,118479
cast_info,118502
cast_info,118505
cast_info,118581
cast_info,118601
cast_info,118628
cast_info,118631
cast_info,118653
cast_info,118657
cast_info,118682
cast_info,118693
cast_info,118711
cast_info,118714
cast_info,118745
cast_info,118754
cast_info,118775
cast_info,118776
cast_info,118797
cast_info,118800
cast_info,118802
cast_info,118807
cast_info,118818
cast_info,118824
cast_info,118828
cast_info,118845
cast_info,118888
cast_info,118899
cast_info,118901
cast_info,118941
cast_info,118967
cast_info,118991
cast_info,118993
cast_info,119043
cast_info,119067
cast_info,119140
cast_info,119164
cast_info,119173
cast_info,119215
cast_info,119216
cast_info,119228
cast_info,119229
cast_info,119232
cast_info,119241
cast_info,119244
cast_info,119253
cast_info,119262
cast_info,119263
cast_info,119295
cast_info,119296
cast_info,119303
cast_info,119317
cast_info,119321
cast_info,119322
cast_info,119326
cast_info,119335
cast_info,119343
cast_info,119357
cast_info,119360
cast_info,119362
cast_info,119368
cast_info,119369
cast_info,119375
cast_info,119376
cast_info,119381
cast_info,119386
cast_info,119404
cast_info,119409
cast_info,119410
cast_info,119411
cast_info,119413
cast_info,119414
cast_info,119418
cast_info,119426
cast_info,119434
cast_info,119448
cast_info,119452
cast_info,119454
cast_info,119456
cast_info,119460
cast_info,119463
cast_info,119471
cast_info,119472
cast_info,119476
cast_info,119479
cast_info,119488
cast_info,119489
cast_info,119524
cast_info,119527
cast_info,119550
cast_info,119560
cast_info,119562
cast_info,119575
cast_info,119587
cast_info,119588
cast_info,119600
cast_info,119603
cast_info,119604
cast_info,119608
cast_info,119628
cast_info,119650
cast_info,119682
cast_info,119715
cast_info,119728
cast_info,119729
cast_info,119736
cast_info,119748
cast_info,119752
cast_info,119771
cast_info,119786
cast_info,119816
cast_info,119819
cast_info,119832
cast_info,119833
cast_info,119834
cast_info,119839
cast_info,119841
cast_info,119851
cast_info,119856
cast_info,119859
cast_info,119865
cast_info,119877
cast_info,119897
cast_info,119899
cast_info,119904
cast_info,119929
cast_info,119938
cast_info,119939
cast_info,119940
cast_info,119943
cast_info,119994
cast_info,120001
cast_info,120006
cast_info,120014
cast_info,120016
cast_info,120041
cast_info,120057
cast_info,120108
cast_info,120161
cast_info,120171
cast_info,120176
cast_info,120216
cast_info,120229
cast_info,120263
cast_info,120264
cast_info,120279
cast_info,120283
cast_info,120288
cast_info,120294
cast_info,120305
cast_info,120358
cast_info,120414
cast_info,120443
cast_info,120452
cast_info,120464
cast_info,120466
cast_info,120473
cast_info,120504
cast_info,120509
cast_info,120527
cast_info,120533
cast_info,120565
cast_info,120575
cast_info,120590
cast_info,120591
cast_info,120592
cast_info,120594
cast_info,120599
cast_info,120612
cast_info,120628
cast_info,120658
cast_info,120682
cast_info,120717
cast_info,120726
cast_info,120770
cast_info,120780
cast_info,120803
cast_info,120812
cast_info,120814
cast_info,120851
cast_info,120866
cast_info,120873
cast_info,120900
cast_info,120904
cast_info,120919
cast_info,120927
cast_info,120930
cast_info,120931
cast_info,120946
cast_info,120952
cast_info,120988
cast_info,120990
cast_info,120996
cast_info,121014
cast_info,121022
cast_info,121028
cast_info,121044
cast_info,121062
cast_info,121114
cast_info,121124
cast_info,121125
cast_info,121126
cast_info,121177
cast_info,121179
cast_info,121182
cast_info,121185
cast_info,121187
cast_info,121205
cast_info,121207
cast_info,121236
cast_info,121267
cast_info,121286
cast_info,121296
cast_info,121297
cast_info,121334
cast_info,121392
cast_info,121403
cast_info,121409
cast_info,121434
cast_info,121445
cast_info,121508
cast_info,121509
cast_info,121511
cast_info,121518
cast_info,121520
cast_info,121522
cast_info,121532
cast_info,121542
cast_info,121563
cast_info,121575
cast_info,121597
cast_info,121611
cast_info,121628
cast_info,121631
cast_info,121652
cast_info,121695
cast_info,121718
cast_info,121730
cast_info,121739
cast_info,121740
cast_info,121775
cast_info,121781
cast_info,121784
cast_info,121830
cast_info,121838
cast_info,121847
cast_info,121849
cast_info,121877
cast_info,121886
cast_info,121889
cast_info,121896
cast_info,121902
cast_info,121941
cast_info,121976
cast_info,121981
cast_info,121983
cast_info,121987
cast_info,121992
cast_info,122018
cast_info,122032
cast_info,122054
cast_info,122061
cast_info,122084
cast_info,122088
cast_info,122092
cast_info,122110
cast_info,122120
cast_info,122124
cast_info,122131
cast_info,122140
cast_info,122176
cast_info,122178
cast_info,122181
cast_info,122182
cast_info,122184
cast_info,122203
cast_info,122205
cast_info,122206
cast_info,122209
cast_info,122230
cast_info,122232
cast_info,122235
cast_info,122236
cast_info,122243
cast_info,122251
cast_info,122354
cast_info,122355
cast_info,122367
cast_info,122368
cast_info,122371
cast_info,122386
cast_info,122388
cast_info,122393
cast_info,122408
cast_info,122411
cast_info,122413
cast_info,122416
cast_info,122417
cast_info,122418
cast_info,122424
cast_info,122427
cast_info,122462
cast_info,122487
cast_info,122499
cast_info,122528
cast_info,122529
cast_info,122552
cast_info,122560
cast_info,122569
cast_info,122573
cast_info,122576
cast_info,122592
cast_info,122595
cast_info,122597
cast_info,122605
cast_info,122610
cast_info,122619
cast_info,122637
cast_info,122642
cast_info,122650
cast_info,122665
cast_info,122694
cast_info,122698
cast_info,122703
cast_info,122708
cast_info,122752
cast_info,122753
cast_info,122757
cast_info,122767
cast_info,122777
cast_info,122779
cast_info,122783
cast_info,122784
cast_info,122790
cast_info,122791
cast_info,122793
cast_info,122798
cast_info,122801
cast_info,122813
cast_info,122830
cast_info,122856
cast_info,122862
cast_info,122872
cast_info,122877
cast_info,122896
cast_info,122899
cast_info,122927
cast_info,122969
cast_info,122978
cast_info,123009
cast_info,123024
cast_info,123026
cast_info,123043
cast_info,123052
cast_info,123057
cast_info,123083
cast_info,123091
cast_info,123093
cast_info,123128
cast_info,123130
cast_info,123160
cast_info,123181
cast_info,123186
cast_info,123191
cast_info,123217
cast_info,123326
cast_info,123327
cast_info,123334
cast_info,123339
cast_info,123360
cast_info,123363
cast_info,123430
cast_info,123458
cast_info,123472
cast_info,123473
cast_info,123475
cast_info,123479
cast_info,123480
cast_info,123492
cast_info,123495
cast_info,123535
cast_info,123579
cast_info,123586
cast_info,123603
cast_info,123610
cast_info,123630
cast_info,123631
cast_info,123699
cast_info,123719
cast_info,123733
cast_info,123745
cast_info,123765
cast_info,123766
cast_info,123783
cast_info,123789
cast_info,123797
cast_info,123808
cast_info,123826
cast_info,123866
cast_info,123867
cast_info,123876
cast_info,123900
cast_info,123908
cast_info,123909
cast_info,123917
cast_info,123922
cast_info,123927
cast_info,123929
cast_info,123973
cast_info,124004
cast_info,124007
cast_info,124035
cast_info,124047
cast_info,124048
cast_info,124060
cast_info,124138
cast_info,124140
cast_info,124150
cast_info,124153
cast_info,124170
cast_info,124171
cast_info,124172
cast_info,124174
cast_info,124217
cast_info,124218
cast_info,124220
cast_info,124237
cast_info,124238
cast_info,124250
cast_info,124253
cast_info,124303
cast_info,124305
cast_info,124306
cast_info,124318
cast_info,124324
cast_info,124359
cast_info,124389
cast_info,124397
cast_info,124400
cast_info,124404
cast_info,124409
cast_info,124415
cast_info,124431
cast_info,124440
cast_info,124441
cast_info,124445
cast_info,124447
cast_info,124448
cast_info,124466
cast_info,124469
cast_info,124470
cast_info,124480
cast_info,124487
cast_info,124503
cast_info,124506
cast_info,124551
cast_info,124560
cast_info,124561
cast_info,124562
cast_info,124573
cast_info,124578
cast_info,124579
cast_info,124583
cast_info,124592
cast_info,124616
cast_info,124628
cast_info,124640
cast_info,124641
cast_info,124653
cast_info,124654
cast_info,124658
cast_info,124661
cast_info,124667
cast_info,124687
cast_info,124690
cast_info,124700
cast_info,124701
cast_info,124703
cast_info,124726
cast_info,124729
cast_info,124746
cast_info,124751
cast_info,124754
cast_info,124755
cast_info,124761
cast_info,124764
cast_info,124765
cast_info,124766
cast_info,124767
cast_info,124768
cast_info,124769
cast_info,124771
cast_info,124773
cast_info,124785
cast_info,124786
cast_info,124787
cast_info,124797
cast_info,124800
cast_info,124803
cast_info,124813
cast_info,124833
cast_info,124843
cast_info,124855
cast_info,124890
cast_info,124897
cast_info,124905
cast_info,124930
cast_info,124931
cast_info,124944
cast_info,124952
cast_info,124958
cast_info,124974
cast_info,124975
cast_info,124990
cast_info,125012
cast_info,125038
cast_info,125042
cast_info,125070
cast_info,125072
cast_info,125073
cast_info,125095
cast_info,125108
cast_info,125112
cast_info,125114
cast_info,125118
cast_info,125139
cast_info,125151
cast_info,125156
cast_info,125163
cast_info,125165
cast_info,125176
cast_info,125183
cast_info,125185
cast_info,125186
cast_info,125191
cast_info,125196
cast_info,125207
cast_info,125211
cast_info,125218
cast_info,125225
cast_info,125227
cast_info,125234
cast_info,125237
cast_info,125248
cast_info,125249
cast_info,125259
cast_info,125270
cast_info,125275
cast_info,125285
cast_info,125290
cast_info,125315
cast_info,125319
cast_info,125320
cast_info,125329
cast_info,125332
cast_info,125342
cast_info,125352
cast_info,125358
cast_info,125363
cast_info,125366
cast_info,125373
cast_info,125406
cast_info,125416
cast_info,125422
cast_info,125424
cast_info,125427
cast_info,125428
cast_info,125435
cast_info,125446
cast_info,125460
cast_info,125461
cast_info,125465
cast_info,125466
cast_info,125494
cast_info,125495
cast_info,125498
cast_info,125505
cast_info,125507
cast_info,125526
cast_info,125574
cast_info,125575
cast_info,125587
cast_info,125597
cast_info,125615
cast_info,125622
cast_info,125668
cast_info,125693
cast_info,125700
cast_info,125701
cast_info,125707
cast_info,125747
cast_info,125751
cast_info,125753
cast_info,125755
cast_info,125784
cast_info,125794
cast_info,125840
cast_info,125888
cast_info,125889
cast_info,125893
cast_info,125896
cast_info,125903
cast_info,125916
cast_info,125938
cast_info,126006
cast_info,126042
cast_info,126050
cast_info,126096
cast_info,126143
cast_info,126145
cast_info,126147
cast_info,126157
cast_info,126215
cast_info,126236
cast_info,126239
cast_info,126246
cast_info,126252
cast_info,126267
cast_info,126279
cast_info,126286
cast_info,126289
cast_info,126298
cast_info,126311
cast_info,126333
cast_info,126378
cast_info,126384
cast_info,126388
cast_info,126397
cast_info,126401
cast_info,126406
cast_info,126416
cast_info,126421
cast_info,126422
cast_info,126423
cast_info,126433
cast_info,126438
cast_info,126469
cast_info,126480
cast_info,126484
cast_info,126502
cast_info,126544
cast_info,126546
cast_info,126547
cast_info,126552
cast_info,126560
cast_info,126572
cast_info,126592
cast_info,126605
cast_info,126611
cast_info,126627
cast_info,126639
cast_info,126644
cast_info,126645
cast_info,126648
cast_info,126649
cast_info,126659
cast_info,126684
cast_info,126712
cast_info,126722
cast_info,126773
cast_info,126789
cast_info,126803
cast_info,126804
cast_info,126811
cast_info,126812
cast_info,126816
cast_info,126881
cast_info,126883
cast_info,126885
cast_info,126887
cast_info,126897
cast_info,126905
cast_info,126909
cast_info,126922
cast_info,126932
cast_info,126937
cast_info,126947
cast_info,126952
cast_info,126954
cast_info,127004
cast_info,127005
cast_info,127010
cast_info,127018
cast_info,127027
cast_info,127034
cast_info,127037
cast_info,127041
cast_info,127061
cast_info,127066
cast_info,127094
cast_info,127100
cast_info,127101
cast_info,127110
cast_info,127124
cast_info,127134
cast_info,127150
cast_info,127152
cast_info,127169
cast_info,127175
cast_info,127177
cast_info,127182
cast_info,127188
cast_info,127191
cast_info,127259
cast_info,127295
cast_info,127305
cast_info,127317
cast_info,127423
cast_info,127429
cast_info,127433
cast_info,127497
cast_info,127513
cast_info,127539
cast_info,127555
cast_info,127556
cast_info,127557
cast_info,127559
cast_info,127568
cast_info,127581
cast_info,127584
cast_info,127585
cast_info,127587
cast_info,127588
cast_info,127665
cast_info,127709
cast_info,127721
cast_info,127722
cast_info,127789
cast_info,127790
cast_info,127792
cast_info,127825
cast_info,127827
cast_info,127832
cast_info,127840
cast_info,127841
cast_info,127845
cast_info,127853
cast_info,127883
cast_info,127885
cast_info,127886
cast_info,127887
cast_info,127892
cast_info,127904
cast_info,127913
cast_info,127931
cast_info,127946
cast_info,127955
cast_info,127958
cast_info,127988
cast_info,127992
cast_info,127994
cast_info,127997
cast_info,128000
cast_info,128019
cast_info,128026
cast_info,128033
cast_info,128049
cast_info,128051
cast_info,128100
cast_info,128104
cast_info,128108
cast_info,128110
cast_info,128115
cast_info,128162
cast_info,128170
cast_info,128178
cast_info,128179
cast_info,128180
cast_info,128194
cast_info,128231
cast_info,128267
cast_info,128278
cast_info,128282
cast_info,128284
cast_info,128288
cast_info,128292
cast_info,128298
cast_info,128299
cast_info,128302
cast_info,128304
cast_info,128307
cast_info,128360
cast_info,128365
cast_info,128366
cast_info,128399
cast_info,128410
cast_info,128411
cast_info,128431
cast_info,128432
cast_info,128438
cast_info,128484
cast_info,128502
cast_info,128503
cast_info,128508
cast_info,128516
cast_info,128544
cast_info,128559
cast_info,128561
cast_info,128566
cast_info,128571
cast_info,128619
cast_info,128642
cast_info,128708
cast_info,128717
cast_info,128762
cast_info,128771
cast_info,128773
cast_info,128778
cast_info,128791
cast_info,128805
cast_info,128815
cast_info,128817
cast_info,128821
cast_info,128829
cast_info,128845
cast_info,128846
cast_info,128855
cast_info,128860
cast_info,128879
cast_info,128884
cast_info,128885
cast_info,128891
cast_info,128892
cast_info,128901
cast_info,128908
cast_info,128911
cast_info,128924
cast_info,128926
cast_info,128927
cast_info,128960
cast_info,128996
cast_info,129002
cast_info,129010
cast_info,129019
cast_info,129022
cast_info,129055
cast_info,129087
cast_info,129092
cast_info,129096
cast_info,129097
cast_info,129135
cast_info,129140
cast_info,129161
cast_info,129166
cast_info,129177
cast_info,129183
cast_info,129197
cast_info,129204
cast_info,129206
cast_info,129219
cast_info,129229
cast_info,129230
cast_info,129233
cast_info,129242
cast_info,129248
cast_info,129249
cast_info,129276
cast_info,129281
cast_info,129289
cast_info,129304
cast_info,129327
cast_info,129368
cast_info,129387
cast_info,129395
cast_info,129406
cast_info,129416
cast_info,129467
cast_info,129470
cast_info,129492
cast_info,129526
cast_info,129542
cast_info,129603
cast_info,129605
cast_info,129619
cast_info,129636
cast_info,129644
cast_info,129645
cast_info,129665
cast_info,129667
cast_info,129693
cast_info,129694
cast_info,129698
cast_info,129699
cast_info,129724
cast_info,129738
cast_info,129739
cast_info,129745
cast_info,129746
cast_info,129747
cast_info,129759
cast_info,129765
cast_info,129767
cast_info,129768
cast_info,129769
cast_info,129770
cast_info,129774
cast_info,129781
cast_info,129798
cast_info,129813
cast_info,129828
cast_info,129847
cast_info,129883
cast_info,129884
cast_info,129887
cast_info,129905
cast_info,129942
cast_info,129945
cast_info,129969
cast_info,129984
cast_info,129998
cast_info,130000
cast_info,130014
cast_info,130025
cast_info,130027
cast_info,130028
cast_info,130046
cast_info,130057
cast_info,130120
cast_info,130134
cast_info,130168
cast_info,130183
cast_info,130212
cast_info,130225
cast_info,130238
cast_info,130240
cast_info,130247
cast_info,130269
cast_info,130282
cast_info,130309
cast_info,130318
cast_info,130319
cast_info,130358
cast_info,130372
cast_info,130378
cast_info,130391
cast_info,130392
cast_info,130396
cast_info,130397
cast_info,130403
cast_info,130404
cast_info,130405
cast_info,130411
cast_info,130412
cast_info,130441
cast_info,130521
cast_info,130535
cast_info,130536
cast_info,130558
cast_info,130562
cast_info,130563
cast_info,130597
cast_info,130605
cast_info,130614
cast_info,130621
cast_info,130622
cast_info,130644
cast_info,130655
cast_info,130695
cast_info,130717
cast_info,130725
cast_info,130743
cast_info,130797
cast_info,130805
cast_info,130809
cast_info,130816
cast_info,130827
cast_info,130832
cast_info,130837
cast_info,130848
cast_info,130853
cast_info,130874
cast_info,130893
cast_info,130895
cast_info,130897
cast_info,130970
cast_info,130993
cast_info,131008
cast_info,131010
cast_info,131012
cast_info,131018
cast_info,131073
cast_info,131079
cast_info,131091
cast_info,131103
cast_info,131113
cast_info,131117
cast_info,131134
cast_info,131135
cast_info,131147
cast_info,131186
cast_info,131214
cast_info,131235
cast_info,131254
cast_info,131258
cast_info,131312
cast_info,131348
cast_info,131365
cast_info,131389
cast_info,131399
cast_info,131404
cast_info,131407
cast_info,131409
cast_info,131455
cast_info,131480
cast_info,131499
cast_info,131510
cast_info,131524
cast_info,131595
cast_info,131598
cast_info,131599
cast_info,131602
cast_info,131607
cast_info,131614
cast_info,131619
cast_info,131683
cast_info,131707
cast_info,131714
cast_info,131727
cast_info,131730
cast_info,131744
cast_info,131765
cast_info,131773
cast_info,131803
cast_info,131808
cast_info,131831
cast_info,131835
cast_info,131841
cast_info,131842
cast_info,131854
cast_info,131877
cast_info,131945
cast_info,131946
cast_info,131979
cast_info,131997
cast_info,132002
cast_info,132073
cast_info,132080
cast_info,132094
cast_info,132141
cast_info,132151
cast_info,132168
cast_info,132169
cast_info,132190
cast_info,132191
cast_info,132228
cast_info,132251
cast_info,132276
cast_info,132278
cast_info,132281
cast_info,132284
cast_info,132344
cast_info,132349
cast_info,132350
cast_info,132357
cast_info,132358
cast_info,132363
cast_info,132365
cast_info,132367
cast_info,132399
cast_info,132404
cast_info,132438
cast_info,132445
cast_info,132466
cast_info,132508
cast_info,132513
cast_info,132519
cast_info,132520
cast_info,132524
cast_info,132545
cast_info,132588
cast_info,132589
cast_info,132594
cast_info,132596
cast_info,132610
cast_info,132621
cast_info,132625
cast_info,132626
cast_info,132639
cast_info,132649
cast_info,132650
cast_info,132656
cast_info,132660
cast_info,132687
cast_info,132693
cast_info,132698
cast_info,132702
cast_info,132773
cast_info,132786
cast_info,132790
cast_info,132791
cast_info,132792
cast_info,132794
cast_info,132814
cast_info,132818
cast_info,132819
cast_info,132833
cast_info,132834
cast_info,132844
cast_info,132857
cast_info,132865
cast_info,132876
cast_info,132883
cast_info,132920
cast_info,132932
cast_info,132937
cast_info,132938
cast_info,132941
cast_info,132965
cast_info,132981
cast_info,132995
cast_info,133000
cast_info,133006
cast_info,133007
cast_info,133008
cast_info,133022
cast_info,133023
cast_info,133024
cast_info,133025
cast_info,133027
cast_info,133029
cast_info,133030
cast_info,133068
cast_info,133077
cast_info,133089
cast_info,133093
cast_info,133100
cast_info,133101
cast_info,133102
cast_info,133112
cast_info,133119
cast_info,133122
cast_info,133123
cast_info,133127
cast_info,133150
cast_info,133161
cast_info,133164
cast_info,133166
cast_info,133168
cast_info,133206
cast_info,133214
cast_info,133250
cast_info,133271
cast_info,133334
cast_info,133346
cast_info,133351
cast_info,133361
cast_info,133364
cast_info,133395
cast_info,133410
cast_info,133440
cast_info,133442
cast_info,133445
cast_info,133454
cast_info,133456
cast_info,133460
cast_info,133462
cast_info,133474
cast_info,133481
cast_info,133501
cast_info,133515
cast_info,133530
cast_info,133535
cast_info,133540
cast_info,133544
cast_info,133545
cast_info,133552
cast_info,133576
cast_info,133588
cast_info,133595
cast_info,133596
cast_info,133621
cast_info,133625
cast_info,133647
cast_info,133648
cast_info,133658
cast_info,133742
cast_info,133776
cast_info,133778
cast_info,133842
cast_info,133843
cast_info,133844
cast_info,133860
cast_info,133865
cast_info,133874
cast_info,133888
cast_info,133918
cast_info,133932
cast_info,133944
cast_info,133945
cast_info,133990
cast_info,133991
cast_info,134021
cast_info,134028
cast_info,134038
cast_info,134054
cast_info,134093
cast_info,134097
cast_info,134109
cast_info,134140
cast_info,134149
cast_info,134158
cast_info,134177
cast_info,134241
cast_info,134242
cast_info,134251
cast_info,134261
cast_info,134265
cast_info,134276
cast_info,134278
cast_info,134285
cast_info,134295
cast_info,134305
cast_info,134306
cast_info,134320
cast_info,134368
cast_info,134384
cast_info,134407
cast_info,134426
cast_info,134430
cast_info,134439
cast_info,134448
cast_info,134466
cast_info,134476
cast_info,134503
cast_info,134511
cast_info,134516
cast_info,134518
cast_info,134588
cast_info,134598
cast_info,134608
cast_info,134614
cast_info,134619
cast_info,134620
cast_info,134623
cast_info,134630
cast_info,134637
cast_info,134709
cast_info,134717
cast_info,134719
cast_info,134730
cast_info,134736
cast_info,134752
cast_info,134793
cast_info,134795
cast_info,134806
cast_info,134846
cast_info,134860
cast_info,134889
cast_info,134893
cast_info,134898
cast_info,134944
cast_info,134950
cast_info,134997
cast_info,135004
cast_info,135006
cast_info,135030
cast_info,135059
cast_info,135082
cast_info,135123
cast_info,135125
cast_info,135153
cast_info,135158
cast_info,135214
cast_info,135216
cast_info,135217
cast_info,135222
cast_info,135292
cast_info,135301
cast_info,135306
cast_info,135311
cast_info,135314
cast_info,135319
cast_info,135352
cast_info,135361
cast_info,135369
cast_info,135381
cast_info,135403
cast_info,135424
cast_info,135427
cast_info,135430
cast_info,135434
cast_info,135437
cast_info,135441
cast_info,135445
cast_info,135450
cast_info,135463
cast_info,135467
cast_info,135471
cast_info,135473
cast_info,135480
cast_info,135496
cast_info,135507
cast_info,135521
cast_info,135531
cast_info,135543
cast_info,135547
cast_info,135550
cast_info,135556
cast_info,135591
cast_info,135601
cast_info,135619
cast_info,135649
cast_info,135695
cast_info,135704
cast_info,135728
cast_info,135737
cast_info,135738
cast_info,135748
cast_info,135768
cast_info,135770
cast_info,135773
cast_info,135776
cast_info,135779
cast_info,135780
cast_info,135860
cast_info,135909
cast_info,135941
cast_info,136008
cast_info,136013
cast_info,136020
cast_info,136039
cast_info,136055
cast_info,136056
cast_info,136057
cast_info,136106
cast_info,136118
cast_info,136127
cast_info,136142
cast_info,136146
cast_info,136148
cast_info,136152
cast_info,136153
cast_info,136164
cast_info,136175
cast_info,136187
cast_info,136213
cast_info,136233
cast_info,136243
cast_info,136246
cast_info,136253
cast_info,136270
cast_info,136330
cast_info,136331
cast_info,136337
cast_info,136340
cast_info,136346
cast_info,136389
cast_info,136404
cast_info,136416
cast_info,136443
cast_info,136444
cast_info,136452
cast_info,136454
cast_info,136466
cast_info,136470
cast_info,136485
cast_info,136525
cast_info,136582
cast_info,136622
cast_info,136642
cast_info,136646
cast_info,136672
cast_info,136676
cast_info,136712
cast_info,136713
cast_info,136731
cast_info,136747
cast_info,136803
cast_info,136804
cast_info,136824
cast_info,136834
cast_info,136836
cast_info,136843
cast_info,136844
cast_info,136872
cast_info,136873
cast_info,136891
cast_info,136898
cast_info,136909
cast_info,136931
cast_info,136939
cast_info,136947
cast_info,136948
cast_info,136973
cast_info,136987
cast_info,136988
cast_info,137016
cast_info,137017
cast_info,137022
cast_info,137034
cast_info,137035
cast_info,137087
cast_info,137088
cast_info,137089
cast_info,137091
cast_info,137092
cast_info,137120
cast_info,137129
cast_info,137144
cast_info,137146
cast_info,137229
cast_info,137232
cast_info,137235
cast_info,137257
cast_info,137265
cast_info,137279
cast_info,137280
cast_info,137284
cast_info,137286
cast_info,137294
cast_info,137295
cast_info,137329
cast_info,137339
cast_info,137361
cast_info,137366
cast_info,137368
cast_info,137397
cast_info,137502
cast_info,137513
cast_info,137551
cast_info,137581
cast_info,137595
cast_info,137621
cast_info,137640
cast_info,137656
cast_info,137660
cast_info,137788
cast_info,137791
cast_info,137796
cast_info,137797
cast_info,137840
cast_info,137851
cast_info,137856
cast_info,137867
cast_info,137877
cast_info,137892
cast_info,137953
cast_info,137959
cast_info,137988
cast_info,138005
cast_info,138020
cast_info,138023
cast_info,138045
cast_info,138059
cast_info,138109
cast_info,138117
cast_info,138119
cast_info,138120
cast_info,138121
cast_info,138137
cast_info,138139
cast_info,138140
cast_info,138150
cast_info,138171
cast_info,138177
cast_info,138178
cast_info,138179
cast_info,138210
cast_info,138220
cast_info,138235
cast_info,138243
cast_info,138248
cast_info,138277
cast_info,138313
cast_info,138315
cast_info,138331
cast_info,138338
cast_info,138355
cast_info,138365
cast_info,138379
cast_info,138407
cast_info,138409
cast_info,138422
cast_info,138424
cast_info,138425
cast_info,138499
cast_info,138501
cast_info,138561
cast_info,138587
cast_info,138622
cast_info,138624
cast_info,138625
cast_info,138641
cast_info,138652
cast_info,138664
cast_info,138666
cast_info,138702
cast_info,138705
cast_info,138744
cast_info,138753
cast_info,138766
cast_info,138795
cast_info,138817
cast_info,138829
cast_info,138859
cast_info,138932
cast_info,138965
cast_info,138970
cast_info,139016
cast_info,139022
cast_info,139054
cast_info,139075
cast_info,139092
cast_info,139139
cast_info,139140
cast_info,139173
cast_info,139197
cast_info,139199
cast_info,139200
cast_info,139241
cast_info,139254
cast_info,139277
cast_info,139297
cast_info,139370
cast_info,139383
cast_info,139407
cast_info,139408
cast_info,139411
cast_info,139423
cast_info,139439
cast_info,139441
cast_info,139470
cast_info,139503
cast_info,139517
cast_info,139553
cast_info,139582
cast_info,139584
cast_info,139594
cast_info,139608
cast_info,139610
cast_info,139633
cast_info,139642
cast_info,139649
cast_info,139656
cast_info,139660
cast_info,139666
cast_info,139678
cast_info,139681
cast_info,139689
cast_info,139695
cast_info,139701
cast_info,139709
cast_info,139733
cast_info,139750
cast_info,139759
cast_info,139786
cast_info,139798
cast_info,139804
cast_info,139824
cast_info,139842
cast_info,139846
cast_info,139865
cast_info,139888
cast_info,139890
cast_info,139923
cast_info,139925
cast_info,139966
cast_info,140014
cast_info,140028
cast_info,140032
cast_info,140049
cast_info,140059
cast_info,140079
cast_info,140080
cast_info,140091
cast_info,140095
cast_info,140125
cast_info,140127
cast_info,140139
cast_info,140153
cast_info,140182
cast_info,140191
cast_info,140210
cast_info,140227
cast_info,140237
cast_info,140254
cast_info,140258
cast_info,140280
cast_info,140317
cast_info,140335
cast_info,140352
cast_info,140356
cast_info,140378
cast_info,140385
cast_info,140391
cast_info,140401
cast_info,140403
cast_info,140412
cast_info,140419
cast_info,140421
cast_info,140425
cast_info,140451
cast_info,140471
cast_info,140478
cast_info,140480
cast_info,140488
cast_info,140511
cast_info,140512
cast_info,140524
cast_info,140529
cast_info,140536
cast_info,140545
cast_info,140546
cast_info,140561
cast_info,140564
cast_info,140565
cast_info,140575
cast_info,140615
cast_info,140617
cast_info,140625
cast_info,140644
cast_info,140645
cast_info,140646
cast_info,140657
cast_info,140660
cast_info,140670
cast_info,140683
cast_info,140695
cast_info,140708
cast_info,140719
cast_info,140720
cast_info,140729
cast_info,140749
cast_info,140764
cast_info,140768
cast_info,140770
cast_info,140791
cast_info,140792
cast_info,140793
cast_info,140811
cast_info,140839
cast_info,140863
cast_info,140882
cast_info,140887
cast_info,140930
cast_info,140939
cast_info,140940
cast_info,140948
cast_info,140961
cast_info,140971
cast_info,140978
cast_info,141068
cast_info,141085
cast_info,141090
cast_info,141118
cast_info,141125
cast_info,141153
cast_info,141164
cast_info,141167
cast_info,141240
cast_info,141241
cast_info,141242
cast_info,141243
cast_info,141248
cast_info,141276
cast_info,141289
cast_info,141319
cast_info,141340
cast_info,141345
cast_info,141351
cast_info,141395
cast_info,141398
cast_info,141405
cast_info,141408
cast_info,141414
cast_info,141422
cast_info,141434
cast_info,141439
cast_info,141457
cast_info,141458
cast_info,141462
cast_info,141464
cast_info,141503
cast_info,141518
cast_info,141519
cast_info,141520
cast_info,141529
cast_info,141530
cast_info,141538
cast_info,141542
cast_info,141554
cast_info,141599
cast_info,141618
cast_info,141634
cast_info,141635
cast_info,141638
cast_info,141641
cast_info,141667
cast_info,141671
cast_info,141702
cast_info,141711
cast_info,141718
cast_info,141738
cast_info,141768
cast_info,141769
cast_info,141808
cast_info,141813
cast_info,141814
cast_info,141816
cast_info,141829
cast_info,141832
cast_info,141833
cast_info,141844
cast_info,141848
cast_info,141849
cast_info,141859
cast_info,141895
cast_info,141896
cast_info,141903
cast_info,141906
cast_info,141907
cast_info,141913
cast_info,141930
cast_info,141932
cast_info,141936
cast_info,141952
cast_info,141953
cast_info,141966
cast_info,142038
cast_info,142057
cast_info,142064
cast_info,142065
cast_info,142066
cast_info,142067
cast_info,142084
cast_info,142086
cast_info,142095
cast_info,142104
cast_info,142174
cast_info,142226
cast_info,142313
cast_info,142324
cast_info,142330
cast_info,142341
cast_info,142360
cast_info,142400
cast_info,142404
cast_info,142412
cast_info,142414
cast_info,142420
cast_info,142443
cast_info,142453
cast_info,142455
cast_info,142459
cast_info,142472
cast_info,142517
cast_info,142541
cast_info,142542
cast_info,142548
cast_info,142570
cast_info,142587
cast_info,142603
cast_info,142609
cast_info,142622
cast_info,142647
cast_info,142668
cast_info,142680
cast_info,142695
cast_info,142707
cast_info,142730
cast_info,142731
cast_info,142809
cast_info,142815
cast_info,142819
cast_info,142821
cast_info,142825
cast_info,142891
cast_info,142912
cast_info,142921
cast_info,142938
cast_info,142941
cast_info,142949
cast_info,142961
cast_info,142963
cast_info,142983
cast_info,142995
cast_info,142996
cast_info,143011
cast_info,143114
cast_info,143135
cast_info,143140
cast_info,143143
cast_info,143168
cast_info,143177
cast_info,143219
cast_info,143221
cast_info,143230
cast_info,143247
cast_info,143249
cast_info,143265
cast_info,143269
cast_info,143278
cast_info,143288
cast_info,143307
cast_info,143308
cast_info,143310
cast_info,143319
cast_info,143321
cast_info,143327
cast_info,143333
cast_info,143338
cast_info,143339
cast_info,143346
cast_info,143369
cast_info,143370
cast_info,143396
cast_info,143415
cast_info,143420
cast_info,143431
cast_info,143432
cast_info,143446
cast_info,143459
cast_info,143495
cast_info,143501
cast_info,143503
cast_info,143531
cast_info,143537
cast_info,143541
cast_info,143548
cast_info,143551
cast_info,143569
cast_info,143573
cast_info,143622
cast_info,143628
cast_info,143640
cast_info,143653
cast_info,143657
cast_info,143661
cast_info,143698
cast_info,143715
cast_info,143716
cast_info,143721
cast_info,143728
cast_info,143746
cast_info,143757
cast_info,143778
cast_info,143798
cast_info,143816
cast_info,143841
cast_info,143851
cast_info,143874
cast_info,143898
cast_info,143905
cast_info,143910
cast_info,143920
cast_info,143921
cast_info,143962
cast_info,143977
cast_info,144014
cast_info,144033
cast_info,144053
cast_info,144058
cast_info,144075
cast_info,144119
cast_info,144147
cast_info,144159
cast_info,144160
cast_info,144167
cast_info,144185
cast_info,144192
cast_info,144226
cast_info,144236
cast_info,144246
cast_info,144256
cast_info,144292
cast_info,144298
cast_info,144306
cast_info,144313
cast_info,144322
cast_info,144336
cast_info,144372
cast_info,144383
cast_info,144407
cast_info,144412
cast_info,144413
cast_info,144522
cast_info,144533
cast_info,144541
cast_info,144546
cast_info,144562
cast_info,144571
cast_info,144628
cast_info,144636
cast_info,144641
cast_info,144643
cast_info,144663
cast_info,144679
cast_info,144730
cast_info,144747
cast_info,144761
cast_info,144798
cast_info,144803
cast_info,144841
cast_info,144842
cast_info,144877
cast_info,144903
cast_info,144934
cast_info,144949
cast_info,144950
cast_info,144956
cast_info,145007
cast_info,145023
cast_info,145027
cast_info,145042
cast_info,145057
cast_info,145082
cast_info,145085
cast_info,145125
cast_info,145140
cast_info,145150
cast_info,145161
cast_info,145206
cast_info,145243
cast_info,145284
cast_info,145288
cast_info,145289
cast_info,145320
cast_info,145322
cast_info,145392
cast_info,145399
cast_info,145446
cast_info,145451
cast_info,145459
cast_info,145473
cast_info,145525
cast_info,145528
cast_info,145568
cast_info,145577
cast_info,145590
cast_info,145593
cast_info,145607
cast_info,145611
cast_info,145646
cast_info,145647
cast_info,145650
cast_info,145661
cast_info,145702
cast_info,145705
cast_info,145711
cast_info,145740
cast_info,145751
cast_info,145800
cast_info,145806
cast_info,145809
cast_info,145822
cast_info,145831
cast_info,145849
cast_info,145880
cast_info,145898
cast_info,145900
cast_info,145905
cast_info,145942
cast_info,145979
cast_info,145985
cast_info,146012
cast_info,146052
cast_info,146096
cast_info,146189
cast_info,146201
cast_info,146243
cast_info,146246
cast_info,146271
cast_info,146376
cast_info,146379
cast_info,146398
cast_info,146416
cast_info,146425
cast_info,146463
cast_info,146488
cast_info,146499
cast_info,146526
cast_info,146566
cast_info,146577
cast_info,146596
cast_info,146618
cast_info,146619
cast_info,146632
cast_info,146653
cast_info,146666
cast_info,146673
cast_info,146755
cast_info,146771
cast_info,146780
cast_info,146804
cast_info,146822
cast_info,146827
cast_info,146838
cast_info,146839
cast_info,146840
cast_info,146851
cast_info,146861
cast_info,146873
cast_info,146910
cast_info,146973
cast_info,146979
cast_info,146984
cast_info,146991
cast_info,146992
cast_info,146993
cast_info,146998
cast_info,147002
cast_info,147003
cast_info,147006
cast_info,147017
cast_info,147026
cast_info,147046
cast_info,147070
cast_info,147072
cast_info,147097
cast_info,147101
cast_info,147111
cast_info,147114
cast_info,147125
cast_info,147130
cast_info,147132
cast_info,147138
cast_info,147209
cast_info,147212
cast_info,147231
cast_info,147268
cast_info,147272
cast_info,147299
cast_info,147321
cast_info,147363
cast_info,147368
cast_info,147372
cast_info,147373
cast_info,147395
cast_info,147453
cast_info,147459
cast_info,147551
cast_info,147565
cast_info,147582
cast_info,147613
cast_info,147614
cast_info,147620
cast_info,147622
cast_info,147631
cast_info,147647
cast_info,147669
cast_info,147691
cast_info,147695
cast_info,147699
cast_info,147715
cast_info,147754
cast_info,147766
cast_info,147770
cast_info,147771
cast_info,147780
cast_info,147784
cast_info,147789
cast_info,147836
cast_info,147838
cast_info,147840
cast_info,147841
cast_info,147844
cast_info,147846
cast_info,147877
cast_info,147890
cast_info,147911
cast_info,147915
cast_info,147916
cast_info,147917
cast_info,147922
cast_info,147923
cast_info,147925
cast_info,147929
cast_info,147930
cast_info,147933
cast_info,147939
cast_info,147940
cast_info,147942
cast_info,147957
cast_info,147958
cast_info,147966
cast_info,147967
cast_info,147999
cast_info,148027
cast_info,148041
cast_info,148043
cast_info,148046
cast_info,148047
cast_info,148126
cast_info,148163
cast_info,148196
cast_info,148217
cast_info,148231
cast_info,148237
cast_info,148268
cast_info,148287
cast_info,148288
cast_info,148297
cast_info,148310
cast_info,148328
cast_info,148332
cast_info,148340
cast_info,148355
cast_info,148359
cast_info,148360
cast_info,148361
cast_info,148369
cast_info,148372
cast_info,148373
cast_info,148378
cast_info,148384
cast_info,148387
cast_info,148408
cast_info,148413
cast_info,148435
cast_info,148436
cast_info,148451
cast_info,148469
cast_info,148477
cast_info,148491
cast_info,148500
cast_info,148528
cast_info,148529
cast_info,148554
cast_info,148588
cast_info,148607
cast_info,148614
cast_info,148660
cast_info,148672
cast_info,148676
cast_info,148686
cast_info,148689
cast_info,148698
cast_info,148781
cast_info,148795
cast_info,148814
cast_info,148822
cast_info,148824
cast_info,148832
cast_info,148838
cast_info,148854
cast_info,148865
cast_info,148866
cast_info,148867
cast_info,148869
cast_info,148879
cast_info,148889
cast_info,148891
cast_info,148901
cast_info,148905
cast_info,148911
cast_info,148912
cast_info,148916
cast_info,148919
cast_info,148928
cast_info,148929
cast_info,148930
cast_info,148934
cast_info,148936
cast_info,148938
cast_info,148949
cast_info,148950
cast_info,148951
cast_info,148963
cast_info,148964
cast_info,148972
cast_info,148977
cast_info,149009
cast_info,149011
cast_info,149014
cast_info,149022
cast_info,149024
cast_info,149032
cast_info,149038
cast_info,149065
cast_info,149072
cast_info,149080
cast_info,149084
cast_info,149086
cast_info,149091
cast_info,149096
cast_info,149107
cast_info,149117
cast_info,149119
cast_info,149120
cast_info,149157
cast_info,149167
cast_info,149168
cast_info,149169
cast_info,149170
cast_info,149171
cast_info,149198
cast_info,149202
cast_info,149203
cast_info,149205
cast_info,149207
cast_info,149215
cast_info,149218
cast_info,149219
cast_info,149230
cast_info,149249
cast_info,149255
cast_info,149296
cast_info,149297
cast_info,149298
cast_info,149317
cast_info,149319
cast_info,149331
cast_info,149350
cast_info,149358
cast_info,149371
cast_info,149382
cast_info,149388
cast_info,149416
cast_info,149439
cast_info,149470
cast_info,149496
cast_info,149498
cast_info,149515
cast_info,149543
cast_info,149545
cast_info,149581
cast_info,149602
cast_info,149603
cast_info,149604
cast_info,149606
cast_info,149612
cast_info,149621
cast_info,149626
cast_info,149652
cast_info,149657
cast_info,149662
cast_info,149673
cast_info,149682
cast_info,149704
cast_info,149712
cast_info,149713
cast_info,149722
cast_info,149730
cast_info,149732
cast_info,149741
cast_info,149750
cast_info,149776
cast_info,149777
cast_info,149808
cast_info,149820
cast_info,149843
cast_info,149846
cast_info,149849
cast_info,149853
cast_info,149854
cast_info,149876
cast_info,149894
cast_info,149934
cast_info,149945
cast_info,149950
cast_info,149966
cast_info,149985
cast_info,149987
cast_info,149993
cast_info,150013
cast_info,150014
cast_info,150018
cast_info,150029
cast_info,150030
cast_info,150031
cast_info,150033
cast_info,150053
cast_info,150094
cast_info,150110
cast_info,150115
cast_info,150126
cast_info,150134
cast_info,150137
cast_info,150141
cast_info,150142
cast_info,150151
cast_info,150163
cast_info,150170
cast_info,150181
cast_info,150192
cast_info,150235
cast_info,150251
cast_info,150265
cast_info,150270
cast_info,150281
cast_info,150306
cast_info,150311
cast_info,150314
cast_info,150327
cast_info,150349
cast_info,150386
cast_info,150404
cast_info,150405
cast_info,150438
cast_info,150439
cast_info,150454
cast_info,150506
cast_info,150511
cast_info,150521
cast_info,150525
cast_info,150526
cast_info,150542
cast_info,150545
cast_info,150554
cast_info,150589
cast_info,150594
cast_info,150614
cast_info,150618
cast_info,150619
cast_info,150634
cast_info,150638
cast_info,150642
cast_info,150646
cast_info,150668
cast_info,150681
cast_info,150687
cast_info,150689
cast_info,150782
cast_info,150801
cast_info,150820
cast_info,150821
cast_info,150834
cast_info,150838
cast_info,150849
cast_info,150856
cast_info,150860
cast_info,150869
cast_info,150872
cast_info,150886
cast_info,150899
cast_info,150919
cast_info,150924
cast_info,150931
cast_info,150938
cast_info,150941
cast_info,150986
cast_info,151013
cast_info,151024
cast_info,151066
cast_info,151073
cast_info,151076
cast_info,151166
cast_info,151193
cast_info,151210
cast_info,151211
cast_info,151216
cast_info,151223
cast_info,151230
cast_info,151237
cast_info,151244
cast_info,151254
cast_info,151260
cast_info,151262
cast_info,151270
cast_info,151275
cast_info,151292
cast_info,151300
cast_info,151318
cast_info,151322
cast_info,151342
cast_info,151349
cast_info,151364
cast_info,151371
cast_info,151384
cast_info,151388
cast_info,151396
cast_info,151444
cast_info,151452
cast_info,151460
cast_info,151464
cast_info,151477
cast_info,151485
cast_info,151487
cast_info,151511
cast_info,151521
cast_info,151546
cast_info,151556
cast_info,151573
cast_info,151591
cast_info,151607
cast_info,151608
cast_info,151613
cast_info,151655
cast_info,151675
cast_info,151678
cast_info,151692
cast_info,151708
cast_info,151714
cast_info,151717
cast_info,151719
cast_info,151733
cast_info,151735
cast_info,151738
cast_info,151756
cast_info,151767
cast_info,151802
cast_info,151840
cast_info,151854
cast_info,151866
cast_info,151897
cast_info,151952
cast_info,151959
cast_info,151982
cast_info,151996
cast_info,151997
cast_info,152021
cast_info,152031
cast_info,152061
cast_info,152068
cast_info,152089
cast_info,152204
cast_info,152247
cast_info,152308
cast_info,152312
cast_info,152370
cast_info,152376
cast_info,152378
cast_info,152396
cast_info,152398
cast_info,152406
cast_info,152427
cast_info,152433
cast_info,152434
cast_info,152436
cast_info,152448
cast_info,152502
cast_info,152512
cast_info,152515
cast_info,152542
cast_info,152545
cast_info,152556
cast_info,152566
cast_info,152583
cast_info,152584
cast_info,152638
cast_info,152646
cast_info,152728
cast_info,152729
cast_info,152731
cast_info,152736
cast_info,152739
cast_info,152746
cast_info,152752
cast_info,152757
cast_info,152763
cast_info,152766
cast_info,152786
cast_info,152816
cast_info,152826
cast_info,152905
cast_info,152949
cast_info,152963
cast_info,152991
cast_info,152998
cast_info,153001
cast_info,153010
cast_info,153011
cast_info,153014
cast_info,153050
cast_info,153093
cast_info,153103
cast_info,153104
cast_info,153108
cast_info,153114
cast_info,153116
cast_info,153135
cast_info,153137
cast_info,153158
cast_info,153160
cast_info,153165
cast_info,153180
cast_info,153187
cast_info,153193
cast_info,153230
cast_info,153236
cast_info,153250
cast_info,153284
cast_info,153300
cast_info,153378
cast_info,153382
cast_info,153418
cast_info,153421
cast_info,153435
cast_info,153532
cast_info,153544
cast_info,153545
cast_info,153557
cast_info,153561
cast_info,153562
cast_info,153571
cast_info,153587
cast_info,153595
cast_info,153600
cast_info,153605
cast_info,153608
cast_info,153609
cast_info,153615
cast_info,153649
cast_info,153656
cast_info,153674
cast_info,153743
cast_info,153750
cast_info,153751
cast_info,153762
cast_info,153771
cast_info,153772
cast_info,153784
cast_info,153813
cast_info,153817
cast_info,153827
cast_info,153829
cast_info,153844
cast_info,153855
cast_info,153904
cast_info,153905
cast_info,153918
cast_info,153923
cast_info,153989
cast_info,154002
cast_info,154003
cast_info,154020
cast_info,154025
cast_info,154032
cast_info,154043
cast_info,154085
cast_info,154087
cast_info,154095
cast_info,154096
cast_info,154105
cast_info,154109
cast_info,154116
cast_info,154124
cast_info,154140
cast_info,154155
cast_info,154156
cast_info,154157
cast_info,154205
cast_info,154207
cast_info,154209
cast_info,154230
cast_info,154232
cast_info,154249
cast_info,154265
cast_info,154271
cast_info,154272
cast_info,154273
cast_info,154331
cast_info,154335
cast_info,154345
cast_info,154371
cast_info,154376
cast_info,154387
cast_info,154400
cast_info,154402
cast_info,154409
cast_info,154412
cast_info,154418
cast_info,154434
cast_info,154439
cast_info,154448
cast_info,154453
cast_info,154469
cast_info,154472
cast_info,154496
cast_info,154504
cast_info,154517
cast_info,154543
cast_info,154550
cast_info,154561
cast_info,154570
cast_info,154575
cast_info,154594
cast_info,154617
cast_info,154620
cast_info,154636
cast_info,154651
cast_info,154663
cast_info,154669
cast_info,154678
cast_info,154681
cast_info,154683
cast_info,154716
cast_info,154738
cast_info,154739
cast_info,154770
cast_info,154772
cast_info,154792
cast_info,154802
cast_info,154824
cast_info,154827
cast_info,154841
cast_info,154847
cast_info,154880
cast_info,154892
cast_info,154914
cast_info,154938
cast_info,154950
cast_info,154953
cast_info,154969
cast_info,154972
cast_info,154973
cast_info,154974
cast_info,154978
cast_info,154993
cast_info,154994
cast_info,154999
cast_info,155003
cast_info,155008
cast_info,155030
cast_info,155045
cast_info,155047
cast_info,155058
cast_info,155073
cast_info,155086
cast_info,155095
cast_info,155104
cast_info,155141
cast_info,155164
cast_info,155165
cast_info,155180
cast_info,155262
cast_info,155300
cast_info,155303
cast_info,155340
cast_info,155341
cast_info,155345
cast_info,155360
cast_info,155426
cast_info,155438
cast_info,155440
cast_info,155452
cast_info,155454
cast_info,155463
cast_info,155474
cast_info,155479
cast_info,155495
cast_info,155504
cast_info,155525
cast_info,155527
cast_info,155578
cast_info,155634
cast_info,155647
cast_info,155673
cast_info,155677
cast_info,155685
cast_info,155688
cast_info,155734
cast_info,155735
cast_info,155740
cast_info,155741
cast_info,155757
cast_info,155765
cast_info,155766
cast_info,155790
cast_info,155795
cast_info,155799
cast_info,155809
cast_info,155815
cast_info,155834
cast_info,155835
cast_info,155841
cast_info,155851
cast_info,155869
cast_info,155873
cast_info,155897
cast_info,155922
cast_info,155923
cast_info,155934
cast_info,155943
cast_info,155945
cast_info,155953
cast_info,155954
cast_info,155955
cast_info,155988
cast_info,156035
cast_info,156040
cast_info,156042
cast_info,156044
cast_info,156048
cast_info,156056
cast_info,156070
cast_info,156072
cast_info,156076
cast_info,156092
cast_info,156123
cast_info,156124
cast_info,156144
cast_info,156145
cast_info,156173
cast_info,156179
cast_info,156190
cast_info,156203
cast_info,156225
cast_info,156226
cast_info,156264
cast_info,156351
cast_info,156385
cast_info,156399
cast_info,156400
cast_info,156418
cast_info,156432
cast_info,156437
cast_info,156474
cast_info,156475
cast_info,156484
cast_info,156515
cast_info,156562
cast_info,156585
cast_info,156595
cast_info,156620
cast_info,156637
cast_info,156660
cast_info,156664
cast_info,156668
cast_info,156674
cast_info,156701
cast_info,156721
cast_info,156727
cast_info,156729
cast_info,156735
cast_info,156745
cast_info,156746
cast_info,156776
cast_info,156777
cast_info,156784
cast_info,156801
cast_info,156833
cast_info,156850
cast_info,156865
cast_info,156875
cast_info,156882
cast_info,156888
cast_info,156948
cast_info,156963
cast_info,156967
cast_info,156990
cast_info,156993
cast_info,157011
cast_info,157027
cast_info,157031
cast_info,157039
cast_info,157070
cast_info,157093
cast_info,157136
cast_info,157154
cast_info,157158
cast_info,157179
cast_info,157193
cast_info,157240
cast_info,157266
cast_info,157280
cast_info,157313
cast_info,157327
cast_info,157341
cast_info,157376
cast_info,157455
cast_info,157467
cast_info,157480
cast_info,157482
cast_info,157488
cast_info,157503
cast_info,157547
cast_info,157568
cast_info,157569
cast_info,157586
cast_info,157614
cast_info,157620
cast_info,157632
cast_info,157634
cast_info,157641
cast_info,157660
cast_info,157684
cast_info,157725
cast_info,157745
cast_info,157763
cast_info,157817
cast_info,157824
cast_info,157832
cast_info,157833
cast_info,157840
cast_info,157842
cast_info,157876
cast_info,157928
cast_info,157929
cast_info,157937
cast_info,157944
cast_info,157987
cast_info,157992
cast_info,157998
cast_info,158008
cast_info,158036
cast_info,158042
cast_info,158085
cast_info,158091
cast_info,158113
cast_info,158121
cast_info,158125
cast_info,158126
cast_info,158148
cast_info,158169
cast_info,158182
cast_info,158198
cast_info,158218
cast_info,158219
cast_info,158220
cast_info,158228
cast_info,158244
cast_info,158252
cast_info,158277
cast_info,158316
cast_info,158321
cast_info,158322
cast_info,158323
cast_info,158324
cast_info,158340
cast_info,158370
cast_info,158390
cast_info,158396
cast_info,158409
cast_info,158433
cast_info,158580
cast_info,158612
cast_info,158628
cast_info,158633
cast_info,158638
cast_info,158640
cast_info,158650
cast_info,158687
cast_info,158701
cast_info,158704
cast_info,158708
cast_info,158724
cast_info,158729
cast_info,158730
cast_info,158760
cast_info,158784
cast_info,158814
cast_info,158832
cast_info,158850
cast_info,158862
cast_info,158870
cast_info,158873
cast_info,158874
cast_info,158875
cast_info,158877
cast_info,158891
cast_info,158892
cast_info,158895
cast_info,158900
cast_info,158925
cast_info,158951
cast_info,158962
cast_info,158964
cast_info,158975
cast_info,158989
cast_info,159001
cast_info,159005
cast_info,159009
cast_info,159042
cast_info,159059
cast_info,159060
cast_info,159077
cast_info,159078
cast_info,159084
cast_info,159089
cast_info,159098
cast_info,159100
cast_info,159103
cast_info,159119
cast_info,159121
cast_info,159162
cast_info,159178
cast_info,159191
cast_info,159221
cast_info,159274
cast_info,159306
cast_info,159315
cast_info,159335
cast_info,159336
cast_info,159348
cast_info,159356
cast_info,159386
cast_info,159388
cast_info,159404
cast_info,159424
cast_info,159434
cast_info,159436
cast_info,159437
cast_info,159443
cast_info,159450
cast_info,159457
cast_info,159462
cast_info,159463
cast_info,159464
cast_info,159467
cast_info,159474
cast_info,159481
cast_info,159483
cast_info,159493
cast_info,159496
cast_info,159507
cast_info,159515
cast_info,159541
cast_info,159559
cast_info,159564
cast_info,159574
cast_info,159583
cast_info,159584
cast_info,159601
cast_info,159624
cast_info,159683
cast_info,159684
cast_info,159709
cast_info,159712
cast_info,159720
cast_info,159722
cast_info,159723
cast_info,159748
cast_info,159749
cast_info,159750
cast_info,159754
cast_info,159762
cast_info,159765
cast_info,159769
cast_info,159782
cast_info,159783
cast_info,159784
cast_info,159803
cast_info,159808
cast_info,159812
cast_info,159817
cast_info,159826
cast_info,159836
cast_info,159851
cast_info,159855
cast_info,159856
cast_info,159861
cast_info,159863
cast_info,159869
cast_info,159870
cast_info,159907
cast_info,159918
cast_info,159921
cast_info,159926
cast_info,159971
cast_info,159986
cast_info,160007
cast_info,160012
cast_info,160020
cast_info,160024
cast_info,160040
cast_info,160051
cast_info,160062
cast_info,160067
cast_info,160096
cast_info,160097
cast_info,160107
cast_info,160132
cast_info,160142
cast_info,160151
cast_info,160172
cast_info,160187
cast_info,160189
cast_info,160201
cast_info,160209
cast_info,160228
cast_info,160229
cast_info,160244
cast_info,160291
cast_info,160295
cast_info,160309
cast_info,160332
cast_info,160341
cast_info,160344
cast_info,160349
cast_info,160362
cast_info,160388
cast_info,160393
cast_info,160407
cast_info,160413
cast_info,160437
cast_info,160440
cast_info,160446
cast_info,160456
cast_info,160457
cast_info,160463
cast_info,160502
cast_info,160505
cast_info,160513
cast_info,160526
cast_info,160532
cast_info,160544
cast_info,160553
cast_info,160557
cast_info,160560
cast_info,160571
cast_info,160586
cast_info,160590
cast_info,160607
cast_info,160619
cast_info,160663
cast_info,160668
cast_info,160670
cast_info,160671
cast_info,160678
cast_info,160694
cast_info,160697
cast_info,160722
cast_info,160751
cast_info,160766
cast_info,160772
cast_info,160821
cast_info,160892
cast_info,160896
cast_info,160931
cast_info,160940
cast_info,160953
cast_info,160967
cast_info,160972
cast_info,160979
cast_info,160980
cast_info,160996
cast_info,161022
cast_info,161027
cast_info,161128
cast_info,161129
cast_info,161147
cast_info,161150
cast_info,161151
cast_info,161160
cast_info,161161
cast_info,161162
cast_info,161198
cast_info,161209
cast_info,161215
cast_info,161234
cast_info,161235
cast_info,161241
cast_info,161242
cast_info,161262
cast_info,161267
cast_info,161286
cast_info,161290
cast_info,161291
cast_info,161295
cast_info,161328
cast_info,161334
cast_info,161344
cast_info,161383
cast_info,161386
cast_info,161412
cast_info,161468
cast_info,161471
cast_info,161502
cast_info,161504
cast_info,161566
cast_info,161580
cast_info,161587
cast_info,161593
cast_info,161602
cast_info,161643
cast_info,161667
cast_info,161721
cast_info,161722
cast_info,161723
cast_info,161729
cast_info,161775
cast_info,161798
cast_info,161801
cast_info,161861
cast_info,161862
cast_info,161882
cast_info,161886
cast_info,161909
cast_info,161910
cast_info,161924
cast_info,161937
cast_info,161956
cast_info,161957
cast_info,161960
cast_info,161973
cast_info,161974
cast_info,161978
cast_info,161982
cast_info,162009
cast_info,162013
cast_info,162035
cast_info,162070
cast_info,162074
cast_info,162092
cast_info,162097
cast_info,162101
cast_info,162134
cast_info,162153
cast_info,162199
cast_info,162205
cast_info,162222
cast_info,162226
cast_info,162257
cast_info,162264
cast_info,162267
cast_info,162280
cast_info,162291
cast_info,162293
cast_info,162299
cast_info,162311
cast_info,162322
cast_info,162327
cast_info,162328
cast_info,162348
cast_info,162349
cast_info,162350
cast_info,162351
cast_info,162371
cast_info,162383
cast_info,162390
cast_info,162402
cast_info,162433
cast_info,162449
cast_info,162460
cast_info,162468
cast_info,162489
cast_info,162539
cast_info,162543
cast_info,162556
cast_info,162561
cast_info,162602
cast_info,162605
cast_info,162608
cast_info,162610
cast_info,162628
cast_info,162656
cast_info,162657
cast_info,162665
cast_info,162671
cast_info,162679
cast_info,162683
cast_info,162704
cast_info,162716
cast_info,162723
cast_info,162731
cast_info,162742
cast_info,162757
cast_info,162776
cast_info,162777
cast_info,162784
cast_info,162807
cast_info,162812
cast_info,162823
cast_info,162824
cast_info,162826
cast_info,162832
cast_info,162834
cast_info,162838
cast_info,162842
cast_info,162853
cast_info,162860
cast_info,162862
cast_info,162864
cast_info,162869
cast_info,162941
cast_info,162947
cast_info,162973
cast_info,162988
cast_info,162992
cast_info,163045
cast_info,163057
cast_info,163088
cast_info,163100
cast_info,163109
cast_info,163113
cast_info,163117
cast_info,163121
cast_info,163131
cast_info,163147
cast_info,163174
cast_info,163188
cast_info,163192
cast_info,163197
cast_info,163212
cast_info,163235
cast_info,163239
cast_info,163241
cast_info,163242
cast_info,163245
cast_info,163247
cast_info,163332
cast_info,163364
cast_info,163390
cast_info,163391
cast_info,163426
cast_info,163427
cast_info,163433
cast_info,163455
cast_info,163456
cast_info,163469
cast_info,163493
cast_info,163499
cast_info,163506
cast_info,163511
cast_info,163514
cast_info,163543
cast_info,163555
cast_info,163617
cast_info,163674
cast_info,163692
cast_info,163719
cast_info,163737
cast_info,163745
cast_info,163747
cast_info,163782
cast_info,163783
cast_info,163807
cast_info,163811
cast_info,163839
cast_info,163849
cast_info,163870
cast_info,163871
cast_info,163900
cast_info,163901
cast_info,163931
cast_info,164047
cast_info,164049
cast_info,164051
cast_info,164056
cast_info,164115
cast_info,164126
cast_info,164166
cast_info,164175
cast_info,164191
cast_info,164205
cast_info,164209
cast_info,164210
cast_info,164211
cast_info,164238
cast_info,164296
cast_info,164304
cast_info,164330
cast_info,164335
cast_info,164346
cast_info,164372
cast_info,164376
cast_info,164395
cast_info,164422
cast_info,164435
cast_info,164475
cast_info,164485
cast_info,164490
cast_info,164506
cast_info,164522
cast_info,164601
cast_info,164655
cast_info,164669
cast_info,164672
cast_info,164678
cast_info,164710
cast_info,164746
cast_info,164753
cast_info,164782
cast_info,164800
cast_info,164828
cast_info,164829
cast_info,164836
cast_info,164878
cast_info,164905
cast_info,164929
cast_info,164935
cast_info,164959
cast_info,164961
cast_info,164962
cast_info,164972
cast_info,164975
cast_info,164988
cast_info,164996
cast_info,165038
cast_info,165054
cast_info,165094
cast_info,165121
cast_info,165127
cast_info,165129
cast_info,165180
cast_info,165186
cast_info,165200
cast_info,165207
cast_info,165208
cast_info,165210
cast_info,165212
cast_info,165213
cast_info,165214
cast_info,165216
cast_info,165256
cast_info,165273
cast_info,165278
cast_info,165279
cast_info,165282
cast_info,165304
cast_info,165351
cast_info,165354
cast_info,165357
cast_info,165359
cast_info,165361
cast_info,165364
cast_info,165378
cast_info,165392
cast_info,165393
cast_info,165394
cast_info,165402
cast_info,165426
cast_info,165428
cast_info,165436
cast_info,165437
cast_info,165440
cast_info,165443
cast_info,165444
cast_info,165457
cast_info,165458
cast_info,165462
cast_info,165469
cast_info,165472
cast_info,165477
cast_info,165478
cast_info,165483
cast_info,165484
cast_info,165487
cast_info,165489
cast_info,165493
cast_info,165524
cast_info,165534
cast_info,165556
cast_info,165562
cast_info,165564
cast_info,165567
cast_info,165580
cast_info,165605
cast_info,165607
cast_info,165662
cast_info,165665
cast_info,165691
cast_info,165711
cast_info,165746
cast_info,165768
cast_info,165775
cast_info,165786
cast_info,165787
cast_info,165788
cast_info,165799
cast_info,165815
cast_info,165826
cast_info,165833
cast_info,165847
cast_info,165849
cast_info,165853
cast_info,165854
cast_info,165925
cast_info,165934
cast_info,165940
cast_info,165941
cast_info,165946
cast_info,165957
cast_info,165992
cast_info,166014
cast_info,166044
cast_info,166090
cast_info,166103
cast_info,166111
cast_info,166117
cast_info,166140
cast_info,166142
cast_info,166161
cast_info,166164
cast_info,166181
cast_info,166188
cast_info,166211
cast_info,166213
cast_info,166225
cast_info,166230
cast_info,166231
cast_info,166232
cast_info,166255
cast_info,166265
cast_info,166299
cast_info,166310
cast_info,166321
cast_info,166337
cast_info,166342
cast_info,166375
cast_info,166402
cast_info,166431
cast_info,166444
cast_info,166446
cast_info,166482
cast_info,166494
cast_info,166498
cast_info,166525
cast_info,166528
cast_info,166543
cast_info,166614
cast_info,166615
cast_info,166616
cast_info,166617
cast_info,166621
cast_info,166622
cast_info,166654
cast_info,166772
cast_info,166773
cast_info,166800
cast_info,166833
cast_info,166848
cast_info,166869
cast_info,166878
cast_info,166884
cast_info,166928
cast_info,166936
cast_info,167020
cast_info,167023
cast_info,167024
cast_info,167029
cast_info,167062
cast_info,167085
cast_info,167104
cast_info,167108
cast_info,167113
cast_info,167120
cast_info,167139
cast_info,167200
cast_info,167204
cast_info,167206
cast_info,167207
cast_info,167224
cast_info,167225
cast_info,167287
cast_info,167350
cast_info,167466
cast_info,167493
cast_info,167497
cast_info,167498
cast_info,167499
cast_info,167503
cast_info,167524
cast_info,167536
cast_info,167537
cast_info,167594
cast_info,167599
cast_info,167602
cast_info,167603
cast_info,167612
cast_info,167637
cast_info,167639
cast_info,167648
cast_info,167656
cast_info,167672
cast_info,167687
cast_info,167720
cast_info,167729
cast_info,167736
cast_info,167831
cast_info,167849
cast_info,167871
cast_info,167876
cast_info,167898
cast_info,167952
cast_info,167967
cast_info,167983
cast_info,168014
cast_info,168020
cast_info,168123
cast_info,168135
cast_info,168141
cast_info,168164
cast_info,168220
cast_info,168223
cast_info,168252
cast_info,168293
cast_info,168306
cast_info,168370
cast_info,168373
cast_info,168412
cast_info,168419
cast_info,168435
cast_info,168509
cast_info,168602
cast_info,168622
cast_info,168632
cast_info,168671
cast_info,168672
cast_info,168679
cast_info,168703
cast_info,168760
cast_info,168774
cast_info,168777
cast_info,168785
cast_info,168786
cast_info,168840
cast_info,168902
cast_info,168903
cast_info,168943
cast_info,169026
cast_info,169107
cast_info,169125
cast_info,169150
cast_info,169184
cast_info,169202
cast_info,169205
cast_info,169247
cast_info,169248
cast_info,169285
cast_info,169292
cast_info,169346
cast_info,169347
cast_info,169406
cast_info,169419
cast_info,169445
cast_info,169446
cast_info,169467
cast_info,169490
cast_info,169583
cast_info,169634
cast_info,169682
cast_info,169696
cast_info,169747
cast_info,169818
cast_info,169827
cast_info,169830
cast_info,169859
cast_info,169879
cast_info,169971
cast_info,169981
cast_info,169999
cast_info,170053
cast_info,170077
cast_info,170080
cast_info,170166
cast_info,170169
cast_info,170178
cast_info,170196
cast_info,170200
cast_info,170216
cast_info,170217
cast_info,170225
cast_info,170226
cast_info,170229
cast_info,170269
cast_info,170271
cast_info,170296
cast_info,170312
cast_info,170352
cast_info,170371
cast_info,170434
cast_info,170485
cast_info,170496
cast_info,170508
cast_info,170542
cast_info,170543
cast_info,170557
cast_info,170576
cast_info,170581
cast_info,170584
cast_info,170585
cast_info,170631
cast_info,170691
cast_info,170757
cast_info,170771
cast_info,170797
cast_info,170807
cast_info,170812
cast_info,170824
cast_info,170864
cast_info,170887
cast_info,170912
cast_info,170975
cast_info,170977
cast_info,170981
cast_info,170986
cast_info,170994
cast_info,171014
cast_info,171017
cast_info,171025
cast_info,171100
cast_info,171102
cast_info,171104
cast_info,171233
cast_info,171339
cast_info,171403
cast_info,171428
cast_info,171445
cast_info,171455
cast_info,171466
cast_info,171476
cast_info,171542
cast_info,171555
cast_info,171560
cast_info,171601
cast_info,171650
cast_info,171659
cast_info,171732
cast_info,171743
cast_info,171820
cast_info,171847
cast_info,171867
cast_info,171868
cast_info,171869
cast_info,171879
cast_info,171905
cast_info,171911
cast_info,171917
cast_info,171942
cast_info,171960
cast_info,171985
cast_info,171991
cast_info,172001
cast_info,172043
cast_info,172096
cast_info,172098
cast_info,172101
cast_info,172102
cast_info,172110
cast_info,172128
cast_info,172149
cast_info,172170
cast_info,172236
cast_info,172254
cast_info,172261
cast_info,172292
cast_info,172333
cast_info,172355
cast_info,172360
cast_info,172376
cast_info,172456
cast_info,172473
cast_info,172477
cast_info,172478
cast_info,172494
cast_info,172534
cast_info,172540
cast_info,172542
cast_info,172544
cast_info,172546
cast_info,172564
cast_info,172565
cast_info,172570
cast_info,172599
cast_info,172609
cast_info,172637
cast_info,172638
cast_info,172656
cast_info,172680
cast_info,172704
cast_info,172713
cast_info,172761
cast_info,172834
cast_info,172872
cast_info,172891
cast_info,172988
cast_info,173030
cast_info,173058
cast_info,173070
cast_info,173211
cast_info,173225
cast_info,173235
cast_info,173244
cast_info,173313
cast_info,173355
cast_info,173386
cast_info,173488
cast_info,173489
cast_info,173504
cast_info,173600
cast_info,173695
cast_info,173702
cast_info,173718
cast_info,173724
cast_info,173800
cast_info,173813
cast_info,173835
cast_info,173850
cast_info,173855
cast_info,173856
cast_info,173858
cast_info,173890
cast_info,173928
cast_info,173954
cast_info,173956
cast_info,173966
cast_info,174045
cast_info,174134
cast_info,174154
cast_info,174184
cast_info,174213
cast_info,174226
cast_info,174245
cast_info,174260
cast_info,174303
cast_info,174327
cast_info,174362
cast_info,174404
cast_info,174405
cast_info,174440
cast_info,174482
cast_info,174496
cast_info,174553
cast_info,174576
cast_info,174577
cast_info,174579
cast_info,174582
cast_info,174584
cast_info,174596
cast_info,174597
cast_info,174602
cast_info,174606
cast_info,174607
cast_info,174610
cast_info,174613
cast_info,174629
cast_info,174656
cast_info,174666
cast_info,174683
cast_info,174712
cast_info,174718
cast_info,174802
cast_info,174820
cast_info,174838
cast_info,174845
cast_info,174847
cast_info,174852
cast_info,174855
cast_info,174857
cast_info,174858
cast_info,174891
cast_info,174910
cast_info,174925
cast_info,174960
cast_info,174968
cast_info,174969
cast_info,174994
cast_info,175009
cast_info,175034
cast_info,175070
cast_info,175084
cast_info,175086
cast_info,175094
cast_info,175106
cast_info,175111
cast_info,175113
cast_info,175141
cast_info,175156
cast_info,175160
cast_info,175168
cast_info,175169
cast_info,175178
cast_info,175180
cast_info,175184
cast_info,175186
cast_info,175188
cast_info,175189
cast_info,175190
cast_info,175197
cast_info,175200
cast_info,175208
cast_info,175211
cast_info,175214
cast_info,175215
cast_info,175221
cast_info,175227
cast_info,175228
cast_info,175248
cast_info,175261
cast_info,175288
cast_info,175300
cast_info,175318
cast_info,175341
cast_info,175342
cast_info,175360
cast_info,175361
cast_info,175363
cast_info,175373
cast_info,175374
cast_info,175377
cast_info,175389
cast_info,175392
cast_info,175394
cast_info,175420
cast_info,175527
cast_info,175533
cast_info,175699
cast_info,175730
cast_info,175731
cast_info,175744
cast_info,175765
cast_info,175805
cast_info,175828
cast_info,175837
cast_info,175838
cast_info,175847
cast_info,175866
cast_info,175885
cast_info,175903
cast_info,175923
cast_info,175935
cast_info,175942
cast_info,175950
cast_info,175992
cast_info,176061
cast_info,176113
cast_info,176134
cast_info,176164
cast_info,176240
cast_info,176276
cast_info,176279
cast_info,176301
cast_info,176305
cast_info,176328
cast_info,176338
cast_info,176348
cast_info,176362
cast_info,176384
cast_info,176389
cast_info,176392
cast_info,176394
cast_info,176399
cast_info,176445
cast_info,176531
cast_info,176533
cast_info,176535
cast_info,176536
cast_info,176541
cast_info,176575
cast_info,176576
cast_info,176577
cast_info,176582
cast_info,176587
cast_info,176590
cast_info,176608
cast_info,176618
cast_info,176620
cast_info,176622
cast_info,176624
cast_info,176640
cast_info,176642
cast_info,176654
cast_info,176670
cast_info,176687
cast_info,176688
cast_info,176709
cast_info,176711
cast_info,176722
cast_info,176739
cast_info,176761
cast_info,176768
cast_info,176777
cast_info,176821
cast_info,176831
cast_info,176847
cast_info,176946
cast_info,176950
cast_info,177001
cast_info,177044
cast_info,177053
cast_info,177055
cast_info,177080
cast_info,177081
cast_info,177184
cast_info,177214
cast_info,177286
cast_info,177332
cast_info,177376
cast_info,177420
cast_info,177460
cast_info,177465
cast_info,177494
cast_info,177498
cast_info,177538
cast_info,177556
cast_info,177583
cast_info,177590
cast_info,177629
cast_info,177639
cast_info,177648
cast_info,177657
cast_info,177665
cast_info,177747
cast_info,177818
cast_info,177836
cast_info,177850
cast_info,177856
cast_info,177863
cast_info,177884
cast_info,177890
cast_info,177891
cast_info,177898
cast_info,177922
cast_info,177976
cast_info,178084
cast_info,178099
cast_info,178110
cast_info,178168
cast_info,178206
cast_info,178216
cast_info,178255
cast_info,178321
cast_info,178351
cast_info,178421
cast_info,178437
cast_info,178438
cast_info,178456
cast_info,178514
cast_info,178525
cast_info,178549
cast_info,178552
cast_info,178581
cast_info,178603
cast_info,178612
cast_info,178676
cast_info,178678
cast_info,178727
cast_info,178749
cast_info,178761
cast_info,178762
cast_info,178774
cast_info,178778
cast_info,178793
cast_info,178837
cast_info,178881
cast_info,178898
cast_info,178921
cast_info,178952
cast_info,178968
cast_info,178980
cast_info,179033
cast_info,179069
cast_info,179097
cast_info,179110
cast_info,179116
cast_info,179126
cast_info,179136
cast_info,179157
cast_info,179214
cast_info,179229
cast_info,179230
cast_info,179248
cast_info,179251
cast_info,179279
cast_info,179288
cast_info,179291
cast_info,179321
cast_info,179333
cast_info,179345
cast_info,179365
cast_info,179376
cast_info,179383
cast_info,179384
cast_info,179390
cast_info,179413
cast_info,179415
cast_info,179433
cast_info,179446
cast_info,179451
cast_info,179513
cast_info,179521
cast_info,179533
cast_info,179539
cast_info,179562
cast_info,179565
cast_info,179578
cast_info,179658
cast_info,179724
cast_info,179739
cast_info,179746
cast_info,179760
cast_info,179766
cast_info,179774
cast_info,179791
cast_info,179806
cast_info,179818
cast_info,179824
cast_info,179840
cast_info,179848
cast_info,179857
cast_info,179872
cast_info,179882
cast_info,179943
cast_info,179978
cast_info,179982
cast_info,179983
cast_info,180021
cast_info,180048
cast_info,180049
cast_info,180053
cast_info,180093
cast_info,180129
cast_info,180130
cast_info,180209
cast_info,180231
cast_info,180234
cast_info,180235
cast_info,180261
cast_info,180275
cast_info,180277
cast_info,180288
cast_info,180298
cast_info,180358
cast_info,180429
cast_info,180434
cast_info,180485
cast_info,180486
cast_info,180503
cast_info,180592
cast_info,180593
cast_info,180615
cast_info,180698
cast_info,180747
cast_info,180752
cast_info,180753
cast_info,180768
cast_info,180781
cast_info,180794
cast_info,180807
cast_info,180811
cast_info,180813
cast_info,180901
cast_info,180936
cast_info,180945
cast_info,180969
cast_info,180974
cast_info,180993
cast_info,181024
cast_info,181032
cast_info,181052
cast_info,181071
cast_info,181077
cast_info,181091
cast_info,181092
cast_info,181116
cast_info,181146
cast_info,181147
cast_info,181157
cast_info,181168
cast_info,181177
cast_info,181212
cast_info,181253
cast_info,181267
cast_info,181268
cast_info,181289
cast_info,181320
cast_info,181331
cast_info,181371
cast_info,181526
cast_info,181545
cast_info,181549
cast_info,181550
cast_info,181587
cast_info,181678
cast_info,181704
cast_info,181707
cast_info,181749
cast_info,181799
cast_info,181813
cast_info,181827
cast_info,181830
cast_info,181850
cast_info,181862
cast_info,181867
cast_info,181876
cast_info,181885
cast_info,181893
cast_info,181895
cast_info,181915
cast_info,181916
cast_info,181919
cast_info,181942
cast_info,181944
cast_info,181949
cast_info,181966
cast_info,181975
cast_info,181984
cast_info,181990
cast_info,182009
cast_info,182011
cast_info,182016
cast_info,182018
cast_info,182032
cast_info,182043
cast_info,182063
cast_info,182064
cast_info,182067
cast_info,182075
cast_info,182081
cast_info,182082
cast_info,182103
cast_info,182113
cast_info,182142
cast_info,182163
cast_info,182166
cast_info,182173
cast_info,182195
cast_info,182208
cast_info,182241
cast_info,182253
cast_info,182292
cast_info,182295
cast_info,182316
cast_info,182334
cast_info,182344
cast_info,182357
cast_info,182359
cast_info,182409
cast_info,182425
cast_info,182455
cast_info,182459
cast_info,182464
cast_info,182486
cast_info,182493
cast_info,182500
cast_info,182501
cast_info,182518
cast_info,182543
cast_info,182546
cast_info,182549
cast_info,182564
cast_info,182569
cast_info,182597
cast_info,182599
cast_info,182612
cast_info,182615
cast_info,182623
cast_info,182624
cast_info,182637
cast_info,182646
cast_info,182671
cast_info,182679
cast_info,182757
cast_info,182790
cast_info,182797
cast_info,182798
cast_info,182804
cast_info,182809
cast_info,182817
cast_info,182886
cast_info,182945
cast_info,182949
cast_info,182979
cast_info,182982
cast_info,182989
cast_info,183025
cast_info,183028
cast_info,183071
cast_info,183096
cast_info,183108
cast_info,183129
cast_info,183146
cast_info,183163
cast_info,183210
cast_info,183250
cast_info,183282
cast_info,183300
cast_info,183335
cast_info,183391
cast_info,183393
cast_info,183418
cast_info,183452
cast_info,183459
cast_info,183471
cast_info,183473
cast_info,183496
cast_info,183497
cast_info,183500
cast_info,183506
cast_info,183520
cast_info,183523
cast_info,183527
cast_info,183542
cast_info,183546
cast_info,183566
cast_info,183588
cast_info,183606
cast_info,183618
cast_info,183623
cast_info,183629
cast_info,183639
cast_info,183655
cast_info,183671
cast_info,183743
cast_info,183755
cast_info,183758
cast_info,183763
cast_info,183765
cast_info,183784
cast_info,183803
cast_info,183807
cast_info,183859
cast_info,183897
cast_info,183924
cast_info,183929
cast_info,183951
cast_info,183961
cast_info,183971
cast_info,184024
cast_info,184034
cast_info,184039
cast_info,184041
cast_info,184042
cast_info,184066
cast_info,184075
cast_info,184086
cast_info,184104
cast_info,184105
cast_info,184113
cast_info,184139
cast_info,184157
cast_info,184196
cast_info,184223
cast_info,184241
cast_info,184245
cast_info,184260
cast_info,184266
cast_info,184272
cast_info,184277
cast_info,184283
cast_info,184285
cast_info,184294
cast_info,184307
cast_info,184371
cast_info,184428
cast_info,184436
cast_info,184512
cast_info,184548
cast_info,184607
cast_info,184647
cast_info,184662
cast_info,184688
cast_info,184748
cast_info,184785
cast_info,184856
cast_info,185014
cast_info,185031
cast_info,185042
cast_info,185058
cast_info,185061
cast_info,185096
cast_info,185097
cast_info,185107
cast_info,185108
cast_info,185154
cast_info,185162
cast_info,185163
cast_info,185243
cast_info,185253
cast_info,185276
cast_info,185293
cast_info,185319
cast_info,185320
cast_info,185321
cast_info,185325
cast_info,185328
cast_info,185333
cast_info,185335
cast_info,185336
cast_info,185338
cast_info,185371
cast_info,185372
cast_info,185383
cast_info,185398
cast_info,185399
cast_info,185423
cast_info,185450
cast_info,185455
cast_info,185456
cast_info,185467
cast_info,185489
cast_info,185491
cast_info,185493
cast_info,185502
cast_info,185513
cast_info,185527
cast_info,185547
cast_info,185554
cast_info,185579
cast_info,185581
cast_info,185585
cast_info,185594
cast_info,185597
cast_info,185638
cast_info,185651
cast_info,185660
cast_info,185703
cast_info,185705
cast_info,185736
cast_info,185747
cast_info,185756
cast_info,185769
cast_info,185794
cast_info,185823
cast_info,185824
cast_info,185828
cast_info,185843
cast_info,185847
cast_info,185878
cast_info,185882
cast_info,185884
cast_info,185887
cast_info,185930
cast_info,185951
cast_info,185966
cast_info,186017
cast_info,186019
cast_info,186063
cast_info,186082
cast_info,186085
cast_info,186093
cast_info,186095
cast_info,186096
cast_info,186098
cast_info,186115
cast_info,186119
cast_info,186120
cast_info,186138
cast_info,186142
cast_info,186143
cast_info,186186
cast_info,186193
cast_info,186245
cast_info,186249
cast_info,186270
cast_info,186279
cast_info,186312
cast_info,186325
cast_info,186382
cast_info,186399
cast_info,186427
cast_info,186429
cast_info,186433
cast_info,186437
cast_info,186467
cast_info,186469
cast_info,186474
cast_info,186500
cast_info,186521
cast_info,186522
cast_info,186561
cast_info,186568
cast_info,186572
cast_info,186587
cast_info,186590
cast_info,186595
cast_info,186596
cast_info,186597
cast_info,186598
cast_info,186609
cast_info,186660
cast_info,186661
cast_info,186664
cast_info,186669
cast_info,186705
cast_info,186708
cast_info,186710
cast_info,186722
cast_info,186731
cast_info,186738
cast_info,186750
cast_info,186751
cast_info,186762
cast_info,186769
cast_info,186770
cast_info,186777
cast_info,186799
cast_info,186802
cast_info,186810
cast_info,186822
cast_info,186823
cast_info,186824
cast_info,186831
cast_info,186856
cast_info,186863
cast_info,186872
cast_info,186877
cast_info,186907
cast_info,186916
cast_info,186917
cast_info,186923
cast_info,186930
cast_info,186931
cast_info,186933
cast_info,186947
cast_info,186960
cast_info,186966
cast_info,186981
cast_info,187005
cast_info,187028
cast_info,187055
cast_info,187067
cast_info,187132
cast_info,187164
cast_info,187165
cast_info,187191
cast_info,187204
cast_info,187224
cast_info,187236
cast_info,187246
cast_info,187263
cast_info,187271
cast_info,187274
cast_info,187281
cast_info,187283
cast_info,187285
cast_info,187291
cast_info,187292
cast_info,187297
cast_info,187298
cast_info,187318
cast_info,187319
cast_info,187366
cast_info,187378
cast_info,187399
cast_info,187416
cast_info,187418
cast_info,187611
cast_info,187637
cast_info,187652
cast_info,187656
cast_info,187657
cast_info,187677
cast_info,187690
cast_info,187691
cast_info,187770
cast_info,187775
cast_info,187780
cast_info,187800
cast_info,187801
cast_info,187842
cast_info,187853
cast_info,187858
cast_info,187860
cast_info,187861
cast_info,187863
cast_info,187879
cast_info,187891
cast_info,187894
cast_info,187898
cast_info,187911
cast_info,187931
cast_info,187933
cast_info,187937
cast_info,187938
cast_info,187939
cast_info,187942
cast_info,187948
cast_info,187960
cast_info,187962
cast_info,187981
cast_info,187987
cast_info,187997
cast_info,188011
cast_info,188019
cast_info,188026
cast_info,188027
cast_info,188031
cast_info,188037
cast_info,188059
cast_info,188061
cast_info,188070
cast_info,188091
cast_info,188099
cast_info,188101
cast_info,188112
cast_info,188156
cast_info,188202
cast_info,188209
cast_info,188215
cast_info,188226
cast_info,188229
cast_info,188262
cast_info,188266
cast_info,188279
cast_info,188322
cast_info,188323
cast_info,188328
cast_info,188363
cast_info,188378
cast_info,188389
cast_info,188396
cast_info,188401
cast_info,188420
cast_info,188426
cast_info,188459
cast_info,188470
cast_info,188476
cast_info,188486
cast_info,188488
cast_info,188495
cast_info,188504
cast_info,188528
cast_info,188570
cast_info,188571
cast_info,188572
cast_info,188586
cast_info,188588
cast_info,188598
cast_info,188636
cast_info,188644
cast_info,188650
cast_info,188657
cast_info,188671
cast_info,188677
cast_info,188687
cast_info,188701
cast_info,188710
cast_info,188711
cast_info,188712
cast_info,188751
cast_info,188752
cast_info,188785
cast_info,188790
cast_info,188792
cast_info,188802
cast_info,188804
cast_info,188813
cast_info,188820
cast_info,188849
cast_info,188861
cast_info,188874
cast_info,188892
cast_info,188907
cast_info,188922
cast_info,188936
cast_info,188942
cast_info,188962
cast_info,188980
cast_info,188999
cast_info,189017
cast_info,189037
cast_info,189043
cast_info,189059
cast_info,189061
cast_info,189064
cast_info,189071
cast_info,189072
cast_info,189081
cast_info,189108
cast_info,189109
cast_info,189133
cast_info,189135
cast_info,189143
cast_info,189149
cast_info,189154
cast_info,189178
cast_info,189188
cast_info,189209
cast_info,189212
cast_info,189239
cast_info,189248
cast_info,189250
cast_info,189265
cast_info,189272
cast_info,189293
cast_info,189319
cast_info,189334
cast_info,189370
cast_info,189371
cast_info,189390
cast_info,189399
cast_info,189404
cast_info,189405
cast_info,189406
cast_info,189425
cast_info,189428
cast_info,189445
cast_info,189448
cast_info,189451
cast_info,189463
cast_info,189473
cast_info,189497
cast_info,189546
cast_info,189640
cast_info,189651
cast_info,189656
cast_info,189669
cast_info,189715
cast_info,189723
cast_info,189727
cast_info,189749
cast_info,189756
cast_info,189768
cast_info,189789
cast_info,189799
cast_info,189861
cast_info,189869
cast_info,189878
cast_info,189894
cast_info,189960
cast_info,189965
cast_info,189966
cast_info,189967
cast_info,189975
cast_info,189977
cast_info,189985
cast_info,189986
cast_info,189992
cast_info,189996
cast_info,190005
cast_info,190010
cast_info,190019
cast_info,190020
cast_info,190021
cast_info,190034
cast_info,190049
cast_info,190055
cast_info,190067
cast_info,190090
cast_info,190114
cast_info,190122
cast_info,190128
cast_info,190138
cast_info,190139
cast_info,190140
cast_info,190145
cast_info,190149
cast_info,190168
cast_info,190204
cast_info,190215
cast_info,190220
cast_info,190232
cast_info,190236
cast_info,190242
cast_info,190255
cast_info,190266
cast_info,190270
cast_info,190294
cast_info,190309
cast_info,190311
cast_info,190312
cast_info,190359
cast_info,190371
cast_info,190378
cast_info,190406
cast_info,190408
cast_info,190476
cast_info,190516
cast_info,190519
cast_info,190527
cast_info,190538
cast_info,190570
cast_info,190573
cast_info,190593
cast_info,190608
cast_info,190609
cast_info,190620
cast_info,190623
cast_info,190629
cast_info,190634
cast_info,190651
cast_info,190661
cast_info,190677
cast_info,190689
cast_info,190691
cast_info,190699
cast_info,190700
cast_info,190707
cast_info,190761
cast_info,190816
cast_info,190836
cast_info,190862
cast_info,190889
cast_info,190911
cast_info,190914
cast_info,190918
cast_info,190945
cast_info,190947
cast_info,190960
cast_info,190962
cast_info,190968
cast_info,190987
cast_info,190993
cast_info,190995
cast_info,191008
cast_info,191010
cast_info,191013
cast_info,191019
cast_info,191020
cast_info,191023
cast_info,191041
cast_info,191044
cast_info,191067
cast_info,191084
cast_info,191092
cast_info,191107
cast_info,191135
cast_info,191148
cast_info,191155
cast_info,191159
cast_info,191162
cast_info,191173
cast_info,191176
cast_info,191189
cast_info,191198
cast_info,191199
cast_info,191203
cast_info,191206
cast_info,191208
cast_info,191209
cast_info,191220
cast_info,191224
cast_info,191270
cast_info,191271
cast_info,191272
cast_info,191280
cast_info,191284
cast_info,191293
cast_info,191315
cast_info,191320
cast_info,191326
cast_info,191335
cast_info,191369
cast_info,191370
cast_info,191403
cast_info,191405
cast_info,191414
cast_info,191469
cast_info,191486
cast_info,191487
cast_info,191509
cast_info,191536
cast_info,191543
cast_info,191605
cast_info,191682
cast_info,191684
cast_info,191686
cast_info,191693
cast_info,191698
cast_info,191700
cast_info,191707
cast_info,191708
cast_info,191740
cast_info,191756
cast_info,191768
cast_info,191818
cast_info,191828
cast_info,191880
cast_info,191881
cast_info,191882
cast_info,191889
cast_info,191906
cast_info,191909
cast_info,191941
cast_info,191945
cast_info,191950
cast_info,191981
cast_info,191982
cast_info,191983
cast_info,191990
cast_info,191994
cast_info,192010
cast_info,192015
cast_info,192016
cast_info,192033
cast_info,192042
cast_info,192048
cast_info,192053
cast_info,192065
cast_info,192066
cast_info,192067
cast_info,192068
cast_info,192069
cast_info,192072
cast_info,192076
cast_info,192087
cast_info,192096
cast_info,192099
cast_info,192144
cast_info,192146
cast_info,192147
cast_info,192177
cast_info,192180
cast_info,192186
cast_info,192202
cast_info,192235
cast_info,192236
cast_info,192261
cast_info,192364
cast_info,192378
cast_info,192384
cast_info,192389
cast_info,192406
cast_info,192418
cast_info,192424
cast_info,192426
cast_info,192450
cast_info,192538
cast_info,192547
cast_info,192562
cast_info,192575
cast_info,192597
cast_info,192607
cast_info,192618
cast_info,192622
cast_info,192705
cast_info,192707
cast_info,192708
cast_info,192709
cast_info,192721
cast_info,192745
cast_info,192752
cast_info,192757
cast_info,192776
cast_info,192779
cast_info,192782
cast_info,192786
cast_info,192788
cast_info,192790
cast_info,192791
cast_info,192797
cast_info,192798
cast_info,192830
cast_info,192839
cast_info,192864
cast_info,192867
cast_info,192872
cast_info,192910
cast_info,192915
cast_info,192916
cast_info,192954
cast_info,192961
cast_info,192962
cast_info,192973
cast_info,192977
cast_info,192990
cast_info,192995
cast_info,193001
cast_info,193037
cast_info,193048
cast_info,193062
cast_info,193070
cast_info,193086
cast_info,193087
cast_info,193107
cast_info,193115
cast_info,193117
cast_info,193119
cast_info,193121
cast_info,193130
cast_info,193142
cast_info,193148
cast_info,193150
cast_info,193154
cast_info,193155
cast_info,193165
cast_info,193167
cast_info,193183
cast_info,193192
cast_info,193213
cast_info,193219
cast_info,193238
cast_info,193241
cast_info,193264
cast_info,193265
cast_info,193319
cast_info,193326
cast_info,193346
cast_info,193365
cast_info,193369
cast_info,193389
cast_info,193391
cast_info,193400
cast_info,193401
cast_info,193413
cast_info,193434
cast_info,193440
cast_info,193441
cast_info,193472
cast_info,193530
cast_info,193541
cast_info,193566
cast_info,193571
cast_info,193576
cast_info,193591
cast_info,193592
cast_info,193599
cast_info,193602
cast_info,193609
cast_info,193617
cast_info,193620
cast_info,193640
cast_info,193655
cast_info,193665
cast_info,193673
cast_info,193679
cast_info,193693
cast_info,193701
cast_info,193714
cast_info,193718
cast_info,193729
cast_info,193768
cast_info,193775
cast_info,193778
cast_info,193793
cast_info,193794
cast_info,193801
cast_info,193806
cast_info,193814
cast_info,193819
cast_info,193833
cast_info,193870
cast_info,193872
cast_info,193892
cast_info,193902
cast_info,193924
cast_info,193942
cast_info,193959
cast_info,193961
cast_info,193975
cast_info,193982
cast_info,193987
cast_info,194015
cast_info,194040
cast_info,194060
cast_info,194062
cast_info,194082
cast_info,194092
cast_info,194114
cast_info,194130
cast_info,194131
cast_info,194132
cast_info,194149
cast_info,194164
cast_info,194169
cast_info,194194
cast_info,194199
cast_info,194213
cast_info,194228
cast_info,194274
cast_info,194281
cast_info,194288
cast_info,194291
cast_info,194299
cast_info,194303
cast_info,194346
cast_info,194359
cast_info,194372
cast_info,194396
cast_info,194398
cast_info,194421
cast_info,194425
cast_info,194447
cast_info,194456
cast_info,194471
cast_info,194483
cast_info,194525
cast_info,194545
cast_info,194607
cast_info,194615
cast_info,194616
cast_info,194619
cast_info,194626
cast_info,194629
cast_info,194631
cast_info,194648
cast_info,194649
cast_info,194655
cast_info,194657
cast_info,194663
cast_info,194664
cast_info,194665
cast_info,194666
cast_info,194667
cast_info,194669
cast_info,194672
cast_info,194680
cast_info,194683
cast_info,194684
cast_info,194688
cast_info,194695
cast_info,194696
cast_info,194708
cast_info,194719
cast_info,194734
cast_info,194744
cast_info,194799
cast_info,194837
cast_info,194841
cast_info,194845
cast_info,194881
cast_info,194882
cast_info,194886
cast_info,194887
cast_info,194897
cast_info,194901
cast_info,194917
cast_info,194923
cast_info,194933
cast_info,194971
cast_info,194979
cast_info,194987
cast_info,194996
cast_info,195002
cast_info,195012
cast_info,195017
cast_info,195029
cast_info,195030
cast_info,195037
cast_info,195039
cast_info,195060
cast_info,195061
cast_info,195078
cast_info,195120
cast_info,195121
cast_info,195123
cast_info,195133
cast_info,195143
cast_info,195182
cast_info,195223
cast_info,195226
cast_info,195267
cast_info,195319
cast_info,195336
cast_info,195362
cast_info,195403
cast_info,195420
cast_info,195425
cast_info,195433
cast_info,195436
cast_info,195439
cast_info,195449
cast_info,195450
cast_info,195462
cast_info,195466
cast_info,195471
cast_info,195474
cast_info,195483
cast_info,195509
cast_info,195521
cast_info,195527
cast_info,195530
cast_info,195532
cast_info,195540
cast_info,195541
cast_info,195545
cast_info,195559
cast_info,195569
cast_info,195577
cast_info,195590
cast_info,195608
cast_info,195611
cast_info,195650
cast_info,195687
cast_info,195693
cast_info,195703
cast_info,195704
cast_info,195727
cast_info,195736
cast_info,195740
cast_info,195742
cast_info,195745
cast_info,195750
cast_info,195753
cast_info,195769
cast_info,195775
cast_info,195780
cast_info,195787
cast_info,195791
cast_info,195798
cast_info,195806
cast_info,195828
cast_info,195836
cast_info,195843
cast_info,195855
cast_info,195856
cast_info,195857
cast_info,195858
cast_info,195861
cast_info,195865
cast_info,195897
cast_info,195911
cast_info,195915
cast_info,195927
cast_info,195930
cast_info,195934
cast_info,195946
cast_info,195954
cast_info,195955
cast_info,195957
cast_info,195969
cast_info,195972
cast_info,195974
cast_info,195979
cast_info,196002
cast_info,196023
cast_info,196032
cast_info,196035
cast_info,196043
cast_info,196055
cast_info,196056
cast_info,196070
cast_info,196091
cast_info,196101
cast_info,196118
cast_info,196129
cast_info,196132
cast_info,196134
cast_info,196142
cast_info,196158
cast_info,196160
cast_info,196167
cast_info,196180
cast_info,196181
cast_info,196183
cast_info,196184
cast_info,196185
cast_info,196187
cast_info,196191
cast_info,196192
cast_info,196204
cast_info,196207
cast_info,196212
cast_info,196222
cast_info,196229
cast_info,196232
cast_info,196236
cast_info,196240
cast_info,196245
cast_info,196254
cast_info,196262
cast_info,196294
cast_info,196295
cast_info,196298
cast_info,196320
cast_info,196341
cast_info,196343
cast_info,196353
cast_info,196359
cast_info,196360
cast_info,196362
cast_info,196368
cast_info,196372
cast_info,196376
cast_info,196381
cast_info,196384
cast_info,196388
cast_info,196412
cast_info,196414
cast_info,196417
cast_info,196428
cast_info,196429
cast_info,196436
cast_info,196437
cast_info,196440
cast_info,196478
cast_info,196480
cast_info,196500
cast_info,196504
cast_info,196510
cast_info,196513
cast_info,196515
cast_info,196516
cast_info,196521
cast_info,196523
cast_info,196525
cast_info,196536
cast_info,196537
cast_info,196557
cast_info,196561
cast_info,196580
cast_info,196586
cast_info,196594
cast_info,196600
cast_info,196606
cast_info,196609
cast_info,196610
cast_info,196627
cast_info,196632
cast_info,196643
cast_info,196650
cast_info,196658
cast_info,196678
cast_info,196689
cast_info,196692
cast_info,196699
cast_info,196703
cast_info,196704
cast_info,196710
cast_info,196712
cast_info,196713
cast_info,196742
cast_info,196751
cast_info,196759
cast_info,196766
cast_info,196768
cast_info,196773
cast_info,196774
cast_info,196776
cast_info,196778
cast_info,196803
cast_info,196804
cast_info,196808
cast_info,196812
cast_info,196833
cast_info,196834
cast_info,196840
cast_info,196863
cast_info,196870
cast_info,196876
cast_info,196882
cast_info,196896
cast_info,196918
cast_info,196919
cast_info,196938
cast_info,196959
cast_info,196960
cast_info,196961
cast_info,196962
cast_info,196966
cast_info,196968
cast_info,196979
cast_info,196997
cast_info,196998
cast_info,197001
cast_info,197003
cast_info,197014
cast_info,197020
cast_info,197025
cast_info,197026
cast_info,197027
cast_info,197038
cast_info,197040
cast_info,197043
cast_info,197044
cast_info,197047
cast_info,197055
cast_info,197071
cast_info,197081
cast_info,197085
cast_info,197096
cast_info,197106
cast_info,197142
cast_info,197146
cast_info,197167
cast_info,197168
cast_info,197177
cast_info,197182
cast_info,197232
cast_info,197264
cast_info,197266
cast_info,197280
cast_info,197285
cast_info,197286
cast_info,197291
cast_info,197304
cast_info,197317
cast_info,197327
cast_info,197335
cast_info,197342
cast_info,197362
cast_info,197363
cast_info,197373
cast_info,197386
cast_info,197389
cast_info,197394
cast_info,197427
cast_info,197454
cast_info,197472
cast_info,197477
cast_info,197478
cast_info,197496
cast_info,197498
cast_info,197499
cast_info,197502
cast_info,197503
cast_info,197536
cast_info,197539
cast_info,197553
cast_info,197561
cast_info,197590
cast_info,197606
cast_info,197609
cast_info,197619
cast_info,197625
cast_info,197648
cast_info,197657
cast_info,197684
cast_info,197705
cast_info,197719
cast_info,197770
cast_info,197793
cast_info,197803
cast_info,197804
cast_info,197838
cast_info,197903
cast_info,197909
cast_info,197917
cast_info,197939
cast_info,197940
cast_info,197977
cast_info,197982
cast_info,198010
cast_info,198030
cast_info,198040
cast_info,198051
cast_info,198113
cast_info,198192
cast_info,198195
cast_info,198222
cast_info,198252
cast_info,198269
cast_info,198299
cast_info,198371
cast_info,198407
cast_info,198408
cast_info,198545
cast_info,198549
cast_info,198576
cast_info,198578
cast_info,198588
cast_info,198589
cast_info,198684
cast_info,198763
cast_info,198778
cast_info,198801
cast_info,198834
cast_info,198879
cast_info,198900
cast_info,198907
cast_info,198908
cast_info,199016
cast_info,199086
cast_info,199094
cast_info,199144
cast_info,199224
cast_info,199229
cast_info,199248
cast_info,199302
cast_info,199335
cast_info,199347
cast_info,199350
cast_info,199360
cast_info,199370
cast_info,199385
cast_info,199387
cast_info,199424
cast_info,199440
cast_info,199454
cast_info,199469
cast_info,199470
cast_info,199484
cast_info,199496
cast_info,199500
cast_info,199501
cast_info,199522
cast_info,199549
cast_info,199633
cast_info,199652
cast_info,199658
cast_info,199665
cast_info,199700
cast_info,199711
cast_info,199717
cast_info,199727
cast_info,199733
cast_info,199751
cast_info,199766
cast_info,199790
cast_info,199797
cast_info,199810
cast_info,199817
cast_info,199883
cast_info,199888
cast_info,199920
cast_info,199932
cast_info,199984
cast_info,200023
cast_info,200028
cast_info,200072
cast_info,200076
cast_info,200082
cast_info,200115
cast_info,200180
cast_info,200192
cast_info,200194
cast_info,200205
cast_info,200210
cast_info,200227
cast_info,200236
cast_info,200257
cast_info,200264
cast_info,200270
cast_info,200271
cast_info,200288
cast_info,200297
cast_info,200352
cast_info,200353
cast_info,200366
cast_info,200387
cast_info,200394
cast_info,200421
cast_info,200457
cast_info,200472
cast_info,200483
cast_info,200495
cast_info,200545
cast_info,200557
cast_info,200596
cast_info,200602
cast_info,200616
cast_info,200675
cast_info,200711
cast_info,200717
cast_info,200769
cast_info,200789
cast_info,200959
cast_info,201013
cast_info,201015
cast_info,201017
cast_info,201073
cast_info,201080
cast_info,201087
cast_info,201097
cast_info,201106
cast_info,201159
cast_info,201160
cast_info,201201
cast_info,201215
cast_info,201221
cast_info,201277
cast_info,201299
cast_info,201300
cast_info,201301
cast_info,201363
cast_info,201372
cast_info,201393
cast_info,201406
cast_info,201418
cast_info,201419
cast_info,201427
cast_info,201429
cast_info,201432
cast_info,201443
cast_info,201445
cast_info,201447
cast_info,201468
cast_info,201477
cast_info,201552
cast_info,201561
cast_info,201565
cast_info,201568
cast_info,201583
cast_info,201592
cast_info,201616
cast_info,201619
cast_info,201626
cast_info,201631
cast_info,201664
cast_info,201699
cast_info,201701
cast_info,201706
cast_info,201711
cast_info,201715
cast_info,201716
cast_info,201719
cast_info,201724
cast_info,201730
cast_info,201738
cast_info,201743
cast_info,201744
cast_info,201750
cast_info,201763
cast_info,201776
cast_info,201778
cast_info,201781
cast_info,201793
cast_info,201808
cast_info,201815
cast_info,201816
cast_info,201817
cast_info,201830
cast_info,201869
cast_info,201901
cast_info,201924
cast_info,201925
cast_info,201926
cast_info,201955
cast_info,201960
cast_info,201984
cast_info,201995
cast_info,202007
cast_info,202039
cast_info,202075
cast_info,202089
cast_info,202097
cast_info,202115
cast_info,202134
cast_info,202179
cast_info,202204
cast_info,202208
cast_info,202225
cast_info,202226
cast_info,202240
cast_info,202270
cast_info,202277
cast_info,202289
cast_info,202291
cast_info,202295
cast_info,202317
cast_info,202319
cast_info,202346
cast_info,202358
cast_info,202381
cast_info,202382
cast_info,202389
cast_info,202394
cast_info,202396
cast_info,202405
cast_info,202421
cast_info,202427
cast_info,202436
cast_info,202448
cast_info,202487
cast_info,202529
cast_info,202536
cast_info,202537
cast_info,202554
cast_info,202577
cast_info,202578
cast_info,202598
cast_info,202604
cast_info,202628
cast_info,202629
cast_info,202668
cast_info,202680
cast_info,202700
cast_info,202764
cast_info,202795
cast_info,202809
cast_info,202811
cast_info,202832
cast_info,202850
cast_info,202853
cast_info,202870
cast_info,202876
cast_info,202881
cast_info,202886
cast_info,202891
cast_info,202919
cast_info,202922
cast_info,202930
cast_info,202931
cast_info,202944
cast_info,202946
cast_info,202952
cast_info,202956
cast_info,202975
cast_info,202984
cast_info,202998
cast_info,203013
cast_info,203024
cast_info,203100
cast_info,203146
cast_info,203150
cast_info,203154
cast_info,203200
cast_info,203223
cast_info,203256
cast_info,203260
cast_info,203276
cast_info,203277
cast_info,203283
cast_info,203345
cast_info,203365
cast_info,203367
cast_info,203371
cast_info,203404
cast_info,203419
cast_info,203433
cast_info,203434
cast_info,203445
cast_info,203486
cast_info,203498
cast_info,203507
cast_info,203561
cast_info,203571
cast_info,203590
cast_info,203593
cast_info,203603
cast_info,203619
cast_info,203661
cast_info,203663
cast_info,203674
cast_info,203683
cast_info,203695
cast_info,203711
cast_info,203717
cast_info,203750
cast_info,203755
cast_info,203757
cast_info,203773
cast_info,203816
cast_info,203830
cast_info,203837
cast_info,203844
cast_info,203866
cast_info,203878
cast_info,203941
cast_info,203944
cast_info,203948
cast_info,203962
cast_info,203969
cast_info,203970
cast_info,203992
cast_info,203997
cast_info,204002
cast_info,204036
cast_info,204050
cast_info,204051
cast_info,204056
cast_info,204061
cast_info,204101
cast_info,204123
cast_info,204134
cast_info,204163
cast_info,204180
cast_info,204181
cast_info,204187
cast_info,204244
cast_info,204257
cast_info,204263
cast_info,204270
cast_info,204341
cast_info,204392
cast_info,204410
cast_info,204412
cast_info,204420
cast_info,204424
cast_info,204441
cast_info,204448
cast_info,204462
cast_info,204508
cast_info,204512
cast_info,204557
cast_info,204564
cast_info,204573
cast_info,204578
cast_info,204594
cast_info,204599
cast_info,204606
cast_info,204623
cast_info,204649
cast_info,204650
cast_info,204665
cast_info,204670
cast_info,204690
cast_info,204696
cast_info,204733
cast_info,204756
cast_info,204761
cast_info,204809
cast_info,204816
cast_info,204822
cast_info,204825
cast_info,204843
cast_info,204896
cast_info,204912
cast_info,204922
cast_info,204927
cast_info,204940
cast_info,204952
cast_info,204955
cast_info,204956
cast_info,204974
cast_info,204999
cast_info,205004
cast_info,205013
cast_info,205027
cast_info,205028
cast_info,205044
cast_info,205061
cast_info,205073
cast_info,205076
cast_info,205084
cast_info,205091
cast_info,205092
cast_info,205094
cast_info,205105
cast_info,205152
cast_info,205154
cast_info,205156
cast_info,205159
cast_info,205169
cast_info,205186
cast_info,205196
cast_info,205202
cast_info,205220
cast_info,205239
cast_info,205244
cast_info,205247
cast_info,205252
cast_info,205254
cast_info,205263
cast_info,205266
cast_info,205279
cast_info,205282
cast_info,205331
cast_info,205335
cast_info,205358
cast_info,205380
cast_info,205392
cast_info,205407
cast_info,205409
cast_info,205413
cast_info,205418
cast_info,205448
cast_info,205467
cast_info,205515
cast_info,205549
cast_info,205550
cast_info,205583
cast_info,205636
cast_info,205655
cast_info,205665
cast_info,205671
cast_info,205689
cast_info,205707
cast_info,205768
cast_info,205774
cast_info,205785
cast_info,205791
cast_info,205795
cast_info,205804
cast_info,205810
cast_info,205826
cast_info,205827
cast_info,205866
cast_info,205870
cast_info,205919
cast_info,205929
cast_info,205937
cast_info,205951
cast_info,205966
cast_info,205973
cast_info,205975
cast_info,205984
cast_info,206018
cast_info,206042
cast_info,206049
cast_info,206051
cast_info,206052
cast_info,206054
cast_info,206055
cast_info,206078
cast_info,206093
cast_info,206114
cast_info,206149
cast_info,206161
cast_info,206165
cast_info,206176
cast_info,206178
cast_info,206181
cast_info,206186
cast_info,206191
cast_info,206196
cast_info,206312
cast_info,206358
cast_info,206363
cast_info,206422
cast_info,206445
cast_info,206456
cast_info,206482
cast_info,206556
cast_info,206558
cast_info,206573
cast_info,206589
cast_info,206607
cast_info,206619
cast_info,206669
cast_info,206671
cast_info,206697
cast_info,206709
cast_info,206723
cast_info,206724
cast_info,206738
cast_info,206774
cast_info,206793
cast_info,206796
cast_info,206819
cast_info,206830
cast_info,206862
cast_info,206878
cast_info,206885
cast_info,206912
cast_info,206921
cast_info,206932
cast_info,206989
cast_info,207016
cast_info,207037
cast_info,207122
cast_info,207133
cast_info,207152
cast_info,207159
cast_info,207215
cast_info,207238
cast_info,207241
cast_info,207255
cast_info,207258
cast_info,207263
cast_info,207282
cast_info,207284
cast_info,207298
cast_info,207310
cast_info,207314
cast_info,207337
cast_info,207342
cast_info,207355
cast_info,207371
cast_info,207404
cast_info,207420
cast_info,207452
cast_info,207457
cast_info,207508
cast_info,207516
cast_info,207529
cast_info,207550
cast_info,207555
cast_info,207570
cast_info,207595
cast_info,207605
cast_info,207610
cast_info,207614
cast_info,207698
cast_info,207714
cast_info,207736
cast_info,207748
cast_info,207761
cast_info,207770
cast_info,207771
cast_info,207785
cast_info,207789
cast_info,207806
cast_info,207849
cast_info,207867
cast_info,207908
cast_info,207909
cast_info,207953
cast_info,208003
cast_info,208015
cast_info,208025
cast_info,208033
cast_info,208061
cast_info,208087
cast_info,208095
cast_info,208167
cast_info,208206
cast_info,208216
cast_info,208237
cast_info,208258
cast_info,208264
cast_info,208268
cast_info,208272
cast_info,208273
cast_info,208285
cast_info,208292
cast_info,208325
cast_info,208331
cast_info,208353
cast_info,208369
cast_info,208386
cast_info,208397
cast_info,208418
cast_info,208444
cast_info,208451
cast_info,208499
cast_info,208510
cast_info,208520
cast_info,208536
cast_info,208575
cast_info,208591
cast_info,208595
cast_info,208629
cast_info,208678
cast_info,208761
cast_info,208784
cast_info,208787
cast_info,208790
cast_info,208804
cast_info,208808
cast_info,208824
cast_info,208837
cast_info,208857
cast_info,208865
cast_info,208877
cast_info,208878
cast_info,208906
cast_info,208914
cast_info,208918
cast_info,208927
cast_info,208959
cast_info,208980
cast_info,208983
cast_info,209005
cast_info,209039
cast_info,209083
cast_info,209089
cast_info,209100
cast_info,209113
cast_info,209130
cast_info,209151
cast_info,209154
cast_info,209210
cast_info,209213
cast_info,209232
cast_info,209233
cast_info,209238
cast_info,209251
cast_info,209271
cast_info,209278
cast_info,209293
cast_info,209307
cast_info,209336
cast_info,209348
cast_info,209364
cast_info,209367
cast_info,209410
cast_info,209411
cast_info,209435
cast_info,209451
cast_info,209476
cast_info,209501
cast_info,209513
cast_info,209518
cast_info,209546
cast_info,209567
cast_info,209568
cast_info,209579
cast_info,209583
cast_info,209587
cast_info,209615
cast_info,209629
cast_info,209644
cast_info,209648
cast_info,209651
cast_info,209686
cast_info,209689
cast_info,209709
cast_info,209732
cast_info,209733
cast_info,209746
cast_info,209755
cast_info,209764
cast_info,209770
cast_info,209793
cast_info,209803
cast_info,209808
cast_info,209812
cast_info,209813
cast_info,209869
cast_info,209915
cast_info,209947
cast_info,209981
cast_info,209985
cast_info,210035
cast_info,210036
cast_info,210038
cast_info,210040
cast_info,210044
cast_info,210055
cast_info,210058
cast_info,210067
cast_info,210113
cast_info,210122
cast_info,210141
cast_info,210156
cast_info,210158
cast_info,210173
cast_info,210188
cast_info,210191
cast_info,210193
cast_info,210264
cast_info,210267
cast_info,210292
cast_info,210296
cast_info,210325
cast_info,210342
cast_info,210352
cast_info,210361
cast_info,210386
cast_info,210411
cast_info,210413
cast_info,210425
cast_info,210442
cast_info,210471
cast_info,210504
cast_info,210509
cast_info,210515
cast_info,210528
cast_info,210547
cast_info,210571
cast_info,210577
cast_info,210581
cast_info,210583
cast_info,210626
cast_info,210681
cast_info,210705
cast_info,210711
cast_info,210728
cast_info,210731
cast_info,210733
cast_info,210756
cast_info,210761
cast_info,210763
cast_info,210770
cast_info,210789
cast_info,210807
cast_info,210817
cast_info,210834
cast_info,210836
cast_info,210837
cast_info,210852
cast_info,210853
cast_info,210880
cast_info,210912
cast_info,210924
cast_info,210944
cast_info,210946
cast_info,210955
cast_info,210982
cast_info,211030
cast_info,211045
cast_info,211047
cast_info,211049
cast_info,211051
cast_info,211064
cast_info,211089
cast_info,211121
cast_info,211133
cast_info,211165
cast_info,211168
cast_info,211189
cast_info,211195
cast_info,211254
cast_info,211255
cast_info,211273
cast_info,211284
cast_info,211287
cast_info,211294
cast_info,211300
cast_info,211331
cast_info,211338
cast_info,211363
cast_info,211375
cast_info,211380
cast_info,211400
cast_info,211426
cast_info,211428
cast_info,211446
cast_info,211447
cast_info,211490
cast_info,211492
cast_info,211494
cast_info,211516
cast_info,211527
cast_info,211543
cast_info,211544
cast_info,211545
cast_info,211551
cast_info,211555
cast_info,211587
cast_info,211589
cast_info,211624
cast_info,211660
cast_info,211667
cast_info,211682
cast_info,211701
cast_info,211727
cast_info,211739
cast_info,211741
cast_info,211762
cast_info,211779
cast_info,211808
cast_info,211827
cast_info,211838
cast_info,211845
cast_info,211869
cast_info,211870
cast_info,211876
cast_info,211884
cast_info,211903
cast_info,211904
cast_info,211911
cast_info,211915
cast_info,211917
cast_info,211934
cast_info,211959
cast_info,211981
cast_info,211991
cast_info,211992
cast_info,212008
cast_info,212028
cast_info,212038
cast_info,212042
cast_info,212052
cast_info,212055
cast_info,212059
cast_info,212063
cast_info,212077
cast_info,212080
cast_info,212109
cast_info,212119
cast_info,212158
cast_info,212159
cast_info,212247
cast_info,212252
cast_info,212274
cast_info,212277
cast_info,212278
cast_info,212311
cast_info,212349
cast_info,212377
cast_info,212378
cast_info,212381
cast_info,212410
cast_info,212433
cast_info,212438
cast_info,212443
cast_info,212481
cast_info,212498
cast_info,212506
cast_info,212546
cast_info,212551
cast_info,212556
cast_info,212557
cast_info,212574
cast_info,212579
cast_info,212583
cast_info,212600
cast_info,212614
cast_info,212621
cast_info,212628
cast_info,212675
cast_info,212677
cast_info,212682
cast_info,212701
cast_info,212710
cast_info,212731
cast_info,212785
cast_info,212825
cast_info,212855
cast_info,212871
cast_info,212878
cast_info,212880
cast_info,212891
cast_info,212912
cast_info,212928
cast_info,212932
cast_info,212938
cast_info,212939
cast_info,212943
cast_info,212944
cast_info,212945
cast_info,212960
cast_info,212963
cast_info,212973
cast_info,212976
cast_info,212989
cast_info,212992
cast_info,213007
cast_info,213013
cast_info,213015
cast_info,213017
cast_info,213035
cast_info,213036
cast_info,213040
cast_info,213045
cast_info,213048
cast_info,213055
cast_info,213057
cast_info,213059
cast_info,213062
cast_info,213063
cast_info,213064
cast_info,213073
cast_info,213078
cast_info,213081
cast_info,213086
cast_info,213087
cast_info,213088
cast_info,213094
cast_info,213095
cast_info,213096
cast_info,213097
cast_info,213101
cast_info,213104
cast_info,213111
cast_info,213112
cast_info,213119
cast_info,213120
cast_info,213123
cast_info,213124
cast_info,213125
cast_info,213129
cast_info,213131
cast_info,213137
cast_info,213140
cast_info,213141
cast_info,213144
cast_info,213148
cast_info,213152
cast_info,213154
cast_info,213157
cast_info,213170
cast_info,213178
cast_info,213213
cast_info,213215
cast_info,213217
cast_info,213234
cast_info,213239
cast_info,213249
cast_info,213252
cast_info,213256
cast_info,213257
cast_info,213266
cast_info,213268
cast_info,213272
cast_info,213282
cast_info,213284
cast_info,213288
cast_info,213289
cast_info,213292
cast_info,213294
cast_info,213300
cast_info,213302
cast_info,213304
cast_info,213322
cast_info,213329
cast_info,213335
cast_info,213348
cast_info,213364
cast_info,213370
cast_info,213400
cast_info,213412
cast_info,213415
cast_info,213426
cast_info,213430
cast_info,213438
cast_info,213441
cast_info,213443
cast_info,213449
cast_info,213453
cast_info,213459
cast_info,213460
cast_info,213462
cast_info,213465
cast_info,213469
cast_info,213471
cast_info,213478
cast_info,213479
cast_info,213481
cast_info,213482
cast_info,213483
cast_info,213488
cast_info,213492
cast_info,213493
cast_info,213494
cast_info,213499
cast_info,213509
cast_info,213519
cast_info,213520
cast_info,213523
cast_info,213525
cast_info,213560
cast_info,213578
cast_info,213579
cast_info,213588
cast_info,213590
cast_info,213591
cast_info,213592
cast_info,213593
cast_info,213596
cast_info,213597
cast_info,213600
cast_info,213601
cast_info,213602
cast_info,213613
cast_info,213636
cast_info,213650
cast_info,213660
cast_info,213673
cast_info,213690
cast_info,213692
cast_info,213697
cast_info,213703
cast_info,213708
cast_info,213715
cast_info,213735
cast_info,213750
cast_info,213751
cast_info,213752
cast_info,213753
cast_info,213757
cast_info,213774
cast_info,213790
cast_info,213798
cast_info,213801
cast_info,213804
cast_info,213807
cast_info,213812
cast_info,213813
cast_info,213829
cast_info,213833
cast_info,213838
cast_info,213840
cast_info,213842
cast_info,213845
cast_info,213846
cast_info,213848
cast_info,213858
cast_info,213860
cast_info,213862
cast_info,213863
cast_info,213864
cast_info,213865
cast_info,213867
cast_info,213873
cast_info,213874
cast_info,213877
cast_info,213882
cast_info,213890
cast_info,213902
cast_info,213905
cast_info,213913
cast_info,213920
cast_info,213922
cast_info,213923
cast_info,213924
cast_info,213931
cast_info,213933
cast_info,213935
cast_info,213938
cast_info,213951
cast_info,213955
cast_info,213957
cast_info,213960
cast_info,213975
cast_info,213992
cast_info,213993
cast_info,214006
cast_info,214033
cast_info,214034
cast_info,214048
cast_info,214056
cast_info,214061
cast_info,214062
cast_info,214063
cast_info,214083
cast_info,214092
cast_info,214093
cast_info,214110
cast_info,214115
cast_info,214116
cast_info,214118
cast_info,214130
cast_info,214132
cast_info,214133
cast_info,214137
cast_info,214141
cast_info,214143
cast_info,214144
cast_info,214145
cast_info,214147
cast_info,214151
cast_info,214152
cast_info,214155
cast_info,214156
cast_info,214158
cast_info,214166
cast_info,214184
cast_info,214205
cast_info,214217
cast_info,214218
cast_info,214221
cast_info,214227
cast_info,214230
cast_info,214233
cast_info,214259
cast_info,214269
cast_info,214270
cast_info,214272
cast_info,214277
cast_info,214280
cast_info,214283
cast_info,214284
cast_info,214290
cast_info,214291
cast_info,214292
cast_info,214308
cast_info,214311
cast_info,214316
cast_info,214326
cast_info,214327
cast_info,214331
cast_info,214334
cast_info,214335
cast_info,214345
cast_info,214346
cast_info,214347
cast_info,214354
cast_info,214365
cast_info,214373
cast_info,214376
cast_info,214389
cast_info,214390
cast_info,214393
cast_info,214398
cast_info,214399
cast_info,214406
cast_info,214411
cast_info,214417
cast_info,214419
cast_info,214420
cast_info,214422
cast_info,214424
cast_info,214427
cast_info,214429
cast_info,214430
cast_info,214440
cast_info,214457
cast_info,214458
cast_info,214459
cast_info,214461
cast_info,214464
cast_info,214466
cast_info,214475
cast_info,214476
cast_info,214480
cast_info,214485
cast_info,214486
cast_info,214489
cast_info,214490
cast_info,214491
cast_info,214495
cast_info,214499
cast_info,214502
cast_info,214513
cast_info,214519
cast_info,214520
cast_info,214522
cast_info,214523
cast_info,214541
cast_info,214543
cast_info,214547
cast_info,214552
cast_info,214557
cast_info,214560
cast_info,214563
cast_info,214565
cast_info,214568
cast_info,214570
cast_info,214571
cast_info,214572
cast_info,214582
cast_info,214584
cast_info,214594
cast_info,214605
cast_info,214610
cast_info,214611
cast_info,214614
cast_info,214615
cast_info,214618
cast_info,214623
cast_info,214627
cast_info,214636
cast_info,214638
cast_info,214639
cast_info,214642
cast_info,214645
cast_info,214647
cast_info,214657
cast_info,214669
cast_info,214703
cast_info,214705
cast_info,214713
cast_info,214714
cast_info,214715
cast_info,214722
cast_info,214723
cast_info,214737
cast_info,214740
cast_info,214742
cast_info,214747
cast_info,214748
cast_info,214752
cast_info,214757
cast_info,214758
cast_info,214761
cast_info,214768
cast_info,214772
cast_info,214774
cast_info,214783
cast_info,214784
cast_info,214793
cast_info,214794
cast_info,214802
cast_info,214807
cast_info,214816
cast_info,214830
cast_info,214832
cast_info,214835
cast_info,214837
cast_info,214838
cast_info,214842
cast_info,214855
cast_info,214856
cast_info,214869
cast_info,214872
cast_info,214886
cast_info,214888
cast_info,214890
cast_info,214892
cast_info,214902
cast_info,214905
cast_info,214907
cast_info,214910
cast_info,214916
cast_info,214935
cast_info,214937
cast_info,214938
cast_info,214939
cast_info,214942
cast_info,214946
cast_info,214949
cast_info,214951
cast_info,214952
cast_info,214958
cast_info,214959
cast_info,214980
cast_info,214981
cast_info,214985
cast_info,214987
cast_info,214989
cast_info,214990
cast_info,214993
cast_info,215026
cast_info,215027
cast_info,215030
cast_info,215032
cast_info,215033
cast_info,215034
cast_info,215037
cast_info,215038
cast_info,215046
cast_info,215053
cast_info,215056
cast_info,215069
cast_info,215070
cast_info,215074
cast_info,215082
cast_info,215089
cast_info,215093
cast_info,215095
cast_info,215097
cast_info,215102
cast_info,215103
cast_info,215104
cast_info,215108
cast_info,215118
cast_info,215122
cast_info,215126
cast_info,215140
cast_info,215143
cast_info,215165
cast_info,215167
cast_info,215172
cast_info,215173
cast_info,215175
cast_info,215184
cast_info,215190
cast_info,215192
cast_info,215199
cast_info,215204
cast_info,215206
cast_info,215207
cast_info,215213
cast_info,215215
cast_info,215216
cast_info,215219
cast_info,215220
cast_info,215228
cast_info,215248
cast_info,215249
cast_info,215256
cast_info,215260
cast_info,215266
cast_info,215267
cast_info,215271
cast_info,215276
cast_info,215278
cast_info,215281
cast_info,215284
cast_info,215287
cast_info,215288
cast_info,215290
cast_info,215291
cast_info,215303
cast_info,215309
cast_info,215311
cast_info,215315
cast_info,215318
cast_info,215319
cast_info,215322
cast_info,215325
cast_info,215340
cast_info,215354
cast_info,215359
cast_info,215368
cast_info,215369
cast_info,215370
cast_info,215374
cast_info,215375
cast_info,215377
cast_info,215379
cast_info,215380
cast_info,215389
cast_info,215390
cast_info,215393
cast_info,215398
cast_info,215399
cast_info,215403
cast_info,215406
cast_info,215411
cast_info,215414
cast_info,215415
cast_info,215417
cast_info,215418
cast_info,215421
cast_info,215425
cast_info,215428
cast_info,215429
cast_info,215430
cast_info,215433
cast_info,215436
cast_info,215446
cast_info,215448
cast_info,215452
cast_info,215459
cast_info,215460
cast_info,215461
cast_info,215463
cast_info,215470
cast_info,215472
cast_info,215473
cast_info,215483
cast_info,215491
cast_info,215492
cast_info,215494
cast_info,215495
cast_info,215496
cast_info,215512
cast_info,215513
cast_info,215522
cast_info,215529
cast_info,215530
cast_info,215531
cast_info,215532
cast_info,215534
cast_info,215536
cast_info,215537
cast_info,215538
cast_info,215539
cast_info,215540
cast_info,215541
cast_info,215543
cast_info,215548
cast_info,215551
cast_info,215553
cast_info,215568
cast_info,215571
cast_info,215572
cast_info,215582
cast_info,215583
cast_info,215587
cast_info,215591
cast_info,215592
cast_info,215598
cast_info,215605
cast_info,215608
cast_info,215620
cast_info,215628
cast_info,215637
cast_info,215638
cast_info,215640
cast_info,215641
cast_info,215642
cast_info,215652
cast_info,215656
cast_info,215659
cast_info,215668
cast_info,215669
cast_info,215677
cast_info,215688
cast_info,215695
cast_info,215702
cast_info,215710
cast_info,215733
cast_info,215737
cast_info,215743
cast_info,215745
cast_info,215750
cast_info,215751
cast_info,215752
cast_info,215759
cast_info,215760
cast_info,215783
cast_info,215784
cast_info,215785
cast_info,215788
cast_info,215791
cast_info,215796
cast_info,215802
cast_info,215807
cast_info,215808
cast_info,215812
cast_info,215815
cast_info,215819
cast_info,215822
cast_info,215824
cast_info,215828
cast_info,215829
cast_info,215832
cast_info,215833
cast_info,215836
cast_info,215837
cast_info,215840
cast_info,215841
cast_info,215846
cast_info,215849
cast_info,215860
cast_info,215862
cast_info,215864
cast_info,215866
cast_info,215867
cast_info,215870
cast_info,215871
cast_info,215875
cast_info,215879
cast_info,215882
cast_info,215884
cast_info,215891
cast_info,215892
cast_info,215903
cast_info,215924
cast_info,215928
cast_info,215930
cast_info,215933
cast_info,215943
cast_info,215949
cast_info,215955
cast_info,215965
cast_info,215969
cast_info,215976
cast_info,215981
cast_info,215986
cast_info,215989
cast_info,215992
cast_info,215994
cast_info,215995
cast_info,216000
cast_info,216002
cast_info,216003
cast_info,216009
cast_info,216014
cast_info,216015
cast_info,216022
cast_info,216026
cast_info,216031
cast_info,216035
cast_info,216040
cast_info,216042
cast_info,216045
cast_info,216046
cast_info,216047
cast_info,216069
cast_info,216073
cast_info,216075
cast_info,216076
cast_info,216077
cast_info,216082
cast_info,216089
cast_info,216091
cast_info,216092
cast_info,216101
cast_info,216102
cast_info,216111
cast_info,216114
cast_info,216115
cast_info,216116
cast_info,216117
cast_info,216123
cast_info,216125
cast_info,216126
cast_info,216154
cast_info,216158
cast_info,216162
cast_info,216163
cast_info,216165
cast_info,216167
cast_info,216170
cast_info,216180
cast_info,216188
cast_info,216192
cast_info,216198
cast_info,216200
cast_info,216207
cast_info,216211
cast_info,216222
cast_info,216231
cast_info,216235
cast_info,216260
cast_info,216268
cast_info,216270
cast_info,216271
cast_info,216272
cast_info,216273
cast_info,216274
cast_info,216276
cast_info,216277
cast_info,216281
cast_info,216289
cast_info,216292
cast_info,216297
cast_info,216299
cast_info,216300
cast_info,216311
cast_info,216323
cast_info,216327
cast_info,216328
cast_info,216332
cast_info,216333
cast_info,216334
cast_info,216350
cast_info,216355
cast_info,216362
cast_info,216363
cast_info,216364
cast_info,216365
cast_info,216366
cast_info,216370
cast_info,216377
cast_info,216378
cast_info,216380
cast_info,216388
cast_info,216392
cast_info,216394
cast_info,216397
cast_info,216403
cast_info,216405
cast_info,216407
cast_info,216417
cast_info,216422
cast_info,216423
cast_info,216424
cast_info,216428
cast_info,216435
cast_info,216441
cast_info,216450
cast_info,216451
cast_info,216463
cast_info,216464
cast_info,216466
cast_info,216467
cast_info,216469
cast_info,216472
cast_info,216473
cast_info,216479
cast_info,216482
cast_info,216484
cast_info,216487
cast_info,216500
cast_info,216506
cast_info,216508
cast_info,216509
cast_info,216522
cast_info,216528
cast_info,216530
cast_info,216531
cast_info,216539
cast_info,216543
cast_info,216545
cast_info,216546
cast_info,216547
cast_info,216548
cast_info,216553
cast_info,216556
cast_info,216570
cast_info,216571
cast_info,216586
cast_info,216591
cast_info,216592
cast_info,216594
cast_info,216596
cast_info,216610
cast_info,216611
cast_info,216621
cast_info,216627
cast_info,216631
cast_info,216632
cast_info,216633
cast_info,216635
cast_info,216637
cast_info,216641
cast_info,216647
cast_info,216648
cast_info,216650
cast_info,216652
cast_info,216653
cast_info,216654
cast_info,216662
cast_info,216666
cast_info,216671
cast_info,216672
cast_info,216680
cast_info,216686
cast_info,216690
cast_info,216691
cast_info,216692
cast_info,216694
cast_info,216695
cast_info,216698
cast_info,216699
cast_info,216701
cast_info,216711
cast_info,216712
cast_info,216717
cast_info,216719
cast_info,216722
cast_info,216739
cast_info,216740
cast_info,216748
cast_info,216749
cast_info,216752
cast_info,216753
cast_info,216754
cast_info,216755
cast_info,216771
cast_info,216777
cast_info,216778
cast_info,216787
cast_info,216788
cast_info,216793
cast_info,216801
cast_info,216803
cast_info,216805
cast_info,216810
cast_info,216811
cast_info,216816
cast_info,216818
cast_info,216823
cast_info,216828
cast_info,216831
cast_info,216841
cast_info,216845
cast_info,216849
cast_info,216857
cast_info,216858
cast_info,216860
cast_info,216864
cast_info,216866
cast_info,216870
cast_info,216872
cast_info,216891
cast_info,216894
cast_info,216895
cast_info,216896
cast_info,216903
cast_info,216904
cast_info,216910
cast_info,216912
cast_info,216920
cast_info,216924
cast_info,216927
cast_info,216935
cast_info,216940
cast_info,216944
cast_info,216952
cast_info,216958
cast_info,216963
cast_info,216966
cast_info,216976
cast_info,216989
cast_info,216993
cast_info,216998
cast_info,217012
cast_info,217014
cast_info,217015
cast_info,217022
cast_info,217023
cast_info,217028
cast_info,217030
cast_info,217031
cast_info,217037
cast_info,217045
cast_info,217047
cast_info,217051
cast_info,217053
cast_info,217054
cast_info,217055
cast_info,217056
cast_info,217058
cast_info,217059
cast_info,217060
cast_info,217066
cast_info,217068
cast_info,217074
cast_info,217075
cast_info,217077
cast_info,217078
cast_info,217079
cast_info,217082
cast_info,217083
cast_info,217093
cast_info,217095
cast_info,217101
cast_info,217106
cast_info,217111
cast_info,217112
cast_info,217118
cast_info,217124
cast_info,217135
cast_info,217137
cast_info,217146
cast_info,217147
cast_info,217156
cast_info,217159
cast_info,217160
cast_info,217172
cast_info,217179
cast_info,217182
cast_info,217189
cast_info,217194
cast_info,217197
cast_info,217203
cast_info,217215
cast_info,217216
cast_info,217217
cast_info,217218
cast_info,217224
cast_info,217228
cast_info,217234
cast_info,217235
cast_info,217236
cast_info,217238
cast_info,217240
cast_info,217242
cast_info,217245
cast_info,217246
cast_info,217252
cast_info,217260
cast_info,217266
cast_info,217271
cast_info,217272
cast_info,217279
cast_info,217294
cast_info,217295
cast_info,217296
cast_info,217297
cast_info,217298
cast_info,217299
cast_info,217301
cast_info,217318
cast_info,217323
cast_info,217324
cast_info,217341
cast_info,217342
cast_info,217353
cast_info,217354
cast_info,217357
cast_info,217358
cast_info,217363
cast_info,217368
cast_info,217372
cast_info,217377
cast_info,217379
cast_info,217380
cast_info,217387
cast_info,217393
cast_info,217395
cast_info,217401
cast_info,217403
cast_info,217409
cast_info,217412
cast_info,217413
cast_info,217415
cast_info,217417
cast_info,217419
cast_info,217420
cast_info,217421
cast_info,217433
cast_info,217441
cast_info,217443
cast_info,217448
cast_info,217450
cast_info,217463
cast_info,217478
cast_info,217482
cast_info,217483
cast_info,217500
cast_info,217503
cast_info,217514
cast_info,217520
cast_info,217527
cast_info,217536
cast_info,217538
cast_info,217548
cast_info,217566
cast_info,217568
cast_info,217571
cast_info,217574
cast_info,217580
cast_info,217581
cast_info,217584
cast_info,217598
cast_info,217603
cast_info,217608
cast_info,217609
cast_info,217610
cast_info,217621
cast_info,217637
cast_info,217640
cast_info,217645
cast_info,217653
cast_info,217657
cast_info,217660
cast_info,217661
cast_info,217662
cast_info,217663
cast_info,217665
cast_info,217669
cast_info,217674
cast_info,217680
cast_info,217688
cast_info,217691
cast_info,217693
cast_info,217696
cast_info,217702
cast_info,217705
cast_info,217707
cast_info,217709
cast_info,217711
cast_info,217713
cast_info,217723
cast_info,217728
cast_info,217731
cast_info,217732
cast_info,217735
cast_info,217736
cast_info,217739
cast_info,217742
cast_info,217748
cast_info,217755
cast_info,217756
cast_info,217760
cast_info,217764
cast_info,217775
cast_info,217777
cast_info,217785
cast_info,217794
cast_info,217798
cast_info,217799
cast_info,217801
cast_info,217806
cast_info,217809
cast_info,217812
cast_info,217815
cast_info,217826
cast_info,217831
cast_info,217835
cast_info,217848
cast_info,217849
cast_info,217853
cast_info,217854
cast_info,217855
cast_info,217862
cast_info,217869
cast_info,217870
cast_info,217872
cast_info,217890
cast_info,217891
cast_info,217914
cast_info,217917
cast_info,217919
cast_info,217929
cast_info,217933
cast_info,217947
cast_info,217950
cast_info,217952
cast_info,217958
cast_info,217961
cast_info,217962
cast_info,217966
cast_info,217976
cast_info,217999
cast_info,218003
cast_info,218005
cast_info,218013
cast_info,218016
cast_info,218021
cast_info,218029
cast_info,218033
cast_info,218046
cast_info,218049
cast_info,218051
cast_info,218052
cast_info,218059
cast_info,218060
cast_info,218065
cast_info,218066
cast_info,218072
cast_info,218077
cast_info,218081
cast_info,218083
cast_info,218095
cast_info,218098
cast_info,218107
cast_info,218108
cast_info,218114
cast_info,218121
cast_info,218126
cast_info,218128
cast_info,218135
cast_info,218137
cast_info,218144
cast_info,218149
cast_info,218150
cast_info,218196
cast_info,218201
cast_info,218203
cast_info,218204
cast_info,218220
cast_info,218224
cast_info,218226
cast_info,218231
cast_info,218235
cast_info,218266
cast_info,218269
cast_info,218270
cast_info,218275
cast_info,218278
cast_info,218289
cast_info,218291
cast_info,218292
cast_info,218293
cast_info,218296
cast_info,218304
cast_info,218307
cast_info,218310
cast_info,218318
cast_info,218322
cast_info,218331
cast_info,218332
cast_info,218335
cast_info,218338
cast_info,218343
cast_info,218348
cast_info,218349
cast_info,218352
cast_info,218355
cast_info,218359
cast_info,218360
cast_info,218363
cast_info,218404
cast_info,218405
cast_info,218406
cast_info,218410
cast_info,218413
cast_info,218414
cast_info,218421
cast_info,218436
cast_info,218443
cast_info,218452
cast_info,218461
cast_info,218464
cast_info,218467
cast_info,218476
cast_info,218482
cast_info,218490
cast_info,218492
cast_info,218495
cast_info,218529
cast_info,218533
cast_info,218535
cast_info,218544
cast_info,218547
cast_info,218552
cast_info,218558
cast_info,218559
cast_info,218561
cast_info,218562
cast_info,218565
cast_info,218569
cast_info,218587
cast_info,218590
cast_info,218593
cast_info,218599
cast_info,218629
cast_info,218639
cast_info,218641
cast_info,218642
cast_info,218643
cast_info,218651
cast_info,218658
cast_info,218660
cast_info,218661
cast_info,218664
cast_info,218674
cast_info,218683
cast_info,218690
cast_info,218693
cast_info,218705
cast_info,218706
cast_info,218707
cast_info,218708
cast_info,218713
cast_info,218716
cast_info,218723
cast_info,218726
cast_info,218727
cast_info,218728
cast_info,218732
cast_info,218733
cast_info,218734
cast_info,218736
cast_info,218737
cast_info,218743
cast_info,218753
cast_info,218756
cast_info,218761
cast_info,218762
cast_info,218770
cast_info,218771
cast_info,218773
cast_info,218776
cast_info,218777
cast_info,218779
cast_info,218782
cast_info,218787
cast_info,218788
cast_info,218800
cast_info,218807
cast_info,218809
cast_info,218810
cast_info,218815
cast_info,218823
cast_info,218828
cast_info,218845
cast_info,218848
cast_info,218854
cast_info,218860
cast_info,218861
cast_info,218865
cast_info,218868
cast_info,218879
cast_info,218882
cast_info,218886
cast_info,218890
cast_info,218901
cast_info,218903
cast_info,218907
cast_info,218908
cast_info,218910
cast_info,218911
cast_info,218913
cast_info,218915
cast_info,218917
cast_info,218919
cast_info,218921
cast_info,218922
cast_info,218936
cast_info,218952
cast_info,218953
cast_info,218959
cast_info,218965
cast_info,218969
cast_info,218976
cast_info,218979
cast_info,218989
cast_info,219001
cast_info,219008
cast_info,219010
cast_info,219011
cast_info,219019
cast_info,219021
cast_info,219023
cast_info,219029
cast_info,219030
cast_info,219035
cast_info,219036
cast_info,219043
cast_info,219050
cast_info,219060
cast_info,219068
cast_info,219073
cast_info,219076
cast_info,219077
cast_info,219078
cast_info,219082
cast_info,219089
cast_info,219100
cast_info,219103
cast_info,219108
cast_info,219109
cast_info,219110
cast_info,219116
cast_info,219138
cast_info,219143
cast_info,219150
cast_info,219159
cast_info,219167
cast_info,219168
cast_info,219169
cast_info,219170
cast_info,219171
cast_info,219175
cast_info,219176
cast_info,219178
cast_info,219188
cast_info,219196
cast_info,219204
cast_info,219207
cast_info,219212
cast_info,219213
cast_info,219216
cast_info,219217
cast_info,219218
cast_info,219220
cast_info,219221
cast_info,219222
cast_info,219223
cast_info,219225
cast_info,219237
cast_info,219241
cast_info,219243
cast_info,219250
cast_info,219251
cast_info,219270
cast_info,219274
cast_info,219276
cast_info,219286
cast_info,219287
cast_info,219289
cast_info,219295
cast_info,219305
cast_info,219318
cast_info,219319
cast_info,219322
cast_info,219323
cast_info,219324
cast_info,219331
cast_info,219333
cast_info,219356
cast_info,219357
cast_info,219363
cast_info,219364
cast_info,219366
cast_info,219367
cast_info,219370
cast_info,219371
cast_info,219373
cast_info,219374
cast_info,219375
cast_info,219394
cast_info,219403
cast_info,219409
cast_info,219411
cast_info,219413
cast_info,219423
cast_info,219424
cast_info,219441
cast_info,219442
cast_info,219443
cast_info,219446
cast_info,219450
cast_info,219452
cast_info,219459
cast_info,219461
cast_info,219478
cast_info,219479
cast_info,219486
cast_info,219499
cast_info,219500
cast_info,219501
cast_info,219508
cast_info,219509
cast_info,219514
cast_info,219517
cast_info,219518
cast_info,219521
cast_info,219532
cast_info,219543
cast_info,219549
cast_info,219552
cast_info,219573
cast_info,219575
cast_info,219581
cast_info,219596
cast_info,219603
cast_info,219608
cast_info,219627
cast_info,219629
cast_info,219630
cast_info,219641
cast_info,219645
cast_info,219647
cast_info,219648
cast_info,219649
cast_info,219655
cast_info,219662
cast_info,219664
cast_info,219666
cast_info,219670
cast_info,219672
cast_info,219673
cast_info,219674
cast_info,219675
cast_info,219678
cast_info,219688
cast_info,219689
cast_info,219690
cast_info,219698
cast_info,219700
cast_info,219703
cast_info,219713
cast_info,219717
cast_info,219731
cast_info,219732
cast_info,219734
cast_info,219740
cast_info,219742
cast_info,219749
cast_info,219752
cast_info,219755
cast_info,219768
cast_info,219771
cast_info,219774
cast_info,219780
cast_info,219782
cast_info,219784
cast_info,219793
cast_info,219801
cast_info,219815
cast_info,219819
cast_info,219825
cast_info,219827
cast_info,219830
cast_info,219840
cast_info,219847
cast_info,219859
cast_info,219863
cast_info,219864
cast_info,219865
cast_info,219870
cast_info,219871
cast_info,219872
cast_info,219873
cast_info,219874
cast_info,219875
cast_info,219889
cast_info,219898
cast_info,219899
cast_info,219903
cast_info,219904
cast_info,219905
cast_info,219910
cast_info,219914
cast_info,219919
cast_info,219928
cast_info,219929
cast_info,219932
cast_info,219934
cast_info,219935
cast_info,219938
cast_info,219942
cast_info,219943
cast_info,219944
cast_info,219948
cast_info,219954
cast_info,219957
cast_info,219960
cast_info,219961
cast_info,219969
cast_info,219976
cast_info,219978
cast_info,219980
cast_info,219985
cast_info,219986
cast_info,219987
cast_info,219992
cast_info,219997
cast_info,220009
cast_info,220017
cast_info,220018
cast_info,220019
cast_info,220021
cast_info,220022
cast_info,220026
cast_info,220027
cast_info,220062
cast_info,220067
cast_info,220075
cast_info,220078
cast_info,220081
cast_info,220085
cast_info,220086
cast_info,220091
cast_info,220092
cast_info,220093
cast_info,220102
cast_info,220119
cast_info,220120
cast_info,220122
cast_info,220135
cast_info,220137
cast_info,220141
cast_info,220143
cast_info,220144
cast_info,220147
cast_info,220152
cast_info,220158
cast_info,220159
cast_info,220160
cast_info,220161
cast_info,220164
cast_info,220168
cast_info,220169
cast_info,220171
cast_info,220173
cast_info,220177
cast_info,220180
cast_info,220181
cast_info,220183
cast_info,220187
cast_info,220196
cast_info,220198
cast_info,220202
cast_info,220203
cast_info,220205
cast_info,220212
cast_info,220216
cast_info,220219
cast_info,220221
cast_info,220231
cast_info,220245
cast_info,220253
cast_info,220257
cast_info,220263
cast_info,220264
cast_info,220304
cast_info,220311
cast_info,220313
cast_info,220315
cast_info,220320
cast_info,220322
cast_info,220323
cast_info,220324
cast_info,220326
cast_info,220329
cast_info,220332
cast_info,220335
cast_info,220343
cast_info,220355
cast_info,220357
cast_info,220358
cast_info,220362
cast_info,220364
cast_info,220366
cast_info,220371
cast_info,220373
cast_info,220376
cast_info,220377
cast_info,220378
cast_info,220379
cast_info,220382
cast_info,220444
cast_info,220446
cast_info,220451
cast_info,220454
cast_info,220457
cast_info,220471
cast_info,220479
cast_info,220481
cast_info,220482
cast_info,220490
cast_info,220493
cast_info,220495
cast_info,220497
cast_info,220507
cast_info,220511
cast_info,220519
cast_info,220520
cast_info,220522
cast_info,220531
cast_info,220533
cast_info,220534
cast_info,220545
cast_info,220547
cast_info,220556
cast_info,220558
cast_info,220563
cast_info,220565
cast_info,220566
cast_info,220569
cast_info,220573
cast_info,220575
cast_info,220579
cast_info,220583
cast_info,220584
cast_info,220586
cast_info,220591
cast_info,220594
cast_info,220595
cast_info,220600
cast_info,220604
cast_info,220611
cast_info,220620
cast_info,220623
cast_info,220650
cast_info,220653
cast_info,220665
cast_info,220673
cast_info,220675
cast_info,220682
cast_info,220686
cast_info,220688
cast_info,220692
cast_info,220704
cast_info,220707
cast_info,220709
cast_info,220720
cast_info,220722
cast_info,220729
cast_info,220730
cast_info,220731
cast_info,220735
cast_info,220738
cast_info,220755
cast_info,220760
cast_info,220763
cast_info,220764
cast_info,220773
cast_info,220779
cast_info,220784
cast_info,220786
cast_info,220787
cast_info,220788
cast_info,220813
cast_info,220819
cast_info,220822
cast_info,220834
cast_info,220835
cast_info,220844
cast_info,220847
cast_info,220850
cast_info,220851
cast_info,220852
cast_info,220857
cast_info,220870
cast_info,220872
cast_info,220874
cast_info,220876
cast_info,220878
cast_info,220879
cast_info,220882
cast_info,220886
cast_info,220887
cast_info,220888
cast_info,220894
cast_info,220896
cast_info,220901
cast_info,220903
cast_info,220905
cast_info,220907
cast_info,220908
cast_info,220909
cast_info,220915
cast_info,220919
cast_info,220920
cast_info,220926
cast_info,220927
cast_info,220928
cast_info,220931
cast_info,220948
cast_info,220949
cast_info,220950
cast_info,220965
cast_info,220967
cast_info,220968
cast_info,220970
cast_info,220977
cast_info,220982
cast_info,220985
cast_info,220999
cast_info,221006
cast_info,221007
cast_info,221013
cast_info,221015
cast_info,221017
cast_info,221021
cast_info,221024
cast_info,221026
cast_info,221030
cast_info,221032
cast_info,221035
cast_info,221037
cast_info,221039
cast_info,221041
cast_info,221043
cast_info,221045
cast_info,221052
cast_info,221056
cast_info,221058
cast_info,221061
cast_info,221062
cast_info,221067
cast_info,221070
cast_info,221075
cast_info,221085
cast_info,221088
cast_info,221096
cast_info,221113
cast_info,221124
cast_info,221129
cast_info,221137
cast_info,221138
cast_info,221150
cast_info,221154
cast_info,221156
cast_info,221157
cast_info,221159
cast_info,221160
cast_info,221161
cast_info,221169
cast_info,221177
cast_info,221180
cast_info,221183
cast_info,221187
cast_info,221188
cast_info,221193
cast_info,221201
cast_info,221203
cast_info,221209
cast_info,221219
cast_info,221220
cast_info,221251
cast_info,221254
cast_info,221256
cast_info,221257
cast_info,221258
cast_info,221259
cast_info,221260
cast_info,221261
cast_info,221263
cast_info,221264
cast_info,221265
cast_info,221283
cast_info,221289
cast_info,221294
cast_info,221297
cast_info,221299
cast_info,221300
cast_info,221304
cast_info,221310
cast_info,221313
cast_info,221314
cast_info,221323
cast_info,221324
cast_info,221325
cast_info,221328
cast_info,221332
cast_info,221347
cast_info,221350
cast_info,221353
cast_info,221361
cast_info,221363
cast_info,221365
cast_info,221366
cast_info,221373
cast_info,221384
cast_info,221385
cast_info,221387
cast_info,221443
cast_info,221444
cast_info,221445
cast_info,221447
cast_info,221458
cast_info,221476
cast_info,221515
cast_info,221516
cast_info,221521
cast_info,221526
cast_info,221530
cast_info,221554
cast_info,221558
cast_info,221568
cast_info,221569
cast_info,221571
cast_info,221584
cast_info,221588
cast_info,221590
cast_info,221595
cast_info,221597
cast_info,221611
cast_info,221615
cast_info,221621
cast_info,221627
cast_info,221630
cast_info,221632
cast_info,221637
cast_info,221639
cast_info,221640
cast_info,221647
cast_info,221651
cast_info,221657
cast_info,221673
cast_info,221677
cast_info,221685
cast_info,221687
cast_info,221690
cast_info,221694
cast_info,221700
cast_info,221706
cast_info,221713
cast_info,221716
cast_info,221721
cast_info,221723
cast_info,221725
cast_info,221726
cast_info,221727
cast_info,221734
cast_info,221746
cast_info,221747
cast_info,221757
cast_info,221762
cast_info,221763
cast_info,221775
cast_info,221777
cast_info,221789
cast_info,221790
cast_info,221791
cast_info,221794
cast_info,221803
cast_info,221805
cast_info,221813
cast_info,221814
cast_info,221823
cast_info,221827
cast_info,221840
cast_info,221841
cast_info,221845
cast_info,221850
cast_info,221851
cast_info,221855
cast_info,221856
cast_info,221871
cast_info,221886
cast_info,221894
cast_info,221896
cast_info,221899
cast_info,221915
cast_info,221933
cast_info,221942
cast_info,221948
cast_info,221952
cast_info,221959
cast_info,221980
cast_info,221985
cast_info,221986
cast_info,221987
cast_info,221998
cast_info,221999
cast_info,222000
cast_info,222002
cast_info,222003
cast_info,222008
cast_info,222009
cast_info,222021
cast_info,222029
cast_info,222030
cast_info,222033
cast_info,222039
cast_info,222042
cast_info,222045
cast_info,222053
cast_info,222055
cast_info,222058
cast_info,222059
cast_info,222061
cast_info,222066
cast_info,222067
cast_info,222071
cast_info,222073
cast_info,222074
cast_info,222076
cast_info,222080
cast_info,222087
cast_info,222089
cast_info,222099
cast_info,222110
cast_info,222113
cast_info,222114
cast_info,222116
cast_info,222117
cast_info,222119
cast_info,222120
cast_info,222121
cast_info,222124
cast_info,222128
cast_info,222133
cast_info,222135
cast_info,222138
cast_info,222141
cast_info,222146
cast_info,222147
cast_info,222148
cast_info,222149
cast_info,222153
cast_info,222157
cast_info,222167
cast_info,222175
cast_info,222179
cast_info,222182
cast_info,222185
cast_info,222187
cast_info,222190
cast_info,222197
cast_info,222201
cast_info,222203
cast_info,222207
cast_info,222211
cast_info,222215
cast_info,222221
cast_info,222225
cast_info,222227
cast_info,222233
cast_info,222235
cast_info,222238
cast_info,222239
cast_info,222240
cast_info,222245
cast_info,222255
cast_info,222256
cast_info,222267
cast_info,222272
cast_info,222274
cast_info,222276
cast_info,222280
cast_info,222283
cast_info,222288
cast_info,222289
cast_info,222294
cast_info,222296
cast_info,222298
cast_info,222301
cast_info,222311
cast_info,222313
cast_info,222314
cast_info,222321
cast_info,222323
cast_info,222324
cast_info,222336
cast_info,222337
cast_info,222347
cast_info,222348
cast_info,222351
cast_info,222362
cast_info,222367
cast_info,222371
cast_info,222373
cast_info,222379
cast_info,222380
cast_info,222383
cast_info,222384
cast_info,222400
cast_info,222404
cast_info,222409
cast_info,222410
cast_info,222414
cast_info,222419
cast_info,222420
cast_info,222421
cast_info,222428
cast_info,222430
cast_info,222439
cast_info,222446
cast_info,222460
cast_info,222475
cast_info,222478
cast_info,222486
cast_info,222488
cast_info,222495
cast_info,222506
cast_info,222511
cast_info,222513
cast_info,222525
cast_info,222526
cast_info,222529
cast_info,222536
cast_info,222541
cast_info,222549
cast_info,222552
cast_info,222560
cast_info,222591
cast_info,222592
cast_info,222608
cast_info,222616
cast_info,222623
cast_info,222625
cast_info,222630
cast_info,222641
cast_info,222649
cast_info,222656
cast_info,222659
cast_info,222667
cast_info,222668
cast_info,222671
cast_info,222675
cast_info,222680
cast_info,222689
cast_info,222694
cast_info,222703
cast_info,222705
cast_info,222712
cast_info,222718
cast_info,222720
cast_info,222724
cast_info,222727
cast_info,222730
cast_info,222731
cast_info,222737
cast_info,222738
cast_info,222739
cast_info,222742
cast_info,222747
cast_info,222756
cast_info,222759
cast_info,222764
cast_info,222766
cast_info,222782
cast_info,222785
cast_info,222786
cast_info,222787
cast_info,222789
cast_info,222790
cast_info,222796
cast_info,222797
cast_info,222800
cast_info,222801
cast_info,222803
cast_info,222804
cast_info,222811
cast_info,222815
cast_info,222816
cast_info,222835
cast_info,222851
cast_info,222858
cast_info,222859
cast_info,222861
cast_info,222878
cast_info,222880
cast_info,222888
cast_info,222893
cast_info,222894
cast_info,222911
cast_info,222913
cast_info,222914
cast_info,222917
cast_info,222920
cast_info,222931
cast_info,222932
cast_info,222945
cast_info,222952
cast_info,222953
cast_info,222959
cast_info,222964
cast_info,222976
cast_info,222981
cast_info,222982
cast_info,222986
cast_info,222991
cast_info,222994
cast_info,222995
cast_info,223003
cast_info,223007
cast_info,223023
cast_info,223024
cast_info,223026
cast_info,223043
cast_info,223048
cast_info,223052
cast_info,223065
cast_info,223068
cast_info,223070
cast_info,223081
cast_info,223094
cast_info,223106
cast_info,223110
cast_info,223130
cast_info,223134
cast_info,223139
cast_info,223149
cast_info,223155
cast_info,223157
cast_info,223177
cast_info,223181
cast_info,223183
cast_info,223186
cast_info,223187
cast_info,223190
cast_info,223195
cast_info,223201
cast_info,223203
cast_info,223209
cast_info,223214
cast_info,223225
cast_info,223226
cast_info,223244
cast_info,223252
cast_info,223257
cast_info,223258
cast_info,223270
cast_info,223271
cast_info,223275
cast_info,223292
cast_info,223299
cast_info,223306
cast_info,223308
cast_info,223309
cast_info,223310
cast_info,223311
cast_info,223324
cast_info,223327
cast_info,223329
cast_info,223332
cast_info,223333
cast_info,223336
cast_info,223344
cast_info,223352
cast_info,223354
cast_info,223359
cast_info,223365
cast_info,223370
cast_info,223371
cast_info,223380
cast_info,223394
cast_info,223404
cast_info,223406
cast_info,223425
cast_info,223431
cast_info,223434
cast_info,223436
cast_info,223445
cast_info,223447
cast_info,223451
cast_info,223452
cast_info,223456
cast_info,223459
cast_info,223461
cast_info,223462
cast_info,223463
cast_info,223464
cast_info,223468
cast_info,223476
cast_info,223481
cast_info,223486
cast_info,223487
cast_info,223491
cast_info,223510
cast_info,223517
cast_info,223519
cast_info,223521
cast_info,223522
cast_info,223523
cast_info,223525
cast_info,223534
cast_info,223537
cast_info,223538
cast_info,223540
cast_info,223542
cast_info,223548
cast_info,223552
cast_info,223565
cast_info,223573
cast_info,223577
cast_info,223578
cast_info,223594
cast_info,223600
cast_info,223607
cast_info,223609
cast_info,223624
cast_info,223630
cast_info,223634
cast_info,223637
cast_info,223646
cast_info,223659
cast_info,223665
cast_info,223684
cast_info,223697
cast_info,223698
cast_info,223703
cast_info,223704
cast_info,223712
cast_info,223719
cast_info,223728
cast_info,223732
cast_info,223734
cast_info,223735
cast_info,223742
cast_info,223743
cast_info,223746
cast_info,223757
cast_info,223771
cast_info,223781
cast_info,223783
cast_info,223790
cast_info,223803
cast_info,223809
cast_info,223826
cast_info,223829
cast_info,223841
cast_info,223859
cast_info,223863
cast_info,223867
cast_info,223868
cast_info,223877
cast_info,223878
cast_info,223881
cast_info,223885
cast_info,223886
cast_info,223889
cast_info,223890
cast_info,223891
cast_info,223898
cast_info,223899
cast_info,223900
cast_info,223902
cast_info,223903
cast_info,223909
cast_info,223912
cast_info,223915
cast_info,223916
cast_info,223918
cast_info,223927
cast_info,223929
cast_info,223933
cast_info,223939
cast_info,223941
cast_info,223942
cast_info,223943
cast_info,223945
cast_info,223948
cast_info,223956
cast_info,223966
cast_info,223967
cast_info,223969
cast_info,223985
cast_info,223990
cast_info,223994
cast_info,224007
cast_info,224017
cast_info,224020
cast_info,224021
cast_info,224022
cast_info,224024
cast_info,224036
cast_info,224040
cast_info,224043
cast_info,224044
cast_info,224045
cast_info,224048
cast_info,224052
cast_info,224053
cast_info,224060
cast_info,224061
cast_info,224064
cast_info,224068
cast_info,224070
cast_info,224077
cast_info,224083
cast_info,224085
cast_info,224089
cast_info,224093
cast_info,224098
cast_info,224101
cast_info,224106
cast_info,224110
cast_info,224135
cast_info,224140
cast_info,224143
cast_info,224151
cast_info,224153
cast_info,224157
cast_info,224159
cast_info,224163
cast_info,224166
cast_info,224167
cast_info,224168
cast_info,224170
cast_info,224171
cast_info,224172
cast_info,224176
cast_info,224182
cast_info,224189
cast_info,224192
cast_info,224214
cast_info,224217
cast_info,224218
cast_info,224233
cast_info,224236
cast_info,224251
cast_info,224252
cast_info,224253
cast_info,224263
cast_info,224264
cast_info,224267
cast_info,224269
cast_info,224273
cast_info,224274
cast_info,224275
cast_info,224279
cast_info,224280
cast_info,224281
cast_info,224282
cast_info,224283
cast_info,224286
cast_info,224295
cast_info,224308
cast_info,224311
cast_info,224314
cast_info,224332
cast_info,224333
cast_info,224334
cast_info,224339
cast_info,224346
cast_info,224347
cast_info,224348
cast_info,224354
cast_info,224357
cast_info,224368
cast_info,224371
cast_info,224376
cast_info,224377
cast_info,224391
cast_info,224392
cast_info,224396
cast_info,224407
cast_info,224414
cast_info,224434
cast_info,224439
cast_info,224440
cast_info,224443
cast_info,224448
cast_info,224449
cast_info,224455
cast_info,224458
cast_info,224459
cast_info,224460
cast_info,224463
cast_info,224466
cast_info,224471
cast_info,224473
cast_info,224482
cast_info,224488
cast_info,224494
cast_info,224501
cast_info,224502
cast_info,224504
cast_info,224512
cast_info,224515
cast_info,224518
cast_info,224522
cast_info,224527
cast_info,224529
cast_info,224545
cast_info,224548
cast_info,224551
cast_info,224553
cast_info,224556
cast_info,224572
cast_info,224574
cast_info,224580
cast_info,224581
cast_info,224582
cast_info,224592
cast_info,224593
cast_info,224622
cast_info,224632
cast_info,224657
cast_info,224664
cast_info,224667
cast_info,224669
cast_info,224676
cast_info,224679
cast_info,224682
cast_info,224689
cast_info,224692
cast_info,224700
cast_info,224703
cast_info,224705
cast_info,224707
cast_info,224709
cast_info,224713
cast_info,224714
cast_info,224736
cast_info,224740
cast_info,224745
cast_info,224746
cast_info,224748
cast_info,224760
cast_info,224761
cast_info,224762
cast_info,224767
cast_info,224768
cast_info,224772
cast_info,224773
cast_info,224775
cast_info,224778
cast_info,224780
cast_info,224787
cast_info,224789
cast_info,224793
cast_info,224798
cast_info,224799
cast_info,224803
cast_info,224812
cast_info,224818
cast_info,224820
cast_info,224826
cast_info,224836
cast_info,224842
cast_info,224844
cast_info,224858
cast_info,224859
cast_info,224860
cast_info,224861
cast_info,224864
cast_info,224869
cast_info,224871
cast_info,224873
cast_info,224877
cast_info,224878
cast_info,224879
cast_info,224883
cast_info,224884
cast_info,224891
cast_info,224892
cast_info,224898
cast_info,224907
cast_info,224911
cast_info,224912
cast_info,224913
cast_info,224914
cast_info,224921
cast_info,224925
cast_info,224933
cast_info,224951
cast_info,224952
cast_info,224955
cast_info,224956
cast_info,224960
cast_info,224977
cast_info,224978
cast_info,224980
cast_info,224988
cast_info,224992
cast_info,224993
cast_info,225006
cast_info,225011
cast_info,225022
cast_info,225027
cast_info,225034
cast_info,225035
cast_info,225036
cast_info,225037
cast_info,225052
cast_info,225074
cast_info,225084
cast_info,225089
cast_info,225092
cast_info,225099
cast_info,225103
cast_info,225107
cast_info,225111
cast_info,225113
cast_info,225119
cast_info,225122
cast_info,225129
cast_info,225131
cast_info,225132
cast_info,225134
cast_info,225135
cast_info,225136
cast_info,225155
cast_info,225156
cast_info,225159
cast_info,225161
cast_info,225169
cast_info,225176
cast_info,225177
cast_info,225178
cast_info,225180
cast_info,225185
cast_info,225191
cast_info,225192
cast_info,225209
cast_info,225217
cast_info,225224
cast_info,225226
cast_info,225230
cast_info,225244
cast_info,225260
cast_info,225262
cast_info,225266
cast_info,225267
cast_info,225275
cast_info,225279
cast_info,225286
cast_info,225290
cast_info,225291
cast_info,225301
cast_info,225305
cast_info,225310
cast_info,225331
cast_info,225337
cast_info,225343
cast_info,225355
cast_info,225358
cast_info,225359
cast_info,225375
cast_info,225381
cast_info,225384
cast_info,225396
cast_info,225397
cast_info,225398
cast_info,225400
cast_info,225408
cast_info,225410
cast_info,225412
cast_info,225414
cast_info,225426
cast_info,225431
cast_info,225436
cast_info,225437
cast_info,225459
cast_info,225461
cast_info,225462
cast_info,225467
cast_info,225468
cast_info,225470
cast_info,225471
cast_info,225491
cast_info,225500
cast_info,225503
cast_info,225505
cast_info,225517
cast_info,225518
cast_info,225520
cast_info,225521
cast_info,225533
cast_info,225534
cast_info,225539
cast_info,225541
cast_info,225542
cast_info,225544
cast_info,225546
cast_info,225550
cast_info,225554
cast_info,225561
cast_info,225562
cast_info,225565
cast_info,225570
cast_info,225572
cast_info,225599
cast_info,225604
cast_info,225606
cast_info,225607
cast_info,225613
cast_info,225617
cast_info,225626
cast_info,225628
cast_info,225634
cast_info,225641
cast_info,225644
cast_info,225651
cast_info,225652
cast_info,225655
cast_info,225664
cast_info,225666
cast_info,225667
cast_info,225670
cast_info,225673
cast_info,225681
cast_info,225686
cast_info,225689
cast_info,225698
cast_info,225701
cast_info,225704
cast_info,225714
cast_info,225715
cast_info,225717
cast_info,225721
cast_info,225739
cast_info,225749
cast_info,225750
cast_info,225751
cast_info,225761
cast_info,225768
cast_info,225770
cast_info,225771
cast_info,225774
cast_info,225782
cast_info,225786
cast_info,225792
cast_info,225794
cast_info,225797
cast_info,225798
cast_info,225806
cast_info,225815
cast_info,225817
cast_info,225818
cast_info,225822
cast_info,225827
cast_info,225835
cast_info,225845
cast_info,225855
cast_info,225857
cast_info,225860
cast_info,225865
cast_info,225867
cast_info,225871
cast_info,225873
cast_info,225879
cast_info,225889
cast_info,225891
cast_info,225892
cast_info,225903
cast_info,225910
cast_info,225913
cast_info,225915
cast_info,225916
cast_info,225919
cast_info,225926
cast_info,225932
cast_info,225933
cast_info,225934
cast_info,225937
cast_info,225938
cast_info,225951
cast_info,225953
cast_info,225954
cast_info,225961
cast_info,225962
cast_info,225963
cast_info,225965
cast_info,225967
cast_info,225969
cast_info,225976
cast_info,225979
cast_info,225983
cast_info,225995
cast_info,226032
cast_info,226037
cast_info,226040
cast_info,226049
cast_info,226061
cast_info,226071
cast_info,226075
cast_info,226076
cast_info,226079
cast_info,226081
cast_info,226086
cast_info,226087
cast_info,226088
cast_info,226089
cast_info,226090
cast_info,226097
cast_info,226101
cast_info,226110
cast_info,226112
cast_info,226113
cast_info,226126
cast_info,226129
cast_info,226143
cast_info,226144
cast_info,226146
cast_info,226154
cast_info,226161
cast_info,226162
cast_info,226163
cast_info,226164
cast_info,226165
cast_info,226166
cast_info,226176
cast_info,226179
cast_info,226181
cast_info,226182
cast_info,226183
cast_info,226184
cast_info,226197
cast_info,226202
cast_info,226208
cast_info,226212
cast_info,226219
cast_info,226227
cast_info,226232
cast_info,226238
cast_info,226239
cast_info,226240
cast_info,226253
cast_info,226254
cast_info,226256
cast_info,226259
cast_info,226265
cast_info,226273
cast_info,226289
cast_info,226290
cast_info,226291
cast_info,226299
cast_info,226301
cast_info,226302
cast_info,226303
cast_info,226314
cast_info,226318
cast_info,226322
cast_info,226328
cast_info,226336
cast_info,226340
cast_info,226354
cast_info,226357
cast_info,226358
cast_info,226359
cast_info,226376
cast_info,226385
cast_info,226386
cast_info,226387
cast_info,226390
cast_info,226397
cast_info,226399
cast_info,226404
cast_info,226405
cast_info,226412
cast_info,226413
cast_info,226427
cast_info,226435
cast_info,226439
cast_info,226444
cast_info,226449
cast_info,226454
cast_info,226458
cast_info,226460
cast_info,226461
cast_info,226467
cast_info,226469
cast_info,226470
cast_info,226488
cast_info,226503
cast_info,226505
cast_info,226506
cast_info,226507
cast_info,226510
cast_info,226515
cast_info,226536
cast_info,226543
cast_info,226544
cast_info,226545
cast_info,226549
cast_info,226550
cast_info,226573
cast_info,226575
cast_info,226589
cast_info,226592
cast_info,226597
cast_info,226601
cast_info,226603
cast_info,226612
cast_info,226615
cast_info,226623
cast_info,226626
cast_info,226627
cast_info,226639
cast_info,226645
cast_info,226646
cast_info,226647
cast_info,226651
cast_info,226654
cast_info,226657
cast_info,226660
cast_info,226664
cast_info,226668
cast_info,226669
cast_info,226673
cast_info,226674
cast_info,226675
cast_info,226678
cast_info,226679
cast_info,226684
cast_info,226686
cast_info,226692
cast_info,226700
cast_info,226701
cast_info,226705
cast_info,226710
cast_info,226715
cast_info,226719
cast_info,226724
cast_info,226726
cast_info,226728
cast_info,226730
cast_info,226739
cast_info,226741
cast_info,226753
cast_info,226755
cast_info,226761
cast_info,226764
cast_info,226767
cast_info,226770
cast_info,226775
cast_info,226778
cast_info,226790
cast_info,226812
cast_info,226813
cast_info,226822
cast_info,226824
cast_info,226825
cast_info,226839
cast_info,226844
cast_info,226847
cast_info,226851
cast_info,226857
cast_info,226859
cast_info,226860
cast_info,226861
cast_info,226863
cast_info,226868
cast_info,226870
cast_info,226871
cast_info,226872
cast_info,226881
cast_info,226882
cast_info,226887
cast_info,226897
cast_info,226898
cast_info,226900
cast_info,226901
cast_info,226904
cast_info,226905
cast_info,226906
cast_info,226907
cast_info,226910
cast_info,226912
cast_info,226913
cast_info,226915
cast_info,226927
cast_info,226931
cast_info,226932
cast_info,226936
cast_info,226945
cast_info,226947
cast_info,226950
cast_info,226951
cast_info,226960
cast_info,226962
cast_info,226973
cast_info,226975
cast_info,226976
cast_info,226978
cast_info,226980
cast_info,226982
cast_info,226986
cast_info,226988
cast_info,226990
cast_info,226991
cast_info,226994
cast_info,227010
cast_info,227017
cast_info,227020
cast_info,227023
cast_info,227024
cast_info,227052
cast_info,227053
cast_info,227054
cast_info,227067
cast_info,227069
cast_info,227074
cast_info,227075
cast_info,227079
cast_info,227080
cast_info,227089
cast_info,227092
cast_info,227100
cast_info,227102
cast_info,227115
cast_info,227116
cast_info,227121
cast_info,227128
cast_info,227132
cast_info,227134
cast_info,227143
cast_info,227145
cast_info,227147
cast_info,227149
cast_info,227158
cast_info,227163
cast_info,227164
cast_info,227166
cast_info,227169
cast_info,227172
cast_info,227177
cast_info,227178
cast_info,227185
cast_info,227188
cast_info,227190
cast_info,227199
cast_info,227203
cast_info,227207
cast_info,227217
cast_info,227233
cast_info,227253
cast_info,227254
cast_info,227264
cast_info,227270
cast_info,227279
cast_info,227283
cast_info,227284
cast_info,227290
cast_info,227294
cast_info,227301
cast_info,227302
cast_info,227303
cast_info,227306
cast_info,227312
cast_info,227314
cast_info,227318
cast_info,227319
cast_info,227330
cast_info,227343
cast_info,227344
cast_info,227352
cast_info,227354
cast_info,227355
cast_info,227356
cast_info,227358
cast_info,227359
cast_info,227361
cast_info,227364
cast_info,227367
cast_info,227372
cast_info,227375
cast_info,227378
cast_info,227381
cast_info,227382
cast_info,227383
cast_info,227386
cast_info,227389
cast_info,227390
cast_info,227398
cast_info,227409
cast_info,227412
cast_info,227414
cast_info,227426
cast_info,227427
cast_info,227428
cast_info,227430
cast_info,227435
cast_info,227436
cast_info,227442
cast_info,227443
cast_info,227449
cast_info,227450
cast_info,227457
cast_info,227467
cast_info,227468
cast_info,227471
cast_info,227490
cast_info,227492
cast_info,227496
cast_info,227500
cast_info,227503
cast_info,227506
cast_info,227507
cast_info,227510
cast_info,227522
cast_info,227523
cast_info,227527
cast_info,227530
cast_info,227535
cast_info,227537
cast_info,227539
cast_info,227542
cast_info,227544
cast_info,227559
cast_info,227565
cast_info,227566
cast_info,227577
cast_info,227581
cast_info,227592
cast_info,227620
cast_info,227622
cast_info,227626
cast_info,227632
cast_info,227639
cast_info,227640
cast_info,227646
cast_info,227653
cast_info,227654
cast_info,227656
cast_info,227660
cast_info,227674
cast_info,227686
cast_info,227688
cast_info,227689
cast_info,227691
cast_info,227699
cast_info,227704
cast_info,227707
cast_info,227714
cast_info,227723
cast_info,227725
cast_info,227728
cast_info,227734
cast_info,227747
cast_info,227759
cast_info,227760
cast_info,227771
cast_info,227775
cast_info,227777
cast_info,227778
cast_info,227779
cast_info,227781
cast_info,227782
cast_info,227785
cast_info,227787
cast_info,227792
cast_info,227802
cast_info,227809
cast_info,227813
cast_info,227814
cast_info,227817
cast_info,227821
cast_info,227833
cast_info,227838
cast_info,227840
cast_info,227845
cast_info,227850
cast_info,227854
cast_info,227857
cast_info,227858
cast_info,227860
cast_info,227882
cast_info,227888
cast_info,227889
cast_info,227891
cast_info,227892
cast_info,227894
cast_info,227900
cast_info,227902
cast_info,227904
cast_info,227915
cast_info,227922
cast_info,227925
cast_info,227928
cast_info,227944
cast_info,227961
cast_info,227969
cast_info,227982
cast_info,227985
cast_info,227986
cast_info,227987
cast_info,227994
cast_info,228009
cast_info,228012
cast_info,228014
cast_info,228021
cast_info,228024
cast_info,228025
cast_info,228028
cast_info,228033
cast_info,228036
cast_info,228037
cast_info,228044
cast_info,228061
cast_info,228063
cast_info,228065
cast_info,228077
cast_info,228079
cast_info,228085
cast_info,228096
cast_info,228097
cast_info,228100
cast_info,228101
cast_info,228103
cast_info,228108
cast_info,228113
cast_info,228118
cast_info,228121
cast_info,228123
cast_info,228133
cast_info,228143
cast_info,228146
cast_info,228149
cast_info,228170
cast_info,228180
cast_info,228189
cast_info,228190
cast_info,228193
cast_info,228194
cast_info,228198
cast_info,228200
cast_info,228201
cast_info,228208
cast_info,228209
cast_info,228211
cast_info,228214
cast_info,228215
cast_info,228226
cast_info,228231
cast_info,228234
cast_info,228238
cast_info,228239
cast_info,228240
cast_info,228241
cast_info,228245
cast_info,228266
cast_info,228268
cast_info,228271
cast_info,228284
cast_info,228288
cast_info,228293
cast_info,228297
cast_info,228301
cast_info,228303
cast_info,228304
cast_info,228313
cast_info,228315
cast_info,228320
cast_info,228325
cast_info,228327
cast_info,228328
cast_info,228332
cast_info,228337
cast_info,228339
cast_info,228340
cast_info,228341
cast_info,228344
cast_info,228347
cast_info,228349
cast_info,228351
cast_info,228353
cast_info,228356
cast_info,228357
cast_info,228358
cast_info,228372
cast_info,228376
cast_info,228377
cast_info,228382
cast_info,228388
cast_info,228389
cast_info,228392
cast_info,228393
cast_info,228395
cast_info,228399
cast_info,228400
cast_info,228406
cast_info,228408
cast_info,228412
cast_info,228421
cast_info,228422
cast_info,228425
cast_info,228437
cast_info,228439
cast_info,228446
cast_info,228453
cast_info,228454
cast_info,228457
cast_info,228461
cast_info,228465
cast_info,228471
cast_info,228474
cast_info,228481
cast_info,228482
cast_info,228486
cast_info,228489
cast_info,228491
cast_info,228495
cast_info,228499
cast_info,228500
cast_info,228501
cast_info,228503
cast_info,228505
cast_info,228508
cast_info,228513
cast_info,228514
cast_info,228532
cast_info,228536
cast_info,228542
cast_info,228546
cast_info,228551
cast_info,228552
cast_info,228555
cast_info,228556
cast_info,228561
cast_info,228570
cast_info,228571
cast_info,228572
cast_info,228581
cast_info,228592
cast_info,228594
cast_info,228599
cast_info,228600
cast_info,228601
cast_info,228607
cast_info,228612
cast_info,228615
cast_info,228619
cast_info,228621
cast_info,228627
cast_info,228635
cast_info,228636
cast_info,228640
cast_info,228642
cast_info,228644
cast_info,228654
cast_info,228663
cast_info,228664
cast_info,228668
cast_info,228670
cast_info,228675
cast_info,228684
cast_info,228686
cast_info,228704
cast_info,228707
cast_info,228712
cast_info,228713
cast_info,228717
cast_info,228718
cast_info,228726
cast_info,228730
cast_info,228733
cast_info,228737
cast_info,228745
cast_info,228747
cast_info,228748
cast_info,228754
cast_info,228755
cast_info,228756
cast_info,228759
cast_info,228768
cast_info,228774
cast_info,228776
cast_info,228779
cast_info,228782
cast_info,228784
cast_info,228785
cast_info,228789
cast_info,228791
cast_info,228795
cast_info,228823
cast_info,228824
cast_info,228829
cast_info,228830
cast_info,228841
cast_info,228850
cast_info,228851
cast_info,228860
cast_info,228864
cast_info,228868
cast_info,228871
cast_info,228877
cast_info,228881
cast_info,228882
cast_info,228887
cast_info,228895
cast_info,228910
cast_info,228914
cast_info,228918
cast_info,228929
cast_info,228934
cast_info,228935
cast_info,228936
cast_info,228942
cast_info,228945
cast_info,228957
cast_info,228961
cast_info,228962
cast_info,228967
cast_info,228971
cast_info,228978
cast_info,228981
cast_info,228992
cast_info,228995
cast_info,228997
cast_info,229001
cast_info,229004
cast_info,229013
cast_info,229014
cast_info,229016
cast_info,229024
cast_info,229037
cast_info,229046
cast_info,229052
cast_info,229056
cast_info,229059
cast_info,229062
cast_info,229066
cast_info,229067
cast_info,229087
cast_info,229089
cast_info,229100
cast_info,229108
cast_info,229114
cast_info,229117
cast_info,229120
cast_info,229135
cast_info,229136
cast_info,229142
cast_info,229165
cast_info,229173
cast_info,229174
cast_info,229177
cast_info,229187
cast_info,229189
cast_info,229193
cast_info,229200
cast_info,229202
cast_info,229203
cast_info,229209
cast_info,229215
cast_info,229222
cast_info,229226
cast_info,229234
cast_info,229236
cast_info,229237
cast_info,229238
cast_info,229264
cast_info,229265
cast_info,229270
cast_info,229276
cast_info,229280
cast_info,229282
cast_info,229283
cast_info,229285
cast_info,229293
cast_info,229296
cast_info,229310
cast_info,229311
cast_info,229317
cast_info,229318
cast_info,229319
cast_info,229322
cast_info,229328
cast_info,229330
cast_info,229335
cast_info,229336
cast_info,229342
cast_info,229345
cast_info,229349
cast_info,229350
cast_info,229367
cast_info,229377
cast_info,229383
cast_info,229393
cast_info,229403
cast_info,229412
cast_info,229417
cast_info,229428
cast_info,229432
cast_info,229438
cast_info,229440
cast_info,229442
cast_info,229443
cast_info,229464
cast_info,229470
cast_info,229474
cast_info,229479
cast_info,229488
cast_info,229489
cast_info,229493
cast_info,229494
cast_info,229501
cast_info,229503
cast_info,229506
cast_info,229512
cast_info,229513
cast_info,229522
cast_info,229526
cast_info,229537
cast_info,229539
cast_info,229540
cast_info,229541
cast_info,229546
cast_info,229548
cast_info,229550
cast_info,229552
cast_info,229553
cast_info,229554
cast_info,229559
cast_info,229560
cast_info,229562
cast_info,229563
cast_info,229565
cast_info,229569
cast_info,229572
cast_info,229576
cast_info,229577
cast_info,229580
cast_info,229601
cast_info,229606
cast_info,229609
cast_info,229613
cast_info,229615
cast_info,229621
cast_info,229631
cast_info,229635
cast_info,229639
cast_info,229640
cast_info,229643
cast_info,229648
cast_info,229660
cast_info,229661
cast_info,229664
cast_info,229667
cast_info,229673
cast_info,229677
cast_info,229678
cast_info,229684
cast_info,229687
cast_info,229690
cast_info,229701
cast_info,229704
cast_info,229715
cast_info,229717
cast_info,229718
cast_info,229721
cast_info,229730
cast_info,229738
cast_info,229739
cast_info,229744
cast_info,229747
cast_info,229748
cast_info,229752
cast_info,229757
cast_info,229759
cast_info,229763
cast_info,229765
cast_info,229772
cast_info,229773
cast_info,229776
cast_info,229778
cast_info,229781
cast_info,229784
cast_info,229792
cast_info,229799
cast_info,229801
cast_info,229802
cast_info,229812
cast_info,229814
cast_info,229815
cast_info,229821
cast_info,229824
cast_info,229838
cast_info,229840
cast_info,229845
cast_info,229847
cast_info,229853
cast_info,229854
cast_info,229865
cast_info,229873
cast_info,229882
cast_info,229887
cast_info,229894
cast_info,229896
cast_info,229901
cast_info,229902
cast_info,229905
cast_info,229913
cast_info,229918
cast_info,229921
cast_info,229923
cast_info,229929
cast_info,229930
cast_info,229936
cast_info,229939
cast_info,229941
cast_info,229942
cast_info,229945
cast_info,229948
cast_info,229954
cast_info,229956
cast_info,229957
cast_info,229958
cast_info,229961
cast_info,229970
cast_info,229972
cast_info,229982
cast_info,229991
cast_info,229995
cast_info,230003
cast_info,230006
cast_info,230007
cast_info,230014
cast_info,230015
cast_info,230025
cast_info,230038
cast_info,230039
cast_info,230040
cast_info,230043
cast_info,230044
cast_info,230045
cast_info,230046
cast_info,230055
cast_info,230056
cast_info,230067
cast_info,230069
cast_info,230071
cast_info,230078
cast_info,230080
cast_info,230083
cast_info,230087
cast_info,230088
cast_info,230093
cast_info,230095
cast_info,230103
cast_info,230104
cast_info,230105
cast_info,230106
cast_info,230108
cast_info,230114
cast_info,230119
cast_info,230120
cast_info,230124
cast_info,230126
cast_info,230127
cast_info,230131
cast_info,230136
cast_info,230137
cast_info,230139
cast_info,230141
cast_info,230142
cast_info,230143
cast_info,230148
cast_info,230149
cast_info,230150
cast_info,230158
cast_info,230160
cast_info,230164
cast_info,230165
cast_info,230170
cast_info,230185
cast_info,230189
cast_info,230190
cast_info,230199
cast_info,230206
cast_info,230207
cast_info,230210
cast_info,230218
cast_info,230219
cast_info,230221
cast_info,230223
cast_info,230224
cast_info,230230
cast_info,230248
cast_info,230253
cast_info,230262
cast_info,230269
cast_info,230273
cast_info,230274
cast_info,230275
cast_info,230282
cast_info,230289
cast_info,230292
cast_info,230301
cast_info,230304
cast_info,230305
cast_info,230330
cast_info,230336
cast_info,230340
cast_info,230342
cast_info,230347
cast_info,230359
cast_info,230363
cast_info,230369
cast_info,230370
cast_info,230389
cast_info,230390
cast_info,230392
cast_info,230414
cast_info,230415
cast_info,230438
cast_info,230440
cast_info,230444
cast_info,230470
cast_info,230473
cast_info,230478
cast_info,230480
cast_info,230485
cast_info,230486
cast_info,230488
cast_info,230490
cast_info,230492
cast_info,230499
cast_info,230515
cast_info,230537
cast_info,230540
cast_info,230541
cast_info,230542
cast_info,230545
cast_info,230550
cast_info,230553
cast_info,230554
cast_info,230556
cast_info,230558
cast_info,230559
cast_info,230560
cast_info,230566
cast_info,230574
cast_info,230580
cast_info,230596
cast_info,230609
cast_info,230610
cast_info,230613
cast_info,230621
cast_info,230629
cast_info,230636
cast_info,230637
cast_info,230641
cast_info,230648
cast_info,230650
cast_info,230651
cast_info,230652
cast_info,230657
cast_info,230658
cast_info,230664
cast_info,230670
cast_info,230674
cast_info,230676
cast_info,230681
cast_info,230687
cast_info,230696
cast_info,230699
cast_info,230709
cast_info,230712
cast_info,230713
cast_info,230714
cast_info,230720
cast_info,230721
cast_info,230726
cast_info,230731
cast_info,230735
cast_info,230737
cast_info,230740
cast_info,230750
cast_info,230753
cast_info,230765
cast_info,230766
cast_info,230767
cast_info,230771
cast_info,230773
cast_info,230781
cast_info,230784
cast_info,230789
cast_info,230797
cast_info,230799
cast_info,230800
cast_info,230805
cast_info,230809
cast_info,230813
cast_info,230818
cast_info,230821
cast_info,230825
cast_info,230827
cast_info,230829
cast_info,230840
cast_info,230841
cast_info,230855
cast_info,230861
cast_info,230864
cast_info,230867
cast_info,230874
cast_info,230880
cast_info,230884
cast_info,230887
cast_info,230892
cast_info,230902
cast_info,230904
cast_info,230913
cast_info,230915
cast_info,230916
cast_info,230922
cast_info,230928
cast_info,230930
cast_info,230933
cast_info,230947
cast_info,230953
cast_info,230956
cast_info,230960
cast_info,230964
cast_info,230965
cast_info,230968
cast_info,230970
cast_info,230971
cast_info,230973
cast_info,230979
cast_info,230980
cast_info,230981
cast_info,230982
cast_info,230984
cast_info,230985
cast_info,230988
cast_info,230989
cast_info,230995
cast_info,230996
cast_info,230997
cast_info,230998
cast_info,231001
cast_info,231014
cast_info,231019
cast_info,231024
cast_info,231027
cast_info,231028
cast_info,231033
cast_info,231040
cast_info,231043
cast_info,231045
cast_info,231046
cast_info,231052
cast_info,231053
cast_info,231054
cast_info,231057
cast_info,231059
cast_info,231062
cast_info,231065
cast_info,231068
cast_info,231094
cast_info,231099
cast_info,231103
cast_info,231104
cast_info,231112
cast_info,231118
cast_info,231129
cast_info,231131
cast_info,231134
cast_info,231138
cast_info,231143
cast_info,231147
cast_info,231148
cast_info,231150
cast_info,231152
cast_info,231153
cast_info,231158
cast_info,231161
cast_info,231164
cast_info,231171
cast_info,231175
cast_info,231176
cast_info,231184
cast_info,231199
cast_info,231208
cast_info,231209
cast_info,231218
cast_info,231219
cast_info,231230
cast_info,231232
cast_info,231234
cast_info,231241
cast_info,231245
cast_info,231254
cast_info,231261
cast_info,231277
cast_info,231281
cast_info,231282
cast_info,231286
cast_info,231290
cast_info,231291
cast_info,231309
cast_info,231310
cast_info,231314
cast_info,231317
cast_info,231319
cast_info,231320
cast_info,231321
cast_info,231322
cast_info,231324
cast_info,231325
cast_info,231329
cast_info,231336
cast_info,231337
cast_info,231342
cast_info,231344
cast_info,231346
cast_info,231349
cast_info,231351
cast_info,231353
cast_info,231360
cast_info,231361
cast_info,231371
cast_info,231373
cast_info,231374
cast_info,231376
cast_info,231385
cast_info,231389
cast_info,231390
cast_info,231391
cast_info,231392
cast_info,231394
cast_info,231396
cast_info,231398
cast_info,231406
cast_info,231408
cast_info,231416
cast_info,231417
cast_info,231421
cast_info,231426
cast_info,231428
cast_info,231435
cast_info,231439
cast_info,231449
cast_info,231461
cast_info,231462
cast_info,231464
cast_info,231468
cast_info,231474
cast_info,231477
cast_info,231484
cast_info,231490
cast_info,231493
cast_info,231496
cast_info,231500
cast_info,231501
cast_info,231505
cast_info,231506
cast_info,231513
cast_info,231525
cast_info,231526
cast_info,231534
cast_info,231539
cast_info,231540
cast_info,231543
cast_info,231546
cast_info,231550
cast_info,231552
cast_info,231561
cast_info,231577
cast_info,231590
cast_info,231594
cast_info,231595
cast_info,231596
cast_info,231597
cast_info,231599
cast_info,231600
cast_info,231601
cast_info,231607
cast_info,231608
cast_info,231615
cast_info,231618
cast_info,231621
cast_info,231626
cast_info,231627
cast_info,231628
cast_info,231630
cast_info,231639
cast_info,231653
cast_info,231663
cast_info,231664
cast_info,231666
cast_info,231670
cast_info,231671
cast_info,231672
cast_info,231678
cast_info,231698
cast_info,231699
cast_info,231702
cast_info,231703
cast_info,231715
cast_info,231720
cast_info,231721
cast_info,231723
cast_info,231725
cast_info,231770
cast_info,231773
cast_info,231780
cast_info,231781
cast_info,231782
cast_info,231785
cast_info,231788
cast_info,231795
cast_info,231796
cast_info,231806
cast_info,231810
cast_info,231820
cast_info,231823
cast_info,231826
cast_info,231833
cast_info,231844
cast_info,231851
cast_info,231852
cast_info,231856
cast_info,231858
cast_info,231860
cast_info,231862
cast_info,231866
cast_info,231867
cast_info,231872
cast_info,231875
cast_info,231876
cast_info,231881
cast_info,231882
cast_info,231884
cast_info,231893
cast_info,231897
cast_info,231901
cast_info,231902
cast_info,231903
cast_info,231904
cast_info,231905
cast_info,231907
cast_info,231912
cast_info,231919
cast_info,231926
cast_info,231933
cast_info,231939
cast_info,231940
cast_info,231942
cast_info,231946
cast_info,231952
cast_info,231954
cast_info,231960
cast_info,231961
cast_info,231964
cast_info,231966
cast_info,231967
cast_info,231973
cast_info,231984
cast_info,231990
cast_info,231993
cast_info,232001
cast_info,232002
cast_info,232011
cast_info,232014
cast_info,232018
cast_info,232024
cast_info,232026
cast_info,232027
cast_info,232035
cast_info,232036
cast_info,232038
cast_info,232049
cast_info,232051
cast_info,232061
cast_info,232073
cast_info,232078
cast_info,232079
cast_info,232086
cast_info,232088
cast_info,232095
cast_info,232099
cast_info,232109
cast_info,232110
cast_info,232115
cast_info,232117
cast_info,232118
cast_info,232125
cast_info,232132
cast_info,232133
cast_info,232137
cast_info,232138
cast_info,232144
cast_info,232150
cast_info,232151
cast_info,232173
cast_info,232185
cast_info,232188
cast_info,232189
cast_info,232194
cast_info,232197
cast_info,232201
cast_info,232203
cast_info,232204
cast_info,232205
cast_info,232206
cast_info,232207
cast_info,232214
cast_info,232222
cast_info,232227
cast_info,232229
cast_info,232237
cast_info,232238
cast_info,232239
cast_info,232244
cast_info,232246
cast_info,232248
cast_info,232253
cast_info,232257
cast_info,232266
cast_info,232270
cast_info,232278
cast_info,232279
cast_info,232281
cast_info,232284
cast_info,232287
cast_info,232288
cast_info,232295
cast_info,232298
cast_info,232308
cast_info,232324
cast_info,232326
cast_info,232327
cast_info,232330
cast_info,232331
cast_info,232335
cast_info,232336
cast_info,232339
cast_info,232345
cast_info,232346
cast_info,232347
cast_info,232358
cast_info,232361
cast_info,232366
cast_info,232368
cast_info,232371
cast_info,232382
cast_info,232385
cast_info,232386
cast_info,232415
cast_info,232417
cast_info,232421
cast_info,232428
cast_info,232436
cast_info,232437
cast_info,232445
cast_info,232447
cast_info,232451
cast_info,232452
cast_info,232453
cast_info,232456
cast_info,232460
cast_info,232484
cast_info,232491
cast_info,232492
cast_info,232494
cast_info,232495
cast_info,232497
cast_info,232508
cast_info,232518
cast_info,232519
cast_info,232524
cast_info,232525
cast_info,232526
cast_info,232530
cast_info,232535
cast_info,232540
cast_info,232541
cast_info,232554
cast_info,232555
cast_info,232561
cast_info,232562
cast_info,232565
cast_info,232566
cast_info,232567
cast_info,232573
cast_info,232574
cast_info,232581
cast_info,232583
cast_info,232585
cast_info,232589
cast_info,232590
cast_info,232591
cast_info,232592
cast_info,232596
cast_info,232599
cast_info,232601
cast_info,232606
cast_info,232608
cast_info,232610
cast_info,232615
cast_info,232620
cast_info,232622
cast_info,232628
cast_info,232630
cast_info,232633
cast_info,232641
cast_info,232644
cast_info,232651
cast_info,232661
cast_info,232662
cast_info,232666
cast_info,232669
cast_info,232670
cast_info,232672
cast_info,232678
cast_info,232685
cast_info,232698
cast_info,232700
cast_info,232704
cast_info,232706
cast_info,232713
cast_info,232720
cast_info,232722
cast_info,232723
cast_info,232731
cast_info,232738
cast_info,232749
cast_info,232752
cast_info,232757
cast_info,232764
cast_info,232766
cast_info,232767
cast_info,232774
cast_info,232775
cast_info,232776
cast_info,232779
cast_info,232823
cast_info,232832
cast_info,232835
cast_info,232840
cast_info,232843
cast_info,232844
cast_info,232850
cast_info,232851
cast_info,232853
cast_info,232857
cast_info,232858
cast_info,232865
cast_info,232869
cast_info,232875
cast_info,232884
cast_info,232898
cast_info,232910
cast_info,232916
cast_info,232924
cast_info,232930
cast_info,232953
cast_info,232959
cast_info,232962
cast_info,232963
cast_info,232965
cast_info,232969
cast_info,232971
cast_info,232972
cast_info,232973
cast_info,232976
cast_info,233038
cast_info,233040
cast_info,233043
cast_info,233047
cast_info,233050
cast_info,233054
cast_info,233055
cast_info,233056
cast_info,233067
cast_info,233069
cast_info,233071
cast_info,233073
cast_info,233087
cast_info,233090
cast_info,233091
cast_info,233122
cast_info,233123
cast_info,233125
cast_info,233131
cast_info,233132
cast_info,233135
cast_info,233137
cast_info,233138
cast_info,233151
cast_info,233152
cast_info,233159
cast_info,233164
cast_info,233165
cast_info,233166
cast_info,233167
cast_info,233172
cast_info,233173
cast_info,233183
cast_info,233191
cast_info,233192
cast_info,233194
cast_info,233196
cast_info,233208
cast_info,233214
cast_info,233219
cast_info,233223
cast_info,233225
cast_info,233239
cast_info,233243
cast_info,233249
cast_info,233263
cast_info,233266
cast_info,233268
cast_info,233274
cast_info,233276
cast_info,233281
cast_info,233284
cast_info,233286
cast_info,233301
cast_info,233305
cast_info,233308
cast_info,233309
cast_info,233311
cast_info,233321
cast_info,233326
cast_info,233329
cast_info,233330
cast_info,233335
cast_info,233343
cast_info,233348
cast_info,233353
cast_info,233360
cast_info,233361
cast_info,233362
cast_info,233369
cast_info,233382
cast_info,233387
cast_info,233399
cast_info,233405
cast_info,233407
cast_info,233410
cast_info,233416
cast_info,233418
cast_info,233421
cast_info,233425
cast_info,233426
cast_info,233463
cast_info,233464
cast_info,233466
cast_info,233479
cast_info,233480
cast_info,233487
cast_info,233495
cast_info,233511
cast_info,233516
cast_info,233532
cast_info,233535
cast_info,233537
cast_info,233560
cast_info,233570
cast_info,233572
cast_info,233584
cast_info,233585
cast_info,233586
cast_info,233591
cast_info,233597
cast_info,233601
cast_info,233606
cast_info,233607
cast_info,233609
cast_info,233610
cast_info,233613
cast_info,233615
cast_info,233624
cast_info,233626
cast_info,233628
cast_info,233644
cast_info,233654
cast_info,233655
cast_info,233659
cast_info,233662
cast_info,233668
cast_info,233669
cast_info,233674
cast_info,233682
cast_info,233684
cast_info,233693
cast_info,233696
cast_info,233708
cast_info,233711
cast_info,233713
cast_info,233717
cast_info,233718
cast_info,233726
cast_info,233740
cast_info,233743
cast_info,233747
cast_info,233750
cast_info,233751
cast_info,233765
cast_info,233771
cast_info,233775
cast_info,233790
cast_info,233792
cast_info,233793
cast_info,233800
cast_info,233803
cast_info,233820
cast_info,233825
cast_info,233826
cast_info,233827
cast_info,233829
cast_info,233837
cast_info,233840
cast_info,233849
cast_info,233850
cast_info,233852
cast_info,233859
cast_info,233861
cast_info,233863
cast_info,233864
cast_info,233868
cast_info,233869
cast_info,233888
cast_info,233889
cast_info,233891
cast_info,233898
cast_info,233901
cast_info,233904
cast_info,233906
cast_info,233909
cast_info,233913
cast_info,233916
cast_info,233919
cast_info,233922
cast_info,233927
cast_info,233933
cast_info,233952
cast_info,233955
cast_info,233964
cast_info,233978
cast_info,233989
cast_info,233992
cast_info,233993
cast_info,233994
cast_info,234000
cast_info,234008
cast_info,234009
cast_info,234014
cast_info,234017
cast_info,234018
cast_info,234019
cast_info,234020
cast_info,234026
cast_info,234028
cast_info,234030
cast_info,234033
cast_info,234036
cast_info,234042
cast_info,234043
cast_info,234044
cast_info,234046
cast_info,234048
cast_info,234050
cast_info,234052
cast_info,234053
cast_info,234060
cast_info,234065
cast_info,234066
cast_info,234076
cast_info,234080
cast_info,234083
cast_info,234089
cast_info,234090
cast_info,234091
cast_info,234092
cast_info,234097
cast_info,234112
cast_info,234113
cast_info,234114
cast_info,234116
cast_info,234122
cast_info,234126
cast_info,234128
cast_info,234138
cast_info,234142
cast_info,234147
cast_info,234151
cast_info,234152
cast_info,234153
cast_info,234154
cast_info,234156
cast_info,234168
cast_info,234174
cast_info,234188
cast_info,234191
cast_info,234193
cast_info,234194
cast_info,234199
cast_info,234209
cast_info,234210
cast_info,234214
cast_info,234224
cast_info,234233
cast_info,234244
cast_info,234253
cast_info,234256
cast_info,234257
cast_info,234259
cast_info,234260
cast_info,234261
cast_info,234264
cast_info,234265
cast_info,234269
cast_info,234270
cast_info,234271
cast_info,234273
cast_info,234274
cast_info,234278
cast_info,234283
cast_info,234286
cast_info,234288
cast_info,234291
cast_info,234292
cast_info,234313
cast_info,234317
cast_info,234320
cast_info,234321
cast_info,234322
cast_info,234324
cast_info,234330
cast_info,234332
cast_info,234335
cast_info,234339
cast_info,234341
cast_info,234346
cast_info,234349
cast_info,234350
cast_info,234355
cast_info,234371
cast_info,234373
cast_info,234394
cast_info,234397
cast_info,234409
cast_info,234423
cast_info,234426
cast_info,234429
cast_info,234431
cast_info,234434
cast_info,234443
cast_info,234448
cast_info,234451
cast_info,234457
cast_info,234461
cast_info,234462
cast_info,234463
cast_info,234474
cast_info,234476
cast_info,234480
cast_info,234481
cast_info,234511
cast_info,234515
cast_info,234517
cast_info,234519
cast_info,234521
cast_info,234539
cast_info,234540
cast_info,234552
cast_info,234553
cast_info,234559
cast_info,234560
cast_info,234568
cast_info,234569
cast_info,234583
cast_info,234584
cast_info,234585
cast_info,234587
cast_info,234599
cast_info,234600
cast_info,234603
cast_info,234606
cast_info,234609
cast_info,234610
cast_info,234613
cast_info,234615
cast_info,234625
cast_info,234626
cast_info,234633
cast_info,234639
cast_info,234642
cast_info,234646
cast_info,234652
cast_info,234653
cast_info,234656
cast_info,234657
cast_info,234659
cast_info,234664
cast_info,234665
cast_info,234675
cast_info,234693
cast_info,234697
cast_info,234702
cast_info,234716
cast_info,234722
cast_info,234733
cast_info,234736
cast_info,234738
cast_info,234740
cast_info,234741
cast_info,234744
cast_info,234753
cast_info,234759
cast_info,234767
cast_info,234771
cast_info,234772
cast_info,234798
cast_info,234800
cast_info,234808
cast_info,234812
cast_info,234817
cast_info,234825
cast_info,234828
cast_info,234829
cast_info,234841
cast_info,234855
cast_info,234863
cast_info,234883
cast_info,234889
cast_info,234891
cast_info,234894
cast_info,234899
cast_info,234904
cast_info,234911
cast_info,234913
cast_info,234915
cast_info,234916
cast_info,234919
cast_info,234920
cast_info,234925
cast_info,234927
cast_info,234930
cast_info,234937
cast_info,234939
cast_info,234941
cast_info,234944
cast_info,234947
cast_info,234948
cast_info,234951
cast_info,234956
cast_info,234957
cast_info,234958
cast_info,234959
cast_info,234960
cast_info,234967
cast_info,234970
cast_info,234971
cast_info,234973
cast_info,234974
cast_info,234990
cast_info,234997
cast_info,235000
cast_info,235006
cast_info,235015
cast_info,235019
cast_info,235026
cast_info,235027
cast_info,235038
cast_info,235041
cast_info,235042
cast_info,235043
cast_info,235048
cast_info,235050
cast_info,235052
cast_info,235053
cast_info,235066
cast_info,235067
cast_info,235069
cast_info,235070
cast_info,235081
cast_info,235082
cast_info,235086
cast_info,235088
cast_info,235101
cast_info,235114
cast_info,235115
cast_info,235135
cast_info,235143
cast_info,235152
cast_info,235161
cast_info,235162
cast_info,235163
cast_info,235172
cast_info,235181
cast_info,235184
cast_info,235185
cast_info,235196
cast_info,235197
cast_info,235200
cast_info,235205
cast_info,235208
cast_info,235209
cast_info,235211
cast_info,235214
cast_info,235217
cast_info,235220
cast_info,235221
cast_info,235225
cast_info,235230
cast_info,235234
cast_info,235239
cast_info,235241
cast_info,235242
cast_info,235245
cast_info,235248
cast_info,235251
cast_info,235252
cast_info,235257
cast_info,235259
cast_info,235263
cast_info,235264
cast_info,235265
cast_info,235270
cast_info,235271
cast_info,235272
cast_info,235278
cast_info,235281
cast_info,235287
cast_info,235297
cast_info,235302
cast_info,235309
cast_info,235316
cast_info,235322
cast_info,235323
cast_info,235332
cast_info,235352
cast_info,235354
cast_info,235360
cast_info,235371
cast_info,235377
cast_info,235378
cast_info,235380
cast_info,235385
cast_info,235391
cast_info,235394
cast_info,235395
cast_info,235400
cast_info,235406
cast_info,235407
cast_info,235413
cast_info,235416
cast_info,235429
cast_info,235430
cast_info,235432
cast_info,235440
cast_info,235446
cast_info,235447
cast_info,235451
cast_info,235455
cast_info,235459
cast_info,235463
cast_info,235464
cast_info,235465
cast_info,235466
cast_info,235469
cast_info,235477
cast_info,235481
cast_info,235482
cast_info,235496
cast_info,235508
cast_info,235513
cast_info,235514
cast_info,235522
cast_info,235523
cast_info,235532
cast_info,235536
cast_info,235545
cast_info,235546
cast_info,235547
cast_info,235549
cast_info,235550
cast_info,235556
cast_info,235566
cast_info,235569
cast_info,235574
cast_info,235575
cast_info,235587
cast_info,235603
cast_info,235606
cast_info,235610
cast_info,235611
cast_info,235615
cast_info,235616
cast_info,235621
cast_info,235626
cast_info,235627
cast_info,235630
cast_info,235639
cast_info,235641
cast_info,235642
cast_info,235652
cast_info,235656
cast_info,235657
cast_info,235670
cast_info,235671
cast_info,235676
cast_info,235678
cast_info,235680
cast_info,235681
cast_info,235682
cast_info,235683
cast_info,235707
cast_info,235708
cast_info,235709
cast_info,235710
cast_info,235712
cast_info,235716
cast_info,235718
cast_info,235728
cast_info,235731
cast_info,235732
cast_info,235734
cast_info,235739
cast_info,235745
cast_info,235746
cast_info,235757
cast_info,235771
cast_info,235774
cast_info,235792
cast_info,235794
cast_info,235795
cast_info,235802
cast_info,235818
cast_info,235828
cast_info,235835
cast_info,235836
cast_info,235843
cast_info,235845
cast_info,235849
cast_info,235855
cast_info,235860
cast_info,235866
cast_info,235869
cast_info,235870
cast_info,235871
cast_info,235876
cast_info,235880
cast_info,235886
cast_info,235889
cast_info,235908
cast_info,235909
cast_info,235911
cast_info,235914
cast_info,235918
cast_info,235937
cast_info,235941
cast_info,235942
cast_info,235943
cast_info,235944
cast_info,235945
cast_info,235946
cast_info,235956
cast_info,235960
cast_info,235966
cast_info,235980
cast_info,235981
cast_info,235984
cast_info,235987
cast_info,235989
cast_info,235992
cast_info,235998
cast_info,236003
cast_info,236006
cast_info,236009
cast_info,236016
cast_info,236019
cast_info,236036
cast_info,236040
cast_info,236041
cast_info,236042
cast_info,236043
cast_info,236050
cast_info,236060
cast_info,236061
cast_info,236076
cast_info,236077
cast_info,236078
cast_info,236086
cast_info,236090
cast_info,236107
cast_info,236110
cast_info,236116
cast_info,236126
cast_info,236134
cast_info,236136
cast_info,236139
cast_info,236142
cast_info,236143
cast_info,236149
cast_info,236152
cast_info,236160
cast_info,236161
cast_info,236165
cast_info,236168
cast_info,236186
cast_info,236187
cast_info,236190
cast_info,236191
cast_info,236193
cast_info,236204
cast_info,236211
cast_info,236215
cast_info,236222
cast_info,236226
cast_info,236236
cast_info,236237
cast_info,236238
cast_info,236244
cast_info,236251
cast_info,236254
cast_info,236261
cast_info,236262
cast_info,236265
cast_info,236267
cast_info,236269
cast_info,236277
cast_info,236278
cast_info,236285
cast_info,236287
cast_info,236288
cast_info,236295
cast_info,236315
cast_info,236325
cast_info,236328
cast_info,236332
cast_info,236334
cast_info,236345
cast_info,236347
cast_info,236356
cast_info,236357
cast_info,236358
cast_info,236363
cast_info,236366
cast_info,236378
cast_info,236379
cast_info,236380
cast_info,236383
cast_info,236386
cast_info,236405
cast_info,236407
cast_info,236409
cast_info,236411
cast_info,236413
cast_info,236416
cast_info,236417
cast_info,236421
cast_info,236422
cast_info,236426
cast_info,236429
cast_info,236432
cast_info,236436
cast_info,236442
cast_info,236449
cast_info,236450
cast_info,236454
cast_info,236456
cast_info,236458
cast_info,236468
cast_info,236482
cast_info,236483
cast_info,236495
cast_info,236497
cast_info,236498
cast_info,236499
cast_info,236505
cast_info,236509
cast_info,236517
cast_info,236520
cast_info,236521
cast_info,236524
cast_info,236528
cast_info,236534
cast_info,236538
cast_info,236542
cast_info,236551
cast_info,236559
cast_info,236569
cast_info,236572
cast_info,236580
cast_info,236582
cast_info,236587
cast_info,236606
cast_info,236608
cast_info,236610
cast_info,236613
cast_info,236614
cast_info,236618
cast_info,236619
cast_info,236621
cast_info,236623
cast_info,236629
cast_info,236633
cast_info,236636
cast_info,236647
cast_info,236652
cast_info,236657
cast_info,236658
cast_info,236659
cast_info,236663
cast_info,236666
cast_info,236694
cast_info,236698
cast_info,236703
cast_info,236734
cast_info,236749
cast_info,236753
cast_info,236754
cast_info,236764
cast_info,236772
cast_info,236781
cast_info,236783
cast_info,236784
cast_info,236789
cast_info,236797
cast_info,236826
cast_info,236830
cast_info,236834
cast_info,236835
cast_info,236838
cast_info,236839
cast_info,236840
cast_info,236841
cast_info,236850
cast_info,236854
cast_info,236862
cast_info,236871
cast_info,236877
cast_info,236881
cast_info,236888
cast_info,236894
cast_info,236902
cast_info,236905
cast_info,236920
cast_info,236924
cast_info,236931
cast_info,236933
cast_info,236936
cast_info,236940
cast_info,236941
cast_info,236958
cast_info,236961
cast_info,236969
cast_info,236972
cast_info,236974
cast_info,236975
cast_info,236982
cast_info,236993
cast_info,236999
cast_info,237001
cast_info,237004
cast_info,237007
cast_info,237009
cast_info,237012
cast_info,237014
cast_info,237024
cast_info,237027
cast_info,237040
cast_info,237042
cast_info,237053
cast_info,237063
cast_info,237064
cast_info,237077
cast_info,237079
cast_info,237085
cast_info,237087
cast_info,237100
cast_info,237105
cast_info,237107
cast_info,237108
cast_info,237109
cast_info,237123
cast_info,237126
cast_info,237131
cast_info,237134
cast_info,237144
cast_info,237148
cast_info,237150
cast_info,237155
cast_info,237158
cast_info,237169
cast_info,237177
cast_info,237178
cast_info,237180
cast_info,237186
cast_info,237191
cast_info,237192
cast_info,237195
cast_info,237196
cast_info,237197
cast_info,237198
cast_info,237199
cast_info,237205
cast_info,237207
cast_info,237210
cast_info,237211
cast_info,237213
cast_info,237224
cast_info,237225
cast_info,237226
cast_info,237230
cast_info,237233
cast_info,237242
cast_info,237256
cast_info,237260
cast_info,237265
cast_info,237274
cast_info,237275
cast_info,237285
cast_info,237288
cast_info,237289
cast_info,237290
cast_info,237293
cast_info,237294
cast_info,237299
cast_info,237301
cast_info,237304
cast_info,237312
cast_info,237313
cast_info,237315
cast_info,237316
cast_info,237318
cast_info,237320
cast_info,237321
cast_info,237335
cast_info,237346
cast_info,237347
cast_info,237349
cast_info,237351
cast_info,237352
cast_info,237355
cast_info,237361
cast_info,237364
cast_info,237380
cast_info,237394
cast_info,237397
cast_info,237402
cast_info,237405
cast_info,237410
cast_info,237412
cast_info,237416
cast_info,237421
cast_info,237423
cast_info,237426
cast_info,237429
cast_info,237434
cast_info,237452
cast_info,237454
cast_info,237464
cast_info,237466
cast_info,237472
cast_info,237473
cast_info,237479
cast_info,237488
cast_info,237499
cast_info,237502
cast_info,237504
cast_info,237517
cast_info,237522
cast_info,237524
cast_info,237525
cast_info,237526
cast_info,237533
cast_info,237534
cast_info,237535
cast_info,237536
cast_info,237542
cast_info,237548
cast_info,237549
cast_info,237553
cast_info,237554
cast_info,237558
cast_info,237563
cast_info,237564
cast_info,237585
cast_info,237587
cast_info,237589
cast_info,237590
cast_info,237602
cast_info,237603
cast_info,237604
cast_info,237606
cast_info,237609
cast_info,237611
cast_info,237613
cast_info,237614
cast_info,237617
cast_info,237620
cast_info,237621
cast_info,237622
cast_info,237624
cast_info,237633
cast_info,237635
cast_info,237636
cast_info,237641
cast_info,237642
cast_info,237645
cast_info,237647
cast_info,237650
cast_info,237653
cast_info,237657
cast_info,237672
cast_info,237678
cast_info,237700
cast_info,237706
cast_info,237721
cast_info,237722
cast_info,237724
cast_info,237733
cast_info,237734
cast_info,237735
cast_info,237737
cast_info,237742
cast_info,237767
cast_info,237768
cast_info,237795
cast_info,237809
cast_info,237815
cast_info,237818
cast_info,237838
cast_info,237842
cast_info,237843
cast_info,237847
cast_info,237848
cast_info,237849
cast_info,237851
cast_info,237856
cast_info,237858
cast_info,237861
cast_info,237862
cast_info,237884
cast_info,237886
cast_info,237894
cast_info,237900
cast_info,237902
cast_info,237903
cast_info,237907
cast_info,237919
cast_info,237924
cast_info,237927
cast_info,237934
cast_info,237935
cast_info,237940
cast_info,237946
cast_info,237949
cast_info,237951
cast_info,237971
cast_info,237980
cast_info,237981
cast_info,237982
cast_info,237985
cast_info,237986
cast_info,237987
cast_info,237997
cast_info,237999
cast_info,238002
cast_info,238004
cast_info,238010
cast_info,238012
cast_info,238029
cast_info,238033
cast_info,238036
cast_info,238037
cast_info,238042
cast_info,238050
cast_info,238051
cast_info,238062
cast_info,238063
cast_info,238065
cast_info,238074
cast_info,238079
cast_info,238081
cast_info,238101
cast_info,238102
cast_info,238109
cast_info,238121
cast_info,238127
cast_info,238130
cast_info,238134
cast_info,238135
cast_info,238136
cast_info,238138
cast_info,238142
cast_info,238149
cast_info,238151
cast_info,238152
cast_info,238153
cast_info,238164
cast_info,238169
cast_info,238171
cast_info,238182
cast_info,238183
cast_info,238191
cast_info,238192
cast_info,238204
cast_info,238221
cast_info,238223
cast_info,238228
cast_info,238233
cast_info,238239
cast_info,238240
cast_info,238244
cast_info,238246
cast_info,238256
cast_info,238263
cast_info,238267
cast_info,238276
cast_info,238279
cast_info,238283
cast_info,238285
cast_info,238287
cast_info,238288
cast_info,238290
cast_info,238296
cast_info,238297
cast_info,238298
cast_info,238304
cast_info,238305
cast_info,238307
cast_info,238308
cast_info,238317
cast_info,238322
cast_info,238323
cast_info,238324
cast_info,238328
cast_info,238329
cast_info,238330
cast_info,238338
cast_info,238339
cast_info,238345
cast_info,238372
cast_info,238382
cast_info,238387
cast_info,238395
cast_info,238407
cast_info,238410
cast_info,238411
cast_info,238413
cast_info,238414
cast_info,238416
cast_info,238417
cast_info,238423
cast_info,238426
cast_info,238427
cast_info,238441
cast_info,238455
cast_info,238456
cast_info,238459
cast_info,238479
cast_info,238481
cast_info,238491
cast_info,238497
cast_info,238502
cast_info,238515
cast_info,238517
cast_info,238518
cast_info,238520
cast_info,238532
cast_info,238535
cast_info,238541
cast_info,238546
cast_info,238560
cast_info,238561
cast_info,238577
cast_info,238581
cast_info,238584
cast_info,238591
cast_info,238601
cast_info,238606
cast_info,238607
cast_info,238610
cast_info,238613
cast_info,238617
cast_info,238634
cast_info,238641
cast_info,238642
cast_info,238667
cast_info,238672
cast_info,238674
cast_info,238676
cast_info,238687
cast_info,238692
cast_info,238693
cast_info,238699
cast_info,238704
cast_info,238713
cast_info,238715
cast_info,238717
cast_info,238725
cast_info,238736
cast_info,238740
cast_info,238746
cast_info,238748
cast_info,238750
cast_info,238753
cast_info,238761
cast_info,238778
cast_info,238779
cast_info,238791
cast_info,238803
cast_info,238804
cast_info,238807
cast_info,238812
cast_info,238817
cast_info,238823
cast_info,238824
cast_info,238825
cast_info,238830
cast_info,238831
cast_info,238834
cast_info,238838
cast_info,238840
cast_info,238846
cast_info,238855
cast_info,238863
cast_info,238867
cast_info,238870
cast_info,238873
cast_info,238877
cast_info,238884
cast_info,238892
cast_info,238899
cast_info,238900
cast_info,238906
cast_info,238907
cast_info,238915
cast_info,238920
cast_info,238928
cast_info,238930
cast_info,238931
cast_info,238936
cast_info,238947
cast_info,238948
cast_info,238966
cast_info,238968
cast_info,238973
cast_info,238976
cast_info,238979
cast_info,238980
cast_info,238983
cast_info,238984
cast_info,238985
cast_info,238989
cast_info,238990
cast_info,238991
cast_info,238994
cast_info,239000
cast_info,239001
cast_info,239017
cast_info,239025
cast_info,239026
cast_info,239028
cast_info,239042
cast_info,239046
cast_info,239047
cast_info,239048
cast_info,239049
cast_info,239053
cast_info,239067
cast_info,239068
cast_info,239070
cast_info,239080
cast_info,239086
cast_info,239089
cast_info,239096
cast_info,239103
cast_info,239109
cast_info,239112
cast_info,239126
cast_info,239130
cast_info,239132
cast_info,239135
cast_info,239145
cast_info,239155
cast_info,239156
cast_info,239157
cast_info,239158
cast_info,239161
cast_info,239167
cast_info,239171
cast_info,239175
cast_info,239177
cast_info,239178
cast_info,239191
cast_info,239195
cast_info,239196
cast_info,239200
cast_info,239203
cast_info,239204
cast_info,239211
cast_info,239212
cast_info,239215
cast_info,239217
cast_info,239218
cast_info,239219
cast_info,239220
cast_info,239232
cast_info,239235
cast_info,239236
cast_info,239241
cast_info,239247
cast_info,239248
cast_info,239251
cast_info,239257
cast_info,239262
cast_info,239263
cast_info,239264
cast_info,239280
cast_info,239283
cast_info,239286
cast_info,239287
cast_info,239289
cast_info,239297
cast_info,239301
cast_info,239308
cast_info,239314
cast_info,239316
cast_info,239326
cast_info,239346
cast_info,239347
cast_info,239351
cast_info,239354
cast_info,239358
cast_info,239360
cast_info,239364
cast_info,239382
cast_info,239384
cast_info,239385
cast_info,239386
cast_info,239387
cast_info,239397
cast_info,239406
cast_info,239415
cast_info,239423
cast_info,239425
cast_info,239429
cast_info,239430
cast_info,239432
cast_info,239435
cast_info,239443
cast_info,239447
cast_info,239449
cast_info,239453
cast_info,239455
cast_info,239457
cast_info,239467
cast_info,239470
cast_info,239474
cast_info,239482
cast_info,239489
cast_info,239493
cast_info,239510
cast_info,239518
cast_info,239533
cast_info,239534
cast_info,239540
cast_info,239541
cast_info,239545
cast_info,239546
cast_info,239552
cast_info,239553
cast_info,239557
cast_info,239563
cast_info,239565
cast_info,239568
cast_info,239569
cast_info,239573
cast_info,239574
cast_info,239579
cast_info,239580
cast_info,239583
cast_info,239585
cast_info,239593
cast_info,239599
cast_info,239612
cast_info,239613
cast_info,239615
cast_info,239627
cast_info,239632
cast_info,239643
cast_info,239644
cast_info,239648
cast_info,239649
cast_info,239651
cast_info,239657
cast_info,239662
cast_info,239664
cast_info,239665
cast_info,239672
cast_info,239687
cast_info,239692
cast_info,239703
cast_info,239704
cast_info,239706
cast_info,239707
cast_info,239708
cast_info,239710
cast_info,239714
cast_info,239716
cast_info,239728
cast_info,239731
cast_info,239735
cast_info,239736
cast_info,239756
cast_info,239768
cast_info,239776
cast_info,239781
cast_info,239789
cast_info,239790
cast_info,239794
cast_info,239795
cast_info,239796
cast_info,239798
cast_info,239806
cast_info,239810
cast_info,239811
cast_info,239825
cast_info,239827
cast_info,239829
cast_info,239830
cast_info,239834
cast_info,239848
cast_info,239854
cast_info,239855
cast_info,239859
cast_info,239860
cast_info,239864
cast_info,239865
cast_info,239868
cast_info,239869
cast_info,239882
cast_info,239891
cast_info,239908
cast_info,239912
cast_info,239913
cast_info,239914
cast_info,239921
cast_info,239922
cast_info,239923
cast_info,239924
cast_info,239940
cast_info,239944
cast_info,239946
cast_info,239947
cast_info,239954
cast_info,239960
cast_info,239961
cast_info,239979
cast_info,239981
cast_info,239984
cast_info,239985
cast_info,239986
cast_info,239988
cast_info,240007
cast_info,240011
cast_info,240013
cast_info,240018
cast_info,240020
cast_info,240044
cast_info,240055
cast_info,240056
cast_info,240057
cast_info,240059
cast_info,240061
cast_info,240062
cast_info,240065
cast_info,240069
cast_info,240075
cast_info,240087
cast_info,240088
cast_info,240092
cast_info,240093
cast_info,240102
cast_info,240107
cast_info,240114
cast_info,240126
cast_info,240141
cast_info,240151
cast_info,240154
cast_info,240158
cast_info,240161
cast_info,240168
cast_info,240178
cast_info,240184
cast_info,240185
cast_info,240188
cast_info,240189
cast_info,240197
cast_info,240207
cast_info,240211
cast_info,240225
cast_info,240235
cast_info,240237
cast_info,240245
cast_info,240251
cast_info,240264
cast_info,240267
cast_info,240268
cast_info,240269
cast_info,240270
cast_info,240274
cast_info,240276
cast_info,240278
cast_info,240279
cast_info,240283
cast_info,240292
cast_info,240297
cast_info,240300
cast_info,240302
cast_info,240304
cast_info,240305
cast_info,240306
cast_info,240322
cast_info,240323
cast_info,240326
cast_info,240331
cast_info,240339
cast_info,240362
cast_info,240365
cast_info,240369
cast_info,240373
cast_info,240380
cast_info,240384
cast_info,240390
cast_info,240394
cast_info,240397
cast_info,240399
cast_info,240408
cast_info,240409
cast_info,240417
cast_info,240420
cast_info,240422
cast_info,240424
cast_info,240426
cast_info,240428
cast_info,240435
cast_info,240440
cast_info,240442
cast_info,240444
cast_info,240446
cast_info,240450
cast_info,240454
cast_info,240456
cast_info,240457
cast_info,240462
cast_info,240470
cast_info,240471
cast_info,240475
cast_info,240478
cast_info,240482
cast_info,240484
cast_info,240488
cast_info,240490
cast_info,240501
cast_info,240505
cast_info,240508
cast_info,240514
cast_info,240516
cast_info,240518
cast_info,240520
cast_info,240523
cast_info,240526
cast_info,240529
cast_info,240533
cast_info,240535
cast_info,240536
cast_info,240537
cast_info,240545
cast_info,240549
cast_info,240550
cast_info,240551
cast_info,240584
cast_info,240586
cast_info,240590
cast_info,240593
cast_info,240598
cast_info,240599
cast_info,240607
cast_info,240610
cast_info,240618
cast_info,240619
cast_info,240620
cast_info,240622
cast_info,240624
cast_info,240628
cast_info,240630
cast_info,240635
cast_info,240639
cast_info,240641
cast_info,240642
cast_info,240645
cast_info,240647
cast_info,240650
cast_info,240653
cast_info,240656
cast_info,240663
cast_info,240664
cast_info,240667
cast_info,240676
cast_info,240680
cast_info,240683
cast_info,240685
cast_info,240687
cast_info,240705
cast_info,240708
cast_info,240724
cast_info,240733
cast_info,240735
cast_info,240750
cast_info,240753
cast_info,240755
cast_info,240764
cast_info,240772
cast_info,240777
cast_info,240778
cast_info,240781
cast_info,240784
cast_info,240797
cast_info,240800
cast_info,240802
cast_info,240805
cast_info,240813
cast_info,240819
cast_info,240828
cast_info,240829
cast_info,240833
cast_info,240835
cast_info,240844
cast_info,240846
cast_info,240850
cast_info,240851
cast_info,240852
cast_info,240872
cast_info,240873
cast_info,240874
cast_info,240875
cast_info,240881
cast_info,240882
cast_info,240891
cast_info,240905
cast_info,240930
cast_info,240935
cast_info,240939
cast_info,240942
cast_info,240944
cast_info,240949
cast_info,240950
cast_info,240952
cast_info,240956
cast_info,240959
cast_info,240960
cast_info,240965
cast_info,240970
cast_info,240989
cast_info,240998
cast_info,241004
cast_info,241007
cast_info,241010
cast_info,241018
cast_info,241022
cast_info,241023
cast_info,241025
cast_info,241030
cast_info,241036
cast_info,241037
cast_info,241038
cast_info,241039
cast_info,241040
cast_info,241041
cast_info,241045
cast_info,241048
cast_info,241057
cast_info,241058
cast_info,241083
cast_info,241085
cast_info,241088
cast_info,241090
cast_info,241092
cast_info,241094
cast_info,241103
cast_info,241112
cast_info,241114
cast_info,241115
cast_info,241116
cast_info,241118
cast_info,241123
cast_info,241124
cast_info,241135
cast_info,241145
cast_info,241146
cast_info,241149
cast_info,241153
cast_info,241157
cast_info,241162
cast_info,241163
cast_info,241168
cast_info,241170
cast_info,241178
cast_info,241183
cast_info,241194
cast_info,241196
cast_info,241199
cast_info,241204
cast_info,241205
cast_info,241208
cast_info,241215
cast_info,241216
cast_info,241221
cast_info,241241
cast_info,241251
cast_info,241252
cast_info,241255
cast_info,241256
cast_info,241257
cast_info,241260
cast_info,241265
cast_info,241269
cast_info,241271
cast_info,241273
cast_info,241295
cast_info,241297
cast_info,241299
cast_info,241306
cast_info,241311
cast_info,241314
cast_info,241319
cast_info,241321
cast_info,241322
cast_info,241328
cast_info,241332
cast_info,241342
cast_info,241345
cast_info,241352
cast_info,241353
cast_info,241357
cast_info,241360
cast_info,241363
cast_info,241368
cast_info,241371
cast_info,241374
cast_info,241380
cast_info,241381
cast_info,241404
cast_info,241408
cast_info,241418
cast_info,241422
cast_info,241427
cast_info,241436
cast_info,241437
cast_info,241438
cast_info,241442
cast_info,241443
cast_info,241445
cast_info,241464
cast_info,241470
cast_info,241471
cast_info,241477
cast_info,241478
cast_info,241486
cast_info,241500
cast_info,241502
cast_info,241505
cast_info,241507
cast_info,241518
cast_info,241521
cast_info,241526
cast_info,241529
cast_info,241530
cast_info,241535
cast_info,241538
cast_info,241550
cast_info,241552
cast_info,241557
cast_info,241573
cast_info,241574
cast_info,241575
cast_info,241577
cast_info,241578
cast_info,241584
cast_info,241603
cast_info,241604
cast_info,241608
cast_info,241609
cast_info,241610
cast_info,241611
cast_info,241613
cast_info,241614
cast_info,241617
cast_info,241618
cast_info,241628
cast_info,241631
cast_info,241632
cast_info,241639
cast_info,241642
cast_info,241643
cast_info,241645
cast_info,241663
cast_info,241665
cast_info,241683
cast_info,241687
cast_info,241693
cast_info,241710
cast_info,241712
cast_info,241713
cast_info,241724
cast_info,241728
cast_info,241732
cast_info,241739
cast_info,241742
cast_info,241749
cast_info,241752
cast_info,241755
cast_info,241756
cast_info,241760
cast_info,241767
cast_info,241769
cast_info,241782
cast_info,241787
cast_info,241789
cast_info,241793
cast_info,241801
cast_info,241811
cast_info,241815
cast_info,241818
cast_info,241821
cast_info,241833
cast_info,241836
cast_info,241839
cast_info,241841
cast_info,241845
cast_info,241847
cast_info,241849
cast_info,241853
cast_info,241861
cast_info,241864
cast_info,241866
cast_info,241876
cast_info,241877
cast_info,241882
cast_info,241899
cast_info,241906
cast_info,241907
cast_info,241909
cast_info,241915
cast_info,241916
cast_info,241933
cast_info,241936
cast_info,241946
cast_info,241951
cast_info,241957
cast_info,241960
cast_info,241962
cast_info,241963
cast_info,241966
cast_info,241972
cast_info,241973
cast_info,241976
cast_info,241986
cast_info,241997
cast_info,241999
cast_info,242001
cast_info,242006
cast_info,242014
cast_info,242017
cast_info,242018
cast_info,242020
cast_info,242026
cast_info,242034
cast_info,242045
cast_info,242056
cast_info,242063
cast_info,242064
cast_info,242067
cast_info,242068
cast_info,242081
cast_info,242090
cast_info,242093
cast_info,242097
cast_info,242100
cast_info,242104
cast_info,242108
cast_info,242116
cast_info,242130
cast_info,242131
cast_info,242137
cast_info,242144
cast_info,242150
cast_info,242159
cast_info,242162
cast_info,242166
cast_info,242170
cast_info,242171
cast_info,242172
cast_info,242177
cast_info,242178
cast_info,242181
cast_info,242183
cast_info,242198
cast_info,242199
cast_info,242201
cast_info,242206
cast_info,242254
cast_info,242265
cast_info,242270
cast_info,242274
cast_info,242280
cast_info,242288
cast_info,242291
cast_info,242295
cast_info,242306
cast_info,242311
cast_info,242313
cast_info,242314
cast_info,242322
cast_info,242327
cast_info,242329
cast_info,242335
cast_info,242344
cast_info,242345
cast_info,242351
cast_info,242352
cast_info,242360
cast_info,242369
cast_info,242374
cast_info,242376
cast_info,242381
cast_info,242389
cast_info,242394
cast_info,242396
cast_info,242397
cast_info,242408
cast_info,242413
cast_info,242418
cast_info,242430
cast_info,242431
cast_info,242447
cast_info,242451
cast_info,242454
cast_info,242457
cast_info,242461
cast_info,242464
cast_info,242468
cast_info,242472
cast_info,242474
cast_info,242482
cast_info,242485
cast_info,242489
cast_info,242494
cast_info,242495
cast_info,242497
cast_info,242507
cast_info,242508
cast_info,242509
cast_info,242512
cast_info,242520
cast_info,242522
cast_info,242523
cast_info,242533
cast_info,242538
cast_info,242546
cast_info,242563
cast_info,242568
cast_info,242574
cast_info,242579
cast_info,242592
cast_info,242594
cast_info,242605
cast_info,242629
cast_info,242630
cast_info,242633
cast_info,242639
cast_info,242643
cast_info,242645
cast_info,242647
cast_info,242649
cast_info,242652
cast_info,242662
cast_info,242663
cast_info,242669
cast_info,242683
cast_info,242685
cast_info,242697
cast_info,242698
cast_info,242699
cast_info,242700
cast_info,242705
cast_info,242709
cast_info,242710
cast_info,242713
cast_info,242724
cast_info,242730
cast_info,242732
cast_info,242733
cast_info,242735
cast_info,242736
cast_info,242738
cast_info,242744
cast_info,242747
cast_info,242753
cast_info,242755
cast_info,242760
cast_info,242763
cast_info,242764
cast_info,242771
cast_info,242782
cast_info,242787
cast_info,242789
cast_info,242801
cast_info,242804
cast_info,242806
cast_info,242814
cast_info,242815
cast_info,242817
cast_info,242820
cast_info,242832
cast_info,242835
cast_info,242838
cast_info,242839
cast_info,242845
cast_info,242848
cast_info,242850
cast_info,242851
cast_info,242853
cast_info,242868
cast_info,242869
cast_info,242875
cast_info,242878
cast_info,242883
cast_info,242892
cast_info,242912
cast_info,242913
cast_info,242914
cast_info,242916
cast_info,242918
cast_info,242919
cast_info,242926
cast_info,242929
cast_info,242931
cast_info,242933
cast_info,242944
cast_info,242945
cast_info,242958
cast_info,242961
cast_info,242966
cast_info,242975
cast_info,243004
cast_info,243006
cast_info,243008
cast_info,243010
cast_info,243012
cast_info,243016
cast_info,243017
cast_info,243031
cast_info,243038
cast_info,243039
cast_info,243043
cast_info,243044
cast_info,243045
cast_info,243046
cast_info,243067
cast_info,243068
cast_info,243072
cast_info,243074
cast_info,243075
cast_info,243079
cast_info,243101
cast_info,243106
cast_info,243117
cast_info,243118
cast_info,243122
cast_info,243123
cast_info,243131
cast_info,243138
cast_info,243142
cast_info,243147
cast_info,243149
cast_info,243177
cast_info,243179
cast_info,243186
cast_info,243187
cast_info,243191
cast_info,243195
cast_info,243196
cast_info,243201
cast_info,243204
cast_info,243206
cast_info,243208
cast_info,243209
cast_info,243223
cast_info,243241
cast_info,243258
cast_info,243261
cast_info,243263
cast_info,243272
cast_info,243275
cast_info,243281
cast_info,243285
cast_info,243289
cast_info,243296
cast_info,243302
cast_info,243303
cast_info,243310
cast_info,243311
cast_info,243315
cast_info,243316
cast_info,243317
cast_info,243338
cast_info,243339
cast_info,243340
cast_info,243348
cast_info,243351
cast_info,243352
cast_info,243365
cast_info,243366
cast_info,243368
cast_info,243385
cast_info,243386
cast_info,243390
cast_info,243398
cast_info,243401
cast_info,243402
cast_info,243405
cast_info,243406
cast_info,243414
cast_info,243415
cast_info,243422
cast_info,243435
cast_info,243437
cast_info,243438
cast_info,243441
cast_info,243444
cast_info,243455
cast_info,243458
cast_info,243459
cast_info,243460
cast_info,243462
cast_info,243466
cast_info,243467
cast_info,243468
cast_info,243479
cast_info,243481
cast_info,243486
cast_info,243495
cast_info,243497
cast_info,243498
cast_info,243500
cast_info,243504
cast_info,243510
cast_info,243514
cast_info,243523
cast_info,243528
cast_info,243531
cast_info,243533
cast_info,243536
cast_info,243539
cast_info,243540
cast_info,243541
cast_info,243558
cast_info,243571
cast_info,243580
cast_info,243588
cast_info,243590
cast_info,243592
cast_info,243607
cast_info,243610
cast_info,243612
cast_info,243614
cast_info,243623
cast_info,243625
cast_info,243630
cast_info,243631
cast_info,243632
cast_info,243636
cast_info,243637
cast_info,243639
cast_info,243647
cast_info,243649
cast_info,243650
cast_info,243651
cast_info,243652
cast_info,243658
cast_info,243661
cast_info,243662
cast_info,243666
cast_info,243673
cast_info,243674
cast_info,243675
cast_info,243689
cast_info,243693
cast_info,243695
cast_info,243697
cast_info,243700
cast_info,243702
cast_info,243709
cast_info,243718
cast_info,243720
cast_info,243726
cast_info,243734
cast_info,243735
cast_info,243737
cast_info,243739
cast_info,243743
cast_info,243747
cast_info,243748
cast_info,243750
cast_info,243752
cast_info,243762
cast_info,243771
cast_info,243772
cast_info,243777
cast_info,243790
cast_info,243802
cast_info,243803
cast_info,243804
cast_info,243813
cast_info,243816
cast_info,243827
cast_info,243830
cast_info,243835
cast_info,243840
cast_info,243843
cast_info,243844
cast_info,243848
cast_info,243849
cast_info,243852
cast_info,243853
cast_info,243858
cast_info,243860
cast_info,243872
cast_info,243874
cast_info,243884
cast_info,243885
cast_info,243895
cast_info,243898
cast_info,243900
cast_info,243902
cast_info,243913
cast_info,243918
cast_info,243920
cast_info,243922
cast_info,243926
cast_info,243928
cast_info,243935
cast_info,243937
cast_info,243948
cast_info,243952
cast_info,243962
cast_info,243969
cast_info,243970
cast_info,243972
cast_info,243973
cast_info,243982
cast_info,243987
cast_info,243989
cast_info,243996
cast_info,244010
cast_info,244011
cast_info,244013
cast_info,244015
cast_info,244016
cast_info,244017
cast_info,244022
cast_info,244027
cast_info,244035
cast_info,244036
cast_info,244045
cast_info,244049
cast_info,244055
cast_info,244060
cast_info,244069
cast_info,244074
cast_info,244078
cast_info,244080
cast_info,244081
cast_info,244084
cast_info,244085
cast_info,244109
cast_info,244118
cast_info,244123
cast_info,244129
cast_info,244130
cast_info,244132
cast_info,244135
cast_info,244136
cast_info,244138
cast_info,244140
cast_info,244149
cast_info,244157
cast_info,244160
cast_info,244163
cast_info,244167
cast_info,244168
cast_info,244176
cast_info,244179
cast_info,244180
cast_info,244184
cast_info,244190
cast_info,244191
cast_info,244193
cast_info,244194
cast_info,244199
cast_info,244205
cast_info,244212
cast_info,244213
cast_info,244218
cast_info,244219
cast_info,244226
cast_info,244227
cast_info,244230
cast_info,244231
cast_info,244233
cast_info,244237
cast_info,244243
cast_info,244244
cast_info,244245
cast_info,244261
cast_info,244267
cast_info,244275
cast_info,244292
cast_info,244294
cast_info,244312
cast_info,244315
cast_info,244319
cast_info,244320
cast_info,244321
cast_info,244339
cast_info,244345
cast_info,244366
cast_info,244367
cast_info,244376
cast_info,244379
cast_info,244384
cast_info,244385
cast_info,244387
cast_info,244389
cast_info,244393
cast_info,244397
cast_info,244398
cast_info,244414
cast_info,244415
cast_info,244416
cast_info,244418
cast_info,244420
cast_info,244424
cast_info,244426
cast_info,244430
cast_info,244437
cast_info,244439
cast_info,244441
cast_info,244443
cast_info,244445
cast_info,244452
cast_info,244467
cast_info,244477
cast_info,244483
cast_info,244485
cast_info,244486
cast_info,244487
cast_info,244491
cast_info,244494
cast_info,244500
cast_info,244505
cast_info,244509
cast_info,244513
cast_info,244525
cast_info,244531
cast_info,244534
cast_info,244548
cast_info,244559
cast_info,244562
cast_info,244564
cast_info,244568
cast_info,244571
cast_info,244576
cast_info,244577
cast_info,244578
cast_info,244583
cast_info,244592
cast_info,244601
cast_info,244602
cast_info,244605
cast_info,244610
cast_info,244617
cast_info,244625
cast_info,244627
cast_info,244628
cast_info,244631
cast_info,244636
cast_info,244638
cast_info,244652
cast_info,244654
cast_info,244657
cast_info,244664
cast_info,244666
cast_info,244667
cast_info,244668
cast_info,244670
cast_info,244671
cast_info,244672
cast_info,244673
cast_info,244677
cast_info,244678
cast_info,244681
cast_info,244685
cast_info,244686
cast_info,244704
cast_info,244709
cast_info,244711
cast_info,244715
cast_info,244717
cast_info,244724
cast_info,244736
cast_info,244756
cast_info,244761
cast_info,244768
cast_info,244770
cast_info,244778
cast_info,244781
cast_info,244786
cast_info,244788
cast_info,244789
cast_info,244790
cast_info,244791
cast_info,244792
cast_info,244796
cast_info,244799
cast_info,244801
cast_info,244803
cast_info,244804
cast_info,244808
cast_info,244812
cast_info,244814
cast_info,244815
cast_info,244824
cast_info,244825
cast_info,244827
cast_info,244828
cast_info,244830
cast_info,244832
cast_info,244840
cast_info,244847
cast_info,244854
cast_info,244862
cast_info,244868
cast_info,244869
cast_info,244881
cast_info,244884
cast_info,244886
cast_info,244889
cast_info,244897
cast_info,244898
cast_info,244906
cast_info,244908
cast_info,244915
cast_info,244916
cast_info,244920
cast_info,244924
cast_info,244928
cast_info,244930
cast_info,244935
cast_info,244937
cast_info,244938
cast_info,244943
cast_info,244954
cast_info,244955
cast_info,244957
cast_info,244962
cast_info,244966
cast_info,244967
cast_info,244968
cast_info,244969
cast_info,244976
cast_info,244978
cast_info,244981
cast_info,244984
cast_info,244990
cast_info,244992
cast_info,244994
cast_info,245001
cast_info,245007
cast_info,245014
cast_info,245015
cast_info,245016
cast_info,245021
cast_info,245029
cast_info,245032
cast_info,245033
cast_info,245038
cast_info,245043
cast_info,245049
cast_info,245058
cast_info,245067
cast_info,245072
cast_info,245073
cast_info,245081
cast_info,245091
cast_info,245093
cast_info,245095
cast_info,245098
cast_info,245100
cast_info,245101
cast_info,245105
cast_info,245116
cast_info,245118
cast_info,245119
cast_info,245120
cast_info,245123
cast_info,245128
cast_info,245136
cast_info,245140
cast_info,245144
cast_info,245147
cast_info,245149
cast_info,245150
cast_info,245160
cast_info,245163
cast_info,245167
cast_info,245173
cast_info,245178
cast_info,245179
cast_info,245183
cast_info,245184
cast_info,245186
cast_info,245187
cast_info,245191
cast_info,245192
cast_info,245193
cast_info,245194
cast_info,245206
cast_info,245213
cast_info,245223
cast_info,245226
cast_info,245229
cast_info,245233
cast_info,245236
cast_info,245254
cast_info,245266
cast_info,245268
cast_info,245269
cast_info,245270
cast_info,245271
cast_info,245276
cast_info,245283
cast_info,245285
cast_info,245287
cast_info,245288
cast_info,245289
cast_info,245290
cast_info,245291
cast_info,245292
cast_info,245297
cast_info,245305
cast_info,245310
cast_info,245311
cast_info,245313
cast_info,245320
cast_info,245321
cast_info,245327
cast_info,245332
cast_info,245334
cast_info,245343
cast_info,245348
cast_info,245349
cast_info,245350
cast_info,245356
cast_info,245358
cast_info,245379
cast_info,245381
cast_info,245383
cast_info,245385
cast_info,245387
cast_info,245394
cast_info,245398
cast_info,245400
cast_info,245417
cast_info,245421
cast_info,245426
cast_info,245427
cast_info,245435
cast_info,245438
cast_info,245442
cast_info,245443
cast_info,245446
cast_info,245451
cast_info,245460
cast_info,245463
cast_info,245464
cast_info,245466
cast_info,245470
cast_info,245476
cast_info,245486
cast_info,245490
cast_info,245494
cast_info,245496
cast_info,245500
cast_info,245507
cast_info,245513
cast_info,245534
cast_info,245549
cast_info,245563
cast_info,245565
cast_info,245568
cast_info,245576
cast_info,245577
cast_info,245581
cast_info,245583
cast_info,245585
cast_info,245586
cast_info,245587
cast_info,245594
cast_info,245599
cast_info,245600
cast_info,245605
cast_info,245609
cast_info,245611
cast_info,245626
cast_info,245631
cast_info,245632
cast_info,245636
cast_info,245637
cast_info,245648
cast_info,245662
cast_info,245664
cast_info,245668
cast_info,245669
cast_info,245671
cast_info,245679
cast_info,245687
cast_info,245688
cast_info,245693
cast_info,245699
cast_info,245700
cast_info,245701
cast_info,245705
cast_info,245714
cast_info,245718
cast_info,245719
cast_info,245721
cast_info,245729
cast_info,245735
cast_info,245742
cast_info,245748
cast_info,245750
cast_info,245753
cast_info,245775
cast_info,245782
cast_info,245784
cast_info,245789
cast_info,245790
cast_info,245791
cast_info,245792
cast_info,245798
cast_info,245802
cast_info,245813
cast_info,245817
cast_info,245831
cast_info,245841
cast_info,245856
cast_info,245862
cast_info,245880
cast_info,245883
cast_info,245885
cast_info,245886
cast_info,245888
cast_info,245889
cast_info,245892
cast_info,245893
cast_info,245901
cast_info,245907
cast_info,245914
cast_info,245917
cast_info,245918
cast_info,245921
cast_info,245930
cast_info,245934
cast_info,245935
cast_info,245942
cast_info,245946
cast_info,245947
cast_info,245954
cast_info,245955
cast_info,245956
cast_info,245966
cast_info,245968
cast_info,245978
cast_info,245981
cast_info,245991
cast_info,245993
cast_info,245994
cast_info,246008
cast_info,246009
cast_info,246012
cast_info,246019
cast_info,246022
cast_info,246024
cast_info,246028
cast_info,246031
cast_info,246044
cast_info,246045
cast_info,246049
cast_info,246051
cast_info,246060
cast_info,246063
cast_info,246075
cast_info,246076
cast_info,246079
cast_info,246081
cast_info,246093
cast_info,246094
cast_info,246111
cast_info,246123
cast_info,246135
cast_info,246138
cast_info,246141
cast_info,246144
cast_info,246145
cast_info,246162
cast_info,246164
cast_info,246166
cast_info,246169
cast_info,246171
cast_info,246173
cast_info,246180
cast_info,246182
cast_info,246186
cast_info,246191
cast_info,246192
cast_info,246193
cast_info,246195
cast_info,246197
cast_info,246200
cast_info,246207
cast_info,246210
cast_info,246211
cast_info,246214
cast_info,246221
cast_info,246222
cast_info,246224
cast_info,246225
cast_info,246227
cast_info,246234
cast_info,246244
cast_info,246247
cast_info,246251
cast_info,246252
cast_info,246258
cast_info,246260
cast_info,246264
cast_info,246269
cast_info,246272
cast_info,246273
cast_info,246277
cast_info,246282
cast_info,246283
cast_info,246292
cast_info,246296
cast_info,246298
cast_info,246301
cast_info,246322
cast_info,246323
cast_info,246326
cast_info,246331
cast_info,246332
cast_info,246333
cast_info,246338
cast_info,246339
cast_info,246340
cast_info,246343
cast_info,246345
cast_info,246346
cast_info,246348
cast_info,246350
cast_info,246353
cast_info,246358
cast_info,246363
cast_info,246364
cast_info,246365
cast_info,246378
cast_info,246384
cast_info,246386
cast_info,246393
cast_info,246394
cast_info,246402
cast_info,246419
cast_info,246428
cast_info,246435
cast_info,246436
cast_info,246437
cast_info,246477
cast_info,246478
cast_info,246483
cast_info,246484
cast_info,246489
cast_info,246490
cast_info,246493
cast_info,246494
cast_info,246498
cast_info,246499
cast_info,246505
cast_info,246506
cast_info,246511
cast_info,246514
cast_info,246524
cast_info,246525
cast_info,246526
cast_info,246528
cast_info,246536
cast_info,246547
cast_info,246549
cast_info,246561
cast_info,246565
cast_info,246579
cast_info,246585
cast_info,246586
cast_info,246587
cast_info,246593
cast_info,246601
cast_info,246604
cast_info,246616
cast_info,246619
cast_info,246622
cast_info,246623
cast_info,246634
cast_info,246649
cast_info,246655
cast_info,246656
cast_info,246658
cast_info,246659
cast_info,246660
cast_info,246667
cast_info,246670
cast_info,246676
cast_info,246681
cast_info,246696
cast_info,246703
cast_info,246711
cast_info,246712
cast_info,246730
cast_info,246736
cast_info,246746
cast_info,246748
cast_info,246751
cast_info,246758
cast_info,246761
cast_info,246763
cast_info,246765
cast_info,246773
cast_info,246789
cast_info,246817
cast_info,246824
cast_info,246837
cast_info,246840
cast_info,246841
cast_info,246843
cast_info,246845
cast_info,246848
cast_info,246850
cast_info,246851
cast_info,246858
cast_info,246874
cast_info,246889
cast_info,246898
cast_info,246900
cast_info,246903
cast_info,246909
cast_info,246911
cast_info,246912
cast_info,246921
cast_info,246934
cast_info,246941
cast_info,246954
cast_info,246972
cast_info,246975
cast_info,246981
cast_info,246984
cast_info,246985
cast_info,246986
cast_info,246992
cast_info,246995
cast_info,247002
cast_info,247008
cast_info,247012
cast_info,247014
cast_info,247018
cast_info,247019
cast_info,247022
cast_info,247033
cast_info,247042
cast_info,247044
cast_info,247045
cast_info,247058
cast_info,247059
cast_info,247061
cast_info,247062
cast_info,247064
cast_info,247067
cast_info,247070
cast_info,247071
cast_info,247073
cast_info,247089
cast_info,247100
cast_info,247103
cast_info,247108
cast_info,247109
cast_info,247113
cast_info,247114
cast_info,247115
cast_info,247125
cast_info,247138
cast_info,247142
cast_info,247152
cast_info,247153
cast_info,247154
cast_info,247158
cast_info,247173
cast_info,247182
cast_info,247185
cast_info,247193
cast_info,247195
cast_info,247200
cast_info,247201
cast_info,247213
cast_info,247218
cast_info,247220
cast_info,247222
cast_info,247223
cast_info,247224
cast_info,247225
cast_info,247230
cast_info,247239
cast_info,247241
cast_info,247242
cast_info,247245
cast_info,247246
cast_info,247253
cast_info,247255
cast_info,247258
cast_info,247260
cast_info,247266
cast_info,247272
cast_info,247274
cast_info,247275
cast_info,247292
cast_info,247308
cast_info,247309
cast_info,247319
cast_info,247326
cast_info,247336
cast_info,247342
cast_info,247343
cast_info,247346
cast_info,247355
cast_info,247356
cast_info,247359
cast_info,247367
cast_info,247374
cast_info,247383
cast_info,247387
cast_info,247392
cast_info,247395
cast_info,247400
cast_info,247401
cast_info,247402
cast_info,247405
cast_info,247408
cast_info,247410
cast_info,247427
cast_info,247428
cast_info,247429
cast_info,247435
cast_info,247441
cast_info,247445
cast_info,247447
cast_info,247448
cast_info,247454
cast_info,247455
cast_info,247456
cast_info,247458
cast_info,247463
cast_info,247482
cast_info,247486
cast_info,247492
cast_info,247493
cast_info,247494
cast_info,247498
cast_info,247505
cast_info,247506
cast_info,247509
cast_info,247510
cast_info,247511
cast_info,247512
cast_info,247513
cast_info,247517
cast_info,247518
cast_info,247521
cast_info,247522
cast_info,247523
cast_info,247531
cast_info,247536
cast_info,247547
cast_info,247557
cast_info,247567
cast_info,247575
cast_info,247576
cast_info,247578
cast_info,247581
cast_info,247582
cast_info,247585
cast_info,247586
cast_info,247587
cast_info,247590
cast_info,247591
cast_info,247598
cast_info,247600
cast_info,247604
cast_info,247614
cast_info,247615
cast_info,247623
cast_info,247624
cast_info,247629
cast_info,247630
cast_info,247633
cast_info,247643
cast_info,247647
cast_info,247650
cast_info,247653
cast_info,247658
cast_info,247670
cast_info,247677
cast_info,247678
cast_info,247679
cast_info,247680
cast_info,247690
cast_info,247692
cast_info,247701
cast_info,247702
cast_info,247706
cast_info,247707
cast_info,247721
cast_info,247722
cast_info,247727
cast_info,247728
cast_info,247745
cast_info,247747
cast_info,247753
cast_info,247767
cast_info,247776
cast_info,247778
cast_info,247780
cast_info,247784
cast_info,247785
cast_info,247794
cast_info,247795
cast_info,247799
cast_info,247808
cast_info,247809
cast_info,247810
cast_info,247815
cast_info,247816
cast_info,247822
cast_info,247823
cast_info,247827
cast_info,247833
cast_info,247835
cast_info,247839
cast_info,247841
cast_info,247845
cast_info,247849
cast_info,247850
cast_info,247852
cast_info,247854
cast_info,247866
cast_info,247867
cast_info,247871
cast_info,247884
cast_info,247913
cast_info,247926
cast_info,247929
cast_info,247930
cast_info,247931
cast_info,247935
cast_info,247942
cast_info,247944
cast_info,247950
cast_info,247955
cast_info,247957
cast_info,247965
cast_info,247976
cast_info,247986
cast_info,247989
cast_info,247997
cast_info,248001
cast_info,248002
cast_info,248003
cast_info,248005
cast_info,248006
cast_info,248007
cast_info,248014
cast_info,248018
cast_info,248020
cast_info,248022
cast_info,248036
cast_info,248037
cast_info,248039
cast_info,248040
cast_info,248043
cast_info,248044
cast_info,248061
cast_info,248063
cast_info,248065
cast_info,248071
cast_info,248094
cast_info,248097
cast_info,248098
cast_info,248104
cast_info,248135
cast_info,248136
cast_info,248137
cast_info,248138
cast_info,248145
cast_info,248147
cast_info,248151
cast_info,248152
cast_info,248154
cast_info,248156
cast_info,248158
cast_info,248159
cast_info,248162
cast_info,248165
cast_info,248167
cast_info,248178
cast_info,248181
cast_info,248183
cast_info,248185
cast_info,248186
cast_info,248190
cast_info,248194
cast_info,248198
cast_info,248200
cast_info,248203
cast_info,248209
cast_info,248212
cast_info,248220
cast_info,248226
cast_info,248227
cast_info,248228
cast_info,248230
cast_info,248245
cast_info,248248
cast_info,248251
cast_info,248252
cast_info,248253
cast_info,248262
cast_info,248269
cast_info,248272
cast_info,248286
cast_info,248289
cast_info,248299
cast_info,248301
cast_info,248308
cast_info,248309
cast_info,248312
cast_info,248317
cast_info,248327
cast_info,248331
cast_info,248338
cast_info,248342
cast_info,248356
cast_info,248361
cast_info,248367
cast_info,248389
cast_info,248392
cast_info,248401
cast_info,248402
cast_info,248410
cast_info,248425
cast_info,248435
cast_info,248436
cast_info,248438
cast_info,248443
cast_info,248445
cast_info,248448
cast_info,248449
cast_info,248455
cast_info,248456
cast_info,248460
cast_info,248466
cast_info,248475
cast_info,248479
cast_info,248483
cast_info,248493
cast_info,248509
cast_info,248521
cast_info,248522
cast_info,248528
cast_info,248529
cast_info,248531
cast_info,248535
cast_info,248536
cast_info,248543
cast_info,248554
cast_info,248555
cast_info,248558
cast_info,248561
cast_info,248562
cast_info,248565
cast_info,248570
cast_info,248572
cast_info,248573
cast_info,248574
cast_info,248581
cast_info,248585
cast_info,248586
cast_info,248605
cast_info,248614
cast_info,248615
cast_info,248619
cast_info,248620
cast_info,248621
cast_info,248651
cast_info,248652
cast_info,248656
cast_info,248663
cast_info,248665
cast_info,248682
cast_info,248683
cast_info,248694
cast_info,248696
cast_info,248697
cast_info,248710
cast_info,248716
cast_info,248717
cast_info,248723
cast_info,248728
cast_info,248731
cast_info,248734
cast_info,248735
cast_info,248739
cast_info,248742
cast_info,248744
cast_info,248758
cast_info,248759
cast_info,248761
cast_info,248762
cast_info,248768
cast_info,248776
cast_info,248777
cast_info,248789
cast_info,248794
cast_info,248799
cast_info,248800
cast_info,248809
cast_info,248816
cast_info,248821
cast_info,248824
cast_info,248828
cast_info,248831
cast_info,248832
cast_info,248848
cast_info,248850
cast_info,248851
cast_info,248853
cast_info,248855
cast_info,248857
cast_info,248863
cast_info,248875
cast_info,248880
cast_info,248881
cast_info,248889
cast_info,248890
cast_info,248893
cast_info,248900
cast_info,248905
cast_info,248910
cast_info,248912
cast_info,248916
cast_info,248920
cast_info,248929
cast_info,248937
cast_info,248943
cast_info,248951
cast_info,248953
cast_info,248956
cast_info,248958
cast_info,248961
cast_info,248966
cast_info,248983
cast_info,248985
cast_info,248989
cast_info,248999
cast_info,249012
cast_info,249014
cast_info,249019
cast_info,249021
cast_info,249025
cast_info,249045
cast_info,249048
cast_info,249051
cast_info,249056
cast_info,249061
cast_info,249077
cast_info,249079
cast_info,249084
cast_info,249095
cast_info,249107
cast_info,249109
cast_info,249113
cast_info,249130
cast_info,249132
cast_info,249135
cast_info,249137
cast_info,249138
cast_info,249142
cast_info,249143
cast_info,249152
cast_info,249160
cast_info,249162
cast_info,249165
cast_info,249171
cast_info,249177
cast_info,249178
cast_info,249179
cast_info,249185
cast_info,249186
cast_info,249188
cast_info,249193
cast_info,249198
cast_info,249200
cast_info,249202
cast_info,249215
cast_info,249217
cast_info,249222
cast_info,249224
cast_info,249228
cast_info,249230
cast_info,249232
cast_info,249233
cast_info,249243
cast_info,249255
cast_info,249262
cast_info,249272
cast_info,249275
cast_info,249277
cast_info,249278
cast_info,249279
cast_info,249283
cast_info,249300
cast_info,249305
cast_info,249306
cast_info,249308
cast_info,249315
cast_info,249317
cast_info,249324
cast_info,249330
cast_info,249349
cast_info,249350
cast_info,249357
cast_info,249361
cast_info,249378
cast_info,249379
cast_info,249382
cast_info,249387
cast_info,249389
cast_info,249392
cast_info,249397
cast_info,249404
cast_info,249410
cast_info,249419
cast_info,249421
cast_info,249432
cast_info,249437
cast_info,249450
cast_info,249451
cast_info,249460
cast_info,249465
cast_info,249476
cast_info,249478
cast_info,249481
cast_info,249482
cast_info,249484
cast_info,249502
cast_info,249507
cast_info,249525
cast_info,249528
cast_info,249530
cast_info,249531
cast_info,249537
cast_info,249540
cast_info,249543
cast_info,249544
cast_info,249554
cast_info,249555
cast_info,249557
cast_info,249560
cast_info,249568
cast_info,249571
cast_info,249575
cast_info,249582
cast_info,249587
cast_info,249594
cast_info,249600
cast_info,249601
cast_info,249602
cast_info,249606
cast_info,249607
cast_info,249612
cast_info,249621
cast_info,249622
cast_info,249623
cast_info,249626
cast_info,249631
cast_info,249633
cast_info,249639
cast_info,249643
cast_info,249647
cast_info,249650
cast_info,249651
cast_info,249656
cast_info,249659
cast_info,249697
cast_info,249709
cast_info,249712
cast_info,249713
cast_info,249715
cast_info,249728
cast_info,249734
cast_info,249735
cast_info,249744
cast_info,249749
cast_info,249753
cast_info,249755
cast_info,249763
cast_info,249765
cast_info,249768
cast_info,249769
cast_info,249773
cast_info,249774
cast_info,249786
cast_info,249790
cast_info,249791
cast_info,249792
cast_info,249793
cast_info,249796
cast_info,249800
cast_info,249803
cast_info,249810
cast_info,249818
cast_info,249824
cast_info,249826
cast_info,249827
cast_info,249829
cast_info,249830
cast_info,249837
cast_info,249842
cast_info,249843
cast_info,249852
cast_info,249863
cast_info,249866
cast_info,249874
cast_info,249875
cast_info,249885
cast_info,249891
cast_info,249895
cast_info,249908
cast_info,249910
cast_info,249912
cast_info,249919
cast_info,249934
cast_info,249938
cast_info,249941
cast_info,249943
cast_info,249945
cast_info,249950
cast_info,249954
cast_info,249955
cast_info,249957
cast_info,249961
cast_info,249964
cast_info,249969
cast_info,249970
cast_info,249971
cast_info,249972
cast_info,249973
cast_info,249974
cast_info,249975
cast_info,249977
cast_info,249982
cast_info,249989
cast_info,250001
cast_info,250004
cast_info,250012
cast_info,250013
cast_info,250017
cast_info,250018
cast_info,250019
cast_info,250020
cast_info,250021
cast_info,250024
cast_info,250027
cast_info,250042
cast_info,250048
cast_info,250058
cast_info,250070
cast_info,250077
cast_info,250089
cast_info,250090
cast_info,250091
cast_info,250094
cast_info,250104
cast_info,250108
cast_info,250111
cast_info,250119
cast_info,250126
cast_info,250129
cast_info,250134
cast_info,250139
cast_info,250154
cast_info,250170
cast_info,250174
cast_info,250188
cast_info,250190
cast_info,250195
cast_info,250197
cast_info,250200
cast_info,250203
cast_info,250205
cast_info,250207
cast_info,250213
cast_info,250214
cast_info,250215
cast_info,250220
cast_info,250223
cast_info,250231
cast_info,250239
cast_info,250240
cast_info,250247
cast_info,250249
cast_info,250250
cast_info,250252
cast_info,250253
cast_info,250270
cast_info,250273
cast_info,250274
cast_info,250279
cast_info,250310
cast_info,250312
cast_info,250313
cast_info,250317
cast_info,250318
cast_info,250319
cast_info,250326
cast_info,250327
cast_info,250329
cast_info,250332
cast_info,250336
cast_info,250337
cast_info,250338
cast_info,250341
cast_info,250349
cast_info,250356
cast_info,250359
cast_info,250361
cast_info,250364
cast_info,250366
cast_info,250369
cast_info,250375
cast_info,250376
cast_info,250379
cast_info,250383
cast_info,250429
cast_info,250450
cast_info,250455
cast_info,250458
cast_info,250463
cast_info,250475
cast_info,250480
cast_info,250489
cast_info,250509
cast_info,250510
cast_info,250511
cast_info,250512
cast_info,250514
cast_info,250515
cast_info,250518
cast_info,250524
cast_info,250526
cast_info,250527
cast_info,250530
cast_info,250531
cast_info,250533
cast_info,250536
cast_info,250545
cast_info,250547
cast_info,250549
cast_info,250550
cast_info,250556
cast_info,250559
cast_info,250560
cast_info,250561
cast_info,250564
cast_info,250570
cast_info,250576
cast_info,250582
cast_info,250585
cast_info,250587
cast_info,250588
cast_info,250594
cast_info,250596
cast_info,250597
cast_info,250598
cast_info,250599
cast_info,250603
cast_info,250616
cast_info,250618
cast_info,250621
cast_info,250622
cast_info,250636
cast_info,250651
cast_info,250653
cast_info,250657
cast_info,250658
cast_info,250659
cast_info,250662
cast_info,250663
cast_info,250667
cast_info,250679
cast_info,250684
cast_info,250695
cast_info,250703
cast_info,250706
cast_info,250707
cast_info,250709
cast_info,250711
cast_info,250714
cast_info,250719
cast_info,250720
cast_info,250722
cast_info,250732
cast_info,250739
cast_info,250741
cast_info,250744
cast_info,250747
cast_info,250751
cast_info,250753
cast_info,250754
cast_info,250761
cast_info,250762
cast_info,250764
cast_info,250766
cast_info,250767
cast_info,250770
cast_info,250772
cast_info,250778
cast_info,250779
cast_info,250780
cast_info,250789
cast_info,250790
cast_info,250796
cast_info,250799
cast_info,250802
cast_info,250804
cast_info,250805
cast_info,250807
cast_info,250809
cast_info,250813
cast_info,250817
cast_info,250824
cast_info,250825
cast_info,250828
cast_info,250836
cast_info,250838
cast_info,250840
cast_info,250850
cast_info,250857
cast_info,250859
cast_info,250862
cast_info,250867
cast_info,250869
cast_info,250882
cast_info,250886
cast_info,250887
cast_info,250890
cast_info,250901
cast_info,250908
cast_info,250916
cast_info,250925
cast_info,250926
cast_info,250928
cast_info,250945
cast_info,250946
cast_info,250947
cast_info,250948
cast_info,250958
cast_info,250962
cast_info,250982
cast_info,250985
cast_info,250993
cast_info,251000
cast_info,251005
cast_info,251012
cast_info,251028
cast_info,251031
cast_info,251032
cast_info,251051
cast_info,251053
cast_info,251062
cast_info,251073
cast_info,251079
cast_info,251082
cast_info,251094
cast_info,251095
cast_info,251097
cast_info,251099
cast_info,251117
cast_info,251123
cast_info,251125
cast_info,251127
cast_info,251131
cast_info,251132
cast_info,251155
cast_info,251167
cast_info,251174
cast_info,251199
cast_info,251203
cast_info,251208
cast_info,251219
cast_info,251225
cast_info,251226
cast_info,251233
cast_info,251246
cast_info,251261
cast_info,251265
cast_info,251277
cast_info,251282
cast_info,251289
cast_info,251296
cast_info,251303
cast_info,251311
cast_info,251313
cast_info,251326
cast_info,251329
cast_info,251359
cast_info,251371
cast_info,251389
cast_info,251399
cast_info,251400
cast_info,251405
cast_info,251425
cast_info,251427
cast_info,251436
cast_info,251439
cast_info,251460
cast_info,251478
cast_info,251485
cast_info,251492
cast_info,251493
cast_info,251500
cast_info,251516
cast_info,251519
cast_info,251521
cast_info,251523
cast_info,251526
cast_info,251551
cast_info,251556
cast_info,251576
cast_info,251582
cast_info,251613
cast_info,251615
cast_info,251639
cast_info,251655
cast_info,251660
cast_info,251663
cast_info,251672
cast_info,251674
cast_info,251692
cast_info,251697
cast_info,251702
cast_info,251707
cast_info,251710
cast_info,251711
cast_info,251713
cast_info,251716
cast_info,251725
cast_info,251728
cast_info,251729
cast_info,251735
cast_info,251741
cast_info,251745
cast_info,251746
cast_info,251748
cast_info,251750
cast_info,251752
cast_info,251756
cast_info,251757
cast_info,251759
cast_info,251765
cast_info,251768
cast_info,251783
cast_info,251787
cast_info,251800
cast_info,251806
cast_info,251815
cast_info,251827
cast_info,251836
cast_info,251857
cast_info,251862
cast_info,251866
cast_info,251868
cast_info,251879
cast_info,251883
cast_info,251884
cast_info,251887
cast_info,251896
cast_info,251901
cast_info,251902
cast_info,251904
cast_info,251909
cast_info,251912
cast_info,251917
cast_info,251921
cast_info,251923
cast_info,251936
cast_info,251948
cast_info,251951
cast_info,251952
cast_info,251965
cast_info,251971
cast_info,251987
cast_info,252003
cast_info,252012
cast_info,252018
cast_info,252022
cast_info,252027
cast_info,252028
cast_info,252029
cast_info,252041
cast_info,252043
cast_info,252046
cast_info,252051
cast_info,252057
cast_info,252059
cast_info,252069
cast_info,252076
cast_info,252080
cast_info,252083
cast_info,252085
cast_info,252089
cast_info,252108
cast_info,252114
cast_info,252115
cast_info,252134
cast_info,252147
cast_info,252150
cast_info,252157
cast_info,252159
cast_info,252170
cast_info,252196
cast_info,252201
cast_info,252221
cast_info,252225
cast_info,252238
cast_info,252257
cast_info,252263
cast_info,252269
cast_info,252272
cast_info,252276
cast_info,252279
cast_info,252281
cast_info,252285
cast_info,252290
cast_info,252312
cast_info,252318
cast_info,252321
cast_info,252323
cast_info,252333
cast_info,252339
cast_info,252340
cast_info,252347
cast_info,252349
cast_info,252363
cast_info,252389
cast_info,252407
cast_info,252411
cast_info,252459
cast_info,252465
cast_info,252471
cast_info,252486
cast_info,252509
cast_info,252515
cast_info,252521
cast_info,252524
cast_info,252526
cast_info,252537
cast_info,252544
cast_info,252552
cast_info,252554
cast_info,252556
cast_info,252557
cast_info,252558
cast_info,252559
cast_info,252561
cast_info,252562
cast_info,252563
cast_info,252572
cast_info,252580
cast_info,252584
cast_info,252592
cast_info,252604
cast_info,252627
cast_info,252642
cast_info,252661
cast_info,252671
cast_info,252672
cast_info,252675
cast_info,252677
char_name,0
char_name,1
company_name,0
company_name,0
company_name,1
company_name,2
company_name,3
company_name,4
company_name,5
company_name,6
company_name,7
company_name,8
company_name,9
company_name,10
company_name,11
company_name,12
company_name,13
company_name,14
company_name,15
company_name,16
company_name,17
company_name,18
company_name,19
company_name,20
company_name,21
company_name,22
company_name,23
company_name,24
company_name,25
company_name,26
company_name,27
company_name,28
company_name,29
company_name,30
company_name,31
company_name,32
company_name,33
company_name,34
company_name,35
company_name,36
company_name,37
company_name,38
company_name,39
company_name,40
company_name,41
company_name,42
company_name,43
company_name,44
company_name,45
company_name,46
company_name,47
company_name,48
company_name,49
company_name,50
company_name,51
company_name,52
company_name,53
company_name,54
company_name,55
company_name,56
company_name,57
company_name,58
company_name,59
company_name,60
company_name,61
company_name,62
company_name,63
company_name,64
company_name,65
company_name,66
company_name,67
company_name,68
company_name,69
company_name,70
company_name,71
company_name,72
company_name,73
company_name,74
company_name,75
company_name,76
company_name,77
company_name,78
company_name,79
company_name,80
company_name,81
company_name,82
company_name,83
company_name,84
company_name,85
company_name,86
company_name,87
company_name,88
company_name,89
company_name,90
company_name,91
company_name,92
company_name,93
company_name,94
company_name,95
company_name,96
company_name,97
company_name,98
company_name,99
company_name,100
company_name,101
company_name,102
company_name,103
company_name,104
company_name,105
company_name,106
company_name,107
company_name,108
company_name,109
company_name,110
company_name,111
company_name,112
company_name,113
company_name,114
company_name,115
company_name,116
company_name,117
company_name,118
company_name,119
company_name,120
company_name,121
company_name,122
company_name,123
company_name,124
company_name,125
company_name,126
company_name,127
company_name,128
company_name,129
company_name,130
company_name,131
company_name,132
company_name,133
company_name,134
company_name,135
company_name,136
company_name,137
company_name,138
company_name,139
company_name,140
company_name,141
company_name,142
company_name,143
company_name,144
company_name,145
company_name,146
company_name,147
company_name,148
company_name,149
company_name,150
company_name,151
company_name,152
company_name,153
company_name,154
company_name,155
company_name,156
company_name,157
company_name,158
company_name,159
company_name,160
company_name,161
company_name,162
company_name,163
company_name,164
company_name,165
company_name,166
company_name,167
company_name,168
company_name,169
company_name,170
company_name,171
company_name,172
company_name,173
company_name,174
company_name,175
company_name,176
company_name,177
company_name,178
company_name,179
company_name,180
company_name,181
company_name,182
company_name,183
company_name,184
company_name,185
company_name,186
company_name,187
company_name,188
company_name,189
company_name,190
company_name,191
company_name,192
company_name,193
company_name,194
company_name,195
company_name,196
company_name,197
company_name,198
company_name,199
company_name,200
company_name,201
company_name,202
company_name,203
company_name,204
company_name,205
company_name,206
company_name,207
company_name,208
company_name,209
company_name,210
company_name,211
company_name,212
company_name,213
company_name,214
company_name,215
company_name,216
company_name,217
company_name,218
company_name,219
company_name,220
company_name,221
company_name,222
company_name,223
company_name,224
company_name,225
company_name,226
company_name,227
company_name,228
company_name,229
company_name,230
company_name,231
company_name,232
company_name,233
company_name,234
company_name,235
company_name,236
company_name,237
company_name,238
company_name,239
company_name,240
company_name,241
company_name,242
company_name,243
company_name,244
company_name,245
company_name,246
company_name,247
company_name,248
company_name,249
company_name,250
company_name,251
company_name,252
company_name,253
company_name,254
company_name,255
company_name,256
company_name,257
company_name,258
company_name,259
company_name,260
company_name,261
company_name,262
company_name,263
company_name,264
company_name,265
company_name,266
company_name,267
company_name,268
company_name,269
company_name,270
company_name,271
company_name,272
company_name,273
company_name,274
company_name,275
company_name,276
company_name,277
company_name,278
company_name,279
company_name,280
company_name,281
company_name,282
company_name,283
company_name,284
company_name,285
company_name,286
company_name,287
company_name,288
company_name,289
company_name,290
company_name,291
company_name,292
company_name,293
company_name,294
company_name,295
company_name,296
company_name,297
company_name,298
company_name,299
company_name,300
company_name,301
company_name,302
company_name,303
company_name,304
company_name,305
company_name,306
company_name,307
company_name,308
company_name,309
company_name,310
company_name,311
company_name,312
company_name,313
company_name,314
company_name,315
company_name,316
company_name,317
company_name,318
company_name,319
company_name,320
company_name,321
company_name,322
company_name,323
company_name,324
company_name,325
company_name,326
company_name,327
company_name,328
company_name,329
company_name,330
company_name,331
company_name,332
company_name,333
company_name,334
company_name,335
company_name,336
company_name,337
company_name,338
company_name,339
company_name,340
company_name,341
company_name,342
company_name,343
company_name,344
company_name,345
company_name,346
company_name,347
company_name,348
company_name,349
company_name,350
company_name,351
company_name,352
company_name,353
company_name,354
company_name,355
company_name,356
company_name,357
company_name,358
company_name,359
company_name,360
company_name,361
company_name,362
company_name,363
company_name,364
company_name,365
company_name,366
company_name,367
company_name,368
company_name,369
company_name,370
company_name,371
company_name,372
company_name,373
company_name,374
company_name,375
company_name,376
company_name,377
company_name,378
company_name,379
company_name,380
company_name,381
company_name,382
company_name,383
company_name,384
company_name,385
company_name,386
company_name,387
company_name,388
company_name,389
company_name,390
company_name,391
company_name,392
company_name,393
company_name,394
company_name,395
company_name,396
company_name,397
company_name,398
company_name,399
company_name,400
company_name,401
company_name,402
company_name,403
company_name,404
company_name,405
company_name,406
company_name,407
company_name,408
company_name,409
company_name,410
company_name,411
company_name,412
company_name,413
company_name,414
company_name,415
company_name,416
company_name,417
company_name,418
company_name,419
company_name,420
company_name,421
company_name,422
company_name,423
company_name,424
company_name,425
company_name,426
company_name,427
company_name,428
company_name,429
company_name,430
company_name,431
company_name,432
company_name,433
company_name,434
company_name,435
company_name,436
company_name,437
company_name,438
company_name,439
company_name,440
company_name,441
company_name,442
company_name,443
company_name,444
company_name,445
company_name,446
company_name,447
company_name,448
company_name,449
company_name,450
company_name,451
company_name,452
company_name,453
company_name,454
company_name,455
company_name,456
company_name,457
company_name,458
company_name,459
company_name,460
company_name,461
company_name,462
company_name,463
company_name,464
company_name,465
company_name,466
company_name,467
company_name,468
company_name,469
company_name,470
company_name,471
company_name,472
company_name,473
company_name,474
company_name,475
company_name,476
company_name,477
company_name,478
company_name,479
company_name,480
company_name,481
company_name,482
company_name,483
company_name,484
company_name,485
company_name,486
company_name,487
company_name,488
company_name,489
company_name,490
company_name,491
company_name,492
company_name,493
company_name,494
company_name,495
company_name,496
company_name,497
company_name,498
company_name,499
company_name,500
company_name,501
company_name,502
company_name,503
company_name,504
company_name,505
company_name,506
company_name,507
company_name,508
company_name,509
company_name,510
company_name,511
company_name,512
company_name,513
company_name,514
company_name,515
company_name,516
company_name,517
company_name,518
company_name,519
company_name,520
company_name,521
company_name,522
company_name,523
company_name,524
company_name,525
company_name,526
company_name,527
company_name,528
company_name,529
company_name,530
company_name,531
company_name,532
company_name,533
company_name,534
company_name,535
company_name,536
company_name,537
company_name,538
company_name,539
company_name,540
company_name,541
company_name,542
company_name,543
company_name,544
company_name,545
company_name,546
company_name,547
company_name,548
company_name,549
company_name,550
company_name,551
company_name,552
company_name,553
company_name,554
company_name,555
company_name,556
company_name,557
company_name,558
company_name,559
company_name,560
company_name,561
company_name,562
company_name,563
company_name,564
company_name,565
company_name,566
company_name,567
company_name,568
company_name,569
company_name,570
company_name,571
company_name,572
company_name,573
company_name,574
company_name,575
company_name,576
company_name,577
company_name,578
company_name,579
company_name,580
company_name,581
company_name,582
company_name,583
company_name,584
company_name,585
company_name,586
company_name,587
company_name,588
company_name,589
company_name,590
company_name,591
company_name,592
company_name,593
company_name,594
company_name,595
company_name,596
company_name,597
company_name,598
company_name,599
company_name,600
company_name,601
company_name,602
company_name,603
company_name,604
company_name,605
company_name,606
company_name,607
company_name,608
company_name,609
company_name,610
company_name,611
company_name,612
company_name,613
company_name,614
company_name,615
company_name,616
company_name,617
company_name,618
company_name,619
company_name,620
company_name,621
company_name,622
company_name,623
company_name,624
company_name,625
company_name,626
company_name,627
company_name,628
company_name,629
company_name,630
company_name,631
company_name,632
company_name,633
company_name,634
company_name,635
company_name,636
company_name,637
company_name,638
company_name,639
company_name,640
company_name,641
company_name,642
company_name,643
company_name,644
company_name,645
company_name,646
company_name,647
company_name,648
company_name,649
company_name,650
company_name,651
company_name,652
company_name,653
company_name,654
company_name,655
company_name,656
company_name,657
company_name,658
company_name,659
company_name,660
company_name,661
company_name,662
company_name,663
company_name,664
company_name,665
company_name,666
company_name,667
company_name,668
company_name,669
company_name,670
company_name,671
company_name,672
company_name,673
company_name,674
company_name,675
company_name,676
company_name,677
company_name,678
company_name,679
company_name,680
company_name,681
company_name,682
company_name,683
company_name,684
company_name,685
company_name,686
company_name,687
company_name,688
company_name,689
company_name,690
company_name,691
company_name,692
company_name,693
company_name,694
company_name,695
company_name,696
company_name,697
company_name,698
company_name,699
company_name,700
company_name,701
company_name,702
company_name,703
company_name,704
company_name,705
company_name,706
company_name,707
company_name,708
company_name,709
company_name,710
company_name,711
company_name,712
company_name,713
company_name,714
company_name,715
company_name,716
company_name,717
company_name,718
company_name,719
company_name,720
company_name,721
company_name,722
company_name,723
company_name,724
company_name,725
company_name,726
company_name,727
company_name,728
company_name,729
company_name,730
company_name,731
company_name,732
company_name,733
company_name,734
company_name,735
company_name,736
company_name,737
company_name,738
company_name,739
company_name,740
company_name,741
company_name,742
company_name,743
company_name,744
company_name,745
company_name,746
company_name,747
company_name,748
company_name,749
company_name,750
company_name,751
company_name,752
company_name,753
company_name,754
company_name,755
company_name,756
company_name,757
company_name,758
company_name,759
company_name,760
company_name,761
company_name,762
company_name,763
company_name,764
company_name,765
company_name,766
company_name,767
company_name,768
company_name,769
company_name,770
company_name,771
company_name,772
company_name,773
company_name,774
company_name,775
company_name,776
company_name,777
company_name,778
company_name,779
company_name,780
company_name,781
company_name,782
company_name,783
company_name,784
company_name,785
company_name,786
company_name,787
company_name,788
company_name,789
company_name,790
company_name,791
company_name,792
company_name,793
company_name,794
company_name,795
company_name,796
company_name,797
company_name,798
company_name,799
company_name,800
company_name,801
company_name,802
company_name,803
company_name,804
company_name,805
company_name,806
company_name,807
company_name,808
company_name,809
company_name,810
company_name,811
company_name,812
company_name,813
company_name,814
company_name,815
company_name,816
company_name,817
company_name,818
company_name,819
company_name,820
company_name,821
company_name,822
company_name,823
company_name,824
company_name,825
company_name,826
company_name,827
company_name,828
company_name,829
company_name,830
company_name,831
company_name,832
company_name,833
company_name,834
company_name,835
company_name,836
company_name,837
company_name,838
company_name,839
company_name,840
company_name,841
company_name,842
company_name,843
company_name,844
company_name,845
company_name,846
company_name,847
company_name,848
company_name,849
company_name,850
company_name,851
company_name,852
company_name,853
company_name,854
company_name,855
company_name,856
company_name,857
company_name,858
company_name,859
company_name,860
company_name,861
company_name,862
company_name,863
company_name,864
company_name,865
company_name,866
company_name,867
company_name,868
company_name,869
company_name,870
company_name,871
company_name,872
company_name,873
company_name,874
company_name,875
company_name,876
company_name,877
company_name,878
company_name,879
company_name,880
company_name,881
company_name,882
company_name,883
company_name,884
company_name,885
company_name,886
company_name,887
company_name,888
company_name,889
company_name,890
company_name,891
company_name,892
company_name,893
company_name,894
company_name,895
company_name,896
company_name,897
company_name,898
company_name,899
company_name,900
company_name,901
company_name,902
company_name,903
company_name,904
company_name,905
company_name,906
company_name,907
company_name,908
company_name,909
company_name,910
company_name,911
company_name,912
company_name,913
company_name,914
company_name,915
company_name,916
company_name,917
company_name,918
company_name,919
company_name,920
company_name,921
company_name,922
company_name,923
company_name,924
company_name,925
company_name,926
company_name,927
company_name,928
company_name,929
company_name,930
company_name,931
company_name,932
company_name,933
company_name,934
company_name,935
company_name,936
company_name,937
company_name,938
company_name,939
company_name,940
company_name,941
company_name,942
company_name,943
company_name,944
company_name,945
company_name,946
company_name,947
company_name,948
company_name,949
company_name,950
company_name,951
company_name,952
company_name,953
company_name,954
company_name,955
company_name,956
company_name,957
company_name,958
company_name,959
company_name,960
company_name,961
company_name,962
company_name,963
company_name,964
company_name,965
company_name,966
company_name,967
company_name,968
company_name,969
company_name,970
company_name,971
company_name,972
company_name,973
company_name,974
company_name,975
company_name,976
company_name,977
company_name,978
company_name,979
company_name,980
company_name,981
company_name,982
company_name,983
company_name,984
company_name,985
company_name,986
company_name,987
company_name,988
company_name,989
company_name,990
company_name,991
company_name,992
company_name,993
company_name,994
company_name,995
company_name,996
company_name,997
company_name,998
company_name,999
company_name,1000
company_name,1001
company_name,1002
company_name,1003
company_name,1004
company_name,1005
company_name,1006
company_name,1007
company_name,1008
company_name,1009
company_name,1010
company_name,1011
company_name,1012
company_name,1013
company_name,1014
company_name,1015
company_name,1016
company_name,1017
company_name,1018
company_name,1019
company_name,1020
company_name,1021
company_name,1022
company_name,1023
company_name,1024
company_name,1025
company_name,1026
company_name,1027
company_name,1028
company_name,1029
company_name,1030
company_name,1031
company_name,1032
company_name,1033
company_name,1034
company_name,1035
company_name,1036
company_name,1037
company_name,1038
company_name,1039
company_name,1040
company_name,1041
company_name,1042
company_name,1043
company_name,1044
company_name,1045
company_name,1046
company_name,1047
company_name,1048
company_name,1049
company_name,1050
company_name,1051
company_name,1052
company_name,1053
company_name,1054
company_name,1055
company_name,1056
company_name,1057
company_name,1058
company_name,1059
company_name,1060
company_name,1061
company_name,1062
company_name,1063
company_name,1064
company_name,1065
company_name,1066
company_name,1067
company_name,1068
company_name,1069
company_name,1070
company_name,1071
company_name,1072
company_name,1073
company_name,1074
company_name,1075
company_name,1076
company_name,1077
company_name,1078
company_name,1079
company_name,1080
company_name,1081
company_name,1082
company_name,1083
company_name,1084
company_name,1085
company_name,1086
company_name,1087
company_name,1088
company_name,1089
company_name,1090
company_name,1091
company_name,1092
company_name,1093
company_name,1094
company_name,1095
company_name,1096
company_name,1097
company_name,1098
company_name,1099
company_name,1100
company_name,1101
company_name,1102
company_name,1103
company_name,1104
company_name,1105
company_name,1106
company_name,1107
company_name,1108
company_name,1109
company_name,1110
company_name,1111
company_name,1112
company_name,1113
company_name,1114
company_name,1115
company_name,1116
company_name,1117
company_name,1118
company_name,1119
company_name,1120
company_name,1121
company_name,1122
company_name,1123
company_name,1124
company_name,1125
company_name,1126
company_name,1127
company_name,1128
company_name,1129
company_name,1130
company_name,1131
company_name,1132
company_name,1133
company_name,1134
company_name,1135
company_name,1136
company_name,1137
company_name,1138
company_name,1139
company_name,1140
company_name,1141
company_name,1142
company_name,1143
company_name,1144
company_name,1145
company_name,1146
company_name,1147
company_name,1148
company_name,1149
company_name,1150
company_name,1151
company_name,1152
company_name,1153
company_name,1154
company_name,1155
company_name,1156
company_name,1157
company_name,1158
company_name,1159
company_name,1160
company_name,1161
company_name,1162
company_name,1163
company_name,1164
company_name,1165
company_name,1166
company_name,1167
company_name,1168
company_name,1169
company_name,1170
company_name,1171
company_name,1172
company_name,1173
company_name,1174
company_name,1175
company_name,1176
company_name,1177
company_name,1178
company_name,1179
company_name,1180
company_name,1181
company_name,1182
company_name,1183
company_name,1184
company_name,1185
company_name,1186
company_name,1187
company_name,1188
company_name,1189
company_name,1190
company_name,1191
company_name,1192
company_name,1193
company_name,1194
company_name,1195
company_name,1196
company_name,1197
company_name,1198
company_name,1199
company_name,1200
company_name,1201
company_name,1202
company_name,1203
company_name,1204
company_name,1205
company_name,1206
company_name,1207
company_name,1208
company_name,1209
company_name,1210
company_name,1211
company_name,1212
company_name,1213
company_name,1214
company_name,1215
company_name,1216
company_name,1217
company_name,1218
company_name,1219
company_name,1220
company_name,1221
company_name,1222
company_name,1223
company_name,1224
company_name,1225
company_name,1226
company_name,1227
company_name,1228
company_name,1229
company_name,1230
company_name,1231
company_name,1232
company_name,1233
company_name,1234
company_name,1235
company_name,1236
company_name,1237
company_name,1238
company_name,1239
company_name,1240
company_name,1241
company_name,1242
company_name,1243
company_name,1244
company_name,1245
company_name,1246
company_name,1247
company_name,1248
company_name,1249
company_name,1250
company_name,1251
company_name,1252
company_name,1253
company_name,1254
company_name,1255
company_name,1256
company_name,1257
company_name,1258
company_name,1259
company_name,1260
company_name,1261
company_name,1262
company_name,1263
company_name,1264
company_name,1265
company_name,1266
company_name,1267
company_name,1268
company_name,1269
company_name,1270
company_name,1271
company_name,1272
company_name,1273
company_name,1274
company_name,1275
company_name,1276
company_name,1277
company_name,1278
company_name,1279
company_name,1280
company_name,1281
company_name,1282
company_name,1283
company_name,1284
company_name,1285
company_name,1286
company_name,1287
company_name,1288
company_name,1289
company_name,1290
company_name,1291
company_name,1292
company_name,1293
company_name,1294
company_name,1295
company_name,1296
company_name,1297
company_name,1298
company_name,1299
company_name,1300
company_name,1301
company_name,1302
company_name,1303
company_name,1304
company_name,1305
company_name,1306
company_name,1307
company_name,1308
company_name,1309
company_name,1310
company_name,1311
company_name,1312
company_name,1313
company_name,1314
company_name,1315
company_name,1316
company_name,1317
company_name,1318
company_name,1319
company_name,1320
company_name,1321
company_name,1322
company_name,1323
company_name,1324
company_name,1325
company_name,1326
company_name,1327
company_name,1328
company_name,1329
company_name,1330
company_name,1331
company_name,1332
company_name,1333
company_name,1334
company_name,1335
company_name,1336
company_name,1337
company_name,1338
company_name,1339
company_name,1340
company_name,1341
company_name,1342
company_name,1343
company_name,1344
company_name,1345
company_name,1346
company_name,1347
company_name,1348
company_name,1349
company_name,1350
company_name,1351
company_name,1352
company_name,1353
company_name,1354
company_name,1355
company_name,1356
company_name,1357
company_name,1358
company_name,1359
company_name,1360
company_name,1361
company_name,1362
company_name,1363
company_name,1364
company_name,1365
company_name,1366
company_name,1367
company_name,1368
company_name,1369
company_name,1370
company_name,1371
company_name,1372
company_name,1373
company_name,1374
company_name,1375
company_name,1376
company_name,1377
company_name,1378
company_name,1379
company_name,1380
company_name,1381
company_name,1382
company_name,1383
company_name,1384
company_name,1385
company_name,1386
company_name,1387
company_name,1388
company_name,1389
company_name,1390
company_name,1391
company_name,1392
company_name,1393
company_name,1394
company_name,1395
company_name,1396
company_name,1397
company_name,1398
company_name,1399
company_name,1400
company_name,1401
company_name,1402
company_name,1403
company_name,1404
company_name,1405
company_name,1406
company_name,1407
company_name,1408
company_name,1409
company_name,1410
company_name,1411
company_name,1412
company_name,1413
company_name,1414
company_name,1415
company_name,1416
company_name,1417
company_name,1418
company_name,1419
company_name,1420
company_name,1421
company_name,1422
company_name,1423
company_name,1424
company_name,1425
company_name,1426
company_name,1427
company_name,1428
company_name,1429
company_name,1430
company_name,1431
company_name,1432
company_name,1433
company_name,1434
company_name,1435
company_name,1436
company_name,1437
company_name,1438
company_name,1439
company_name,1440
company_name,1441
company_name,1442
company_name,1443
company_name,1444
company_name,1445
company_name,1446
company_name,1447
company_name,1448
company_name,1449
company_name,1450
company_name,1451
company_name,1452
company_name,1453
company_name,1454
company_name,1455
company_name,1456
company_name,1457
company_name,1458
company_name,1459
company_name,1460
company_name,1461
company_name,1462
company_name,1463
company_name,1464
company_name,1465
company_name,1466
company_name,1467
company_name,1468
company_name,1469
company_name,1470
company_name,1471
company_name,1472
company_name,1473
company_name,1474
company_name,1475
company_name,1476
company_name,1477
company_name,1478
company_name,1479
company_name,1480
company_name,1481
company_name,1482
company_name,1483
company_name,1484
company_name,1485
company_name,1486
company_name,1487
company_name,1488
company_name,1489
company_name,1490
company_name,1491
company_name,1492
company_name,1493
company_name,1494
company_name,1495
company_name,1496
company_name,1497
company_name,1498
company_name,1499
company_name,1500
company_name,1501
company_name,1502
company_name,1503
company_name,1504
company_name,1505
company_name,1506
company_name,1507
company_name,1508
company_name,1509
company_name,1510
company_name,1511
company_name,1512
company_name,1513
company_name,1514
company_name,1515
company_name,1516
company_name,1517
company_name,1518
company_name,1519
company_name,1520
company_name,1521
company_name,1522
company_name,1523
company_name,1524
company_name,1525
company_name,1526
company_name,1527
company_name,1528
company_name,1529
company_name,1530
company_name,1531
company_name,1532
company_name,1533
company_name,1534
company_name,1535
company_name,1536
company_name,1537
company_name,1538
company_name,1539
company_name,1540
company_name,1541
company_name,1542
company_name,1543
company_name,1544
company_name,1545
company_name,1546
company_name,1547
company_name,1548
company_name,1549
company_name,1550
company_name,1551
company_name,1552
company_name,1553
company_name,1554
company_name,1555
company_name,1556
company_name,1557
company_name,1558
company_name,1559
company_name,1560
company_name,1561
company_name,1562
company_name,1563
company_name,1564
company_name,1565
company_name,1566
company_name,1567
company_name,1568
company_name,1569
company_name,1570
company_name,1571
company_name,1572
company_name,1573
company_name,1574
company_name,1575
company_name,1576
company_name,1577
company_name,1578
company_name,1579
company_name,1580
company_name,1581
company_name,1582
company_name,1583
company_name,1584
company_name,1585
company_name,1586
company_name,1587
company_name,1588
company_name,1589
company_name,1590
company_name,1591
company_name,1592
company_name,1593
company_name,1594
company_name,1595
company_name,1596
company_name,1597
company_name,1598
company_name,1599
company_name,1600
company_name,1601
company_name,1602
company_name,1603
company_name,1604
company_name,1605
company_name,1606
company_name,1607
company_name,1608
company_name,1609
company_name,1610
company_name,1611
company_name,1612
company_name,1613
company_name,1614
company_name,1615
company_name,1616
company_name,1617
company_name,1618
company_name,1619
company_name,1620
company_name,1621
company_name,1622
company_name,1623
company_name,1624
company_name,1625
company_name,1626
company_name,1627
company_name,1628
company_name,1629
company_name,1630
company_name,1631
company_name,1632
company_name,1633
company_name,1634
company_name,1635
company_name,1636
company_name,1637
company_name,1638
company_name,1639
company_name,1640
company_name,1641
company_name,1642
company_name,1643
company_name,1644
company_name,1645
company_name,1646
company_name,1647
company_name,1648
company_name,1649
company_name,1650
company_name,1651
company_name,1652
company_name,1653
company_name,1654
company_name,1655
company_name,1656
company_name,1657
company_name,1658
company_name,1659
company_name,1660
company_name,1661
company_name,1662
company_name,1663
company_name,1664
company_name,1665
company_name,1666
company_name,1667
company_name,1668
company_name,1669
company_name,1670
company_name,1671
company_name,1672
company_name,1673
company_name,1674
company_name,1675
company_name,1676
company_name,1677
company_name,1678
company_name,1679
company_name,1680
company_name,1681
company_name,1682
company_name,1683
company_name,1684
company_name,1685
company_name,1686
company_name,1687
company_name,1688
company_name,1689
company_name,1690
company_name,1691
company_name,1692
company_name,1693
company_name,1694
company_name,1695
company_name,1696
company_name,1697
company_name,1698
company_name,1699
company_name,1700
company_name,1701
company_name,1702
company_name,1703
company_name,1704
company_name,1705
company_name,1706
company_name,1707
company_name,1708
company_name,1709
company_name,1710
company_name,1711
company_name,1712
company_name,1713
company_name,1714
company_name,1715
company_name,1716
company_name,1717
company_name,1718
company_name,1719
company_name,1720
company_name,1721
company_name,1722
company_name,1723
company_name,1724
company_name,1725
company_name,1726
company_name,1727
company_name,1728
company_name,1729
company_name,1730
company_name,1731
company_name,1732
company_name,1733
company_name,1734
company_name,1735
company_name,1736
company_name,1737
company_name,1738
company_name,1739
company_name,1740
company_name,1741
company_name,1742
company_name,1743
company_name,1744
company_name,1745
company_name,1746
company_name,1747
company_name,1748
company_name,1749
company_name,1750
company_name,1751
company_name,1752
company_name,1753
company_name,1754
company_name,1755
company_name,1756
company_name,1757
company_name,1758
company_name,1759
company_name,1760
company_name,1761
company_name,1762
company_name,1763
company_name,1764
company_name,1765
company_name,1766
company_name,1767
company_name,1768
company_name,1769
company_name,1770
company_name,1771
company_name,1772
company_name,1773
company_name,1774
company_name,1775
company_name,1776
company_name,1777
company_name,1778
company_name,1779
company_name,1780
company_name,1781
company_name,1782
company_name,1783
company_name,1784
company_name,1785
company_name,1786
company_name,1787
company_name,1788
company_name,1789
company_name,1790
company_name,1791
company_name,1792
company_name,1793
company_name,1794
company_name,1795
company_name,1796
company_name,1797
company_name,1798
company_name,1799
company_name,1800
company_name,1801
company_name,1802
company_name,1803
company_name,1804
company_name,1805
company_name,1806
company_name,1807
company_name,1808
company_name,1809
company_name,1810
company_name,1811
company_name,1812
company_name,1813
company_name,1814
company_name,1815
company_name,1816
company_name,1817
company_name,1818
company_name,1819
company_name,1820
company_name,1821
company_name,1822
company_name,1823
company_name,1824
company_name,1825
company_name,1826
company_name,1827
company_name,1828
company_name,1829
company_name,1830
company_name,1831
company_name,1832
company_name,1833
company_name,1834
company_name,1835
company_name,1836
company_name,1837
company_name,1838
company_name,1839
company_name,1840
company_name,1841
company_name,1842
company_name,1843
company_name,1844
company_name,1845
company_name,1846
company_name,1847
company_name,1848
company_name,1849
company_name,1850
company_name,1851
company_name,1852
company_name,1853
company_name,1854
company_name,1855
company_name,1856
company_name,1857
company_name,1858
company_name,1859
company_name,1860
company_name,1861
company_name,1862
company_name,1863
company_name,1864
company_name,1865
company_name,1866
company_name,1867
company_name,1868
company_name,1869
company_name,1870
company_name,1871
company_name,1872
company_name,1873
company_name,1874
company_name,1875
company_name,1876
company_name,1877
company_name,1878
company_name,1879
company_name,1880
company_name,1881
company_name,1882
company_name,1883
company_name,1884
company_name,1885
company_name,1886
company_name,1887
company_name,1888
company_name,1889
company_name,1890
company_name,1891
company_name,1892
company_name,1893
company_name,1894
company_name,1895
company_name,1896
company_name,1897
company_name,1898
company_name,1899
company_name,1900
company_name,1901
company_name,1902
company_name,1903
company_name,1904
company_name,1905
company_name,1906
company_name,1907
company_name,1908
company_name,1909
company_name,1910
company_name,1911
company_name,1912
company_name,1913
company_name,1914
company_name,1915
company_name,1916
company_name,1917
company_name,1918
company_name,1919
company_name,1920
company_name,1921
company_name,1922
company_name,1923
company_name,1924
company_name,1925
company_name,1926
company_name,1927
company_name,1928
company_name,1929
company_name,1930
company_name,1931
company_name,1932
company_name,1933
company_name,1934
company_name,1935
company_name,1936
company_name,1937
company_name,1938
company_name,1939
company_name,1940
company_name,1941
company_name,1942
company_name,1943
company_name,1944
company_name,1945
company_name,1946
company_name,1947
company_name,1948
company_name,1949
company_name,1950
company_name,1951
company_name,1952
company_name,1953
company_name,1954
company_name,1955
company_name,1956
company_name,1957
company_name,1958
company_name,1959
company_name,1960
company_name,1961
company_name,1962
company_name,1963
company_name,1964
company_name,1965
company_name,1966
company_name,1967
company_name,1968
company_name,1969
company_name,1970
company_name,1971
company_name,1972
company_name,1973
company_name,1974
company_name,1975
company_name,1976
company_name,1977
company_name,1978
company_name,1979
company_name,1980
company_name,1981
company_name,1982
company_name,1983
company_name,1984
company_name,1985
company_name,1986
company_name,1987
company_name,1988
company_name,1989
company_name,1990
company_name,1991
company_name,1992
company_name,1993
company_name,1994
company_name,1995
company_name,1996
company_name,1997
company_name,1998
company_name,1999
company_name,2000
company_name,2001
company_name,2002
company_name,2003
company_name,2004
company_name,2005
company_name,2006
company_name,2007
company_name,2008
company_name,2009
company_name,2010
company_name,2011
company_name,2012
company_name,2013
company_name,2014
company_name,2015
company_name,2016
company_name,2017
company_name,2018
company_name,2019
company_name,2020
company_name,2021
company_name,2022
company_name,2023
company_name,2024
company_name,2025
company_name,2026
company_name,2027
company_name,2028
company_name,2029
company_name,2030
company_name,2031
company_name,2032
company_name,2033
company_name,2034
company_name,2035
company_name,2036
company_name,2037
company_name,2038
company_name,2039
company_name,2040
company_name,2041
company_name,2042
company_name,2043
company_name,2044
company_name,2045
company_name,2046
company_name,2047
company_name,2048
company_name,2049
company_name,2050
company_name,2051
company_name,2052
company_name,2053
company_name,2054
company_name,2055
company_name,2056
company_name,2057
company_name,2058
company_name,2059
company_name,2060
company_name,2061
company_name,2062
company_name,2063
company_name,2064
company_name,2065
company_name,2066
company_name,2067
company_name,2068
company_name,2069
company_name,2070
company_name,2071
company_name,2072
company_name,2073
company_name,2074
company_name,2075
company_name,2076
company_name,2077
company_name,2078
company_name,2079
company_name,2080
company_name,2081
company_name,2082
company_name,2083
company_name,2084
company_name,2085
company_name,2086
company_name,2087
company_name,2088
company_name,2089
company_name,2090
company_name,2091
company_name,2092
company_name,2093
company_name,2094
company_name,2095
company_name,2096
company_name,2097
company_name,2098
company_name,2099
company_name,2100
company_name,2101
company_name,2102
company_name,2103
company_name,2104
company_name,2105
company_name,2106
company_name,2107
company_name,2108
company_name,2109
company_name,2110
company_name,2111
company_name,2112
company_name,2113
company_name,2114
company_name,2115
company_name,2116
company_name,2117
company_name,2118
company_name,2119
company_name,2120
company_name,2121
company_name,2122
company_name,2123
company_name,2124
company_name,2125
company_name,2126
company_name,2127
company_name,2128
company_name,2129
company_name,2130
company_name,2131
company_name,2132
company_name,2133
company_name,2134
company_name,2135
company_name,2136
company_name,2137
company_name,2138
company_name,2139
company_name,2140
company_name,2141
company_name,2142
company_name,2143
company_name,2144
company_name,2145
company_name,2146
company_name,2147
company_name,2148
company_name,2149
company_name,2150
company_name,2151
company_name,2152
company_name,2153
company_name,2154
company_name,2155
company_name,2156
company_name,2157
company_name,2158
company_name,2159
company_name,2160
company_name,2161
company_name,2162
company_name,2163
company_name,2164
company_name,2165
company_name,2166
company_name,2167
company_name,2168
company_name,2169
company_name,2170
company_name,2171
company_name,2172
company_name,2173
company_name,2174
company_name,2175
company_name,2176
company_name,2177
company_name,2178
company_name,2179
company_name,2180
company_name,2181
company_name,2182
company_name,2183
company_name,2184
company_name,2185
company_name,2186
company_name,2187
company_name,2188
company_name,2189
company_name,2190
company_name,2191
company_name,2192
company_name,2193
company_name,2194
company_name,2195
company_name,2196
company_name,2197
company_name,2198
company_name,2199
company_name,2200
company_name,2201
company_name,2202
company_name,2203
company_name,2204
company_name,2205
company_name,2206
company_name,2207
company_name,2208
company_name,2209
company_name,2210
company_name,2211
company_name,2212
company_name,2213
company_name,2214
company_name,2215
company_name,2216
company_name,2217
company_name,2218
company_name,2219
company_name,2220
company_name,2221
company_name,2222
company_name,2223
company_name,2224
company_name,2225
company_name,2226
company_name,2227
company_name,2228
company_name,2229
company_name,2230
company_name,2231
company_name,2232
company_name,2233
company_name,2234
company_name,2235
company_name,2236
company_name,2237
company_name,2238
company_name,2239
company_name,2240
company_name,2241
company_name,2242
company_name,2243
company_name,2244
company_name,2245
company_name,2246
company_name,2247
company_name,2248
company_name,2249
company_name,2250
company_name,2251
company_name,2252
company_name,2253
company_name,2254
company_name,2255
company_name,2256
company_name,2257
company_name,2258
company_name,2259
company_name,2260
company_name,2261
company_name,2262
company_name,2263
company_name,2264
company_name,2265
company_name,2266
company_name,2267
company_name,2268
company_name,2269
company_name,2270
company_name,2271
company_name,2272
company_name,2273
company_name,2274
company_name,2275
company_name,2276
company_name,2277
company_name,2278
company_name,2279
company_name,2280
company_name,2281
company_name,2282
company_name,2283
company_name,2284
company_name,2285
company_name,2286
company_name,2287
company_name,2288
company_name,2289
company_name,2290
company_name,2291
company_name,2292
company_name,2293
company_name,2294
company_name,2295
company_name,2296
company_name,2297
company_name,2298
company_name,2299
company_name,2300
company_name,2301
company_name,2302
company_name,2303
company_name,2304
company_name,2305
company_name,2306
company_name,2307
company_name,2308
company_name,2309
company_name,2310
company_name,2311
company_name,2312
company_name,2313
company_name,2314
company_name,2315
company_name,2316
company_name,2317
company_name,2318
company_name,2319
company_name,2320
company_name,2321
company_name,2322
company_name,2323
company_name,2324
company_name,2325
company_name,2326
company_name,2327
company_name,2328
company_name,2329
company_name,2330
company_name,2331
company_name,2332
company_name,2333
company_name,2334
company_name,2335
company_name,2336
company_name,2337
company_name,2338
company_name,2339
company_name,2340
company_name,2341
company_name,2342
company_name,2343
company_name,2344
company_name,2345
company_name,2346
company_name,2347
company_name,2348
company_name,2349
company_name,2350
company_name,2351
company_name,2352
company_name,2353
company_name,2354
company_name,2355
company_name,2356
company_name,2357
company_name,2358
company_name,2359
company_name,2360
company_name,2361
company_name,2362
company_name,2363
company_name,2364
company_name,2365
company_name,2366
company_name,2367
company_name,2368
company_name,2369
company_name,2370
company_name,2371
company_name,2372
company_name,2373
company_name,2374
company_name,2375
company_name,2376
company_name,2377
company_name,2378
company_name,2379
company_name,2380
company_name,2381
company_name,2382
company_name,2383
company_name,2384
company_name,2385
company_name,2386
company_name,2387
company_name,2388
company_name,2389
company_name,2390
company_name,2391
company_name,2392
company_name,2393
company_name,2394
company_name,2395
company_name,2396
company_name,2397
company_name,2398
company_name,2399
company_name,2400
company_name,2401
company_name,2402
company_name,2403
company_name,2404
company_name,2405
company_name,2406
company_name,2407
company_name,2408
company_name,2409
company_name,2410
company_name,2411
company_name,2412
company_name,2413
company_name,2414
company_name,2415
company_name,2416
company_name,2417
company_name,2418
company_name,2419
company_name,2420
company_name,2421
company_name,2422
company_name,2423
company_name,2424
company_name,2425
company_name,2426
company_name,2427
company_name,2428
company_name,2429
company_name,2430
company_name,2431
company_name,2432
company_name,2433
company_name,2434
company_name,2435
company_name,2436
company_name,2437
company_name,2438
company_name,2439
company_name,2440
company_name,2441
company_name,2442
company_name,2443
company_name,2444
company_name,2445
company_name,2446
company_name,2447
company_name,2448
company_name,2449
company_name,2450
company_name,2451
company_name,2452
company_name,2453
company_name,2454
company_name,2455
company_name,2456
company_name,2457
company_name,2458
company_name,2459
company_name,2460
company_name,2461
company_name,2462
company_name,2463
company_name,2464
company_name,2465
company_name,2466
company_name,2467
company_name,2468
company_name,2469
company_name,2470
company_name,2471
company_name,2472
company_name,2473
company_name,2474
company_name,2475
company_name,2476
company_name,2477
company_name,2478
company_name,2479
company_name,2480
company_name,2481
company_name,2482
company_name,2483
company_name,2484
company_name,2485
company_name,2486
company_name,2487
company_name,2488
company_name,2489
company_name,2490
company_name,2491
company_name,2492
company_name,2493
company_name,2494
company_name,2495
company_name,2496
company_name,2497
company_name,2498
company_name,2499
company_name,2500
company_name,2501
company_name,2502
company_name,2503
company_name,2504
company_name,2505
company_name,2506
company_name,2507
company_name,2508
company_name,2509
company_name,2510
company_name,2511
company_name,2512
company_name,2513
company_name,2514
company_name,2515
company_name,2516
company_name,2517
company_name,2518
company_name,2519
company_name,2520
company_name,2521
company_name,2522
company_name,2523
company_name,2524
company_name,2525
company_name,2526
company_name,2527
company_name,2528
company_name,2529
company_name,2530
company_name,2531
company_name,2532
company_name,2533
company_name,2534
company_name,2535
company_name,2536
company_name,2537
company_name,2538
company_name,2539
company_name,2540
company_name,2541
company_name,2542
company_name,2543
company_name,2544
company_name,2545
company_name,2546
company_name,2547
company_name,2548
company_name,2549
company_name,2550
company_name,2551
company_name,2552
company_name,2553
company_name,2554
company_name,2555
company_name,2556
company_name,2557
company_name,2558
company_name,2559
company_name,2560
company_name,2561
company_name,2562
company_name,2563
company_name,2564
company_name,2565
company_name,2566
company_name,2567
company_name,2568
company_name,2569
company_name,2570
company_name,2571
company_name,2572
company_name,2573
company_name,2574
company_name,2575
company_name,2576
company_name,2577
company_name,2578
company_name,2579
company_name,2580
company_name,2581
company_name,2582
company_name,2583
company_name,2584
company_name,2585
company_name,2586
company_name,2587
company_name,2588
company_name,2589
company_name,2590
company_name,2591
company_name,2592
company_name,2593
company_name,2594
company_name,2595
company_name,2596
company_name,2597
company_name,2598
company_name,2599
company_name,2600
company_name,2601
company_name,2602
company_name,2603
company_name,2604
company_name,2605
company_name,2606
company_name,2607
company_name,2608
company_name,2609
company_name,2610
company_name,2611
company_name,2612
company_name,2613
company_name,2614
company_name,2615
company_name,2616
company_name,2617
company_name,2618
company_name,2619
company_name,2620
company_name,2621
company_name,2622
company_name,2623
company_name,2624
company_name,2625
company_name,2626
company_name,2627
company_name,2628
company_name,2629
company_name,2630
company_name,2631
company_name,2632
company_name,2633
company_name,2634
company_name,2635
company_name,2636
company_name,2637
company_name,2638
company_name,2639
company_name,2640
company_name,2641
company_name,2642
company_name,2643
company_name,2644
company_name,2645
company_name,2646
company_name,2647
company_name,2648
company_name,2649
company_name,2650
company_name,2651
company_name,2652
company_name,2653
company_name,2654
company_name,2655
company_name,2656
company_name,2657
company_name,2658
company_name,2659
company_name,2660
company_name,2661
company_name,2662
company_name,2663
company_name,2664
company_name,2665
company_name,2666
company_name,2667
company_name,2668
company_name,2669
company_name,2670
company_name,2671
company_name,2672
company_name,2673
company_name,2674
company_name,2675
company_name,2676
company_name,2677
company_name,2678
company_name,2679
company_name,2680
company_name,2681
company_name,2682
company_name,2683
company_name,2684
company_name,2685
company_name,2686
company_name,2687
company_name,2688
company_name,2689
company_name,2690
company_name,2691
company_name,2692
company_name,2693
company_name,2694
company_name,2695
company_name,2696
company_name,2697
company_name,2698
company_name,2699
company_name,2700
company_name,2701
company_name,2702
company_name,2703
company_name,2704
company_name,2705
company_name,2706
company_name,2707
company_name,2708
company_name,2709
company_name,2710
company_name,2711
company_name,2712
company_name,2713
company_name,2714
company_name,2715
company_name,2716
company_name,2717
company_name,2718
company_name,2719
company_name,2720
company_name,2721
company_name,2722
company_name,2723
company_name,2724
company_name,2725
company_name,2726
company_name,2727
company_name,2728
company_name,2729
company_name,2730
company_name,2731
company_name,2732
company_name,2733
company_name,2734
company_name,2735
company_name,2736
company_name,2737
company_name,2738
company_name,2739
company_name,2740
company_name,2741
company_name,2742
company_name,2743
company_name,2744
company_name,2745
company_name,2746
company_name,2747
company_name,2748
company_name,2749
company_name,2750
company_name,2751
company_name,2752
company_name,2753
company_name,2754
company_name,2755
company_name,2756
company_name,2757
company_name,2758
company_name,2759
company_name,2760
company_name,2761
company_name,2762
company_name,2763
company_name,2764
company_name,2765
company_name,2766
company_name,2767
company_name,2768
company_name,2769
company_name,2770
company_name,2771
company_name,2772
company_name,2773
company_name,2774
company_name,2775
company_name,2776
company_name,2777
company_name,2778
company_name,2779
company_name,2780
company_name,2781
company_name,2782
company_name,2783
company_name,2784
company_name,2785
company_name,2786
company_name,2787
company_name,2788
company_name,2789
company_name,2790
company_name,2791
company_name,2792
company_name,2793
company_name,2794
company_name,2795
company_name,2796
company_name,2797
company_name,2798
company_name,2799
company_name,2800
company_name,2801
company_name,2802
company_name,2803
company_name,2804
company_name,2805
company_name,2806
company_name,2807
company_name,2808
company_name,2809
company_name,2810
company_name,2811
company_name,2812
company_name,2813
company_name,2814
company_name,2815
company_name,2816
company_name,2817
company_name,2818
company_name,2819
company_name,2820
company_name,2821
company_name,2822
company_name,2823
company_name,2824
company_name,2825
company_name,2826
company_name,2827
company_name,2828
company_name,2829
company_name,2830
company_name,2831
company_name,2832
company_name,2833
company_name,2834
company_name,2835
company_name,2836
company_name,2837
company_name,2838
company_name,2839
company_name,2840
company_name,2841
company_name,2842
company_name,2843
company_name,2844
company_name,2845
company_name,2846
company_name,2847
company_name,2848
company_name,2849
company_name,2850
company_name,2851
company_name,2852
company_name,2853
company_name,2854
company_name,2855
company_name,2856
company_name,2857
company_name,2858
company_name,2859
company_name,2860
company_name,2861
company_name,2862
company_name,2863
company_name,2864
company_name,2865
company_name,2866
company_name,2867
company_name,2868
company_name,2869
company_name,2870
company_name,2871
company_name,2872
company_name,2873
company_name,2874
company_name,2875
company_name,2876
company_name,2877
company_name,2878
company_name,2879
company_name,2880
company_name,2881
company_name,2882
company_name,2883
company_name,2884
company_name,2885
company_name,2886
company_name,2887
company_name,2888
company_name,2889
company_name,2890
company_name,2891
company_name,2892
company_name,2893
company_name,2894
company_name,2895
company_name,2896
company_name,2897
company_name,2898
company_name,2899
company_name,2900
company_name,2901
company_name,2902
company_name,2903
company_name,2904
company_name,2905
company_name,2906
company_name,2907
company_name,2908
company_name,2909
company_name,2910
company_name,2911
company_name,2912
company_name,2913
company_name,2914
company_name,2915
company_name,2916
company_name,2917
company_name,2918
company_name,2919
company_name,2920
company_name,2921
company_name,2922
company_name,2923
company_name,2924
company_name,2925
company_name,2926
company_name,2927
company_name,2928
company_name,2929
company_name,2930
company_name,2931
company_name,2932
company_name,2933
company_name,2934
company_name,2935
company_name,2936
company_name,2937
company_name,2938
company_name,2939
company_name,2940
company_name,2941
company_name,2942
company_name,2943
company_name,2944
company_name,2945
company_name,2946
company_name,2947
company_name,2948
company_name,2949
company_name,2950
company_name,2951
company_name,2952
company_name,2953
company_name,2954
company_name,2955
company_name,2956
company_name,2957
company_name,2958
company_name,2959
company_name,2960
company_name,2961
company_name,2962
company_name,2963
company_name,2964
company_name,2965
company_name,2966
company_name,2967
company_name,2968
company_name,2969
company_name,2970
company_name,2971
company_name,2972
company_name,2973
company_name,2974
company_name,2975
company_name,2976
company_name,2977
company_name,2978
company_name,2979
company_name,2980
company_name,2981
company_name,2982
company_name,2983
company_name,2984
company_name,2985
company_name,2986
company_name,2987
company_name,2988
company_name,2989
company_name,2990
company_name,2991
company_name,2992
company_name,2993
company_name,2994
company_type,0
movie_companies,0
movie_companies,11
movie_companies,16
movie_companies,38
movie_companies,58
movie_companies,73
movie_companies,86
movie_companies,96
movie_companies,97
movie_companies,99
movie_companies,100
movie_companies,104
movie_companies,119
movie_companies,150
movie_companies,152
movie_companies,182
movie_companies,188
movie_companies,201
movie_companies,209
movie_companies,254
movie_companies,256
movie_companies,264
movie_companies,281
movie_companies,282
movie_companies,283
movie_companies,287
movie_companies,294
movie_companies,308
movie_companies,329
movie_companies,331
movie_companies,338
movie_companies,346
movie_companies,347
movie_companies,348
movie_companies,355
movie_companies,357
movie_companies,358
movie_companies,359
movie_companies,382
movie_companies,412
movie_companies,459
movie_companies,471
movie_companies,476
movie_companies,510
movie_companies,515
movie_companies,519
movie_companies,520
movie_companies,527
movie_companies,529
movie_companies,532
movie_companies,642
movie_companies,685
movie_companies,724
movie_companies,727
movie_companies,729
movie_companies,741
movie_companies,755
movie_companies,756
movie_companies,789
movie_companies,792
movie_companies,803
movie_companies,804
movie_companies,823
movie_companies,826
movie_companies,840
movie_companies,848
movie_companies,880
movie_companies,883
movie_companies,898
movie_companies,907
movie_companies,929
movie_companies,930
movie_companies,959
movie_companies,963
movie_companies,987
movie_companies,990
movie_companies,1040
movie_companies,1046
movie_companies,1047
movie_companies,1048
movie_companies,1078
movie_companies,1088
movie_companies,1091
movie_companies,1100
movie_companies,1105
movie_companies,1106
movie_companies,1114
movie_companies,1123
movie_companies,1132
movie_companies,1134
movie_companies,1221
movie_companies,1236
movie_companies,1251
movie_companies,1259
movie_companies,1321
movie_companies,1333
movie_companies,1334
movie_companies,1353
movie_companies,1358
movie_companies,1359
movie_companies,1367
movie_companies,1368
movie_companies,1376
movie_companies,1409
movie_companies,1412
movie_companies,1413
movie_companies,1427
movie_companies,1428
movie_companies,1438
movie_companies,1441
movie_companies,1442
movie_companies,1443
movie_companies,1446
movie_companies,1461
movie_companies,1467
movie_companies,1468
movie_companies,1475
movie_companies,1484
movie_companies,1487
movie_companies,1494
movie_companies,1513
movie_companies,1514
movie_companies,1518
movie_companies,1570
movie_companies,1572
movie_companies,1573
movie_companies,1578
movie_companies,1582
movie_companies,1585
movie_companies,1586
movie_companies,1588
movie_companies,1599
movie_companies,1601
movie_companies,1646
movie_companies,1650
movie_companies,1655
movie_companies,1656
movie_companies,1665
movie_companies,1712
movie_companies,1717
movie_companies,1737
movie_companies,1765
movie_companies,1779
movie_companies,1781
movie_companies,1815
movie_companies,1822
movie_companies,1824
movie_companies,1825
movie_companies,1830
movie_companies,1843
movie_companies,1847
movie_companies,1856
movie_companies,1891
movie_companies,1896
movie_companies,1917
movie_companies,1921
movie_companies,1922
movie_companies,1923
movie_companies,1925
movie_companies,1928
movie_companies,1933
movie_companies,1936
movie_companies,1947
movie_companies,1952
movie_companies,1953
movie_companies,1956
movie_companies,1989
movie_companies,1990
movie_companies,1991
movie_companies,1992
movie_companies,1993
movie_companies,1996
movie_companies,2014
movie_companies,2016
movie_companies,2017
movie_companies,2018
movie_companies,2019
movie_companies,2036
movie_companies,2039
movie_companies,2045
movie_companies,2048
movie_companies,2059
movie_companies,2061
movie_companies,2082
movie_companies,2102
movie_companies,2107
movie_companies,2108
movie_companies,2109
movie_companies,2118
movie_companies,2119
movie_companies,2123
movie_companies,2124
movie_companies,2126
movie_companies,2128
movie_companies,2133
movie_companies,2142
movie_companies,2152
movie_companies,2159
movie_companies,2168
movie_companies,2179
movie_companies,2190
movie_companies,2191
movie_companies,2196
movie_companies,2199
movie_companies,2207
movie_companies,2217
movie_companies,2239
movie_companies,2245
movie_companies,2247
movie_companies,2264
movie_companies,2274
movie_companies,2290
movie_companies,2308
movie_companies,2317
movie_companies,2327
movie_companies,2337
movie_companies,2338
movie_companies,2339
movie_companies,2340
movie_companies,2341
movie_companies,2342
movie_companies,2354
movie_companies,2357
movie_companies,2359
movie_companies,2366
movie_companies,2370
movie_companies,2371
movie_companies,2372
movie_companies,2377
movie_companies,2390
movie_companies,2391
movie_companies,2397
movie_companies,2399
movie_companies,2409
movie_companies,2419
movie_companies,2423
movie_companies,2452
movie_companies,2464
movie_companies,2489
movie_companies,2492
movie_companies,2495
movie_companies,2514
movie_companies,2515
movie_companies,2547
movie_companies,2550
movie_companies,2555
movie_companies,2591
movie_companies,2593
movie_companies,2599
movie_companies,2602
movie_companies,2608
movie_companies,2609
movie_companies,2610
movie_companies,2651
movie_companies,2659
movie_companies,2744
movie_companies,2766
movie_companies,2767
movie_companies,2794
movie_companies,2795
movie_companies,2837
movie_companies,2942
movie_companies,2944
movie_companies,3044
movie_companies,3113
movie_companies,3121
movie_companies,3218
movie_companies,3254
movie_companies,3261
movie_companies,3298
movie_companies,3303
movie_companies,3312
movie_companies,3313
movie_companies,3318
movie_companies,3327
movie_companies,3331
movie_companies,3333
movie_companies,3337
movie_companies,3340
movie_companies,3341
movie_companies,3354
movie_companies,3356
movie_companies,3358
movie_companies,3359
movie_companies,3362
movie_companies,3363
movie_companies,3370
movie_companies,3372
movie_companies,3373
movie_companies,3391
movie_companies,3398
movie_companies,3399
movie_companies,3407
movie_companies,3411
movie_companies,3416
movie_companies,3417
movie_companies,3419
movie_companies,3422
movie_companies,3424
movie_companies,3426
movie_companies,3427
movie_companies,3444
movie_companies,3445
movie_companies,3446
movie_companies,3447
movie_companies,3530
movie_companies,3531
movie_companies,3545
movie_companies,3547
movie_companies,3550
movie_companies,3551
movie_companies,3552
movie_companies,3554
movie_companies,3572
movie_companies,3576
movie_companies,3578
movie_companies,3579
movie_companies,3580
movie_companies,3581
movie_companies,3584
movie_companies,3586
movie_companies,3587
movie_companies,3588
movie_companies,3589
movie_companies,3591
movie_companies,3592
movie_companies,3595
movie_companies,3596
movie_companies,3608
movie_companies,3610
movie_companies,3617
movie_companies,3618
movie_companies,3620
movie_companies,3622
movie_companies,3623
movie_companies,3627
movie_companies,3628
movie_companies,3630
movie_companies,3631
movie_companies,3633
movie_companies,3634
movie_companies,3636
movie_companies,3648
movie_companies,3649
movie_companies,3650
movie_companies,3652
movie_companies,3653
movie_companies,3654
movie_companies,3656
movie_companies,3657
movie_companies,3659
movie_companies,3664
movie_companies,3671
movie_companies,3673
movie_companies,3676
movie_companies,3678
movie_companies,3681
movie_companies,3682
movie_companies,3688
movie_companies,3692
movie_companies,3694
movie_companies,3703
movie_companies,3704
movie_companies,3705
movie_companies,3707
movie_companies,3709
movie_companies,3712
movie_companies,3715
movie_companies,3737
movie_companies,3739
movie_companies,3743
movie_companies,3755
movie_companies,3756
movie_companies,3759
movie_companies,3765
movie_companies,3768
movie_companies,3788
movie_companies,3793
movie_companies,3794
movie_companies,3795
movie_companies,3800
movie_companies,3803
movie_companies,3804
movie_companies,3806
movie_companies,3812
movie_companies,3821
movie_companies,3824
movie_companies,3830
movie_companies,3833
movie_companies,3834
movie_companies,3837
movie_companies,3838
movie_companies,3840
movie_companies,3843
movie_companies,3846
movie_companies,3849
movie_companies,3852
movie_companies,3858
movie_companies,3859
movie_companies,3860
movie_companies,3861
movie_companies,3870
movie_companies,3871
movie_companies,3877
movie_companies,3879
movie_companies,3885
movie_companies,3886
movie_companies,3887
movie_companies,3888
movie_companies,3889
movie_companies,3890
movie_companies,3891
movie_companies,3892
movie_companies,3900
movie_companies,3903
movie_companies,3904
movie_companies,3907
movie_companies,3908
movie_companies,3910
movie_companies,3918
movie_companies,3921
movie_companies,3926
movie_companies,3928
movie_companies,3931
movie_companies,3935
movie_companies,3937
movie_companies,3939
movie_companies,3944
movie_companies,3950
movie_companies,3951
movie_companies,3953
movie_companies,3956
movie_companies,3957
movie_companies,3958
movie_companies,3960
movie_companies,3961
movie_companies,3964
movie_companies,3966
movie_companies,3968
movie_companies,3969
movie_companies,3983
movie_companies,3984
movie_companies,3991
movie_companies,3995
movie_companies,3997
movie_companies,3998
movie_companies,4001
movie_companies,4005
movie_companies,4009
movie_companies,4013
movie_companies,4018
movie_companies,4019
movie_companies,4020
movie_companies,4023
movie_companies,4027
movie_companies,4031
movie_companies,4032
movie_companies,4033
movie_companies,4034
movie_companies,4038
movie_companies,4040
movie_companies,4042
movie_companies,4043
movie_companies,4046
movie_companies,4048
movie_companies,4050
movie_companies,4059
movie_companies,4060
movie_companies,4061
movie_companies,4063
movie_companies,4064
movie_companies,4066
movie_companies,4067
movie_companies,4073
movie_companies,4076
movie_companies,4078
movie_companies,4080
movie_companies,4085
movie_companies,4086
movie_companies,4089
movie_companies,4093
movie_companies,4094
movie_companies,4099
movie_companies,4101
movie_companies,4110
movie_companies,4113
movie_companies,4116
movie_companies,4120
movie_companies,4124
movie_companies,4125
movie_companies,4127
movie_companies,4130
movie_companies,4132
movie_companies,4134
movie_companies,4136
movie_companies,4138
movie_companies,4139
movie_companies,4141
movie_companies,4142
movie_companies,4148
movie_companies,4149
movie_companies,4153
movie_companies,4154
movie_companies,4159
movie_companies,4160
movie_companies,4163
movie_companies,4165
movie_companies,4179
movie_companies,4180
movie_companies,4185
movie_companies,4192
movie_companies,4193
movie_companies,4195
movie_companies,4197
movie_companies,4206
movie_companies,4207
movie_companies,4213
movie_companies,4214
movie_companies,4216
movie_companies,4217
movie_companies,4218
movie_companies,4219
movie_companies,4224
movie_companies,4230
movie_companies,4234
movie_companies,4238
movie_companies,4243
movie_companies,4246
movie_companies,4248
movie_companies,4250
movie_companies,4255
movie_companies,4256
movie_companies,4257
movie_companies,4265
movie_companies,4267
movie_companies,4268
movie_companies,4270
movie_companies,4273
movie_companies,4275
movie_companies,4276
movie_companies,4280
movie_companies,4282
movie_companies,4286
movie_companies,4287
movie_companies,4298
movie_companies,4302
movie_companies,4306
movie_companies,4307
movie_companies,4308
movie_companies,4309
movie_companies,4310
movie_companies,4311
movie_companies,4313
movie_companies,4321
movie_companies,4323
movie_companies,4327
movie_companies,4330
movie_companies,4331
movie_companies,4354
movie_companies,4355
movie_companies,4358
movie_companies,4359
movie_companies,4360
movie_companies,4363
movie_companies,4365
movie_companies,4366
movie_companies,4371
movie_companies,4373
movie_companies,4374
movie_companies,4375
movie_companies,4381
movie_companies,4384
movie_companies,4385
movie_companies,4386
movie_companies,4387
movie_companies,4388
movie_companies,4391
movie_companies,4399
movie_companies,4400
movie_companies,4413
movie_companies,4416
movie_companies,4417
movie_companies,4419
movie_companies,4423
movie_companies,4426
movie_companies,4427
movie_companies,4431
movie_companies,4439
movie_companies,4441
movie_companies,4450
movie_companies,4451
movie_companies,4460
movie_companies,4467
movie_companies,4471
movie_companies,4475
movie_companies,4477
movie_companies,4478
movie_companies,4480
movie_companies,4486
movie_companies,4487
movie_companies,4488
movie_companies,4491
movie_companies,4493
movie_companies,4495
movie_companies,4500
movie_companies,4503
movie_companies,4505
movie_companies,4509
movie_companies,4510
movie_companies,4512
movie_companies,4515
movie_companies,4523
movie_companies,4525
movie_companies,4527
movie_companies,4528
movie_companies,4532
movie_companies,4533
movie_companies,4535
movie_companies,4536
movie_companies,4538
movie_companies,4543
movie_companies,4554
movie_companies,4564
movie_companies,4565
movie_companies,4569
movie_companies,4570
movie_companies,4576
movie_companies,4581
movie_companies,4582
movie_companies,4585
movie_companies,4594
movie_companies,4598
movie_companies,4600
movie_companies,4601
movie_companies,4605
movie_companies,4608
movie_companies,4623
movie_companies,4624
movie_companies,4628
movie_companies,4632
movie_companies,4635
movie_companies,4637
movie_companies,4640
movie_companies,4642
movie_companies,4645
movie_companies,4647
movie_companies,4648
movie_companies,4653
movie_companies,4659
movie_companies,4663
movie_companies,4666
movie_companies,4669
movie_companies,4673
movie_companies,4675
movie_companies,4681
movie_companies,4686
movie_companies,4689
movie_companies,4691
movie_companies,4694
movie_companies,4695
movie_companies,4696
movie_companies,4697
movie_companies,4702
movie_companies,4704
movie_companies,4706
movie_companies,4710
movie_companies,4711
movie_companies,4724
movie_companies,4726
movie_companies,4727
movie_companies,4728
movie_companies,4729
movie_companies,4730
movie_companies,4741
movie_companies,4743
movie_companies,4744
movie_companies,4745
movie_companies,4747
movie_companies,4748
movie_companies,4750
movie_companies,4755
movie_companies,4765
movie_companies,4766
movie_companies,4771
movie_companies,4773
movie_companies,4776
movie_companies,4778
movie_companies,4785
movie_companies,4794
movie_companies,4795
movie_companies,4801
movie_companies,4802
movie_companies,4804
movie_companies,4810
movie_companies,4819
movie_companies,4822
movie_companies,4835
movie_companies,4837
movie_companies,4839
movie_companies,4845
movie_companies,4848
movie_companies,4849
movie_companies,4850
movie_companies,4851
movie_companies,4853
movie_companies,4856
movie_companies,4860
movie_companies,4861
movie_companies,4866
movie_companies,4874
movie_companies,4876
movie_companies,4887
movie_companies,4889
movie_companies,4891
movie_companies,4900
movie_companies,4907
movie_companies,4910
movie_companies,4911
movie_companies,4913
movie_companies,4916
movie_companies,4921
movie_companies,4923
movie_companies,4925
movie_companies,4929
movie_companies,4939
movie_companies,4940
movie_companies,4942
movie_companies,4945
movie_companies,4948
movie_companies,4963
movie_companies,4966
movie_companies,4967
movie_companies,4968
movie_companies,4969
movie_companies,4982
movie_companies,4987
movie_companies,4990
movie_companies,4991
movie_companies,5002
movie_companies,5007
movie_companies,5020
movie_companies,5023
movie_companies,5024
movie_companies,5031
movie_companies,5033
movie_companies,5036
movie_companies,5037
movie_companies,5044
movie_companies,5045
movie_companies,5046
movie_companies,5047
movie_companies,5049
movie_companies,5050
movie_companies,5053
movie_companies,5058
movie_companies,5062
movie_companies,5067
movie_companies,5068
movie_companies,5073
movie_companies,5080
movie_companies,5084
movie_companies,5087
movie_companies,5088
movie_companies,5089
movie_companies,5090
movie_companies,5092
movie_companies,5094
movie_companies,5095
movie_companies,5096
movie_companies,5097
movie_companies,5102
movie_companies,5103
movie_companies,5104
movie_companies,5126
movie_companies,5130
movie_companies,5142
movie_companies,5144
movie_companies,5145
movie_companies,5148
movie_companies,5157
movie_companies,5160
movie_companies,5162
movie_companies,5168
movie_companies,5169
movie_companies,5173
movie_companies,5174
movie_companies,5175
movie_companies,5178
movie_companies,5185
movie_companies,5192
movie_companies,5205
movie_companies,5213
movie_companies,5224
movie_companies,5227
movie_companies,5228
movie_companies,5230
movie_companies,5231
movie_companies,5235
movie_companies,5236
movie_companies,5237
movie_companies,5241
movie_companies,5242
movie_companies,5249
movie_companies,5256
movie_companies,5259
movie_companies,5260
movie_companies,5264
movie_companies,5265
movie_companies,5266
movie_companies,5269
movie_companies,5271
movie_companies,5273
movie_companies,5274
movie_companies,5276
movie_companies,5278
movie_companies,5279
movie_companies,5282
movie_companies,5284
movie_companies,5286
movie_companies,5290
movie_companies,5293
movie_companies,5295
movie_companies,5298
movie_companies,5299
movie_companies,5308
movie_companies,5310
movie_companies,5314
movie_companies,5317
movie_companies,5321
movie_companies,5324
movie_companies,5327
movie_companies,5328
movie_companies,5329
movie_companies,5331
movie_companies,5335
movie_companies,5336
movie_companies,5337
movie_companies,5338
movie_companies,5340
movie_companies,5342
movie_companies,5343
movie_companies,5344
movie_companies,5349
movie_companies,5351
movie_companies,5356
movie_companies,5358
movie_companies,5360
movie_companies,5361
movie_companies,5363
movie_companies,5365
movie_companies,5366
movie_companies,5367
movie_companies,5368
movie_companies,5369
movie_companies,5370
movie_companies,5371
movie_companies,5373
movie_companies,5377
movie_companies,5379
movie_companies,5388
movie_companies,5393
movie_companies,5403
movie_companies,5404
movie_companies,5420
movie_companies,5421
movie_companies,5428
movie_companies,5429
movie_companies,5438
movie_companies,5442
movie_companies,5446
movie_companies,5447
movie_companies,5454
movie_companies,5455
movie_companies,5456
movie_companies,5457
movie_companies,5460
movie_companies,5461
movie_companies,5462
movie_companies,5465
movie_companies,5467
movie_companies,5468
movie_companies,5469
movie_companies,5473
movie_companies,5479
movie_companies,5483
movie_companies,5494
movie_companies,5497
movie_companies,5500
movie_companies,5501
movie_companies,5502
movie_companies,5505
movie_companies,5514
movie_companies,5525
movie_companies,5526
movie_companies,5527
movie_companies,5532
movie_companies,5534
movie_companies,5536
movie_companies,5539
movie_companies,5546
movie_companies,5548
movie_companies,5549
movie_companies,5554
movie_companies,5555
movie_companies,5557
movie_companies,5561
movie_companies,5568
movie_companies,5571
movie_companies,5572
movie_companies,5573
movie_companies,5575
movie_companies,5577
movie_companies,5578
movie_companies,5580
movie_companies,5582
movie_companies,5584
movie_companies,5588
movie_companies,5595
movie_companies,5596
movie_companies,5600
movie_companies,5602
movie_companies,5603
movie_companies,5607
movie_companies,5611
movie_companies,5612
movie_companies,5613
movie_companies,5619
movie_companies,5620
movie_companies,5621
movie_companies,5624
movie_companies,5625
movie_companies,5629
movie_companies,5638
movie_companies,5639
movie_companies,5644
movie_companies,5645
movie_companies,5646
movie_companies,5648
movie_companies,5652
movie_companies,5655
movie_companies,5656
movie_companies,5657
movie_companies,5658
movie_companies,5659
movie_companies,5661
movie_companies,5663
movie_companies,5665
movie_companies,5670
movie_companies,5677
movie_companies,5683
movie_companies,5686
movie_companies,5694
movie_companies,5695
movie_companies,5698
movie_companies,5701
movie_companies,5706
movie_companies,5709
movie_companies,5713
movie_companies,5714
movie_companies,5725
movie_companies,5731
movie_companies,5734
movie_companies,5736
movie_companies,5738
movie_companies,5739
movie_companies,5746
movie_companies,5747
movie_companies,5755
movie_companies,5756
movie_companies,5769
movie_companies,5774
movie_companies,5775
movie_companies,5783
movie_companies,5784
movie_companies,5786
movie_companies,5787
movie_companies,5788
movie_companies,5792
movie_companies,5793
movie_companies,5794
movie_companies,5798
movie_companies,5799
movie_companies,5803
movie_companies,5806
movie_companies,5808
movie_companies,5818
movie_companies,5821
movie_companies,5828
movie_companies,5830
movie_companies,5834
movie_companies,5835
movie_companies,5842
movie_companies,5843
movie_companies,5844
movie_companies,5845
movie_companies,5846
movie_companies,5851
movie_companies,5860
movie_companies,5862
movie_companies,5867
movie_companies,5868
movie_companies,5870
movie_companies,5872
movie_companies,5875
movie_companies,5876
movie_companies,5881
movie_companies,5884
movie_companies,5888
movie_companies,5891
movie_companies,5892
movie_companies,5894
movie_companies,5896
movie_companies,5903
movie_companies,5911
movie_companies,5913
movie_companies,5915
movie_companies,5916
movie_companies,5917
movie_companies,5924
movie_companies,5926
movie_companies,5927
movie_companies,5928
movie_companies,5929
movie_companies,5931
movie_companies,5937
movie_companies,5940
movie_companies,5941
movie_companies,5942
movie_companies,5948
movie_companies,5951
movie_companies,5952
movie_companies,5954
movie_companies,5955
movie_companies,5956
movie_companies,5958
movie_companies,5960
movie_companies,5964
movie_companies,5965
movie_companies,5967
movie_companies,5968
movie_companies,5969
movie_companies,5972
movie_companies,5974
movie_companies,5980
movie_companies,5981
movie_companies,5985
movie_companies,5992
movie_companies,5994
movie_companies,5996
movie_companies,5997
movie_companies,5998
movie_companies,5999
movie_companies,6001
movie_companies,6002
movie_companies,6003
movie_companies,6007
movie_companies,6013
movie_companies,6018
movie_companies,6023
movie_companies,6024
movie_companies,6025
movie_companies,6035
movie_companies,6037
movie_companies,6038
movie_companies,6040
movie_companies,6043
movie_companies,6044
movie_companies,6047
movie_companies,6048
movie_companies,6054
movie_companies,6055
movie_companies,6060
movie_companies,6061
movie_companies,6062
movie_companies,6064
movie_companies,6065
movie_companies,6068
movie_companies,6071
movie_companies,6082
movie_companies,6084
movie_companies,6085
movie_companies,6086
movie_companies,6088
movie_companies,6092
movie_companies,6101
movie_companies,6105
movie_companies,6111
movie_companies,6115
movie_companies,6116
movie_companies,6134
movie_companies,6135
movie_companies,6136
movie_companies,6137
movie_companies,6138
movie_companies,6144
movie_companies,6154
movie_companies,6157
movie_companies,6159
movie_companies,6160
movie_companies,6164
movie_companies,6166
movie_companies,6167
movie_companies,6173
movie_companies,6175
movie_companies,6179
movie_companies,6182
movie_companies,6208
movie_companies,6220
movie_companies,6226
movie_companies,6230
movie_companies,6238
movie_companies,6240
movie_companies,6241
movie_companies,6244
movie_companies,6247
movie_companies,6257
movie_companies,6260
movie_companies,6262
movie_companies,6264
movie_companies,6275
movie_companies,6277
movie_companies,6281
movie_companies,6286
movie_companies,6292
movie_companies,6293
movie_companies,6295
movie_companies,6299
movie_companies,6301
movie_companies,6303
movie_companies,6305
movie_companies,6307
movie_companies,6324
movie_companies,6325
movie_companies,6326
movie_companies,6327
movie_companies,6329
movie_companies,6330
movie_companies,6331
movie_companies,6334
movie_companies,6336
movie_companies,6340
movie_companies,6344
movie_companies,6352
movie_companies,6354
movie_companies,6355
movie_companies,6357
movie_companies,6360
movie_companies,6361
movie_companies,6363
movie_companies,6366
movie_companies,6367
movie_companies,6371
movie_companies,6372
movie_companies,6376
movie_companies,6378
movie_companies,6379
movie_companies,6380
movie_companies,6382
movie_companies,6383
movie_companies,6385
movie_companies,6388
movie_companies,6389
movie_companies,6392
movie_companies,6397
movie_companies,6400
movie_companies,6406
movie_companies,6418
movie_companies,6420
movie_companies,6424
movie_companies,6428
movie_companies,6432
movie_companies,6433
movie_companies,6434
movie_companies,6435
movie_companies,6436
movie_companies,6437
movie_companies,6439
movie_companies,6440
movie_companies,6443
movie_companies,6448
movie_companies,6451
movie_companies,6452
movie_companies,6454
movie_companies,6456
movie_companies,6461
movie_companies,6463
movie_companies,6466
movie_companies,6469
movie_companies,6475
movie_companies,6476
movie_companies,6486
movie_companies,6488
movie_companies,6492
movie_companies,6497
movie_companies,6499
movie_companies,6501
movie_companies,6502
movie_companies,6505
movie_companies,6506
movie_companies,6507
movie_companies,6509
movie_companies,6510
movie_companies,6516
movie_companies,6518
movie_companies,6519
movie_companies,6526
movie_companies,6527
movie_companies,6528
movie_companies,6530
movie_companies,6531
movie_companies,6534
movie_companies,6538
movie_companies,6540
movie_companies,6544
movie_companies,6545
movie_companies,6549
movie_companies,6550
movie_companies,6551
movie_companies,6552
movie_companies,6567
movie_companies,6574
movie_companies,6579
movie_companies,6583
movie_companies,6584
movie_companies,6591
movie_companies,6604
movie_companies,6621
movie_companies,6624
movie_companies,6632
movie_companies,6636
movie_companies,6644
movie_companies,6645
movie_companies,6648
movie_companies,6659
movie_companies,6665
movie_companies,6666
movie_companies,6667
movie_companies,6670
movie_companies,6671
movie_companies,6672
movie_companies,6673
movie_companies,6677
movie_companies,6680
movie_companies,6681
movie_companies,6683
movie_companies,6687
movie_companies,6689
movie_companies,6690
movie_companies,6691
movie_companies,6693
movie_companies,6694
movie_companies,6696
movie_companies,6697
movie_companies,6698
movie_companies,6700
movie_companies,6701
movie_companies,6703
movie_companies,6705
movie_companies,6709
movie_companies,6713
movie_companies,6721
movie_companies,6724
movie_companies,6730
movie_companies,6731
movie_companies,6732
movie_companies,6734
movie_companies,6735
movie_companies,6739
movie_companies,6742
movie_companies,6745
movie_companies,6748
movie_companies,6750
movie_companies,6751
movie_companies,6752
movie_companies,6753
movie_companies,6762
movie_companies,6766
movie_companies,6770
movie_companies,6771
movie_companies,6772
movie_companies,6775
movie_companies,6776
movie_companies,6777
movie_companies,6778
movie_companies,6780
movie_companies,6782
movie_companies,6783
movie_companies,6784
movie_companies,6785
movie_companies,6789
movie_companies,6790
movie_companies,6791
movie_companies,6794
movie_companies,6795
movie_companies,6796
movie_companies,6797
movie_companies,6799
movie_companies,6800
movie_companies,6801
movie_companies,6802
movie_companies,6803
movie_companies,6804
movie_companies,6805
movie_companies,6806
movie_companies,6808
movie_companies,6811
movie_companies,6812
movie_companies,6815
movie_companies,6817
movie_companies,6818
movie_companies,6822
movie_companies,6823
movie_companies,6829
movie_companies,6843
movie_companies,6844
movie_companies,6846
movie_companies,6849
movie_companies,6851
movie_companies,6853
movie_companies,6854
movie_companies,6858
movie_companies,6861
movie_companies,6862
movie_companies,6865
movie_companies,6867
movie_companies,6874
movie_companies,6877
movie_companies,6879
movie_companies,6880
movie_companies,6882
movie_companies,6884
movie_companies,6885
movie_companies,6889
movie_companies,6891
movie_companies,6900
movie_companies,6902
movie_companies,6905
movie_companies,6912
movie_companies,6917
movie_companies,6923
movie_companies,6924
movie_companies,6927
movie_companies,6928
movie_companies,6929
movie_companies,6930
movie_companies,6937
movie_companies,6940
movie_companies,6941
movie_companies,6947
movie_companies,6962
movie_companies,6965
movie_companies,6966
movie_companies,6967
movie_companies,6976
movie_companies,6980
movie_companies,6987
movie_companies,6995
movie_companies,6996
movie_companies,6998
movie_companies,6999
movie_companies,7000
movie_companies,7005
movie_companies,7008
movie_companies,7016
movie_companies,7023
movie_companies,7027
movie_companies,7029
movie_companies,7038
movie_companies,7039
movie_companies,7043
movie_companies,7048
movie_companies,7050
movie_companies,7051
movie_companies,7052
movie_companies,7059
movie_companies,7061
movie_companies,7063
movie_companies,7064
movie_companies,7067
movie_companies,7074
movie_companies,7076
movie_companies,7077
movie_companies,7083
movie_companies,7084
movie_companies,7088
movie_companies,7090
movie_companies,7092
movie_companies,7097
movie_companies,7102
movie_companies,7111
movie_companies,7116
movie_companies,7118
movie_companies,7119
movie_companies,7120
movie_companies,7122
movie_companies,7123
movie_companies,7124
movie_companies,7125
movie_companies,7127
movie_companies,7134
movie_companies,7136
movie_companies,7137
movie_companies,7138
movie_companies,7140
movie_companies,7141
movie_companies,7144
movie_companies,7147
movie_companies,7152
movie_companies,7160
movie_companies,7163
movie_companies,7164
movie_companies,7169
movie_companies,7172
movie_companies,7176
movie_companies,7177
movie_companies,7178
movie_companies,7180
movie_companies,7181
movie_companies,7185
movie_companies,7186
movie_companies,7187
movie_companies,7188
movie_companies,7194
movie_companies,7197
movie_companies,7198
movie_companies,7205
movie_companies,7208
movie_companies,7210
movie_companies,7214
movie_companies,7215
movie_companies,7217
movie_companies,7218
movie_companies,7219
movie_companies,7232
movie_companies,7239
movie_companies,7248
movie_companies,7250
movie_companies,7269
movie_companies,7280
movie_companies,7281
movie_companies,7284
movie_companies,7289
movie_companies,7291
movie_companies,7295
movie_companies,7302
movie_companies,7303
movie_companies,7306
movie_companies,7307
movie_companies,7312
movie_companies,7314
movie_companies,7318
movie_companies,7321
movie_companies,7326
movie_companies,7327
movie_companies,7331
movie_companies,7332
movie_companies,7333
movie_companies,7334
movie_companies,7341
movie_companies,7342
movie_companies,7345
movie_companies,7350
movie_companies,7351
movie_companies,7352
movie_companies,7357
movie_companies,7362
movie_companies,7364
movie_companies,7368
movie_companies,7370
movie_companies,7373
movie_companies,7374
movie_companies,7378
movie_companies,7381
movie_companies,7382
movie_companies,7383
movie_companies,7390
movie_companies,7391
movie_companies,7394
movie_companies,7396
movie_companies,7397
movie_companies,7399
movie_companies,7406
movie_companies,7409
movie_companies,7410
movie_companies,7413
movie_companies,7418
movie_companies,7424
movie_companies,7425
movie_companies,7431
movie_companies,7433
movie_companies,7434
movie_companies,7440
movie_companies,7443
movie_companies,7444
movie_companies,7445
movie_companies,7448
movie_companies,7452
movie_companies,7455
movie_companies,7456
movie_companies,7457
movie_companies,7460
movie_companies,7463
movie_companies,7465
movie_companies,7466
movie_companies,7471
movie_companies,7472
movie_companies,7476
movie_companies,7477
movie_companies,7478
movie_companies,7485
movie_companies,7487
movie_companies,7489
movie_companies,7490
movie_companies,7495
movie_companies,7498
movie_companies,7507
movie_companies,7508
movie_companies,7513
movie_companies,7514
movie_companies,7518
movie_companies,7519
movie_companies,7524
movie_companies,7525
movie_companies,7526
movie_companies,7530
movie_companies,7535
movie_companies,7537
movie_companies,7538
movie_companies,7539
movie_companies,7542
movie_companies,7545
movie_companies,7546
movie_companies,7553
movie_companies,7554
movie_companies,7557
movie_companies,7560
movie_companies,7562
movie_companies,7563
movie_companies,7564
movie_companies,7565
movie_companies,7567
movie_companies,7568
movie_companies,7569
movie_companies,7570
movie_companies,7571
movie_companies,7573
movie_companies,7576
movie_companies,7577
movie_companies,7578
movie_companies,7579
movie_companies,7581
movie_companies,7583
movie_companies,7589
movie_companies,7590
movie_companies,7591
movie_companies,7593
movie_companies,7596
movie_companies,7598
movie_companies,7600
movie_companies,7601
movie_companies,7603
movie_companies,7604
movie_companies,7605
movie_companies,7606
movie_companies,7607
movie_companies,7608
movie_companies,7611
movie_companies,7612
movie_companies,7614
movie_companies,7615
movie_companies,7618
movie_companies,7619
movie_companies,7624
movie_companies,7626
movie_companies,7627
movie_companies,7628
movie_companies,7629
movie_companies,7634
movie_companies,7635
movie_companies,7643
movie_companies,7644
movie_companies,7646
movie_companies,7647
movie_companies,7648
movie_companies,7649
movie_companies,7656
movie_companies,7657
movie_companies,7662
movie_companies,7663
movie_companies,7666
movie_companies,7671
movie_companies,7672
movie_companies,7677
movie_companies,7684
movie_companies,7687
movie_companies,7688
movie_companies,7689
movie_companies,7697
movie_companies,7703
movie_companies,7706
movie_companies,7707
movie_companies,7709
movie_companies,7711
movie_companies,7712
movie_companies,7716
movie_companies,7723
movie_companies,7724
movie_companies,7726
movie_companies,7728
movie_companies,7730
movie_companies,7734
movie_companies,7735
movie_companies,7743
movie_companies,7744
movie_companies,7751
movie_companies,7752
movie_companies,7753
movie_companies,7757
movie_companies,7759
movie_companies,7765
movie_companies,7766
movie_companies,7769
movie_companies,7770
movie_companies,7771
movie_companies,7772
movie_companies,7775
movie_companies,7776
movie_companies,7777
movie_companies,7778
movie_companies,7781
movie_companies,7786
movie_companies,7787
movie_companies,7788
movie_companies,7789
movie_companies,7790
movie_companies,7791
movie_companies,7792
movie_companies,7793
movie_companies,7796
movie_companies,7797
movie_companies,7799
movie_companies,7801
movie_companies,7803
movie_companies,7804
movie_companies,7805
movie_companies,7808
movie_companies,7814
movie_companies,7816
movie_companies,7817
movie_companies,7819
movie_companies,7821
movie_companies,7825
movie_companies,7826
movie_companies,7832
movie_companies,7833
movie_companies,7837
movie_companies,7840
movie_companies,7841
movie_companies,7842
movie_companies,7844
movie_companies,7845
movie_companies,7846
movie_companies,7849
movie_companies,7852
movie_companies,7853
movie_companies,7857
movie_companies,7858
movie_companies,7860
movie_companies,7863
movie_companies,7869
movie_companies,7871
movie_companies,7873
movie_companies,7876
movie_companies,7877
movie_companies,7880
movie_companies,7885
movie_companies,7886
movie_companies,7887
movie_companies,7893
movie_companies,7895
movie_companies,7898
movie_companies,7899
movie_companies,7902
movie_companies,7903
movie_companies,7905
movie_companies,7906
movie_companies,7910
movie_companies,7912
movie_companies,7913
movie_companies,7920
movie_companies,7926
movie_companies,7927
movie_companies,7929
movie_companies,7931
movie_companies,7932
movie_companies,7933
movie_companies,7935
movie_companies,7937
movie_companies,7938
movie_companies,7942
movie_companies,7947
movie_companies,7950
movie_companies,7955
movie_companies,7958
movie_companies,7960
movie_companies,7961
movie_companies,7966
movie_companies,7967
movie_companies,7969
movie_companies,7970
movie_companies,7972
movie_companies,7978
movie_companies,7984
movie_companies,7985
movie_companies,7987
movie_companies,7990
movie_companies,7993
movie_companies,7994
movie_companies,7995
movie_companies,7997
movie_companies,8001
movie_companies,8007
movie_companies,8009
movie_companies,8015
movie_companies,8017
movie_companies,8020
movie_companies,8022
movie_companies,8023
movie_companies,8024
movie_companies,8025
movie_companies,8026
movie_companies,8028
movie_companies,8029
movie_companies,8032
movie_companies,8037
movie_companies,8038
movie_companies,8039
movie_companies,8040
movie_companies,8041
movie_companies,8042
movie_companies,8044
movie_companies,8050
movie_companies,8058
movie_companies,8060
movie_companies,8063
movie_companies,8071
movie_companies,8075
movie_companies,8081
movie_companies,8082
movie_companies,8089
movie_companies,8096
movie_companies,8097
movie_companies,8100
movie_companies,8105
movie_companies,8107
movie_companies,8109
movie_companies,8110
movie_companies,8117
movie_companies,8119
movie_companies,8120
movie_companies,8122
movie_companies,8125
movie_companies,8126
movie_companies,8130
movie_companies,8132
movie_companies,8135
movie_companies,8145
movie_companies,8150
movie_companies,8153
movie_companies,8156
movie_companies,8157
movie_companies,8161
movie_companies,8162
movie_companies,8163
movie_companies,8166
movie_companies,8170
movie_companies,8172
movie_companies,8173
movie_companies,8174
movie_companies,8178
movie_companies,8179
movie_companies,8180
movie_companies,8188
movie_companies,8199
movie_companies,8201
movie_companies,8202
movie_companies,8205
movie_companies,8209
movie_companies,8211
movie_companies,8212
movie_companies,8214
movie_companies,8215
movie_companies,8217
movie_companies,8223
movie_companies,8226
movie_companies,8227
movie_companies,8233
movie_companies,8241
movie_companies,8242
movie_companies,8243
movie_companies,8244
movie_companies,8247
movie_companies,8249
movie_companies,8256
movie_companies,8257
movie_companies,8260
movie_companies,8262
movie_companies,8265
movie_companies,8266
movie_companies,8274
movie_companies,8275
movie_companies,8276
movie_companies,8277
movie_companies,8278
movie_companies,8280
movie_companies,8284
movie_companies,8289
movie_companies,8292
movie_companies,8293
movie_companies,8296
movie_companies,8297
movie_companies,8300
movie_companies,8301
movie_companies,8303
movie_companies,8305
movie_companies,8306
movie_companies,8307
movie_companies,8309
movie_companies,8310
movie_companies,8313
movie_companies,8317
movie_companies,8322
movie_companies,8323
movie_companies,8324
movie_companies,8329
movie_companies,8331
movie_companies,8333
movie_companies,8335
movie_companies,8336
movie_companies,8337
movie_companies,8338
movie_companies,8340
movie_companies,8345
movie_companies,8350
movie_companies,8354
movie_companies,8356
movie_companies,8358
movie_companies,8361
movie_companies,8362
movie_companies,8363
movie_companies,8364
movie_companies,8373
movie_companies,8381
movie_companies,8383
movie_companies,8387
movie_companies,8391
movie_companies,8396
movie_companies,8397
movie_companies,8398
movie_companies,8405
movie_companies,8407
movie_companies,8414
movie_companies,8416
movie_companies,8418
movie_companies,8424
movie_companies,8426
movie_companies,8428
movie_companies,8432
movie_companies,8434
movie_companies,8435
movie_companies,8438
movie_companies,8440
movie_companies,8450
movie_companies,8451
movie_companies,8457
movie_companies,8459
movie_companies,8460
movie_companies,8463
movie_companies,8466
movie_companies,8470
movie_companies,8474
movie_companies,8476
movie_companies,8478
movie_companies,8479
movie_companies,8483
movie_companies,8484
movie_companies,8485
movie_companies,8486
movie_companies,8488
movie_companies,8491
movie_companies,8495
movie_companies,8497
movie_companies,8501
movie_companies,8502
movie_companies,8503
movie_companies,8506
movie_companies,8509
movie_companies,8513
movie_companies,8522
movie_companies,8525
movie_companies,8527
movie_companies,8529
movie_companies,8531
movie_companies,8532
movie_companies,8533
movie_companies,8534
movie_companies,8540
movie_companies,8542
movie_companies,8543
movie_companies,8550
movie_companies,8556
movie_companies,8560
movie_companies,8563
movie_companies,8564
movie_companies,8567
movie_companies,8568
movie_companies,8570
movie_companies,8571
movie_companies,8573
movie_companies,8575
movie_companies,8576
movie_companies,8579
movie_companies,8593
movie_companies,8602
movie_companies,8604
movie_companies,8606
movie_companies,8611
movie_companies,8612
movie_companies,8613
movie_companies,8614
movie_companies,8615
movie_companies,8618
movie_companies,8619
movie_companies,8621
movie_companies,8623
movie_companies,8624
movie_companies,8627
movie_companies,8629
movie_companies,8630
movie_companies,8632
movie_companies,8635
movie_companies,8640
movie_companies,8641
movie_companies,8644
movie_companies,8645
movie_companies,8648
movie_companies,8658
movie_companies,8659
movie_companies,8661
movie_companies,8662
movie_companies,8664
movie_companies,8666
movie_companies,8668
movie_companies,8670
movie_companies,8673
movie_companies,8677
movie_companies,8679
movie_companies,8682
movie_companies,8691
movie_companies,8695
movie_companies,8696
movie_companies,8697
movie_companies,8703
movie_companies,8706
movie_companies,8709
movie_companies,8710
movie_companies,8712
movie_companies,8720
movie_companies,8722
movie_companies,8725
movie_companies,8730
movie_companies,8739
movie_companies,8740
movie_companies,8741
movie_companies,8742
movie_companies,8743
movie_companies,8746
movie_companies,8755
movie_companies,8759
movie_companies,8761
movie_companies,8762
movie_companies,8769
movie_companies,8771
movie_companies,8772
movie_companies,8773
movie_companies,8776
movie_companies,8781
movie_companies,8782
movie_companies,8786
movie_companies,8787
movie_companies,8792
movie_companies,8798
movie_companies,8800
movie_companies,8802
movie_companies,8808
movie_companies,8810
movie_companies,8813
movie_companies,8816
movie_companies,8819
movie_companies,8820
movie_companies,8822
movie_companies,8823
movie_companies,8825
movie_companies,8828
movie_companies,8829
movie_companies,8830
movie_companies,8831
movie_companies,8834
movie_companies,8841
movie_companies,8842
movie_companies,8843
movie_companies,8844
movie_companies,8846
movie_companies,8854
movie_companies,8855
movie_companies,8858
movie_companies,8864
movie_companies,8866
movie_companies,8867
movie_companies,8878
movie_companies,8880
movie_companies,8881
movie_companies,8883
movie_companies,8884
movie_companies,8887
movie_companies,8888
movie_companies,8889
movie_companies,8890
movie_companies,8891
movie_companies,8895
movie_companies,8897
movie_companies,8902
movie_companies,8909
movie_companies,8910
movie_companies,8912
movie_companies,8917
movie_companies,8921
movie_companies,8923
movie_companies,8927
movie_companies,8929
movie_companies,8930
movie_companies,8932
movie_companies,8935
movie_companies,8936
movie_companies,8940
movie_companies,8946
movie_companies,8947
movie_companies,8950
movie_companies,8953
movie_companies,8955
movie_companies,8956
movie_companies,8957
movie_companies,8958
movie_companies,8961
movie_companies,8962
movie_companies,8963
movie_companies,8968
movie_companies,8972
movie_companies,8974
movie_companies,8977
movie_companies,8984
movie_companies,8985
movie_companies,8986
movie_companies,8990
movie_companies,8991
movie_companies,8994
movie_companies,8995
movie_companies,8997
movie_companies,9001
movie_companies,9006
movie_companies,9011
movie_companies,9018
movie_companies,9020
movie_companies,9022
movie_companies,9025
movie_companies,9027
movie_companies,9038
movie_companies,9039
movie_companies,9044
movie_companies,9045
movie_companies,9049
movie_companies,9050
movie_companies,9056
movie_companies,9061
movie_companies,9063
movie_companies,9066
movie_companies,9070
movie_companies,9073
movie_companies,9074
movie_companies,9075
movie_companies,9081
movie_companies,9087
movie_companies,9088
movie_companies,9089
movie_companies,9097
movie_companies,9098
movie_companies,9099
movie_companies,9100
movie_companies,9102
movie_companies,9103
movie_companies,9107
movie_companies,9110
movie_companies,9111
movie_companies,9112
movie_companies,9113
movie_companies,9117
movie_companies,9118
movie_companies,9119
movie_companies,9124
movie_companies,9126
movie_companies,9128
movie_companies,9131
movie_companies,9132
movie_companies,9137
movie_companies,9139
movie_companies,9144
movie_companies,9146
movie_companies,9147
movie_companies,9152
movie_companies,9153
movie_companies,9154
movie_companies,9155
movie_companies,9157
movie_companies,9159
movie_companies,9162
movie_companies,9165
movie_companies,9167
movie_companies,9169
movie_companies,9171
movie_companies,9175
movie_companies,9176
movie_companies,9177
movie_companies,9183
movie_companies,9185
movie_companies,9191
movie_companies,9197
movie_companies,9198
movie_companies,9200
movie_companies,9203
movie_companies,9204
movie_companies,9205
movie_companies,9206
movie_companies,9207
movie_companies,9208
movie_companies,9212
movie_companies,9214
movie_companies,9215
movie_companies,9216
movie_companies,9220
movie_companies,9223
movie_companies,9224
movie_companies,9225
movie_companies,9226
movie_companies,9232
movie_companies,9238
movie_companies,9240
movie_companies,9245
movie_companies,9248
movie_companies,9249
movie_companies,9263
movie_companies,9264
movie_companies,9270
movie_companies,9274
movie_companies,9283
movie_companies,9285
movie_companies,9286
movie_companies,9288
movie_companies,9293
movie_companies,9295
movie_companies,9304
movie_companies,9306
movie_companies,9309
movie_companies,9310
movie_companies,9311
movie_companies,9312
movie_companies,9324
movie_companies,9327
movie_companies,9335
movie_companies,9336
movie_companies,9342
movie_companies,9344
movie_companies,9345
movie_companies,9348
movie_companies,9351
movie_companies,9352
movie_companies,9356
movie_companies,9370
movie_companies,9377
movie_companies,9378
movie_companies,9380
movie_companies,9382
movie_companies,9399
movie_companies,9404
movie_companies,9405
movie_companies,9420
movie_companies,9425
movie_companies,9430
movie_companies,9436
movie_companies,9437
movie_companies,9441
movie_companies,9445
movie_companies,9446
movie_companies,9450
movie_companies,9451
movie_companies,9460
movie_companies,9468
movie_companies,9471
movie_companies,9473
movie_companies,9477
movie_companies,9480
movie_companies,9482
movie_companies,9485
movie_companies,9486
movie_companies,9490
movie_companies,9492
movie_companies,9493
movie_companies,9500
movie_companies,9501
movie_companies,9503
movie_companies,9506
movie_companies,9507
movie_companies,9508
movie_companies,9520
movie_companies,9522
movie_companies,9536
movie_companies,9539
movie_companies,9543
movie_companies,9547
movie_companies,9551
movie_companies,9553
movie_companies,9554
movie_companies,9555
movie_companies,9558
movie_companies,9561
movie_companies,9562
movie_companies,9568
movie_companies,9570
movie_companies,9571
movie_companies,9572
movie_companies,9574
movie_companies,9578
movie_companies,9585
movie_companies,9587
movie_companies,9589
movie_companies,9591
movie_companies,9592
movie_companies,9593
movie_companies,9594
movie_companies,9597
movie_companies,9598
movie_companies,9600
movie_companies,9601
movie_companies,9605
movie_companies,9610
movie_companies,9613
movie_companies,9621
movie_companies,9626
movie_companies,9629
movie_companies,9632
movie_companies,9634
movie_companies,9635
movie_companies,9638
movie_companies,9640
movie_companies,9650
movie_companies,9654
movie_companies,9655
movie_companies,9656
movie_companies,9657
movie_companies,9658
movie_companies,9664
movie_companies,9669
movie_companies,9672
movie_companies,9675
movie_companies,9684
movie_companies,9691
movie_companies,9695
movie_companies,9696
movie_companies,9699
movie_companies,9700
movie_companies,9702
movie_companies,9708
movie_companies,9721
movie_companies,9726
movie_companies,9730
movie_companies,9733
movie_companies,9736
movie_companies,9738
movie_companies,9741
movie_companies,9742
movie_companies,9743
movie_companies,9757
movie_companies,9762
movie_companies,9772
movie_companies,9773
movie_companies,9775
movie_companies,9779
movie_companies,9781
movie_companies,9783
movie_companies,9792
movie_companies,9793
movie_companies,9794
movie_companies,9795
movie_companies,9796
movie_companies,9803
movie_companies,9804
movie_companies,9805
movie_companies,9811
movie_companies,9813
movie_companies,9815
movie_companies,9818
movie_companies,9820
movie_companies,9823
movie_companies,9824
movie_companies,9831
movie_companies,9833
movie_companies,9836
movie_companies,9841
movie_companies,9846
movie_companies,9850
movie_companies,9856
movie_companies,9857
movie_companies,9860
movie_companies,9862
movie_companies,9870
movie_companies,9875
movie_companies,9876
movie_companies,9877
movie_companies,9878
movie_companies,9881
movie_companies,9882
movie_companies,9885
movie_companies,9887
movie_companies,9895
movie_companies,9900
movie_companies,9903
movie_companies,9904
movie_companies,9916
movie_companies,9919
movie_companies,9928
movie_companies,9929
movie_companies,9930
movie_companies,9935
movie_companies,9945
movie_companies,9954
movie_companies,9981
movie_companies,9983
movie_companies,9984
movie_companies,9986
movie_companies,9988
movie_companies,9989
movie_companies,9991
movie_companies,9993
movie_companies,10004
movie_companies,10006
movie_companies,10015
movie_companies,10016
movie_companies,10017
movie_companies,10019
movie_companies,10028
movie_companies,10031
movie_companies,10038
movie_companies,10040
movie_companies,10048
movie_companies,10051
movie_companies,10057
movie_companies,10060
movie_companies,10061
movie_companies,10063
movie_companies,10065
movie_companies,10066
movie_companies,10071
movie_companies,10081
movie_companies,10087
movie_companies,10089
movie_companies,10095
movie_companies,10099
movie_companies,10104
movie_companies,10105
movie_companies,10106
movie_companies,10107
movie_companies,10108
movie_companies,10114
movie_companies,10117
movie_companies,10119
movie_companies,10122
movie_companies,10123
movie_companies,10125
movie_companies,10126
movie_companies,10127
movie_companies,10135
movie_companies,10140
movie_companies,10149
movie_companies,10164
movie_companies,10165
movie_companies,10168
movie_companies,10173
movie_companies,10180
movie_companies,10181
movie_companies,10193
movie_companies,10195
movie_companies,10200
movie_companies,10203
movie_companies,10204
movie_companies,10218
movie_companies,10228
movie_companies,10229
movie_companies,10230
movie_companies,10232
movie_companies,10242
movie_companies,10243
movie_companies,10251
movie_companies,10252
movie_companies,10253
movie_companies,10261
movie_companies,10269
movie_companies,10274
movie_companies,10280
movie_companies,10284
movie_companies,10290
movie_companies,10291
movie_companies,10299
movie_companies,10302
movie_companies,10306
movie_companies,10314
movie_companies,10315
movie_companies,10320
movie_companies,10322
movie_companies,10323
movie_companies,10324
movie_companies,10326
movie_companies,10333
movie_companies,10342
movie_companies,10344
movie_companies,10345
movie_companies,10348
movie_companies,10358
movie_companies,10359
movie_companies,10364
movie_companies,10368
movie_companies,10369
movie_companies,10370
movie_companies,10374
movie_companies,10376
movie_companies,10384
movie_companies,10385
movie_companies,10390
movie_companies,10391
movie_companies,10394
movie_companies,10395
movie_companies,10396
movie_companies,10399
movie_companies,10400
movie_companies,10401
movie_companies,10406
movie_companies,10408
movie_companies,10410
movie_companies,10423
movie_companies,10426
movie_companies,10432
movie_companies,10435
movie_companies,10441
movie_companies,10444
movie_companies,10447
movie_companies,10450
movie_companies,10467
movie_companies,10470
movie_companies,10474
movie_companies,10479
movie_companies,10481
movie_companies,10482
movie_companies,10489
movie_companies,10490
movie_companies,10492
movie_companies,10496
movie_companies,10499
movie_companies,10500
movie_companies,10505
movie_companies,10507
movie_companies,10511
movie_companies,10513
movie_companies,10520
movie_companies,10521
movie_companies,10527
movie_companies,10531
movie_companies,10533
movie_companies,10542
movie_companies,10546
movie_companies,10551
movie_companies,10552
movie_companies,10553
movie_companies,10566
movie_companies,10567
movie_companies,10570
movie_companies,10572
movie_companies,10575
movie_companies,10576
movie_companies,10578
movie_companies,10583
movie_companies,10587
movie_companies,10588
movie_companies,10591
movie_companies,10593
movie_companies,10594
movie_companies,10595
movie_companies,10596
movie_companies,10602
movie_companies,10604
movie_companies,10606
movie_companies,10609
movie_companies,10610
movie_companies,10612
movie_companies,10614
movie_companies,10615
movie_companies,10619
movie_companies,10622
movie_companies,10625
movie_companies,10628
movie_companies,10630
movie_companies,10632
movie_companies,10634
movie_companies,10637
movie_companies,10638
movie_companies,10647
movie_companies,10648
movie_companies,10650
movie_companies,10651
movie_companies,10652
movie_companies,10656
movie_companies,10658
movie_companies,10662
movie_companies,10663
movie_companies,10664
movie_companies,10667
movie_companies,10668
movie_companies,10669
movie_companies,10673
movie_companies,10674
movie_companies,10677
movie_companies,10687
movie_companies,10688
movie_companies,10695
movie_companies,10708
movie_companies,10714
movie_companies,10721
movie_companies,10722
movie_companies,10724
movie_companies,10728
movie_companies,10729
movie_companies,10730
movie_companies,10736
movie_companies,10738
movie_companies,10739
movie_companies,10740
movie_companies,10746
movie_companies,10748
movie_companies,10750
movie_companies,10751
movie_companies,10754
movie_companies,10756
movie_companies,10757
movie_companies,10758
movie_companies,10760
movie_companies,10762
movie_companies,10763
movie_companies,10764
movie_companies,10765
movie_companies,10766
movie_companies,10767
movie_companies,10770
movie_companies,10772
movie_companies,10773
movie_companies,10774
movie_companies,10776
movie_companies,10777
movie_companies,10779
movie_companies,10780
movie_companies,10781
movie_companies,10789
movie_companies,10791
movie_companies,10792
movie_companies,10793
movie_companies,10795
movie_companies,10796
movie_companies,10797
movie_companies,10801
movie_companies,10802
movie_companies,10808
movie_companies,10810
movie_companies,10814
movie_companies,10815
movie_companies,10818
movie_companies,10820
movie_companies,10821
movie_companies,10823
movie_companies,10826
movie_companies,10827
movie_companies,10828
movie_companies,10829
movie_companies,10830
movie_companies,10831
movie_companies,10832
movie_companies,10833
movie_companies,10834
movie_companies,10835
movie_companies,10838
movie_companies,10839
movie_companies,10842
movie_companies,10843
movie_companies,10845
movie_companies,10848
movie_companies,10852
movie_companies,10857
movie_companies,10860
movie_companies,10863
movie_companies,10864
movie_companies,10865
movie_companies,10870
movie_companies,10871
movie_companies,10875
movie_companies,10877
movie_companies,10888
movie_companies,10891
movie_companies,10894
movie_companies,10895
movie_companies,10897
movie_companies,10906
movie_companies,10912
movie_companies,10917
movie_companies,10926
movie_companies,10927
movie_companies,10934
movie_companies,10935
movie_companies,10936
movie_companies,10943
movie_companies,10945
movie_companies,10946
movie_companies,10947
movie_companies,10955
movie_companies,10968
movie_companies,10969
movie_companies,10972
movie_companies,10982
movie_companies,10986
movie_companies,10989
movie_companies,10991
movie_companies,11001
movie_companies,11004
movie_companies,11009
movie_companies,11014
movie_companies,11019
movie_companies,11031
movie_companies,11035
movie_companies,11038
movie_companies,11046
movie_companies,11048
movie_companies,11052
movie_companies,11055
movie_companies,11056
movie_companies,11057
movie_companies,11061
movie_companies,11063
movie_companies,11065
movie_companies,11066
movie_companies,11067
movie_companies,11070
movie_companies,11071
movie_companies,11072
movie_companies,11080
movie_companies,11082
movie_companies,11086
movie_companies,11092
movie_companies,11093
movie_companies,11095
movie_companies,11096
movie_companies,11099
movie_companies,11103
movie_companies,11109
movie_companies,11111
movie_companies,11113
movie_companies,11114
movie_companies,11117
movie_companies,11118
movie_companies,11119
movie_companies,11120
movie_companies,11121
movie_companies,11122
movie_companies,11123
movie_companies,11124
movie_companies,11125
movie_companies,11127
movie_companies,11128
movie_companies,11131
movie_companies,11132
movie_companies,11133
movie_companies,11134
movie_companies,11136
movie_companies,11137
movie_companies,11138
movie_companies,11140
movie_companies,11142
movie_companies,11144
movie_companies,11145
movie_companies,11146
movie_companies,11152
movie_companies,11156
movie_companies,11158
movie_companies,11163
movie_companies,11165
movie_companies,11166
movie_companies,11177
movie_companies,11185
movie_companies,11196
movie_companies,11205
movie_companies,11208
movie_companies,11239
movie_companies,11244
movie_companies,11247
movie_companies,11255
movie_companies,11257
movie_companies,11258
movie_companies,11264
movie_companies,11276
movie_companies,11305
movie_companies,11307
movie_companies,11334
movie_companies,11343
movie_companies,11357
movie_companies,11358
movie_companies,11364
movie_companies,11380
movie_companies,11381
movie_companies,11385
movie_companies,11403
movie_companies,11424
movie_companies,11430
movie_companies,11443
movie_companies,11459
movie_companies,11468
movie_companies,11471
movie_companies,11483
movie_companies,11545
movie_companies,11550
movie_companies,11554
movie_companies,11558
movie_companies,11562
movie_companies,11564
movie_companies,11718
movie_companies,11720
movie_companies,11735
movie_companies,11737
movie_companies,11738
movie_companies,11741
movie_companies,11752
movie_companies,11759
movie_companies,11760
movie_companies,11797
movie_companies,11809
movie_companies,11811
movie_companies,11817
movie_companies,11821
movie_companies,11839
movie_companies,11840
movie_companies,11846
movie_companies,11847
movie_companies,11850
movie_companies,11886
movie_companies,11892
movie_companies,11894
movie_companies,11910
movie_companies,11911
movie_companies,11913
movie_companies,11936
movie_companies,11943
movie_companies,11946
movie_companies,11972
movie_companies,11973
movie_companies,12012
movie_companies,12036
movie_companies,12046
movie_companies,12049
movie_companies,12050
movie_companies,12055
movie_companies,12059
movie_companies,12060
movie_companies,12069
movie_companies,12070
movie_companies,12073
movie_companies,12078
movie_companies,12081
movie_companies,12173
movie_companies,12223
movie_companies,12234
movie_companies,12235
movie_companies,12244
movie_companies,12246
movie_companies,12253
movie_companies,12267
movie_companies,12273
movie_companies,12274
movie_companies,12282
movie_companies,12283
movie_companies,12288
movie_companies,12332
movie_companies,12340
movie_companies,12341
movie_companies,12342
movie_companies,12343
movie_companies,12344
movie_companies,12347
movie_companies,12359
movie_companies,12360
movie_companies,12365
movie_companies,12366
movie_companies,12368
movie_companies,12369
movie_companies,12375
movie_companies,12376
movie_companies,12378
movie_companies,12382
movie_companies,12404
movie_companies,12429
movie_companies,12450
movie_companies,12452
movie_companies,12453
movie_companies,12466
movie_companies,12474
movie_companies,12476
movie_companies,12494
movie_companies,12513
movie_companies,12517
movie_companies,12519
movie_companies,12524
movie_companies,12562
movie_companies,12566
movie_companies,12568
movie_companies,12572
movie_companies,12574
movie_companies,12604
movie_companies,12609
movie_companies,12615
movie_companies,12618
movie_companies,12646
movie_companies,12649
movie_companies,12662
movie_companies,12663
movie_companies,12668
movie_companies,12712
movie_companies,12721
movie_companies,12725
movie_companies,12726
movie_companies,12727
movie_companies,12730
movie_companies,12734
movie_companies,12735
movie_companies,12736
movie_companies,12737
movie_companies,12738
movie_companies,12739
movie_companies,12748
movie_companies,12749
movie_companies,12755
movie_companies,12771
movie_companies,12778
movie_companies,12780
movie_companies,12781
movie_companies,12783
movie_companies,12785
movie_companies,12806
movie_companies,12807
movie_companies,12808
movie_companies,12809
movie_companies,12810
movie_companies,12825
movie_companies,12827
movie_companies,12833
movie_companies,12834
movie_companies,12839
movie_companies,12842
movie_companies,12848
movie_companies,12855
movie_companies,12856
movie_companies,12879
movie_companies,12884
movie_companies,12886
movie_companies,12887
movie_companies,12896
movie_companies,12899
movie_companies,12901
movie_companies,12912
movie_companies,12919
movie_companies,12921
movie_companies,12922
movie_companies,12924
movie_companies,12926
movie_companies,12932
movie_companies,12935
movie_companies,12936
movie_companies,12937
movie_companies,12945
movie_companies,12952
movie_companies,12967
movie_companies,12968
movie_companies,12971
movie_companies,12974
movie_companies,12983
movie_companies,13011
movie_companies,13019
movie_companies,13032
movie_companies,13036
movie_companies,13046
movie_companies,13048
movie_companies,13063
movie_companies,13068
movie_companies,13079
movie_companies,13081
movie_companies,13093
movie_companies,13105
movie_companies,13107
movie_companies,13109
movie_companies,13110
movie_companies,13112
movie_companies,13113
movie_companies,13115
movie_companies,13118
movie_companies,13120
movie_companies,13124
movie_companies,13127
movie_companies,13133
movie_companies,13134
movie_companies,13135
movie_companies,13141
movie_companies,13142
movie_companies,13148
movie_companies,13153
movie_companies,13154
movie_companies,13155
movie_companies,13161
movie_companies,13177
movie_companies,13187
movie_companies,13193
movie_companies,13197
movie_companies,13208
movie_companies,13209
movie_companies,13213
movie_companies,13214
movie_companies,13219
movie_companies,13232
movie_companies,13259
movie_companies,13260
movie_companies,13265
movie_companies,13275
movie_companies,13281
movie_companies,13284
movie_companies,13297
movie_companies,13298
movie_companies,13306
movie_companies,13336
movie_companies,13379
movie_companies,13388
movie_companies,13395
movie_companies,13530
movie_companies,13654
movie_companies,13770
movie_companies,13788
movie_companies,13803
movie_companies,13809
movie_companies,13811
movie_companies,13812
movie_companies,13815
movie_companies,13817
movie_companies,13826
movie_companies,13830
movie_companies,13831
movie_companies,13837
movie_companies,13841
movie_companies,13851
movie_companies,13857
movie_companies,13858
movie_companies,13865
movie_companies,13868
movie_companies,13873
movie_companies,13875
movie_companies,13879
movie_companies,13881
movie_companies,13883
movie_companies,13898
movie_companies,13974
movie_companies,13977
movie_companies,13986
movie_companies,13987
movie_companies,13988
movie_companies,13990
movie_companies,13991
movie_companies,13993
movie_companies,13994
movie_companies,13995
movie_companies,13998
movie_companies,14000
movie_companies,14012
movie_companies,14014
movie_companies,14018
movie_companies,14019
movie_companies,14020
movie_companies,14021
movie_companies,14024
movie_companies,14026
movie_companies,14027
movie_companies,14030
movie_companies,14031
movie_companies,14035
movie_companies,14036
movie_companies,14037
movie_companies,14043
movie_companies,14046
movie_companies,14055
movie_companies,14056
movie_companies,14057
movie_companies,14059
movie_companies,14060
movie_companies,14062
movie_companies,14071
movie_companies,14081
movie_companies,14094
movie_companies,14108
movie_companies,14126
movie_companies,14144
movie_companies,14146
movie_companies,14148
movie_companies,14160
movie_companies,14167
movie_companies,14171
movie_companies,14172
movie_companies,14173
movie_companies,14175
movie_companies,14178
movie_companies,14180
movie_companies,14181
movie_companies,14187
movie_companies,14191
movie_companies,14199
movie_companies,14203
movie_companies,14204
movie_companies,14212
movie_companies,14213
movie_companies,14217
movie_companies,14221
movie_companies,14222
movie_companies,14224
movie_companies,14242
movie_companies,14243
movie_companies,14256
movie_companies,14258
movie_companies,14259
movie_companies,14263
movie_companies,14276
movie_companies,14277
movie_companies,14278
movie_companies,14281
movie_companies,14282
movie_companies,14283
movie_companies,14285
movie_companies,14287
movie_companies,14288
movie_companies,14292
movie_companies,14294
movie_companies,14295
movie_companies,14296
movie_companies,14298
movie_companies,14301
movie_companies,14302
movie_companies,14303
movie_companies,14304
movie_companies,14306
movie_companies,14308
movie_companies,14309
movie_companies,14310
movie_companies,14313
movie_companies,14318
movie_companies,14322
movie_companies,14323
movie_companies,14324
movie_companies,14332
movie_companies,14333
movie_companies,14344
movie_companies,14353
movie_companies,14354
movie_companies,14366
movie_companies,14372
movie_companies,14374
movie_companies,14375
movie_companies,14377
movie_companies,14379
movie_companies,14381
movie_companies,14385
movie_companies,14386
movie_companies,14399
movie_companies,14400
movie_companies,14402
movie_companies,14403
movie_companies,14405
movie_companies,14406
movie_companies,14413
movie_companies,14414
movie_companies,14415
movie_companies,14420
movie_companies,14423
movie_companies,14424
movie_companies,14425
movie_companies,14426
movie_companies,14427
movie_companies,14429
movie_companies,14432
movie_companies,14435
movie_companies,14436
movie_companies,14442
movie_companies,14444
movie_companies,14447
movie_companies,14448
movie_companies,14449
movie_companies,14454
movie_companies,14455
movie_companies,14458
movie_companies,14459
movie_companies,14463
movie_companies,14467
movie_companies,14468
movie_companies,14470
movie_companies,14473
movie_companies,14479
movie_companies,14480
movie_companies,14482
movie_companies,14484
movie_companies,14492
movie_companies,14494
movie_companies,14502
movie_companies,14506
movie_companies,14517
movie_companies,14520
movie_companies,14524
movie_companies,14525
movie_companies,14530
movie_companies,14535
movie_companies,14538
movie_companies,14539
movie_companies,14544
movie_companies,14545
movie_companies,14547
movie_companies,14548
movie_companies,14549
movie_companies,14557
movie_companies,14558
movie_companies,14559
movie_companies,14562
movie_companies,14567
movie_companies,14568
movie_companies,14571
movie_companies,14572
movie_companies,14573
movie_companies,14578
movie_companies,14579
movie_companies,14582
movie_companies,14591
movie_companies,14596
movie_companies,14597
movie_companies,14598
movie_companies,14599
movie_companies,14600
movie_companies,14603
movie_companies,14604
movie_companies,14605
movie_companies,14606
movie_companies,14608
movie_companies,14609
movie_companies,14621
movie_companies,14625
movie_companies,14626
movie_companies,14636
movie_companies,14650
movie_companies,14651
movie_companies,14655
movie_companies,14666
movie_companies,14677
movie_companies,14685
movie_companies,14698
movie_companies,14704
movie_companies,14706
movie_companies,14710
movie_companies,14711
movie_companies,14712
movie_companies,14713
movie_companies,14714
movie_companies,14717
movie_companies,14726
movie_companies,14727
movie_companies,14729
movie_companies,14730
movie_companies,14736
movie_companies,14737
movie_companies,14739
movie_companies,14741
movie_companies,14742
movie_companies,14743
movie_companies,14758
movie_companies,14763
movie_companies,14808
movie_companies,14810
movie_companies,14820
movie_companies,14828
movie_companies,14829
movie_companies,14847
movie_companies,14861
movie_companies,14862
movie_companies,14872
movie_companies,14873
movie_companies,14876
movie_companies,14877
movie_companies,14879
movie_companies,14905
movie_companies,14913
movie_companies,14914
movie_companies,14917
movie_companies,14918
movie_companies,14919
movie_companies,14932
movie_companies,14933
movie_companies,14936
movie_companies,14940
movie_companies,14947
movie_companies,14949
movie_companies,14952
movie_companies,14954
movie_companies,14959
movie_companies,14961
movie_companies,14963
movie_companies,14964
movie_companies,14996
movie_companies,14997
movie_companies,15000
movie_companies,15005
movie_companies,15007
movie_companies,15009
movie_companies,15010
movie_companies,15014
movie_companies,15015
movie_companies,15044
movie_companies,15056
movie_companies,15058
movie_companies,15061
movie_companies,15063
movie_companies,15066
movie_companies,15067
movie_companies,15070
movie_companies,15079
movie_companies,15082
movie_companies,15088
movie_companies,15089
movie_companies,15091
movie_companies,15092
movie_companies,15093
movie_companies,15095
movie_companies,15096
movie_companies,15098
movie_companies,15103
movie_companies,15104
movie_companies,15106
movie_companies,15116
movie_companies,15118
movie_companies,15121
movie_companies,15122
movie_companies,15125
movie_companies,15129
movie_companies,15132
movie_companies,15133
movie_companies,15137
movie_companies,15138
movie_companies,15139
movie_companies,15141
movie_companies,15142
movie_companies,15144
movie_companies,15145
movie_companies,15146
movie_companies,15147
movie_companies,15149
movie_companies,15150
movie_companies,15152
movie_companies,15162
movie_companies,15163
movie_companies,15164
movie_companies,15171
movie_companies,15172
movie_companies,15187
movie_companies,15222
movie_companies,15223
movie_companies,15226
movie_companies,15229
movie_companies,15243
movie_companies,15255
movie_companies,15257
movie_companies,15258
movie_companies,15269
movie_companies,15272
movie_companies,15278
movie_companies,15279
movie_companies,15282
movie_companies,15287
movie_companies,15289
movie_companies,15290
movie_companies,15291
movie_companies,15295
movie_companies,15296
movie_companies,15301
movie_companies,15302
movie_companies,15303
movie_companies,15304
movie_companies,15318
movie_companies,15319
movie_companies,15323
movie_companies,15325
movie_companies,15326
movie_companies,15327
movie_companies,15329
movie_companies,15333
movie_companies,15335
movie_companies,15354
movie_companies,15358
movie_companies,15368
movie_companies,15370
movie_companies,15374
movie_companies,15378
movie_companies,15387
movie_companies,15389
movie_companies,15399
movie_companies,15402
movie_companies,15403
movie_companies,15405
movie_companies,15414
movie_companies,15423
movie_companies,15435
movie_companies,15446
movie_companies,15452
movie_companies,15454
movie_companies,15457
movie_companies,15460
movie_companies,15465
movie_companies,15467
movie_companies,15468
movie_companies,15479
movie_companies,15480
movie_companies,15482
movie_companies,15483
movie_companies,15486
movie_companies,15498
movie_companies,15505
movie_companies,15507
movie_companies,15508
movie_companies,15511
movie_companies,15512
movie_companies,15516
movie_companies,15519
movie_companies,15520
movie_companies,15522
movie_companies,15523
movie_companies,15528
movie_companies,15529
movie_companies,15530
movie_companies,15531
movie_companies,15532
movie_companies,15533
movie_companies,15538
movie_companies,15539
movie_companies,15541
movie_companies,15543
movie_companies,15544
movie_companies,15552
movie_companies,15554
movie_companies,15555
movie_companies,15556
movie_companies,15557
movie_companies,15559
movie_companies,15560
movie_companies,15591
movie_companies,15592
movie_companies,15616
movie_companies,15617
movie_companies,15624
movie_companies,15638
movie_companies,15651
movie_companies,15654
movie_companies,15657
movie_companies,15684
movie_companies,15690
movie_companies,15698
movie_companies,15712
movie_companies,15713
movie_companies,15716
movie_companies,15733
movie_companies,15735
movie_companies,15747
movie_companies,15752
movie_companies,15753
movie_companies,15757
movie_companies,15759
movie_companies,15762
movie_companies,15768
movie_companies,15769
movie_companies,15772
movie_companies,15774
movie_companies,15777
movie_companies,15783
movie_companies,15784
movie_companies,15788
movie_companies,15791
movie_companies,15804
movie_companies,15810
movie_companies,15816
movie_companies,15820
movie_companies,15821
movie_companies,15822
movie_companies,15823
movie_companies,15829
movie_companies,15843
movie_companies,15845
movie_companies,15846
movie_companies,15851
movie_companies,15855
movie_companies,15861
movie_companies,15864
movie_companies,15867
movie_companies,15870
movie_companies,15871
movie_companies,15877
movie_companies,15879
movie_companies,15880
movie_companies,15882
movie_companies,15883
movie_companies,15884
movie_companies,15891
movie_companies,15893
movie_companies,15894
movie_companies,15900
movie_companies,15913
movie_companies,15914
movie_companies,15916
movie_companies,15932
movie_companies,15950
movie_companies,15951
movie_companies,15965
movie_companies,15975
movie_companies,15979
movie_companies,15981
movie_companies,15982
movie_companies,15983
movie_companies,15987
movie_companies,15988
movie_companies,15990
movie_companies,15992
movie_companies,15993
movie_companies,15995
movie_companies,15996
movie_companies,15999
movie_companies,16001
movie_companies,16002
movie_companies,16003
movie_companies,16004
movie_companies,16005
movie_companies,16006
movie_companies,16008
movie_companies,16009
movie_companies,16010
movie_companies,16011
movie_companies,16012
movie_companies,16022
movie_companies,16024
movie_companies,16025
movie_companies,16034
movie_companies,16043
movie_companies,16045
movie_companies,16048
movie_companies,16050
movie_companies,16052
movie_companies,16053
movie_companies,16054
movie_companies,16056
movie_companies,16057
movie_companies,16058
movie_companies,16060
movie_companies,16061
movie_companies,16062
movie_companies,16063
movie_companies,16064
movie_companies,16065
movie_companies,16067
movie_companies,16068
movie_companies,16069
movie_companies,16070
movie_companies,16071
movie_companies,16072
movie_companies,16073
movie_companies,16074
movie_companies,16076
movie_companies,16077
movie_companies,16078
movie_companies,16079
movie_companies,16080
movie_companies,16081
movie_companies,16085
movie_companies,16086
movie_companies,16090
movie_companies,16109
movie_companies,16124
movie_companies,16129
movie_companies,16136
movie_companies,16140
movie_companies,16141
movie_companies,16144
movie_companies,16160
movie_companies,16194
movie_companies,16238
movie_companies,16244
movie_companies,16247
movie_companies,16256
movie_companies,16258
movie_companies,16260
movie_companies,16265
movie_companies,16274
movie_companies,16315
movie_companies,16329
movie_companies,16330
movie_companies,16334
movie_companies,16335
movie_companies,16373
movie_companies,16374
movie_companies,16377
movie_companies,16378
movie_companies,16380
movie_companies,16385
movie_companies,16390
movie_companies,16392
movie_companies,16393
movie_companies,16394
movie_companies,16397
movie_companies,16401
movie_companies,16405
movie_companies,16406
movie_companies,16418
movie_companies,16421
movie_companies,16424
movie_companies,16435
movie_companies,16447
movie_companies,16448
movie_companies,16453
movie_companies,16465
movie_companies,16468
movie_companies,16469
movie_companies,16477
movie_companies,16478
movie_companies,16481
movie_companies,16482
movie_companies,16486
movie_companies,16489
movie_companies,16505
movie_companies,16509
movie_companies,16514
movie_companies,16516
movie_companies,16521
movie_companies,16522
movie_companies,16523
movie_companies,16525
movie_companies,16526
movie_companies,16529
movie_companies,16536
movie_companies,16538
movie_companies,16541
movie_companies,16544
movie_companies,16547
movie_companies,16557
movie_companies,16559
movie_companies,16560
movie_companies,16562
movie_companies,16569
movie_companies,16570
movie_companies,16571
movie_companies,16573
movie_companies,16579
movie_companies,16581
movie_companies,16586
movie_companies,16588
movie_companies,16591
movie_companies,16597
movie_companies,16598
movie_companies,16599
movie_companies,16606
movie_companies,16611
movie_companies,16612
movie_companies,16613
movie_companies,16615
movie_companies,16616
movie_companies,16627
movie_companies,16629
movie_companies,16631
movie_companies,16634
movie_companies,16638
movie_companies,16643
movie_companies,16644
movie_companies,16647
movie_companies,16649
movie_companies,16657
movie_companies,16661
movie_companies,16662
movie_companies,16663
movie_companies,16666
movie_companies,16668
movie_companies,16669
movie_companies,16671
movie_companies,16676
movie_companies,16682
movie_companies,16690
movie_companies,16691
movie_companies,16693
movie_companies,16694
movie_companies,16696
movie_companies,16703
movie_companies,16704
movie_companies,16711
movie_companies,16715
movie_companies,16716
movie_companies,16718
movie_companies,16725
movie_companies,16728
movie_companies,16729
movie_companies,16731
movie_companies,16734
movie_companies,16743
movie_companies,16744
movie_companies,16746
movie_companies,16756
movie_companies,16757
movie_companies,16758
movie_companies,16759
movie_companies,16761
movie_companies,16766
movie_companies,16770
movie_companies,16772
movie_companies,16773
movie_companies,16774
movie_companies,16775
movie_companies,16777
movie_companies,16779
movie_companies,16781
movie_companies,16782
movie_companies,16783
movie_companies,16784
movie_companies,16786
movie_companies,16787
movie_companies,16788
movie_companies,16789
movie_companies,16790
movie_companies,16792
movie_companies,16793
movie_companies,16795
movie_companies,16796
movie_companies,16798
movie_companies,16804
movie_companies,16806
movie_companies,16818
movie_companies,16822
movie_companies,16823
movie_companies,16824
movie_companies,16826
movie_companies,16836
movie_companies,16838
movie_companies,16839
movie_companies,16843
movie_companies,16846
movie_companies,16847
movie_companies,16848
movie_companies,16852
movie_companies,16855
movie_companies,16856
movie_companies,16862
movie_companies,16866
movie_companies,16867
movie_companies,16879
movie_companies,16880
movie_companies,16882
movie_companies,16884
movie_companies,16886
movie_companies,16887
movie_companies,16888
movie_companies,16889
movie_companies,16890
movie_companies,16893
movie_companies,16898
movie_companies,16899
movie_companies,16902
movie_companies,16905
movie_companies,16906
movie_companies,16908
movie_companies,16909
movie_companies,16910
movie_companies,16918
movie_companies,16919
movie_companies,16920
movie_companies,16923
movie_companies,16928
movie_companies,16933
movie_companies,16940
movie_companies,16945
movie_companies,16948
movie_companies,16949
movie_companies,16952
movie_companies,16957
movie_companies,16958
movie_companies,16959
movie_companies,16960
movie_companies,16961
movie_companies,16962
movie_companies,16963
movie_companies,16970
movie_companies,16972
movie_companies,16974
movie_companies,16982
movie_companies,16987
movie_companies,16990
movie_companies,16992
movie_companies,16997
movie_companies,16998
movie_companies,17001
movie_companies,17003
movie_companies,17004
movie_companies,17007
movie_companies,17013
movie_companies,17015
movie_companies,17018
movie_companies,17022
movie_companies,17023
movie_companies,17025
movie_companies,17032
movie_companies,17035
movie_companies,17042
movie_companies,17043
movie_companies,17046
movie_companies,17048
movie_companies,17049
movie_companies,17050
movie_companies,17051
movie_companies,17054
movie_companies,17055
movie_companies,17056
movie_companies,17059
movie_companies,17063
movie_companies,17066
movie_companies,17069
movie_companies,17070
movie_companies,17075
movie_companies,17077
movie_companies,17078
movie_companies,17079
movie_companies,17083
movie_companies,17084
movie_companies,17088
movie_companies,17092
movie_companies,17094
movie_companies,17095
movie_companies,17096
movie_companies,17099
movie_companies,17100
movie_companies,17101
movie_companies,17102
movie_companies,17104
movie_companies,17105
movie_companies,17106
movie_companies,17108
movie_companies,17109
movie_companies,17110
movie_companies,17111
movie_companies,17113
movie_companies,17115
movie_companies,17116
movie_companies,17117
movie_companies,17118
movie_companies,17119
movie_companies,17121
movie_companies,17122
movie_companies,17123
movie_companies,17126
movie_companies,17127
movie_companies,17128
movie_companies,17130
movie_companies,17131
movie_companies,17132
movie_companies,17133
movie_companies,17134
movie_companies,17135
movie_companies,17136
movie_companies,17137
movie_companies,17139
movie_companies,17140
movie_companies,17141
movie_companies,17146
movie_companies,17148
movie_companies,17151
movie_companies,17152
movie_companies,17153
movie_companies,17154
movie_companies,17155
movie_companies,17156
movie_companies,17158
movie_companies,17160
movie_companies,17161
movie_companies,17162
movie_companies,17164
movie_companies,17165
movie_companies,17166
movie_companies,17167
movie_companies,17172
movie_companies,17176
movie_companies,17177
movie_companies,17178
movie_companies,17180
movie_companies,17184
movie_companies,17193
movie_companies,17204
movie_companies,17210
movie_companies,17214
movie_companies,17222
movie_companies,17226
movie_companies,17227
movie_companies,17228
movie_companies,17231
movie_companies,17235
movie_companies,17239
movie_companies,17244
movie_companies,17254
movie_companies,17256
movie_companies,17260
movie_companies,17263
movie_companies,17264
movie_companies,17270
movie_companies,17271
movie_companies,17274
movie_companies,17279
movie_companies,17280
movie_companies,17287
movie_companies,17288
movie_companies,17291
movie_companies,17294
movie_companies,17301
movie_companies,17302
movie_companies,17303
movie_companies,17304
movie_companies,17307
movie_companies,17308
movie_companies,17318
movie_companies,17323
movie_companies,17325
movie_companies,17333
movie_companies,17334
movie_companies,17335
movie_companies,17337
movie_companies,17338
movie_companies,17340
movie_companies,17341
movie_companies,17342
movie_companies,17348
movie_companies,17350
movie_companies,17351
movie_companies,17354
movie_companies,17362
movie_companies,17364
movie_companies,17365
movie_companies,17366
movie_companies,17377
movie_companies,17380
movie_companies,17381
movie_companies,17382
movie_companies,17395
movie_companies,17400
movie_companies,17411
movie_companies,17412
movie_companies,17413
movie_companies,17422
movie_companies,17429
movie_companies,17431
movie_companies,17438
movie_companies,17439
movie_companies,17440
movie_companies,17441
movie_companies,17447
movie_companies,17449
movie_companies,17452
movie_companies,17453
movie_companies,17459
movie_companies,17460
movie_companies,17463
movie_companies,17464
movie_companies,17467
movie_companies,17471
movie_companies,17476
movie_companies,17481
movie_companies,17482
movie_companies,17483
movie_companies,17489
movie_companies,17490
movie_companies,17492
movie_companies,17496
movie_companies,17504
movie_companies,17506
movie_companies,17511
movie_companies,17518
movie_companies,17524
movie_companies,17528
movie_companies,17532
movie_companies,17533
movie_companies,17537
movie_companies,17538
movie_companies,17539
movie_companies,17541
movie_companies,17542
movie_companies,17545
movie_companies,17547
movie_companies,17548
movie_companies,17549
movie_companies,17551
movie_companies,17553
movie_companies,17554
movie_companies,17558
movie_companies,17559
movie_companies,17560
movie_companies,17562
movie_companies,17563
movie_companies,17570
movie_companies,17571
movie_companies,17579
movie_companies,17591
movie_companies,17592
movie_companies,17597
movie_companies,17601
movie_companies,17606
movie_companies,17611
movie_companies,17615
movie_companies,17616
movie_companies,17618
movie_companies,17622
movie_companies,17624
movie_companies,17625
movie_companies,17627
movie_companies,17631
movie_companies,17632
movie_companies,17637
movie_companies,17638
movie_companies,17639
movie_companies,17645
movie_companies,17646
movie_companies,17649
movie_companies,17650
movie_companies,17653
movie_companies,17655
movie_companies,17656
movie_companies,17665
movie_companies,17670
movie_companies,17671
movie_companies,17672
movie_companies,17676
movie_companies,17682
movie_companies,17684
movie_companies,17691
movie_companies,17693
movie_companies,17694
movie_companies,17695
movie_companies,17696
movie_companies,17697
movie_companies,17699
movie_companies,17702
movie_companies,17706
movie_companies,17707
movie_companies,17708
movie_companies,17715
movie_companies,17725
movie_companies,17735
movie_companies,17737
movie_companies,17739
movie_companies,17741
movie_companies,17742
movie_companies,17744
movie_companies,17748
movie_companies,17749
movie_companies,17750
movie_companies,17752
movie_companies,17757
movie_companies,17758
movie_companies,17759
movie_companies,17760
movie_companies,17763
movie_companies,17764
movie_companies,17766
movie_companies,17767
movie_companies,17768
movie_companies,17770
movie_companies,17771
movie_companies,17802
movie_companies,17834
movie_companies,17845
movie_companies,17853
movie_companies,17861
movie_companies,17871
movie_companies,17878
movie_companies,17881
movie_companies,17885
movie_companies,17887
movie_companies,17906
movie_companies,17948
movie_companies,17953
movie_companies,17988
movie_companies,18017
movie_companies,18020
movie_companies,18048
movie_companies,18066
movie_companies,18072
movie_companies,18077
movie_companies,18081
movie_companies,18093
movie_companies,18095
movie_companies,18096
movie_companies,18117
movie_companies,18127
movie_companies,18136
movie_companies,18147
movie_companies,18155
movie_companies,18165
movie_companies,18182
movie_companies,18186
movie_companies,18190
movie_companies,18226
movie_companies,18228
movie_companies,18244
movie_companies,18258
movie_companies,18269
movie_companies,18274
movie_companies,18290
movie_companies,18304
movie_companies,18309
movie_companies,18310
movie_companies,18313
movie_companies,18318
movie_companies,18323
movie_companies,18325
movie_companies,18329
movie_companies,18345
movie_companies,18346
movie_companies,18353
movie_companies,18359
movie_companies,18360
movie_companies,18361
movie_companies,18364
movie_companies,18365
movie_companies,18369
movie_companies,18370
movie_companies,18373
movie_companies,18376
movie_companies,18377
movie_companies,18378
movie_companies,18379
movie_companies,18380
movie_companies,18383
movie_companies,18386
movie_companies,18387
movie_companies,18389
movie_companies,18390
movie_companies,18391
movie_companies,18393
movie_companies,18395
movie_companies,18396
movie_companies,18397
movie_companies,18398
movie_companies,18399
movie_companies,18401
movie_companies,18405
movie_companies,18410
movie_companies,18411
movie_companies,18413
movie_companies,18414
movie_companies,18418
movie_companies,18422
movie_companies,18423
movie_companies,18424
movie_companies,18425
movie_companies,18428
movie_companies,18431
movie_companies,18435
movie_companies,18462
movie_companies,18480
movie_companies,18488
movie_companies,18491
movie_companies,18492
movie_companies,18494
movie_companies,18496
movie_companies,18497
movie_companies,18498
movie_companies,18499
movie_companies,18500
movie_companies,18501
movie_companies,18504
movie_companies,18506
movie_companies,18507
movie_companies,18511
movie_companies,18512
movie_companies,18513
movie_companies,18514
movie_companies,18515
movie_companies,18516
movie_companies,18517
movie_companies,18519
movie_companies,18520
movie_companies,18523
movie_companies,18524
movie_companies,18527
movie_companies,18530
movie_companies,18531
movie_companies,18544
movie_companies,18545
movie_companies,18547
movie_companies,18549
movie_companies,18550
movie_companies,18552
movie_companies,18553
movie_companies,18554
movie_companies,18555
movie_companies,18557
movie_companies,18558
movie_companies,18561
movie_companies,18562
movie_companies,18565
movie_companies,18566
movie_companies,18568
movie_companies,18569
movie_companies,18570
movie_companies,18571
movie_companies,18572
movie_companies,18589
movie_companies,18591
movie_companies,18598
movie_companies,18599
movie_companies,18600
movie_companies,18611
movie_companies,18631
movie_companies,18640
movie_companies,18642
movie_companies,18646
movie_companies,18652
movie_companies,18656
movie_companies,18657
movie_companies,18668
movie_companies,18683
movie_companies,18684
movie_companies,18691
movie_companies,18703
movie_companies,18704
movie_companies,18705
movie_companies,18707
movie_companies,18708
movie_companies,18709
movie_companies,18711
movie_companies,18713
movie_companies,18714
movie_companies,18719
movie_companies,18732
movie_companies,18733
movie_companies,18734
movie_companies,18736
movie_companies,18737
movie_companies,18738
movie_companies,18739
movie_companies,18740
movie_companies,18741
movie_companies,18742
movie_companies,18743
movie_companies,18745
movie_companies,18746
movie_companies,18747
movie_companies,18749
movie_companies,18750
movie_companies,18751
movie_companies,18752
movie_companies,18753
movie_companies,18754
movie_companies,18755
movie_companies,18757
movie_companies,18758
movie_companies,18761
movie_companies,18764
movie_companies,18768
pg_aggregate,0
pg_am,0
pg_amop,0
pg_amop,1
pg_amop,2
pg_amop,3
pg_amop,4
pg_amproc,0
pg_amproc,1
pg_amproc,2
pg_amproc,3
pg_amproc,4
pg_cast,0
pg_cast,1
pg_index,0
pg_index,1
pg_index,2
pg_index,3
pg_index,4
pg_namespace,0
pg_opclass,0
pg_opclass,1
pg_operator,0
pg_operator,1
pg_operator,2
pg_operator,3
pg_operator,4
pg_operator,5
pg_operator,6
pg_operator,7
pg_operator,8
pg_operator,9
pg_operator,10
pg_operator,11
pg_operator,12
pg_operator,13
pg_rewrite,12
pg_statistic,0
pg_statistic,6
pg_statistic,14
pg_statistic,17
pg_statistic,26
pg_statistic,28
pg_statistic,31
pg_statistic,32
pg_statistic,33
pg_statistic,35
pg_statistic,38
pg_statistic,44
pg_ts_config,0
role_type,0
role_type,0
title,0
title,1
title,36
title,49
title,70
title,122
title,156
title,170
title,171
title,190
title,198
title,199
title,262
title,266
title,277
title,448
title,465
title,490
title,522
title,543
title,610
title,621
title,633
title,634
title,672
title,681
title,683
title,694
title,707
title,710
title,717
title,723
title,733
title,734
title,743
title,746
title,757
title,760
title,769
title,798
title,805
title,822
title,831
title,851
title,876
title,887
title,924
title,937
title,945
title,948
title,961
title,971
title,982
title,989
title,990
title,991
title,994
title,1035
title,1081
title,1091
title,1135
title,1164
title,1190
title,1192
title,1201
title,1219
title,1229
title,1264
title,1278
title,1304
title,1320
title,1325
title,1331
title,1352
title,1368
title,1404
title,1415
title,1454
title,1467
title,1521
title,1523
title,1540
title,1545
title,1567
title,1572
title,1598
title,1622
title,1631
title,1642
title,1648
title,1655
title,1664
title,1686
title,1702
title,1729
title,1749
title,1760
title,1792
title,1815
title,1840
title,1858
title,1888
title,1896
title,1903
title,1909
title,1923
title,1964
title,1972
title,1991
title,1993
title,2045
title,2046
title,2047
title,2059
title,2074
title,2079
title,2104
title,2138
title,2234
title,2236
title,2247
title,2262
title,2341
title,2346
title,2424
title,2442
title,2453
title,2461
title,2477
title,2488
title,2522
title,2532
title,2554
title,2590
title,2602
title,2634
title,2667
title,2688
title,2720
title,2770
title,2825
title,2839
title,2914
title,2922
title,2933
title,3029
title,3040
title,3095
title,3103
title,3226
title,3238
title,3377
title,3480
title,3532
title,3566
title,3576
title,3579
title,3590
title,3829
title,3848
title,3858
title,3908
title,3943
title,4135
title,4141
title,4145
title,4254
title,4328
title,4367
title,4373
title,4375
title,4397
title,4408
title,4469
title,4478
title,4490
title,4499
title,4504
title,4507
title,4514
title,4561
title,4568
title,4571
title,4583
title,4594
title,4612
title,4625
title,4636
title,4643
title,4649
title,4652
title,4711
title,4718
title,4726
title,4738
title,4759
title,4760
title,4817
title,4861
title,4867
title,4873
title,4891
title,4895
title,4913
title,4920
title,4939
title,4943
title,4950
title,5016
title,5026
title,5045
title,5108
title,5148
title,5155
title,5156
title,5169
title,5194
title,5203
title,5210
title,5213
title,5221
title,5223
title,5230
title,5243
title,5255
title,5256
title,5262
title,5279
title,5297
title,5313
title,5338
title,5343
title,5354
title,5363
title,5366
title,5379
title,5381
title,5390
title,5394
title,5395
title,5399
title,5427
title,5440
title,5442
title,5451
title,5458
title,5460
title,5461
title,5462
title,5466
title,5468
title,5472
title,5478
title,5508
title,5521
title,5524
title,5526
title,5545
title,5551
title,5554
title,5576
title,5581
title,5583
title,5586
title,5596
title,5601
title,5604
title,5627
title,5629
title,5635
title,5668
title,5682
title,5693
title,5705
title,5713
title,5748
title,5755
title,5763
title,5768
title,5783
title,5790
title,5798
title,5964
title,5970
title,5993
title,6056
title,6113
title,6289
title,6331
title,6356
title,6470
title,6492
title,6733
title,6734
title,6745
title,6787
title,6793
title,6967
title,7134
title,7138
title,7261
title,7275
title,7366
title,7424
title,7429
title,7440
title,7441
title,7543
title,7562
title,7630
title,7793
title,7902
title,7931
title,7947
title,8013
title,8016
title,8046
title,8074
title,8084
title,8103
title,8107
title,8191
title,8215
title,8238
title,8383
title,8423
title,8429
title,8568
title,8574
title,8671
title,8839
title,8950
title,8962
title,8982
title,9032
title,9118
title,9216
title,9240
title,9245
title,9288
title,9436
title,9448
title,9453
title,9493
title,9705
title,9768
title,9809
title,9828
title,9842
title,9848
title,9909
title,9960
title,10027
title,10082
title,10234
title,10245
title,10249
title,10299
title,10315
title,10346
title,10348
title,10353
title,10358
title,10368
title,10369
title,10434
title,10438
title,10486
title,10514
title,10527
title,10545
title,10597
title,10629
title,10636
title,10659
title,10694
title,10703
title,10741
title,10750
title,10753
title,10760
title,10762
title,10831
title,10858
title,10880
title,10882
title,10923
title,10930
title,10933
title,11038
title,11045
title,11055
title,11091
title,11135
title,11136
title,11154
title,11188
title,11195
title,11200
title,11202
title,11228
title,11245
title,11254
title,11268
title,11308
title,11322
title,11335
title,11373
title,11389
title,11399
title,11433
title,11448
title,11478
title,11506
title,11515
title,11566
title,11578
title,11607
title,11653
title,11701
title,11705
title,11739
title,11747
title,11790
title,11793
title,11803
title,11817
title,11980
title,11984
title,11997
title,12013
title,12031
title,12041
title,12155
title,12198
title,12228
title,12236
title,12298
title,12308
title,12326
title,12327
title,12341
title,12353
title,12370
title,12403
title,12418
title,12486
title,12578
title,12579
title,12599
title,12610
title,12646
title,12678
title,12690
title,12772
title,12836
title,12878
title,12885
title,12949
title,12960
title,13002
title,13044
title,13051
title,13062
title,13078
title,13105
title,13110
title,13291
title,13293
title,13311
title,13312
title,13321
title,13335
title,13371
title,13384
title,13386
title,13392
title,13416
title,13436
title,13439
title,13447
title,13463
title,13480
title,13501
title,13544
title,13574
title,13616
title,13627
title,13632
title,13637
title,13642
title,13655
title,13678
title,13747
title,13758
title,13765
title,13772
title,13773
title,13798
title,13869
title,13874
title,13891
title,13924
title,13967
title,13984
title,14023
title,14027
title,14062
title,14142
title,14176
title,14209
title,14238
title,14250
title,14263
title,14275
title,14310
title,14337
title,14342
title,14347
title,14350
title,14365
title,14372
title,14394
title,14397
title,14407
title,14410
title,14425
title,14429
title,14443
title,14451
title,14473
title,14492
title,14499
title,14513
title,14518
title,14575
title,14586
title,14597
title,14598
title,14601
title,14622
title,14628
title,14640
title,14649
title,14660
title,14673
title,14731
title,14739
title,14759
title,14766
title,14781
title,14806
title,14815
title,14816
title,14862
title,14864
title,14891
title,14897
title,14912
title,14917
title,14941
title,14965
title,14989
title,15002
title,15034
title,15042
title,15049
title,15051
title,15062
title,15089
title,15091
title,15132
title,15208
title,15211
title,15236
title,15250
title,15263
title,15284
title,15291
title,15292
title,15304
title,15329
title,15359
title,15361
title,15377
title,15385
title,15412
title,15424
title,15473
title,15474
title,15477
title,15478
title,15510
title,15521
title,15522
title,15554
title,15563
title,15602
title,15633
title,15661
title,15688
title,15692
title,15696
title,15702
title,15712
title,15713
title,15721
title,15726
title,15732
title,15748
title,15752
title,15771
title,15824
title,15837
title,15842
title,15844
title,15860
title,15875
title,15879
title,15891
title,15896
title,15923
title,15936
title,15943
title,15947
title,15954
title,15957
title,15996
title,16003
title,16014
title,16020
title,16028
title,16031
title,16033
title,16034
title,16036
title,16049
title,16053
title,16056
title,16065
title,16068
title,16075
title,16085
title,16089
title,16092
title,16094
title,16099
title,16102
title,16106
title,16107
title,16119
title,16123
title,16125
title,16127
title,16128
title,16135
title,16141
title,16146
title,16152
title,16155
title,16156
title,16159
title,16165
title,16167
title,16170
title,16171
title,16173
title,16178
title,16181
title,16184
title,16198
title,16200
title,16205
title,16210
title,16216
title,16230
title,16241
title,16243
title,16246
title,16253
title,16258
title,16264
title,16267
title,16269
title,16274
title,16303
title,16310
title,16315
title,16317
title,16318
title,16325
title,16328
title,16330
title,16337
title,16340
title,16341
title,16343
title,16346
title,16347
title,16348
title,16352
title,16363
title,16364
title,16367
title,16368
title,16378
title,16387
title,16397
title,16401
title,16406
title,16408
title,16418
title,16421
title,16423
title,16429
title,16430
title,16432
title,16443
title,16445
title,16451
title,16452
title,16455
title,16471
title,16472
title,16473
title,16478
title,16479
title,16486
title,16490
title,16491
title,16495
title,16501
title,16511
title,16513
title,16521
title,16522
title,16526
title,16529
title,16536
title,16548
title,16583
title,16585
title,16589
title,16592
title,16599
title,16603
title,16604
title,16607
title,16618
title,16620
title,16627
title,16628
title,16630
title,16632
title,16637
title,16641
title,16644
title,16654
title,16662
title,16665
title,16671
title,16673
title,16678
title,16680
title,16689
title,16695
title,16696
title,16701
title,16711
title,16724
title,16726
title,16734
title,16735
title,16738
title,16746
title,16771
title,16773
title,16777
title,16787
title,16794
title,16795
title,16799
title,16802
title,16805
title,16808
title,16809
title,16817
title,16832
title,16838
title,16839
title,16840
title,16843
title,16845
title,16847
title,16848
title,16851
title,16853
title,16855
title,16861
title,16862
title,16866
title,16877
title,16879
title,16880
title,16888
title,16889
title,16896
title,16902
title,16903
title,16906
title,16910
title,16911
title,16912
title,16915
title,16916
title,16922
title,16923
title,16926
title,16938
title,16948
title,16951
title,16956
title,16963
title,16965
title,16972
title,16977
title,16980
title,16984
title,16985
title,16993
title,16996
title,17001
title,17002
title,17004
title,17010
title,17016
title,17020
title,17024
title,17033
title,17045
title,17050
title,17055
title,17057
title,17058
title,17068
title,17069
title,17072
title,17087
title,17093
title,17094
title,17095
title,17096
title,17104
title,17112
title,17119
title,17123
title,17129
title,17130
title,17139
title,17143
title,17147
title,17149
title,17150
title,17154
title,17158
title,17163
title,17167
title,17173
title,17178
title,17186
title,17187
title,17191
title,17200
title,17213
title,17226
title,17241
title,17260
title,17268
title,17275
title,17282
title,17289
title,17294
title,17296
title,17300
title,17303
title,17306
title,17317
title,17319
title,17326
title,17329
title,17331
title,17332
title,17333
title,17335
title,17336
title,17340
title,17355
title,17362
title,17370
title,17371
title,17373
title,17377
title,17380
title,17382
title,17386
title,17389
title,17400
title,17410
title,17416
title,17422
title,17438
title,17439
title,17440
title,17446
title,17459
title,17460
title,17462
title,17465
title,17467
title,17473
title,17477
title,17490
title,17496
title,17531
title,17533
title,17544
title,17555
title,17569
title,17572
title,17578
title,17591
title,17598
title,17638
title,17681
title,17692
title,17721
title,17758
title,17775
title,17787
title,17807
title,17816
title,17846
title,17862
title,17865
title,17883
title,17892
title,17893
title,17895
title,17900
title,17903
title,17904
title,17927
title,17937
title,17940
title,17953
title,17970
title,17972
title,17973
title,17978
title,17983
title,17993
title,18001
title,18020
title,18036
title,18070
title,18083
title,18084
title,18093
title,18096
title,18110
title,18121
title,18122
title,18129
title,18130
title,18142
title,18151
title,18153
title,18173
title,18181
title,18184
title,18192
title,18204
title,18220
title,18252
title,18266
title,18292
title,18295
title,18327
title,18341
title,18387
title,18388
title,18391
title,18397
title,18402
title,18420
title,18450
title,18498
title,18521
title,18537
title,18553
title,18562
title,18568
title,18579
title,18589
title,18591
title,18613
title,18624
title,18653
title,18672
title,18681
title,18692
title,18695
title,18699
title,18721
title,18734
title,18748
title,18761
title,18800
title,18802
title,18805
title,18833
title,18836
title,18844
title,18846
title,18848
title,18854
title,18864
title,18877
title,18905
title,18917
title,18919
title,18921
title,18924
title,18926
title,19167
title,19251
title,19351
title,19370
title,19460
title,19647
title,19786
title,19808
title,19867
title,19951
title,20153
title,20462
title,20898
title,20934
title,20988
title,21040
title,21054
title,21066
title,21160
title,21168
title,21308
title,21486
title,21540
title,21601
title,21728
title,21785
title,21862
title,21922
title,21931
title,21971
title,21974
title,22099
title,22110
title,22113
title,22129
title,22146
title,22150
title,22151
title,22155
title,22198
title,22201
title,22202
title,22210
title,22224
title,22236
title,22263
title,22308
title,22336
title,22338
title,22348
title,22404
title,22442
title,22479
title,22486
title,22489
title,22497
title,22522
title,22570
title,22589
title,22601
title,22614
title,22620
title,22643
title,22662
title,22744
title,22762
title,22795
title,22796
title,22800
title,22811
title,22837
title,22876
title,22891
title,22917
title,22918
title,22921
title,22928
title,22933
title,22950
title,23030
title,23053
title,23055
title,23115
title,23142
title,23209
title,23220
title,23225
title,23282
title,23289
title,23292
title,23297
title,23301
title,23308
title,23309
title,23322
title,23325
title,23327
title,23334
title,23344
title,23355
title,23359
title,23360
title,23362
title,23363
title,23366
title,23372
title,23376
title,23379
title,23383
title,23387
title,23389
title,23392
title,23393
title,23395
title,23398
title,23402
title,23406
title,23407
title,23408
title,23411
title,23414
title,23421
title,23427
title,23428
title,23431
title,23432
title,23434
title,23438
title,23439
title,23441
title,23446
title,23454
title,23455
title,23459
title,23460
title,23473
title,23485
title,23494
title,23495
title,23500
title,23501
title,23504
title,23509
title,23516
title,23520
title,23521
title,23542
title,23548
title,23550
title,23552
title,23553
title,23557
title,23561
title,23563
title,23570
title,23571
title,23572
title,23573
title,23592
title,23601
title,23609
title,23621
title,23629
title,23630
title,23632
title,23634
title,23635
title,23638
title,23641
title,23644
title,23649
title,23652
title,23661
title,23662
title,23664
title,23665
title,23666
title,23672
title,23674
title,23677
title,23679
title,23682
title,23684
title,23688
title,23691
title,23697
title,23700
title,23712
title,23714
title,23721
title,23725
title,23728
title,23730
title,23740
title,23743
title,23745
title,23746
title,23748
title,23755
title,23757
title,23762
title,23766
title,23779
title,23781
title,23786
title,23788
title,23795
title,23814
title,23823
title,23824
title,23829
title,23830
title,23842
title,23844
title,23847
title,23857
title,23865
title,23872
title,23873
title,23874
title,23878
title,23881
title,23882
title,23884
title,23886
title,23887
title,23892
title,23894
title,23905
title,23908
title,23910
title,23911
title,23914
title,23918
title,23920
title,23921
title,23929
title,23935
title,23938
title,23939
title,23942
title,23945
title,23946
title,23955
title,23964
title,23968
title,23970
title,23976
title,23977
title,23978
title,23981
title,23983
title,23987
title,23988
title,23995
title,24002
title,24003
title,24004
title,24005
title,24006
title,24009
title,24012
title,24020
title,24023
title,24026
title,24031
title,24038
title,24039
title,24041
title,24048
title,24052
title,24058
title,24061
title,24071
title,24075
title,24085
title,24088
title,24099
title,24101
title,24103
title,24104
title,24105
title,24110
title,24112
title,24115
title,24125
title,24129
title,24131
title,24132
title,24133
title,24135
title,24140
title,24141
title,24147
title,24149
title,24150
title,24152
title,24155
title,24161
title,24163
title,24166
title,24172
title,24174
title,24175
title,24187
title,24194
title,24197
title,24207
title,24215
title,24222
title,24223
title,24224
title,24227
title,24230
title,24238
title,24250
title,24251
title,24261
title,24262
title,24264
title,24266
title,24271
title,24276
title,24281
title,24283
title,24284
title,24293
title,24318
title,24319
title,24321
title,24322
title,24336
title,24339
title,24348
title,24351
title,24353
title,24358
title,24362
title,24364
title,24367
title,24368
title,24381
title,24390
title,24391
title,24392
title,24398
title,24399
title,24403
title,24408
title,24413
title,24414
title,24415
title,24424
title,24427
title,24430
title,24438
title,24439
title,24441
title,24445
title,24447
title,24456
title,24459
title,24461
title,24462
title,24470
title,24474
title,24491
title,24493
title,24505
title,24507
title,24511
title,24521
title,24527
title,24528
title,24531
title,24535
title,24536
title,24537
title,24540
title,24541
title,24542
title,24544
title,24549
title,24550
title,24552
title,24554
title,24556
title,24557
title,24558
title,24560
title,24563
title,24566
title,24568
title,24569
title,24586
title,24588
title,24590
title,24594
title,24601
title,24608
title,24624
title,24629
title,24638
title,24639
title,24644
title,24649
title,24657
title,24661
title,24662
title,24673
title,24681
title,24683
title,24686
title,24687
title,24688
title,24690
title,24701
title,24704
title,24709
title,24714
title,24720
title,24721
title,24724
title,24730
title,24734
title,24736
title,24738
title,24740
title,24744
title,24747
title,24749
title,24753
title,24755
title,24757
title,24759
title,24760
title,24770
title,24777
title,24778
title,24780
title,24781
title,24786
title,24787
title,24790
title,24791
title,24792
title,24794
title,24799
title,24800
title,24806
title,24809
title,24817
title,24818
title,24820
title,24821
title,24822
title,24825
title,24830
title,24831
title,24833
title,24847
title,24848
title,24849
title,24854
title,24862
title,24871
title,24872
title,24873
title,24876
title,24884
title,24888
title,24892
title,24893
title,24894
title,24895
title,24897
title,24904
title,24911
title,24912
title,24915
title,24916
title,24917
title,24922
title,24923
title,24925
title,24926
title,24927
title,24930
title,24937
title,24941
title,24942
title,24945
title,24948
title,24951
title,24952
title,24954
title,24959
title,24961
title,24965
title,24970
title,24974
title,24975
title,24984
title,24985
title,24989
title,24990
title,24994
title,24996
title,24997
title,25002
title,25006
title,25010
title,25011
title,25014
title,25017
title,25020
title,25033
title,25042
title,25049
title,25052
title,25057
title,25058
title,25062
title,25070
title,25075
title,25079
title,25081
title,25082
title,25084
title,25090
title,25092
title,25093
title,25094
title,25102
title,25105
title,25109
title,25116
title,25121
title,25124
title,25131
title,25132
title,25136
title,25138
title,25142
title,25143
title,25145
title,25152
title,25154
title,25155
title,25159
title,25161
title,25162
title,25164
title,25165
title,25167
title,25169
title,25174
title,25184
title,25187
title,25191
title,25192
title,25194
title,25195
title,25198
title,25202
title,25205
title,25206
title,25207
title,25208
title,25212
title,25218
title,25222
title,25228
title,25229
title,25230
title,25232
title,25234
title,25236
title,25239
title,25240
title,25241
title,25242
title,25243
title,25245
title,25248
title,25252
title,25253
title,25255
title,25256
title,25258
title,25264
title,25266
title,25270
title,25272
title,25276
title,25278
title,25284
title,25285
title,25287
title,25288
title,25299
title,25300
title,25302
title,25312
title,25318
title,25320
title,25321
title,25322
title,25323
title,25324
title,25327
title,25331
title,25338
title,25339
title,25341
title,25342
title,25348
title,25349
title,25352
title,25353
title,25356
title,25360
title,25362
title,25363
title,25366
title,25368
title,25371
title,25372
title,25375
title,25384
title,25385
title,25386
title,25387
title,25389
title,25395
title,25396
title,25399
title,25405
title,25412
title,25423
title,25424
title,25425
title,25430
title,25437
title,25438
title,25441
title,25444
title,25447
title,25458
title,25464
title,25466
title,25477
title,25478
title,25479
title,25481
title,25483
title,25487
title,25490
title,25491
title,25498
title,25502
title,25504
title,25505
title,25508
title,25511
title,25516
title,25523
title,25524
title,25526
title,25529
title,25532
title,25533
title,25541
title,25542
title,25543
title,25552
title,25553
title,25555
title,25557
title,25558
title,25559
title,25562
title,25565
title,25566
title,25569
title,25571
title,25576
title,25578
title,25583
title,25585
title,25587
title,25589
title,25594
title,25597
title,25608
title,25609
title,25618
title,25620
title,25627
title,25628
title,25629
title,25636
title,25638
title,25639
title,25640
title,25644
title,25645
title,25647
title,25648
title,25655
title,25656
title,25671
title,25672
title,25675
title,25679
title,25693
title,25695
title,25696
title,25699
title,25705
title,25711
title,25714
title,25715
title,25716
title,25720
title,25721
title,25727
title,25731
title,25734
title,25735
title,25738
title,25740
title,25742
title,25744
title,25746
title,25749
title,25751
title,25753
title,25761
title,25762
title,25764
title,25778
title,25779
title,25784
title,25787
title,25788
title,25798
title,25801
title,25802
title,25803
title,25804
title,25811
title,25812
title,25818
title,25825
title,25827
title,25828
title,25829
title,25833
title,25840
title,25845
title,25852
title,25855
title,25857
title,25858
title,25866
title,25867
title,25877
title,25879
title,25882
title,25884
title,25889
title,25892
title,25894
title,25895
title,25896
title,25899
title,25902
title,25904
title,25907
title,25908
title,25909
title,25912
title,25915
title,25916
title,25918
title,25924
title,25925
title,25928
title,25929
title,25932
title,25933
title,25937
title,25943
title,25946
title,25950
title,25959
title,25962
title,25964
title,25969
title,25973
title,25975
title,25979
title,25986
title,25990
title,25993
title,25994
title,25995
title,25997
title,25999
title,26000
title,26008
title,26013
title,26017
title,26018
title,26020
title,26021
title,26022
title,26024
title,26034
title,26037
title,26038
title,26042
title,26044
title,26045
title,26047
title,26052
title,26053
title,26057
title,26067
title,26071
title,26072
title,26077
title,26079
title,26086
title,26088
title,26103
title,26113
title,26114
title,26119
title,26120
title,26121
title,26123
title,26124
title,26126
title,26127
title,26130
title,26141
title,26149
title,26157
title,26158
title,26159
title,26161
title,26166
title,26176
title,26177
title,26182
title,26184
title,26191
title,26193
title,26194
title,26195
title,26200
title,26206
title,26214
title,26219
title,26237
title,26247
title,26248
title,26256
title,26259
title,26260
title,26262
title,26266
title,26267
title,26269
title,26271
title,26273
title,26274
title,26279
title,26289
title,26290
title,26293
title,26303
title,26308
title,26309
title,26313
title,26316
title,26323
title,26325
title,26327
title,26331
title,26333
title,26335
title,26336
title,26343
title,26348
title,26351
title,26352
title,26353
title,26355
title,26357
title,26359
title,26361
title,26362
title,26364
title,26365
title,26372
title,26378
title,26384
title,26387
title,26389
title,26391
title,26394
title,26395
title,26396
title,26399
title,26403
title,26410
title,26411
title,26419
title,26420
title,26426
title,26427
title,26430
title,26434
title,26438
title,26444
title,26447
title,26448
title,26451
title,26454
title,26457
title,26459
title,26468
title,26469
title,26472
title,26474
title,26475
title,26478
title,26479
title,26485
title,26494
title,26498
title,26499
title,26500
title,26501
title,26503
title,26505
title,26506
title,26507
title,26519
title,26523
title,26527
title,26531
title,26535
title,26536
title,26538
title,26540
title,26544
title,26549
title,26551
title,26554
title,26559
title,26562
title,26569
title,26572
title,26576
title,26578
title,26582
title,26583
title,26587
title,26589
title,26591
title,26592
title,26599
title,26607
title,26608
title,26613
title,26614
title,26615
title,26617
title,26621
title,26622
title,26623
title,26625
title,26629
title,26630
title,26636
title,26638
title,26641
title,26646
title,26647
title,26649
title,26655
title,26657
title,26661
title,26663
title,26668
title,26669
title,26679
title,26680
title,26682
title,26686
title,26691
title,26698
title,26699
title,26700
title,26703
title,26704
title,26706
title,26708
title,26721
title,26725
title,26732
title,26733
title,26737
title,26741
title,26743
title,26747
title,26749
title,26758
title,26760
title,26763
title,26767
title,26775
title,26776
title,26779
title,26780
title,26781
title,26783
title,26786
title,26790
title,26808
title,26809
title,26813
title,26814
title,26815
title,26816
title,26818
title,26824
title,26826
title,26834
title,26835
title,26842
title,26850
title,26852
title,26853
title,26858
title,26861
title,26866
title,26869
title,26872
title,26876
title,26882
title,26887
title,26891
title,26892
title,26894
title,26895
title,26896
title,26905
title,26907
title,26917
title,26921
title,26924
title,26932
title,26939
title,26941
title,26944
title,26945
title,26949
title,26950
title,26962
title,26967
title,26983
title,26986
title,26988
title,26989
title,26992
title,26996
title,26998
title,26999
title,27005
title,27009
title,27011
title,27019
title,27024
title,27030
title,27031
title,27032
title,27035
title,27036
title,27037
title,27038
title,27043
title,27046
title,27048
title,27054
title,27056
title,27059
title,27066
title,27075
title,27081
title,27084
title,27088
title,27090
title,27105
title,27111
title,27124
title,27125
title,27128
title,27132
title,27133
title,27140
title,27144
title,27148
title,27154
title,27156
title,27158
title,27162
title,27171
title,27174
title,27177
title,27180
title,27181
title,27182
title,27184
title,27187
title,27189
title,27195
title,27198
title,27201
title,27203
title,27209
title,27212
title,27217
title,27220
title,27223
title,27225
title,27229
title,27230
title,27235
title,27236
title,27242
title,27243
title,27245
title,27247
title,27253
title,27254
title,27255
title,27264
title,27266
title,27267
title,27280
title,27281
title,27283
title,27284
title,27285
title,27289
title,27291
title,27298
title,27299
title,27308
title,27313
title,27319
title,27321
title,27322
title,27323
title,27324
title,27327
title,27328
title,27339
title,27340
title,27341
title,27358
title,27363
title,27369
title,27370
title,27371
title,27373
title,27374
title,27377
title,27381
title,27384
title,27385
title,27387
title,27389
title,27393
title,27397
title,27399
title,27403
title,27408
title,27409
title,27414
title,27417
title,27419
title,27423
title,27428
title,27433
title,27435
title,27436
title,27437
title,27442
title,27444
title,27450
title,27452
title,27453
title,27456
title,27462
title,27464
title,27467
title,27471
title,27475
title,27477
title,27480
title,27485
title,27488
title,27490
title,27499
title,27501
title,27503
title,27510
title,27512
title,27513
title,27515
title,27520
title,27522
title,27524
title,27549
title,27562
title,27565
title,27568
title,27570
title,27573
title,27576
title,27580
title,27591
title,27595
title,27596
title,27607
title,27609
title,27613
title,27618
title,27621
title,27636
title,27640
title,27641
title,27645
title,27651
title,27657
title,27660
title,27663
title,27669
title,27670
title,27672
title,27675
title,27678
title,27680
title,27685
title,27693
title,27696
title,27702
title,27707
title,27712
title,27713
title,27714
title,27718
title,27722
title,27723
title,27725
title,27726
title,27728
title,27729
title,27734
title,27743
title,27748
title,27753
title,27756
title,27759
title,27770
title,27771
title,27773
title,27776
title,27779
title,27782
title,27784
title,27790
title,27799
title,27801
title,27802
title,27803
title,27806
title,27817
title,27821
title,27822
title,27823
title,27826
title,27828
title,27837
title,27843
title,27851
title,27853
title,27854
title,27861
title,27870
title,27873
title,27875
title,27883
title,27884
title,27887
title,27891
title,27903
title,27904
title,27905
title,27906
title,27907
title,27909
title,27910
title,27919
title,27925
title,27927
title,27930
title,27936
title,27938
title,27939
title,27941
title,27946
title,27952
title,27953
title,27962
title,27963
title,27964
title,27978
title,27980
title,27987
title,27988
title,27992
title,27994
title,28000
title,28001
title,28002
title,28003
title,28005
title,28006
title,28008
title,28009
title,28010
title,28011
title,28016
title,28019
title,28025
title,28027
title,28034
title,28035
title,28038
title,28040
title,28041
title,28042
title,28047
title,28051
title,28056
title,28059
title,28061
title,28062
title,28069
title,28075
title,28077
title,28080
title,28083
title,28087
title,28093
title,28094
title,28095
title,28096
title,28097
title,28099
title,28101
title,28102
title,28113
title,28114
title,28116
title,28125
title,28128
title,28140
title,28143
title,28144
title,28145
title,28147
title,28152
title,28156
title,28160
title,28164
title,28168
title,28171
title,28177
title,28181
title,28188
title,28190
title,28191
title,28196
title,28199
title,28201
title,28205
title,28208
title,28211
title,28214
title,28218
title,28219
title,28220
title,28221
title,28222
title,28224
title,28226
title,28228
title,28233
title,28235
title,28242
title,28245
title,28246
title,28250
title,28252
title,28253
title,28254
title,28255
title,28257
title,28265
title,28267
title,28275
title,28279
title,28289
title,28295
title,28303
title,28304
title,28323
title,28326
title,28332
title,28334
title,28338
title,28339
title,28345
title,28347
title,28348
title,28354
title,28355
title,28356
title,28363
title,28365
title,28367
title,28370
title,28373
title,28383
title,28385
title,28388
title,28391
title,28393
title,28398
title,28402
title,28404
title,28411
title,28412
title,28413
title,28414
title,28415
title,28416
title,28417
title,28419
title,28421
title,28423
title,28425
title,28441
title,28442
title,28453
title,28454
title,28458
title,28460
title,28463
title,28464
title,28468
title,28469
title,28470
title,28474
title,28480
title,28486
title,28498
title,28505
title,28508
title,28512
title,28519
title,28520
title,28524
title,28534
title,28543
title,28552
title,28554
title,28555
title,28558
title,28562
title,28566
title,28569
title,28572
title,28576
title,28578
title,28580
title,28583
title,28584
title,28589
title,28591
title,28596
title,28600
title,28601
title,28603
title,28604
title,28606
title,28610
title,28617
title,28621
title,28624
title,28631
title,28635
title,28636
title,28642
title,28644
title,28651
title,28655
title,28657
title,28658
title,28660
title,28665
title,28666
title,28667
title,28669
title,28670
title,28675
title,28677
title,28679
title,28681
title,28687
title,28689
title,28691
title,28695
title,28696
title,28697
title,28706
title,28711
title,28715
title,28716
title,28718
title,28722
title,28724
title,28731
title,28733
title,28735
title,28736
title,28737
title,28739
title,28741
title,28749
title,28750
title,28751
title,28753
title,28754
title,28756
title,28757
title,28765
title,28768
title,28769
title,28771
title,28772
title,28773
title,28775
title,28782
title,28785
title,28786
title,28788
title,28789
title,28793
title,28797
title,28804
title,28805
title,28808
title,28809
title,28814
title,28815
title,28819
title,28820
title,28821
title,28825
title,28831
title,28837
title,28838
title,28841
title,28843
title,28845
title,28848
title,28852
title,28853
title,28854
title,28857
title,28861
title,28862
title,28870
title,28872
title,28876
title,28877
title,28880
title,28882
title,28883
title,28884
title,28885
title,28889
title,28891
title,28894
title,28895
title,28896
title,28902
title,28904
title,28909
title,28910
title,28913
title,28920
title,28922
title,28927
title,28929
title,28930
title,28937
title,28939
title,28941
title,28947
title,28949
title,28955
title,28957
title,28960
title,28969
title,28971
title,28972
title,28974
title,28976
title,28979
title,28980
title,28984
title,28985
title,28988
title,28989
title,28990
title,28996
title,28998
title,29003
title,29004
title,29005
title,29006
title,29009
title,29011
title,29013
title,29014
title,29015
title,29016
title,29017
title,29019
title,29021
title,29023
title,29026
title,29032
title,29034
title,29035
title,29037
title,29038
title,29039
title,29041
title,29047
title,29050
title,29051
title,29053
title,29055
title,29061
title,29068
title,29069
title,29071
title,29074
title,29075
title,29081
title,29082
title,29087
title,29088
title,29093
title,29095
title,29099
title,29101
title,29102
title,29104
title,29108
title,29110
title,29114
title,29118
title,29120
title,29121
title,29122
title,29125
title,29142
title,29145
title,29148
title,29159
title,29162
title,29165
title,29167
title,29168
title,29171
title,29172
title,29174
title,29178
title,29181
title,29183
title,29185
title,29186
title,29191
title,29195
title,29196
title,29198
title,29203
title,29204
title,29208
title,29215
title,29218
title,29221
title,29228
title,29229
title,29240
title,29241
title,29242
title,29245
title,29251
title,29256
title,29257
title,29263
title,29265
title,29270
title,29274
title,29277
title,29279
title,29280
title,29284
title,29285
title,29288
title,29290
title,29291
title,29297
title,29298
title,29299
title,29304
title,29306
title,29307
title,29308
title,29311
title,29312
title,29313
title,29318
title,29320
title,29321
title,29323
title,29325
title,29326
title,29329
title,29344
title,29345
title,29355
title,29358
title,29359
title,29361
title,29362
title,29363
title,29372
title,29375
title,29378
title,29379
title,29381
title,29383
title,29385
title,29387
title,29388
title,29390
title,29392
title,29393
title,29403
title,29404
title,29406
title,29408
title,29410
title,29413
title,29416
title,29418
title,29426
title,29431
title,29436
title,29441
title,29449
title,29453
title,29458
title,29460
title,29465
title,29468
title,29469
title,29471
title,29474
title,29477
title,29480
title,29481
title,29486
title,29492
title,29495
title,29496
title,29499
title,29501
title,29504
title,29506
title,29509
title,29512
title,29513
title,29514
title,29515
title,29521
title,29528
title,29529
title,29533
title,29534
title,29538
title,29540
title,29543
title,29544
title,29551
title,29555
title,29558
title,29560
title,29567
title,29569
title,29570
title,29571
title,29575
title,29577
title,29579
title,29580
title,29585
title,29588
title,29590
title,29597
title,29600
title,29601
title,29602
title,29603
title,29605
title,29607
title,29608
title,29612
title,29614
title,29615
title,29616
title,29617
title,29623
title,29632
title,29633
title,29637
title,29643
title,29645
title,29649
title,29650
title,29652
title,29653
title,29657
title,29662
title,29663
title,29671
title,29672
title,29678
title,29679
title,29681
title,29702
title,29709
title,29710
title,29712
title,29713
title,29714
title,29716
title,29718
title,29724
title,29726
title,29728
title,29730
title,29734
title,29738
title,29739
title,29743
title,29744
title,29752
title,29758
title,29759
title,29761
title,29762
title,29765
title,29767
title,29770
title,29771
title,29773
title,29777
title,29780
title,29781
title,29783
title,29785
title,29791
title,29794
title,29797
title,29808
title,29810
title,29814
title,29820
title,29821
title,29822
title,29823
title,29824
title,29825
title,29826
title,29827
title,29828
title,29833
title,29838
title,29848
title,29851
title,29854
title,29855
title,29856
title,29858
title,29861
title,29865
title,29869
title,29871
title,29879
title,29880
title,29881
title,29882
title,29885
title,29888
title,29890
title,29893
title,29896
title,29900
title,29909
title,29910
title,29915
title,29918
title,29921
title,29923
title,29927
title,29929
title,29932
title,29935
title,29936
title,29939
title,29940
title,29942
title,29944
title,29948
title,29949
title,29953
title,29955
title,29956
title,29958
title,29966
title,29967
title,29968
title,29969
title,29971
title,29972
title,29973
title,29976
title,29978
title,29982
title,29985
title,29988
title,29989
title,29990
title,29991
title,29994
title,29997
title,29998
title,30001
title,30002
title,30008
title,30020
title,30026
title,30028
title,30033
title,30035
title,30039
title,30041
title,30042
title,30044
title,30046
title,30047
title,30049
title,30050
title,30067
title,30073
title,30078
title,30080
title,30083
title,30088
title,30092
title,30100
title,30108
title,30109
title,30113
title,30114
title,30116
title,30118
title,30121
title,30123
title,30124
title,30129
title,30132
title,30142
title,30145
title,30146
title,30147
title,30150
title,30152
title,30161
title,30168
title,30170
title,30171
title,30174
title,30178
title,30183
title,30188
title,30189
title,30191
title,30196
title,30197
title,30200
title,30201
title,30203
title,30205
title,30210
title,30213
title,30217
title,30223
title,30227
title,30228
title,30231
title,30233
title,30235
title,30242
title,30243
title,30259
title,30260
title,30261
title,30264
title,30265
title,30266
title,30270
title,30271
title,30274
title,30276
title,30278
title,30282
title,30284
title,30287
title,30288
title,30291
title,30292
title,30296
title,30300
title,30301
title,30309
title,30310
title,30313
title,30314
title,30315
title,30319
title,30322
title,30323
title,30325
title,30328
title,30332
title,30333
title,30335
title,30336
title,30337
title,30340
title,30342
title,30343
title,30345
title,30347
title,30352
title,30356
title,30359
title,30360
title,30362
title,30365
title,30368
title,30370
title,30371
title,30372
title,30375
title,30377
title,30378
title,30381
title,30384
title,30385
title,30387
title,30395
title,30397
title,30400
title,30407
title,30412
title,30414
title,30415
title,30416
title,30418
title,30419
title,30425
title,30428
title,30436
title,30438
title,30440
title,30443
title,30444
title,30452
title,30455
title,30456
title,30459
title,30460
title,30461
title,30468
title,30471
title,30475
title,30476
title,30482
title,30485
title,30487
title,30492
title,30493
title,30497
title,30499
title,30508
title,30510
title,30512
title,30514
title,30516
title,30521
title,30522
title,30526
title,30533
title,30534
title,30539
title,30544
title,30548
title,30549
title,30552
title,30553
title,30554
title,30558
title,30565
title,30568
title,30569
title,30571
title,30574
title,30575
title,30576
title,30577
title,30579
title,30582
title,30583
title,30585
title,30586
title,30589
title,30591
title,30595
title,30601
title,30606
title,30607
title,30608
title,30609
title,30617
title,30620
title,30621
title,30623
title,30624
title,30626
title,30628
title,30629
title,30631
title,30632
title,30633
title,30634
title,30635
title,30640
title,30645
title,30648
title,30658
title,30662
title,30667
title,30669
title,30671
title,30672
title,30675
title,30683
title,30684
title,30685
title,30687
title,30688
title,30691
title,30697
title,30699
title,30700
title,30701
title,30703
title,30706
title,30707
title,30711
title,30717
title,30725
title,30727
title,30729
title,30733
title,30734
title,30736
title,30739
title,30743
title,30744
title,30745
title,30748
title,30750
title,30754
title,30761
title,30765
title,30770
title,30773
title,30775
title,30778
title,30781
title,30785
title,30789
title,30792
title,30796
title,30798
title,30800
title,30804
title,30805
title,30810
title,30811
title,30813
title,30814
title,30818
title,30823
title,30824
title,30830
title,30832
title,30837
title,30842
title,30852
title,30853
title,30854
title,30856
title,30858
title,30861
title,30865
title,30866
title,30867
title,30869
title,30877
title,30878
title,30880
title,30882
title,30883
title,30884
title,30885
title,30886
title,30888
title,30890
title,30892
title,30893
title,30894
title,30896
title,30899
title,30900
title,30909
title,30912
title,30914
title,30917
title,30921
title,30925
title,30926
title,30928
title,30929
title,30931
title,30933
title,30934
title,30936
title,30940
title,30945
title,30947
title,30952
title,30953
title,30954
title,30955
title,30956
title,30957
title,30961
title,30962
title,30963
title,30964
title,30966
title,30967
title,30969
title,30974
title,30977
title,30980
title,30981
title,30982
title,30984
title,30986
title,30988
title,30989
title,30991
title,30999
title,31000
title,31007
title,31009
title,31012
title,31018
title,31019
title,31021
title,31022
title,31023
title,31024
title,31026
title,31029
title,31032
title,31034
title,31038
title,31041
title,31042
title,31050
title,31054
title,31055
title,31057
title,31060
title,31061
title,31064
title,31065
title,31066
title,31069
title,31071
title,31073
title,31076
title,31079
title,31081
title,31082
title,31083
title,31087
title,31091
title,31092
title,31095
title,31096
title,31097
title,31103
title,31104
title,31110
title,31111
title,31114
title,31115
title,31117
title,31120
title,31121
title,31122
title,31123
title,31124
title,31125
title,31127
title,31133
title,31135
title,31137
title,31139
title,31140
title,31141
title,31142
title,31143
title,31145
title,31146
title,31150
title,31152
title,31154
title,31157
title,31161
title,31162
title,31164
title,31169
title,31170
title,31171
title,31172
title,31174
title,31176
title,31177
title,31179
title,31180
title,31182
title,31185
title,31187
title,31189
title,31190
title,31192
title,31195
title,31197
title,31198
title,31202
title,31203
title,31207
title,31208
title,31213
title,31216
title,31217
title,31221
title,31223
title,31230
title,31231
title,31232
title,31234
title,31237
title,31238
title,31241
title,31244
title,31246
title,31249
title,31254
title,31257
title,31268
title,31270
title,31271
title,31272
title,31273
title,31277
title,31280
title,31283
title,31285
title,31286
title,31289
title,31291
title,31294
title,31295
title,31299
title,31300
title,31301
title,31302
title,31306
title,31310
title,31312
title,31317
title,31318
title,31319
title,31321
title,31326
title,31329
title,31331
title,31332
title,31333
title,31335
title,31338
title,31339
title,31350
title,31351
title,31352
title,31353
title,31354
title,31355
title,31357
title,31362
title,31366
title,31369
title,31370
title,31371
title,31372
title,31373
title,31381
title,31384
title,31389
title,31392
title,31393
title,31394
title,31395
title,31400
title,31401
title,31406
title,31407
title,31413
title,31418
title,31419
title,31422
title,31425
title,31427
title,31429
title,31441
title,31447
title,31448
title,31449
title,31450
title,31451
title,31452
title,31453
title,31457
title,31460
title,31462
title,31464
title,31466
title,31467
title,31468
title,31470
title,31472
title,31474
title,31475
title,31483
title,31489
title,31491
title,31493
title,31495
title,31496
title,31497
title,31502
title,31505
title,31511
title,31515
title,31516
title,31521
title,31526
title,31529
title,31530
title,31532
title,31533
title,31537
title,31538
title,31542
title,31543
title,31547
title,31548
title,31551
title,31553
title,31557
title,31558
title,31562
title,31565
title,31567
title,31568
title,31569
title,31573
title,31575
title,31577
title,31579
title,31581
title,31583
title,31586
title,31588
title,31590
title,31592
title,31593
title,31595
title,31600
title,31603
title,31604
title,31610
title,31618
title,31623
title,31625
title,31628
title,31630
title,31633
title,31639
title,31645
title,31650
title,31651
title,31652
title,31653
title,31655
title,31656
title,31660
title,31666
title,31667
title,31670
title,31671
title,31672
title,31674
title,31679
title,31680
title,31682
title,31689
title,31690
title,31692
title,31693
title,31697
title,31698
title,31700
title,31706
title,31708
title,31722
title,31723
title,31724
title,31725
title,31726
title,31727
title,31729
title,31730
title,31733
title,31734
title,31737
title,31740
title,31744
title,31747
title,31748
title,31749
title,31751
title,31757
title,31758
title,31762
title,31765
title,31766
title,31767
title,31770
title,31776
title,31777
title,31779
title,31781
title,31783
title,31784
title,31785
title,31789
title,31790
title,31791
title,31794
title,31798
title,31799
title,31800
title,31801
title,31802
title,31803
title,31806
title,31807
title,31812
title,31814
title,31817
title,31819
title,31820
title,31826
title,31827
title,31830
title,31832
title,31838
title,31841
title,31844
title,31847
title,31851
title,31855
title,31858
title,31860
title,31865
title,31866
title,31867
title,31869
title,31870
title,31872
title,31873
title,31876
title,31878
title,31881
title,31882
title,31885
title,31887
title,31890
title,31892
title,31893
title,31894
title,31895
title,31898
title,31899
title,31902
title,31903
title,31904
title,31906
title,31908
title,31909
title,31911
title,31918
title,31922
title,31923
title,31924
title,31926
title,31928
title,31930
title,31931
title,31932
title,31934
title,31936
title,31939
title,31944
title,31949
title,31951
title,31952
title,31953
title,31956
title,31957
title,31962
title,31963
title,31965
title,31967
title,31968
title,31969
title,31972
title,31974
title,31976
title,31980
title,31981
title,31982
title,31983
title,31984
title,31985
title,31989
title,31990
title,31992
title,31993
title,31995
title,31999
title,32000
title,32002
title,32008
title,32009
title,32013
title,32019
title,32022
title,32023
title,32025
title,32028
title,32029
title,32032
title,32034
title,32035
title,32037
title,32042
title,32044
title,32045
title,32048
title,32052
title,32054
title,32055
title,32056
title,32060
title,32061
title,32063
title,32066
title,32068
title,32071
title,32077
title,32078
title,32079
title,32080
title,32082
title,32083
title,32090
title,32093
title,32095
title,32101
title,32102
title,32108
title,32113
title,32115
title,32116
title,32119
title,32120
title,32121
title,32122
title,32127
title,32133
title,32134
title,32143
title,32146
title,32148
title,32149
title,32153
title,32161
title,32166
title,32169
title,32171
title,32173
title,32175
title,32176
title,32179
title,32180
title,32189
title,32190
title,32193
title,32195
title,32208
title,32211
title,32212
title,32213
title,32217
title,32221
title,32223
title,32225
title,32229
title,32230
title,32231
title,32236
title,32237
title,32238
title,32240
title,32246
title,32248
title,32250
title,32260
title,32261
title,32262
title,32263
title,32268
title,32272
title,32280
title,32282
title,32283
title,32284
title,32285
title,32288
title,32290
title,32292
title,32293
title,32294
title,32296
title,32299
title,32310
title,32314
title,32315
title,32317
title,32321
title,32325
title,32329
title,32334
title,32339
title,32343
title,32344
title,32346
title,32347
title,32348
title,32353
title,32357
title,32359
title,32362
title,32364
title,32367
title,32368
title,32371
title,32372
title,32373
title,32375
title,32376
title,32382
title,32383
title,32386
title,32393
title,32394
title,32401
title,32404
title,32405
title,32407
title,32408
title,32409
title,32410
title,32413
title,32417
title,32418
title,32420
title,32421
title,32422
title,32424
title,32425
title,32426
title,32428
title,32430
title,32431
title,32432
title,32433
title,32438
title,32439
title,32440
title,32442
title,32449
title,32454
title,32455
title,32457
title,32459
title,32461
title,32464
title,32466
title,32469
title,32473
title,32474
title,32478
title,32480
title,32482
title,32484
title,32485
title,32488
title,32490
title,32491
title,32492
title,32493
title,32495
title,32497
title,32504
title,32509
title,32510
title,32511
title,32512
title,32513
title,32516
title,32518
title,32519
title,32525
title,32527
title,32529
title,32531
title,32534
title,32536
title,32538
title,32545
title,32547
title,32549
title,32552
title,32554
title,32555
title,32560
title,32561
title,32563
title,32570
title,32571
title,32572
title,32576
title,32578
title,32579
title,32580
title,32582
title,32583
title,32584
title,32585
title,32587
title,32589
title,32590
title,32593
title,32595
title,32599
title,32600
title,32601
title,32604
title,32605
title,32608
title,32609
title,32611
title,32615
title,32621
title,32624
title,32626
title,32627
title,32637
title,32638
title,32642
title,32644
title,32646
title,32647
title,32648
title,32653
title,32659
title,32663
title,32665
title,32666
title,32676
title,32678
title,32679
title,32680
title,32683
title,32684
title,32685
title,32687
title,32688
title,32690
title,32691
title,32693
title,32694
title,32695
title,32696
title,32698
title,32699
title,32700
title,32701
title,32703
title,32706
title,32707
title,32708
title,32709
title,32710
title,32715
title,32718
title,32724
title,32725
title,32727
title,32731
title,32732
title,32734
title,32736
title,32738
title,32739
title,32740
title,32744
title,32747
title,32748
title,32751
title,32752
title,32755
title,32757
title,32764
title,32769
title,32770
title,32771
title,32773
title,32774
title,32778
title,32779
title,32783
title,32784
title,32785
title,32786
title,32787
title,32789
title,32795
title,32796
title,32797
title,32798
title,32800
title,32801
title,32808
title,32809
title,32810
title,32812
title,32815
title,32817
title,32818
title,32819
title,32826
title,32830
title,32832
title,32835
title,32838
title,32839
title,32848
title,32851
title,32852
title,32861
title,32862
title,32864
title,32869
title,32874
title,32880
title,32881
title,32889
title,32898
title,32900
title,32903
title,32906
title,32907
title,32916
title,32917
title,32924
title,32930
title,32935
title,32955
title,32956
title,32960
title,32962
title,32964
title,32966
title,32967
title,32973
title,32975
title,32976
title,32977
title,32979
title,32983
title,32985
title,32986
title,32990
title,32991
title,32992
title,32994
title,32995
title,32997
title,33002
title,33010
title,33014
title,33015
title,33030
title,33039
title,33042
title,33043
title,33046
title,33052
title,33054
title,33058
title,33060
title,33061
title,33062
title,33063
title,33065
title,33075
title,33078
title,33079
title,33085
title,33087
title,33093
title,33095
title,33099
title,33104
title,33105
title,33106
title,33107
title,33109
title,33116
title,33122
title,33123
title,33124
title,33125
title,33128
title,33129
title,33134
title,33136
title,33137
title,33138
title,33145
title,33150
title,33152
title,33154
title,33159
title,33165
title,33168
title,33169
title,33174
title,33176
title,33178
title,33179
title,33180
title,33181
title,33182
title,33191
title,33194
title,33196
title,33198
title,33199
title,33201
title,33207
title,33215
title,33218
title,33220
title,33221
title,33225
title,33237
title,33240
title,33253
title,33254
title,33260
title,33263
title,33264
title,33267
title,33270
title,33277
title,33278
title,33295
title,33304
title,33315
title,33317
title,33320
title,33325
title,33327
title,33328
title,33333
title,33335
title,33340
title,33347
title,33349
title,33352
title,33354
title,33356
title,33358
title,33363
title,33372
title,33373
title,33374
title,33376
title,33380
title,33382
title,33385
title,33389
title,33391
title,33395
title,33397
title,33398
title,33401
title,33403
title,33409
title,33414
title,33415
title,33416
title,33418
title,33427
title,33430
title,33433
title,33435
title,33446
title,33448
title,33452
title,33456
title,33457
title,33466
title,33470
title,33472
title,33473
title,33474
title,33480
title,33481
title,33487
title,33490
title,33500
title,33508
title,33509
title,33515
title,33522
title,33525
title,33535
title,33538
title,33540
title,33544
title,33547
title,33553
title,33559
title,33560
title,33561
title,33563
title,33564
title,33571
title,33576
title,33578
title,33580
title,33582
title,33584
title,33585
title,33586
title,33587
title,33589
title,33591
title,33595
title,33597
title,33599
title,33603
title,33604
title,33612
title,33616
title,33617
title,33623
title,33625
title,33627
title,33630
title,33632
title,33633
title,33634
title,33636
title,33638
title,33639
title,33643
title,33646
title,33649
title,33654
title,33656
title,33659
title,33661
title,33662
title,33666
title,33672
title,33673
title,33680
title,33683
title,33689
title,33698
title,33700
title,33704
title,33710
title,33713
title,33715
title,33716
title,33718
title,33729
title,33732
title,33738
title,33745
title,33746
title,33747
title,33753
title,33754
title,33760
title,33761
title,33762
title,33763
title,33764
title,33766
title,33769
title,33773
title,33779
title,33782
title,33786
title,33794
title,33795
title,33796
title,33798
title,33803
title,33807
title,33808
title,33809
title,33817
title,33822
title,33828
title,33831
title,33842
title,33849
title,33855
title,33856
title,33857
title,33858
title,33869
title,33871
title,33873
title,33876
title,33882
title,33883
title,33884
title,33890
title,33899
title,33907
title,33913
title,33914
title,33915
title,33921
title,33924
title,33927
title,33931
title,33934
title,33937
title,33940
title,33942
title,33943
title,33947
title,33953
title,33955
title,33963
title,33967
title,33975
title,33978
title,33979
title,33981
title,33982
title,33986
title,33987
title,33988
title,33992
title,33993
title,34000
title,34004
title,34007
title,34009
title,34017
title,34018
title,34020
title,34023
title,34028
title,34036
title,34038
title,34041
title,34042
title,34044
title,34049
title,34055
title,34056
title,34059
title,34060
title,34063
title,34064
title,34067
title,34068
title,34078
title,34079
title,34084
title,34086
title,34095
title,34096
title,34098
title,34103
title,34106
title,34109
title,34110
title,34115
title,34116
title,34122
title,34126
title,34128
title,34135
title,34140
title,34142
title,34143
title,34145
title,34148
title,34150
title,34151
title,34153
title,34154
title,34158
title,34161
title,34163
title,34166
title,34167
title,34168
title,34173
title,34174
title,34175
title,34178
title,34179
title,34180
title,34181
title,34185
title,34187
title,34188
title,34190
title,34193
title,34201
title,34202
title,34204
title,34205
title,34217
title,34218
title,34222
title,34228
title,34230
title,34231
title,34235
title,34236
title,34238
title,34239
title,34240
title,34247
title,34248
title,34249
title,34252
title,34254
title,34258
title,34260
title,34265
title,34266
title,34268
title,34275
title,34276
title,34279
title,34283
title,34284
title,34286
title,34287
title,34289
title,34293
title,34296
title,34299
title,34309
title,34318
title,34328
title,34329
title,34330
title,34331
title,34332
title,34335
title,34336
title,34340
title,34341
title,34348
title,34349
title,34351
title,34352
title,34356
title,34360
title,34364
title,34365
title,34366
title,34370
title,34372
title,34376
title,34378
title,34382
title,34383
title,34384
title,34385
title,34387
title,34388
title,34396
title,34397
title,34398
title,34399
title,34408
title,34410
title,34412
title,34415
title,34416
title,34417
title,34422
title,34423
title,34426
title,34429
title,34430
title,34431
title,34434
title,34436
title,34438
title,34439
title,34443
title,34444
title,34445
title,34448
title,34454
title,34459
title,34467
title,34468
title,34471
title,34472
title,34473
title,34476
title,34477
title,34478
title,34488
title,34492
title,34501
title,34505
title,34509
title,34510
title,34511
title,34514
title,34515
title,34531
title,34533
title,34535
title,34536
title,34538
title,34540
title,34543
title,34546
title,34549
title,34550
title,34551
title,34554
title,34555
title,34556
title,34562
title,34564
title,34566
title,34570
title,34572
title,34573
title,34576
title,34582
title,34584
title,34585
title,34586
title,34587
title,34588
title,34590
title,34592
title,34597
title,34598
title,34599
title,34610
title,34621
title,34623
title,34628
title,34630
title,34632
title,34633
title,34635
title,34639
title,34640
title,34645
title,34648
title,34649
title,34651
title,34653
title,34654
title,34655
title,34666
title,34673
title,34674
title,34675
title,34678
title,34682
title,34683
title,34684
title,34687
title,34691
title,34694
title,34695
title,34703
title,34712
title,34717
title,34720
title,34723
title,34726
title,34727
title,34730
title,34737
title,34739
title,34740
title,34741
title,34745
title,34747
title,34756
title,34757
title,34761
title,34765
title,34767
title,34768
title,34769
title,34770
title,34772
title,34773
title,34775
title,34780
title,34782
title,34786
title,34788
title,34789
title,34792
title,34793
title,34795
title,34797
title,34798
title,34799
title,34806
title,34808
title,34810
title,34814
title,34815
title,34820
title,34821
title,34826
title,34827
title,34830
title,34833
title,34837
title,34840
title,34847
title,34852
title,34857
title,34859
title,34861
title,34869
title,34874
title,34876
title,34879
title,34885
title,34887
title,34888
title,34904
title,34905
title,34907
title,34911
title,34912
title,34915
title,34918
title,34928
title,34929
title,34930
title,34931
title,34932
title,34938
title,34941
title,34942
title,34945
title,34946
title,34947
title,34951
title,34958
title,34970
title,34975
title,34976
title,34977
title,34982
title,34983
title,34989
title,34990
title,34995
title,35001
title,35004
title,35009
title,35020
title,35021
title,35022
title,35023
title,35026
title,35027
title,35030
title,35034
title,35038
title,35039
title,35041
title,35042
title,35043
title,35046
title,35047
title,35051
title,35052
title,35053
title,35056
title,35057
title,35062
title,35064
title,35066
title,35068
title,35072
title,35075
title,35082
title,35084
title,35085
title,35087
title,35090
title,35092
title,35094
title,35098
title,35104
title,35105
title,35111
title,35114
title,35116
title,35118
title,35120
title,35121
title,35123
title,35127
title,35129
title,35130
title,35137
title,35143
title,35147
title,35149
title,35150
title,35152
title,35159
title,35163
title,35170
title,35171
title,35172
title,35174
title,35178
title,35179
title,35182
title,35183
title,35186
title,35188
title,35191
title,35198
title,35199
title,35201
title,35203
title,35205
title,35208
title,35213
title,35215
title,35220
title,35223
title,35225
title,35226
title,35227
title,35231
title,35233
title,35234
title,35237
title,35240
title,35241
title,35242
title,35245
title,35246
title,35247
title,35254
title,35255
title,35259
title,35261
title,35263
title,35264
title,35270
title,35271
title,35277
title,35280
title,35281
title,35283
title,35285
title,35288
title,35289
title,35290
title,35291
title,35294
title,35295
title,35296
title,35298
title,35299
title,35306
title,35307
title,35308
title,35309
title,35310
title,35312
title,35320
title,35322
title,35328
title,35330
title,35334
title,35336
title,35337
title,35339
title,35341
title,35343
title,35345
title,35349
title,35353
title,35354
title,35357
title,35358
title,35359
title,35361
title,35363
title,35364
title,35366
title,35371
title,35377
title,35381
title,35382
title,35383
title,35385
title,35390
title,35392
title,35395
title,35397
title,35399
title,35405
title,35406
title,35407
title,35408
title,35412
title,35420
title,35421
title,35430
title,35433
title,35434
title,35435
title,35436
title,35437
title,35438
title,35439
title,35452
title,35454
title,35455
title,35457
title,35462
title,35463
title,35468
title,35469
title,35470
title,35474
title,35476
title,35486
title,35494
title,35500
title,35502
title,35504
title,35506
title,35511
title,35512
title,35513
title,35514
title,35515
title,35516
title,35518
title,35520
title,35522
title,35524
title,35525
title,35526
title,35527
title,35528
title,35530
title,35535
title,35539
title,35540
title,35543
title,35544
title,35545
title,35546
title,35554
title,35556
title,35561
title,35562
title,35567
title,35570
title,35571
title,35573
title,35578
title,35580
title,35581
title,35582
title,35584
title,35587
title,35588
title,35591
title,35592
title,35594
title,35596
title,35597
title,35599
title,35601
title,35602
title,35603
title,35604
title,35605
title,35607
title,35608
title,35613
title,35614
title,35616
title,35617
title,35622
title,35625
title,35626
title,35630
title,35631
title,35632
title,35637
title,35642
title,35643
title,35647
title,35649
title,35653
title,35654
title,35655
title,35657
title,35667
title,35672
title,35674
title,35678
title,35679
title,35683
title,35687
title,35689
title,35692
title,35693
title,35694
title,35697
title,35702
title,35706
title,35709
title,35710
title,35718
title,35719
title,35720
title,35724
title,35727
title,35728
title,35730
title,35734
title,35738
title,35742
title,35743
title,35745
title,35746
title,35748
title,35750
title,35752
title,35753
title,35754
title,35755
title,35756
title,35758
title,35759
title,35761
title,35762
title,35765
title,35766
title,35768
title,35769
title,35770
title,35771
title,35774
title,35777
title,35779
title,35781
title,35783
title,35786
title,35788
title,35789
title,35790
title,35791
title,35794
title,35796
title,35797
title,35800
title,35804
title,35805
title,35808
title,35809
title,35811
title,35812
title,35813
title,35814
title,35815
title,35817
title,35818
title,35820
title,35824
title,35825
title,35826
title,35827
title,35829
title,35830
title,35831
title,35833
title,35835
title,35837
title,35840
title,35843
title,35847
title,35851
title,35852
title,35857
title,35858
title,35860
title,35862
title,35867
title,35873
title,35876
title,35877
title,35884
title,35886
title,35889
title,35892
title,35895
title,35896
title,35897
title,35899
title,35902
title,35903
title,35904
title,35905
title,35906
title,35908
title,35909
title,35910
title,35913
title,35914
title,35920
title,35921
title,35923
title,35924
title,35925
title,35926
title,35929
title,35932
title,35940
title,35943
title,35946
title,35948
title,35950
title,35953
title,35954
title,35955
title,35957
title,35959
