table,block
cast_info,0
cast_info,4
cast_info,6
cast_info,7
cast_info,76
cast_info,101
cast_info,117
cast_info,156
cast_info,198
cast_info,249
cast_info,260
cast_info,270
cast_info,279
cast_info,330
cast_info,350
cast_info,357
cast_info,372
cast_info,382
cast_info,440
cast_info,468
cast_info,469
cast_info,491
cast_info,502
cast_info,504
cast_info,517
cast_info,528
cast_info,531
cast_info,562
cast_info,615
cast_info,628
cast_info,658
cast_info,687
cast_info,694
cast_info,784
cast_info,789
cast_info,799
cast_info,812
cast_info,886
cast_info,900
cast_info,903
cast_info,933
cast_info,1036
cast_info,1038
cast_info,1050
cast_info,1069
cast_info,1074
cast_info,1087
cast_info,1128
cast_info,1137
cast_info,1152
cast_info,1156
cast_info,1225
cast_info,1251
cast_info,1259
cast_info,1274
cast_info,1312
cast_info,1321
cast_info,1339
cast_info,1387
cast_info,1397
cast_info,1413
cast_info,1428
cast_info,1449
cast_info,1455
cast_info,1587
cast_info,1621
cast_info,1631
cast_info,1643
cast_info,1660
cast_info,1669
cast_info,1678
cast_info,1740
cast_info,1757
cast_info,1774
cast_info,1798
cast_info,1804
cast_info,1823
cast_info,1826
cast_info,1834
cast_info,1842
cast_info,1875
cast_info,1896
cast_info,1946
cast_info,2004
cast_info,2037
cast_info,2048
cast_info,2080
cast_info,2101
cast_info,2143
cast_info,2151
cast_info,2177
cast_info,2220
cast_info,2237
cast_info,2255
cast_info,2284
cast_info,2290
cast_info,2310
cast_info,2351
cast_info,2386
cast_info,2390
cast_info,2504
cast_info,2511
cast_info,2596
cast_info,2606
cast_info,2611
cast_info,2626
cast_info,2635
cast_info,2640
cast_info,2651
cast_info,2656
cast_info,2665
cast_info,2700
cast_info,2734
cast_info,2745
cast_info,2773
cast_info,2806
cast_info,2847
cast_info,2880
cast_info,2946
cast_info,2967
cast_info,2968
cast_info,3019
cast_info,3086
cast_info,3106
cast_info,3134
cast_info,3160
cast_info,3205
cast_info,3342
cast_info,3356
cast_info,3387
cast_info,3453
cast_info,3508
cast_info,3523
cast_info,3536
cast_info,3545
cast_info,3552
cast_info,3555
cast_info,3633
cast_info,3663
cast_info,3680
cast_info,3690
cast_info,3706
cast_info,3710
cast_info,3719
cast_info,3729
cast_info,3806
cast_info,3817
cast_info,3828
cast_info,3840
cast_info,3842
cast_info,3875
cast_info,3884
cast_info,3927
cast_info,3928
cast_info,3933
cast_info,3934
cast_info,4031
cast_info,4035
cast_info,4071
cast_info,4074
cast_info,4084
cast_info,4107
cast_info,4125
cast_info,4182
cast_info,4208
cast_info,4213
cast_info,4229
cast_info,4234
cast_info,4282
cast_info,4301
cast_info,4307
cast_info,4332
cast_info,4346
cast_info,4376
cast_info,4381
cast_info,4440
cast_info,4521
cast_info,4557
cast_info,4620
cast_info,4625
cast_info,4628
cast_info,4659
cast_info,4711
cast_info,4802
cast_info,4831
cast_info,4845
cast_info,4917
cast_info,4919
cast_info,4928
cast_info,4929
cast_info,4932
cast_info,4973
cast_info,5006
cast_info,5022
cast_info,5031
cast_info,5046
cast_info,5066
cast_info,5094
cast_info,5151
cast_info,5177
cast_info,5197
cast_info,5228
cast_info,5245
cast_info,5250
cast_info,5300
cast_info,5318
cast_info,5336
cast_info,5339
cast_info,5370
cast_info,5401
cast_info,5421
cast_info,5441
cast_info,5517
cast_info,5594
cast_info,5748
cast_info,5752
cast_info,5821
cast_info,5867
cast_info,5895
cast_info,6029
cast_info,6051
cast_info,6094
cast_info,6108
cast_info,6132
cast_info,6133
cast_info,6186
cast_info,6202
cast_info,6246
cast_info,6260
cast_info,6270
cast_info,6285
cast_info,6300
cast_info,6380
cast_info,6391
cast_info,6397
cast_info,6399
cast_info,6425
cast_info,6449
cast_info,6461
cast_info,6542
cast_info,6569
cast_info,6583
cast_info,6585
cast_info,6606
cast_info,6609
cast_info,6610
cast_info,6623
cast_info,6638
cast_info,6644
cast_info,6686
cast_info,6695
cast_info,6721
cast_info,6725
cast_info,6756
cast_info,6762
cast_info,6793
cast_info,6825
cast_info,6830
cast_info,6846
cast_info,6878
cast_info,6901
cast_info,6908
cast_info,6938
cast_info,6939
cast_info,6951
cast_info,6961
cast_info,6990
cast_info,6996
cast_info,6998
cast_info,7044
cast_info,7068
cast_info,7082
cast_info,7085
cast_info,7097
cast_info,7131
cast_info,7140
cast_info,7191
cast_info,7205
cast_info,7216
cast_info,7219
cast_info,7225
cast_info,7287
cast_info,7333
cast_info,7335
cast_info,7343
cast_info,7344
cast_info,7355
cast_info,7384
cast_info,7386
cast_info,7387
cast_info,7388
cast_info,7389
cast_info,7392
cast_info,7458
cast_info,7464
cast_info,7474
cast_info,7478
cast_info,7480
cast_info,7481
cast_info,7560
cast_info,7580
cast_info,7599
cast_info,7643
cast_info,7668
cast_info,7769
cast_info,7804
cast_info,7807
cast_info,7847
cast_info,7848
cast_info,7873
cast_info,7880
cast_info,7898
cast_info,7914
cast_info,7922
cast_info,7981
cast_info,8083
cast_info,8094
cast_info,8154
cast_info,8172
cast_info,8247
cast_info,8248
cast_info,8278
cast_info,8290
cast_info,8294
cast_info,8363
cast_info,8369
cast_info,8371
cast_info,8440
cast_info,8534
cast_info,8541
cast_info,8549
cast_info,8566
cast_info,8580
cast_info,8610
cast_info,8649
cast_info,8652
cast_info,8792
cast_info,8868
cast_info,8874
cast_info,8956
cast_info,8962
cast_info,8969
cast_info,9038
cast_info,9044
cast_info,9060
cast_info,9066
cast_info,9164
cast_info,9192
cast_info,9248
cast_info,9249
cast_info,9272
cast_info,9285
cast_info,9295
cast_info,9324
cast_info,9337
cast_info,9357
cast_info,9383
cast_info,9394
cast_info,9402
cast_info,9435
cast_info,9438
cast_info,9442
cast_info,9457
cast_info,9463
cast_info,9476
cast_info,9483
cast_info,9491
cast_info,9522
cast_info,9524
cast_info,9525
cast_info,9579
cast_info,9590
cast_info,9595
cast_info,9599
cast_info,9617
cast_info,9629
cast_info,9774
cast_info,9792
cast_info,9873
cast_info,9896
cast_info,9923
cast_info,9926
cast_info,9967
cast_info,9999
cast_info,10041
cast_info,10101
cast_info,10102
cast_info,10125
cast_info,10130
cast_info,10178
cast_info,10191
cast_info,10249
cast_info,10252
cast_info,10290
cast_info,10308
cast_info,10312
cast_info,10323
cast_info,10344
cast_info,10346
cast_info,10347
cast_info,10352
cast_info,10410
cast_info,10451
cast_info,10455
cast_info,10508
cast_info,10548
cast_info,10555
cast_info,10578
cast_info,10596
cast_info,10604
cast_info,10622
cast_info,10642
cast_info,10657
cast_info,10771
cast_info,10785
cast_info,10807
cast_info,10854
cast_info,10872
cast_info,10875
cast_info,10921
cast_info,10924
cast_info,10925
cast_info,10945
cast_info,10957
cast_info,11010
cast_info,11016
cast_info,11033
cast_info,11047
cast_info,11050
cast_info,11051
cast_info,11053
cast_info,11081
cast_info,11116
cast_info,11119
cast_info,11135
cast_info,11147
cast_info,11149
cast_info,11157
cast_info,11166
cast_info,11199
cast_info,11215
cast_info,11236
cast_info,11239
cast_info,11270
cast_info,11333
cast_info,11351
cast_info,11365
cast_info,11452
cast_info,11454
cast_info,11456
cast_info,11462
cast_info,11463
cast_info,11523
cast_info,11525
cast_info,11533
cast_info,11537
cast_info,11538
cast_info,11592
cast_info,11593
cast_info,11633
cast_info,11721
cast_info,11739
cast_info,11741
cast_info,11838
cast_info,11861
cast_info,11912
cast_info,11936
cast_info,11959
cast_info,11979
cast_info,12040
cast_info,12098
cast_info,12126
cast_info,12198
cast_info,12199
cast_info,12269
cast_info,12302
cast_info,12316
cast_info,12355
cast_info,12519
cast_info,12529
cast_info,12577
cast_info,12624
cast_info,12628
cast_info,12682
cast_info,12698
cast_info,12745
cast_info,12759
cast_info,12765
cast_info,12796
cast_info,12862
cast_info,12881
cast_info,12882
cast_info,12930
cast_info,12944
cast_info,12945
cast_info,12957
cast_info,12959
cast_info,13061
cast_info,13092
cast_info,13095
cast_info,13129
cast_info,13158
cast_info,13161
cast_info,13172
cast_info,13199
cast_info,13202
cast_info,13249
cast_info,13267
cast_info,13292
cast_info,13308
cast_info,13309
cast_info,13314
cast_info,13338
cast_info,13354
cast_info,13371
cast_info,13401
cast_info,13414
cast_info,13434
cast_info,13463
cast_info,13521
cast_info,13522
cast_info,13548
cast_info,13552
cast_info,13571
cast_info,13606
cast_info,13618
cast_info,13622
cast_info,13632
cast_info,13685
cast_info,13686
cast_info,13692
cast_info,13765
cast_info,13807
cast_info,13813
cast_info,13827
cast_info,13830
cast_info,13847
cast_info,13859
cast_info,13923
cast_info,13954
cast_info,13965
cast_info,13966
cast_info,13972
cast_info,13990
cast_info,13994
cast_info,14023
cast_info,14026
cast_info,14027
cast_info,14029
cast_info,14035
cast_info,14047
cast_info,14049
cast_info,14053
cast_info,14061
cast_info,14063
cast_info,14077
cast_info,14112
cast_info,14165
cast_info,14171
cast_info,14181
cast_info,14198
cast_info,14205
cast_info,14206
cast_info,14215
cast_info,14237
cast_info,14289
cast_info,14320
cast_info,14322
cast_info,14341
cast_info,14361
cast_info,14364
cast_info,14366
cast_info,14369
cast_info,14384
cast_info,14387
cast_info,14445
cast_info,14555
cast_info,14578
cast_info,14586
cast_info,14639
cast_info,14645
cast_info,14671
cast_info,14691
cast_info,14701
cast_info,14756
cast_info,14760
cast_info,14761
cast_info,14801
cast_info,14836
cast_info,14881
cast_info,14892
cast_info,14900
cast_info,14908
cast_info,14935
cast_info,14943
cast_info,14967
cast_info,14969
cast_info,15030
cast_info,15050
cast_info,15095
cast_info,15115
cast_info,15117
cast_info,15124
cast_info,15153
cast_info,15167
cast_info,15191
cast_info,15201
cast_info,15207
cast_info,15216
cast_info,15217
cast_info,15262
cast_info,15269
cast_info,15272
cast_info,15324
cast_info,15327
cast_info,15332
cast_info,15350
cast_info,15390
cast_info,15395
cast_info,15427
cast_info,15446
cast_info,15454
cast_info,15514
cast_info,15551
cast_info,15561
cast_info,15620
cast_info,15622
cast_info,15640
cast_info,15647
cast_info,15648
cast_info,15659
cast_info,15662
cast_info,15698
cast_info,15703
cast_info,15709
cast_info,15748
cast_info,15754
cast_info,15758
cast_info,15783
cast_info,15895
cast_info,15901
cast_info,15903
cast_info,15925
cast_info,15928
cast_info,15958
cast_info,15970
cast_info,15972
cast_info,15976
cast_info,16024
cast_info,16044
cast_info,16064
cast_info,16089
cast_info,16107
cast_info,16118
cast_info,16127
cast_info,16162
cast_info,16185
cast_info,16203
cast_info,16207
cast_info,16217
cast_info,16236
cast_info,16266
cast_info,16288
cast_info,16289
cast_info,16300
cast_info,16303
cast_info,16304
cast_info,16306
cast_info,16307
cast_info,16358
cast_info,16383
cast_info,16422
cast_info,16475
cast_info,16476
cast_info,16498
cast_info,16544
cast_info,16548
cast_info,16632
cast_info,16645
cast_info,16655
cast_info,16683
cast_info,16700
cast_info,16702
cast_info,16729
cast_info,16733
cast_info,16771
cast_info,16817
cast_info,16823
cast_info,16872
cast_info,16894
cast_info,16913
cast_info,16928
cast_info,16957
cast_info,16975
cast_info,16977
cast_info,16996
cast_info,16997
cast_info,17109
cast_info,17133
cast_info,17143
cast_info,17168
cast_info,17174
cast_info,17183
cast_info,17227
cast_info,17284
cast_info,17297
cast_info,17324
cast_info,17326
cast_info,17331
cast_info,17346
cast_info,17347
cast_info,17398
cast_info,17404
cast_info,17449
cast_info,17488
cast_info,17490
cast_info,17510
cast_info,17608
cast_info,17610
cast_info,17658
cast_info,17662
cast_info,17666
cast_info,17677
cast_info,17716
cast_info,17735
cast_info,17766
cast_info,17787
cast_info,17789
cast_info,17883
cast_info,17891
cast_info,17892
cast_info,17895
cast_info,17900
cast_info,17925
cast_info,17942
cast_info,17943
cast_info,18014
cast_info,18025
cast_info,18038
cast_info,18087
cast_info,18144
cast_info,18153
cast_info,18246
cast_info,18334
cast_info,18359
cast_info,18369
cast_info,18417
cast_info,18429
cast_info,18438
cast_info,18446
cast_info,18476
cast_info,18639
cast_info,18649
cast_info,18651
cast_info,18672
cast_info,18711
cast_info,18723
cast_info,18774
cast_info,18776
cast_info,18777
cast_info,18874
cast_info,18925
cast_info,18933
cast_info,18939
cast_info,18970
cast_info,19028
cast_info,19080
cast_info,19104
cast_info,19120
cast_info,19177
cast_info,19184
cast_info,19186
cast_info,19194
cast_info,19261
cast_info,19280
cast_info,19353
cast_info,19390
cast_info,19410
cast_info,19411
cast_info,19469
cast_info,19479
cast_info,19517
cast_info,19518
cast_info,19530
cast_info,19549
cast_info,19573
cast_info,19614
cast_info,19617
cast_info,19627
cast_info,19633
cast_info,19648
cast_info,19665
cast_info,19697
cast_info,19732
cast_info,19747
cast_info,19790
cast_info,19815
cast_info,19834
cast_info,19853
cast_info,19857
cast_info,19874
cast_info,19886
cast_info,19946
cast_info,19979
cast_info,20009
cast_info,20012
cast_info,20156
cast_info,20171
cast_info,20214
cast_info,20228
cast_info,20249
cast_info,20252
cast_info,20286
cast_info,20318
cast_info,20331
cast_info,20359
cast_info,20403
cast_info,20436
cast_info,20437
cast_info,20451
cast_info,20474
cast_info,20492
cast_info,20521
cast_info,20533
cast_info,20577
cast_info,20588
cast_info,20631
cast_info,20633
cast_info,20634
cast_info,20647
cast_info,20672
cast_info,20675
cast_info,20754
cast_info,20788
cast_info,20871
cast_info,20927
cast_info,20955
cast_info,20985
cast_info,20987
cast_info,20988
cast_info,21045
cast_info,21051
cast_info,21064
cast_info,21081
cast_info,21093
cast_info,21097
cast_info,21100
cast_info,21170
cast_info,21361
cast_info,21364
cast_info,21407
cast_info,21444
cast_info,21517
cast_info,21523
cast_info,21555
cast_info,21558
cast_info,21580
cast_info,21610
cast_info,21620
cast_info,21621
cast_info,21640
cast_info,21658
cast_info,21664
cast_info,21671
cast_info,21677
cast_info,21688
cast_info,21710
cast_info,21711
cast_info,21750
cast_info,21781
cast_info,21794
cast_info,21799
cast_info,21804
cast_info,21830
cast_info,21838
cast_info,21856
cast_info,21878
cast_info,21920
cast_info,21934
cast_info,21936
cast_info,21967
cast_info,22005
cast_info,22043
cast_info,22140
cast_info,22148
cast_info,22153
cast_info,22176
cast_info,22185
cast_info,22187
cast_info,22201
cast_info,22217
cast_info,22227
cast_info,22289
cast_info,22290
cast_info,22313
cast_info,22320
cast_info,22321
cast_info,22353
cast_info,22362
cast_info,22422
cast_info,22426
cast_info,22455
cast_info,22465
cast_info,22466
cast_info,22477
cast_info,22512
cast_info,22528
cast_info,22605
cast_info,22729
cast_info,22758
cast_info,22765
cast_info,22784
cast_info,22917
cast_info,22940
cast_info,22966
cast_info,22990
cast_info,23060
cast_info,23064
cast_info,23067
cast_info,23085
cast_info,23097
cast_info,23098
cast_info,23108
cast_info,23112
cast_info,23212
cast_info,23223
cast_info,23240
cast_info,23246
cast_info,23250
cast_info,23253
cast_info,23255
cast_info,23280
cast_info,23281
cast_info,23350
cast_info,23368
cast_info,23376
cast_info,23380
cast_info,23384
cast_info,23385
cast_info,23404
cast_info,23407
cast_info,23409
cast_info,23421
cast_info,23428
cast_info,23474
cast_info,23486
cast_info,23495
cast_info,23520
cast_info,23537
cast_info,23546
cast_info,23627
cast_info,23631
cast_info,23640
cast_info,23644
cast_info,23664
cast_info,23718
cast_info,23719
cast_info,23732
cast_info,23759
cast_info,23910
cast_info,23911
cast_info,24020
cast_info,24049
cast_info,24063
cast_info,24066
cast_info,24069
cast_info,24138
cast_info,24146
cast_info,24156
cast_info,24186
cast_info,24189
cast_info,24279
cast_info,24291
cast_info,24292
cast_info,24311
cast_info,24319
cast_info,24392
cast_info,24393
cast_info,24394
cast_info,24406
cast_info,24415
cast_info,24420
cast_info,24503
cast_info,24507
cast_info,24516
cast_info,24518
cast_info,24525
cast_info,24568
cast_info,24573
cast_info,24575
cast_info,24666
cast_info,24687
cast_info,24699
cast_info,24721
cast_info,24731
cast_info,24732
cast_info,24750
cast_info,24781
cast_info,24782
cast_info,24789
cast_info,24803
cast_info,24812
cast_info,24816
cast_info,24840
cast_info,24900
cast_info,24931
cast_info,24936
cast_info,24940
cast_info,24962
cast_info,24969
cast_info,25034
cast_info,25047
cast_info,25065
cast_info,25068
cast_info,25071
cast_info,25086
cast_info,25107
cast_info,25114
cast_info,25144
cast_info,25148
cast_info,25178
cast_info,25198
cast_info,25214
cast_info,25249
cast_info,25278
cast_info,25280
cast_info,25363
cast_info,25377
cast_info,25422
cast_info,25427
cast_info,25487
cast_info,25490
cast_info,25507
cast_info,25543
cast_info,25551
cast_info,25558
cast_info,25568
cast_info,25569
cast_info,25570
cast_info,25583
cast_info,25589
cast_info,25654
cast_info,25681
cast_info,25699
cast_info,25709
cast_info,25713
cast_info,25738
cast_info,25743
cast_info,25793
cast_info,25804
cast_info,25816
cast_info,25835
cast_info,25837
cast_info,25845
cast_info,25974
cast_info,25991
cast_info,26007
cast_info,26023
cast_info,26028
cast_info,26040
cast_info,26053
cast_info,26059
cast_info,26068
cast_info,26078
cast_info,26084
cast_info,26113
cast_info,26117
cast_info,26145
cast_info,26148
cast_info,26166
cast_info,26282
cast_info,26296
cast_info,26313
cast_info,26321
cast_info,26324
cast_info,26335
cast_info,26450
cast_info,26505
cast_info,26507
cast_info,26511
cast_info,26526
cast_info,26576
cast_info,26582
cast_info,26591
cast_info,26622
cast_info,26646
cast_info,26656
cast_info,26664
cast_info,26668
cast_info,26673
cast_info,26682
cast_info,26691
cast_info,26692
cast_info,26695
cast_info,26805
cast_info,26843
cast_info,26856
cast_info,26882
cast_info,26898
cast_info,26946
cast_info,26954
cast_info,26966
cast_info,26993
cast_info,26994
cast_info,27026
cast_info,27038
cast_info,27042
cast_info,27052
cast_info,27056
cast_info,27066
cast_info,27067
cast_info,27111
cast_info,27119
cast_info,27155
cast_info,27156
cast_info,27188
cast_info,27192
cast_info,27234
cast_info,27252
cast_info,27254
cast_info,27293
cast_info,27309
cast_info,27325
cast_info,27423
cast_info,27435
cast_info,27463
cast_info,27470
cast_info,27499
cast_info,27504
cast_info,27519
cast_info,27526
cast_info,27554
cast_info,27561
cast_info,27565
cast_info,27578
cast_info,27583
cast_info,27631
cast_info,27666
cast_info,27704
cast_info,27771
cast_info,27782
cast_info,27803
cast_info,27810
cast_info,27812
cast_info,27829
cast_info,27836
cast_info,27855
cast_info,27878
cast_info,27920
cast_info,27940
cast_info,27946
cast_info,27955
cast_info,27965
cast_info,27976
cast_info,27989
cast_info,28004
cast_info,28024
cast_info,28035
cast_info,28044
cast_info,28095
cast_info,28096
cast_info,28123
cast_info,28187
cast_info,28263
cast_info,28299
cast_info,28324
cast_info,28352
cast_info,28391
cast_info,28393
cast_info,28449
cast_info,28483
cast_info,28484
cast_info,28496
cast_info,28503
cast_info,28530
cast_info,28556
cast_info,28559
cast_info,28569
cast_info,28645
cast_info,28671
cast_info,28703
cast_info,28716
cast_info,28723
cast_info,28769
cast_info,28793
cast_info,28818
cast_info,28821
cast_info,28861
cast_info,28863
cast_info,28864
cast_info,28869
cast_info,28878
cast_info,28915
cast_info,28931
cast_info,28969
cast_info,28974
cast_info,28975
cast_info,28976
cast_info,28978
cast_info,28987
cast_info,29008
cast_info,29013
cast_info,29014
cast_info,29015
cast_info,29031
cast_info,29036
cast_info,29059
cast_info,29169
cast_info,29186
cast_info,29243
cast_info,29267
cast_info,29269
cast_info,29280
cast_info,29293
cast_info,29294
cast_info,29345
cast_info,29349
cast_info,29353
cast_info,29357
cast_info,29409
cast_info,29420
cast_info,29435
cast_info,29472
cast_info,29519
cast_info,29523
cast_info,29536
cast_info,29550
cast_info,29553
cast_info,29607
cast_info,29613
cast_info,29695
cast_info,29708
cast_info,29727
cast_info,29740
cast_info,29752
cast_info,29764
cast_info,29771
cast_info,29792
cast_info,29885
cast_info,29886
cast_info,29932
cast_info,29950
cast_info,29998
cast_info,30032
cast_info,30040
cast_info,30067
cast_info,30076
cast_info,30081
cast_info,30099
cast_info,30111
cast_info,30143
cast_info,30157
cast_info,30159
cast_info,30160
cast_info,30177
cast_info,30184
cast_info,30199
cast_info,30200
cast_info,30207
cast_info,30218
cast_info,30236
cast_info,30255
cast_info,30259
cast_info,30276
cast_info,30327
cast_info,30386
cast_info,30431
cast_info,30528
cast_info,30530
cast_info,30604
cast_info,30609
cast_info,30670
cast_info,30671
cast_info,30679
cast_info,30774
cast_info,30878
cast_info,30904
cast_info,30923
cast_info,30934
cast_info,31085
cast_info,31109
cast_info,31132
cast_info,31140
cast_info,31173
cast_info,31204
cast_info,31257
cast_info,31284
cast_info,31305
cast_info,31349
cast_info,31386
cast_info,31388
cast_info,31390
cast_info,31402
cast_info,31403
cast_info,31405
cast_info,31442
cast_info,31455
cast_info,31508
cast_info,31637
cast_info,31644
cast_info,31657
cast_info,31660
cast_info,31661
cast_info,31678
cast_info,31681
cast_info,31691
cast_info,31702
cast_info,31722
cast_info,31742
cast_info,31748
cast_info,31791
cast_info,31827
cast_info,31842
cast_info,31847
cast_info,31895
cast_info,31970
cast_info,31980
cast_info,31995
cast_info,32013
cast_info,32019
cast_info,32047
cast_info,32049
cast_info,32061
cast_info,32145
cast_info,32160
cast_info,32285
cast_info,32295
cast_info,32306
cast_info,32316
cast_info,32332
cast_info,32376
cast_info,32414
cast_info,32466
cast_info,32487
cast_info,32502
cast_info,32521
cast_info,32563
cast_info,32585
cast_info,32602
cast_info,32613
cast_info,32636
cast_info,32653
cast_info,32705
cast_info,32709
cast_info,32721
cast_info,32754
cast_info,32785
cast_info,32796
cast_info,32819
cast_info,32824
cast_info,32895
cast_info,32903
cast_info,32948
cast_info,32975
cast_info,32986
cast_info,32988
cast_info,32991
cast_info,33014
cast_info,33031
cast_info,33118
cast_info,33138
cast_info,33147
cast_info,33151
cast_info,33185
cast_info,33202
cast_info,33229
cast_info,33268
cast_info,33310
cast_info,33337
cast_info,33359
cast_info,33384
cast_info,33385
cast_info,33386
cast_info,33406
cast_info,33435
cast_info,33455
cast_info,33489
cast_info,33513
cast_info,33615
cast_info,33626
cast_info,33650
cast_info,33727
cast_info,33745
cast_info,33788
cast_info,33833
cast_info,33837
cast_info,33851
cast_info,33864
cast_info,33905
cast_info,33914
cast_info,33945
cast_info,33956
cast_info,33997
cast_info,34017
cast_info,34033
cast_info,34048
cast_info,34081
cast_info,34155
cast_info,34206
cast_info,34208
cast_info,34211
cast_info,34251
cast_info,34329
cast_info,34330
cast_info,34349
cast_info,34364
cast_info,34442
cast_info,34448
cast_info,34468
cast_info,34542
cast_info,34558
cast_info,34563
cast_info,34580
cast_info,34603
cast_info,34706
cast_info,34776
cast_info,34872
cast_info,34928
cast_info,34959
cast_info,34979
cast_info,35013
cast_info,35014
cast_info,35061
cast_info,35081
cast_info,35095
cast_info,35102
cast_info,35193
cast_info,35216
cast_info,35218
cast_info,35236
cast_info,35270
cast_info,35296
cast_info,35297
cast_info,35433
cast_info,35439
cast_info,35455
cast_info,35456
cast_info,35511
cast_info,35572
cast_info,35632
cast_info,35637
cast_info,35646
cast_info,35650
cast_info,35697
cast_info,35710
cast_info,35731
cast_info,35755
cast_info,35774
cast_info,35796
cast_info,35905
cast_info,35956
cast_info,36019
cast_info,36027
cast_info,36040
cast_info,36051
cast_info,36102
cast_info,36103
cast_info,36119
cast_info,36178
cast_info,36193
cast_info,36231
cast_info,36238
cast_info,36251
cast_info,36267
cast_info,36351
cast_info,36400
cast_info,36412
cast_info,36466
cast_info,36486
cast_info,36490
cast_info,36518
cast_info,36669
cast_info,36686
cast_info,36696
cast_info,36736
cast_info,36751
cast_info,36762
cast_info,36772
cast_info,36794
cast_info,36796
cast_info,36828
cast_info,36839
cast_info,36843
cast_info,36949
cast_info,36980
cast_info,37038
cast_info,37050
cast_info,37080
cast_info,37086
cast_info,37095
cast_info,37128
cast_info,37171
cast_info,37175
cast_info,37202
cast_info,37211
cast_info,37240
cast_info,37254
cast_info,37260
cast_info,37275
cast_info,37281
cast_info,37308
cast_info,37325
cast_info,37336
cast_info,37338
cast_info,37375
cast_info,37395
cast_info,37405
cast_info,37410
cast_info,37438
cast_info,37453
cast_info,37458
cast_info,37478
cast_info,37545
cast_info,37547
cast_info,37559
cast_info,37566
cast_info,37583
cast_info,37618
cast_info,37621
cast_info,37644
cast_info,37663
cast_info,37666
cast_info,37687
cast_info,37700
cast_info,37722
cast_info,37832
cast_info,37855
cast_info,37876
cast_info,37897
cast_info,37898
cast_info,37949
cast_info,38157
cast_info,38169
cast_info,38173
cast_info,38186
cast_info,38192
cast_info,38210
cast_info,38222
cast_info,38262
cast_info,38321
cast_info,38328
cast_info,38337
cast_info,38364
cast_info,38370
cast_info,38371
cast_info,38376
cast_info,38385
cast_info,38395
cast_info,38421
cast_info,38424
cast_info,38494
cast_info,38520
cast_info,38543
cast_info,38565
cast_info,38584
cast_info,38601
cast_info,38620
cast_info,38653
cast_info,38686
cast_info,38700
cast_info,38751
cast_info,38754
cast_info,38790
cast_info,38791
cast_info,38827
cast_info,38828
cast_info,38854
cast_info,38884
cast_info,38914
cast_info,38931
cast_info,38934
cast_info,38977
cast_info,39000
cast_info,39047
cast_info,39050
cast_info,39066
cast_info,39099
cast_info,39136
cast_info,39151
cast_info,39165
cast_info,39175
cast_info,39180
cast_info,39195
cast_info,39209
cast_info,39243
cast_info,39254
cast_info,39255
cast_info,39276
cast_info,39310
cast_info,39313
cast_info,39316
cast_info,39379
cast_info,39382
cast_info,39504
cast_info,39532
cast_info,39569
cast_info,39571
cast_info,39572
cast_info,39579
cast_info,39588
cast_info,39591
cast_info,39596
cast_info,39606
cast_info,39608
cast_info,39610
cast_info,39621
cast_info,39676
cast_info,39684
cast_info,39690
cast_info,39734
cast_info,39742
cast_info,39763
cast_info,39793
cast_info,39794
cast_info,39795
cast_info,39812
cast_info,39829
cast_info,39836
cast_info,39846
cast_info,39888
cast_info,39931
cast_info,39944
cast_info,39969
cast_info,39985
cast_info,40000
cast_info,40081
cast_info,40097
cast_info,40111
cast_info,40173
cast_info,40225
cast_info,40262
cast_info,40336
cast_info,40351
cast_info,40358
cast_info,40412
cast_info,40428
cast_info,40496
cast_info,40506
cast_info,40526
cast_info,40547
cast_info,40565
cast_info,40581
cast_info,40598
cast_info,40675
cast_info,40679
cast_info,40700
cast_info,40720
cast_info,40727
cast_info,40733
cast_info,40734
cast_info,40789
cast_info,40831
cast_info,40843
cast_info,40860
cast_info,40880
cast_info,40900
cast_info,40913
cast_info,40925
cast_info,40946
cast_info,40951
cast_info,41023
cast_info,41118
cast_info,41121
cast_info,41132
cast_info,41169
cast_info,41176
cast_info,41199
cast_info,41201
cast_info,41222
cast_info,41227
cast_info,41238
cast_info,41247
cast_info,41306
cast_info,41335
cast_info,41342
cast_info,41386
cast_info,41444
cast_info,41455
cast_info,41460
cast_info,41476
cast_info,41481
cast_info,41494
cast_info,41527
cast_info,41544
cast_info,41601
cast_info,41604
cast_info,41620
cast_info,41629
cast_info,41639
cast_info,41661
cast_info,41678
cast_info,41696
cast_info,41792
cast_info,41836
cast_info,41841
cast_info,41860
cast_info,41906
cast_info,41913
cast_info,41933
cast_info,41962
cast_info,42013
cast_info,42049
cast_info,42064
cast_info,42070
cast_info,42092
cast_info,42122
cast_info,42123
cast_info,42138
cast_info,42162
cast_info,42182
cast_info,42192
cast_info,42230
cast_info,42235
cast_info,42288
cast_info,42343
cast_info,42378
cast_info,42445
cast_info,42474
cast_info,42475
cast_info,42489
cast_info,42553
cast_info,42612
cast_info,42650
cast_info,42653
cast_info,42664
cast_info,42707
cast_info,42727
cast_info,42871
cast_info,42911
cast_info,42940
cast_info,42977
cast_info,42994
cast_info,43046
cast_info,43072
cast_info,43077
cast_info,43130
cast_info,43152
cast_info,43176
cast_info,43201
cast_info,43204
cast_info,43237
cast_info,43259
cast_info,43264
cast_info,43272
cast_info,43283
cast_info,43311
cast_info,43335
cast_info,43375
cast_info,43378
cast_info,43403
cast_info,43405
cast_info,43407
cast_info,43448
cast_info,43454
cast_info,43465
cast_info,43478
cast_info,43480
cast_info,43495
cast_info,43534
cast_info,43541
cast_info,43560
cast_info,43599
cast_info,43611
cast_info,43619
cast_info,43680
cast_info,43684
cast_info,43685
cast_info,43712
cast_info,43723
cast_info,43739
cast_info,43771
cast_info,43810
cast_info,43812
cast_info,43825
cast_info,43839
cast_info,43855
cast_info,43893
cast_info,43896
cast_info,43933
cast_info,43938
cast_info,43965
cast_info,43971
cast_info,43995
cast_info,43999
cast_info,44018
cast_info,44029
cast_info,44056
cast_info,44069
cast_info,44148
cast_info,44190
cast_info,44229
cast_info,44271
cast_info,44284
cast_info,44293
cast_info,44330
cast_info,44367
cast_info,44386
cast_info,44403
cast_info,44431
cast_info,44476
cast_info,44520
cast_info,44548
cast_info,44631
cast_info,44637
cast_info,44668
cast_info,44690
cast_info,44699
cast_info,44705
cast_info,44706
cast_info,44722
cast_info,44756
cast_info,44858
cast_info,44893
cast_info,44922
cast_info,44925
cast_info,44943
cast_info,44984
cast_info,45039
cast_info,45058
cast_info,45066
cast_info,45109
cast_info,45129
cast_info,45142
cast_info,45204
cast_info,45206
cast_info,45216
cast_info,45264
cast_info,45267
cast_info,45282
cast_info,45283
cast_info,45284
cast_info,45285
cast_info,45300
cast_info,45301
cast_info,45314
cast_info,45346
cast_info,45421
cast_info,45445
cast_info,45536
cast_info,45579
cast_info,45651
cast_info,45656
cast_info,45672
cast_info,45679
cast_info,45684
cast_info,45691
cast_info,45785
cast_info,45788
cast_info,45814
cast_info,45841
cast_info,45889
cast_info,45959
cast_info,45965
cast_info,46000
cast_info,46003
cast_info,46023
cast_info,46059
cast_info,46060
cast_info,46123
cast_info,46183
cast_info,46216
cast_info,46249
cast_info,46268
cast_info,46329
cast_info,46336
cast_info,46372
cast_info,46374
cast_info,46437
cast_info,46446
cast_info,46462
cast_info,46484
cast_info,46512
cast_info,46522
cast_info,46540
cast_info,46563
cast_info,46567
cast_info,46569
cast_info,46675
cast_info,46690
cast_info,46762
cast_info,46770
cast_info,46810
cast_info,46811
cast_info,46877
cast_info,46922
cast_info,46954
cast_info,46995
cast_info,46997
cast_info,47022
cast_info,47023
cast_info,47024
cast_info,47031
cast_info,47041
cast_info,47059
cast_info,47066
cast_info,47073
cast_info,47206
cast_info,47217
cast_info,47219
cast_info,47281
cast_info,47298
cast_info,47301
cast_info,47321
cast_info,47322
cast_info,47353
cast_info,47357
cast_info,47370
cast_info,47404
cast_info,47419
cast_info,47431
cast_info,47468
cast_info,47479
cast_info,47490
cast_info,47507
cast_info,47525
cast_info,47536
cast_info,47546
cast_info,47549
cast_info,47550
cast_info,47630
cast_info,47657
cast_info,47666
cast_info,47689
cast_info,47725
cast_info,47804
cast_info,47818
cast_info,47878
cast_info,47929
cast_info,47934
cast_info,47953
cast_info,47974
cast_info,47981
cast_info,47988
cast_info,48024
cast_info,48057
cast_info,48058
cast_info,48151
cast_info,48207
cast_info,48244
cast_info,48313
cast_info,48316
cast_info,48379
cast_info,48422
cast_info,48480
cast_info,48515
cast_info,48522
cast_info,48541
cast_info,48553
cast_info,48641
cast_info,48664
cast_info,48728
cast_info,48768
cast_info,48790
cast_info,48865
cast_info,48884
cast_info,48903
cast_info,48915
cast_info,48918
cast_info,48943
cast_info,48944
cast_info,48950
cast_info,48993
cast_info,48996
cast_info,49008
cast_info,49013
cast_info,49018
cast_info,49030
cast_info,49032
cast_info,49070
cast_info,49098
cast_info,49149
cast_info,49166
cast_info,49179
cast_info,49197
cast_info,49203
cast_info,49207
cast_info,49280
cast_info,49281
cast_info,49323
cast_info,49328
cast_info,49378
cast_info,49386
cast_info,49391
cast_info,49441
cast_info,49445
cast_info,49467
cast_info,49469
cast_info,49471
cast_info,49485
cast_info,49534
cast_info,49538
cast_info,49568
cast_info,49599
cast_info,49629
cast_info,49695
cast_info,49696
cast_info,49736
cast_info,49768
cast_info,49797
cast_info,49832
cast_info,49838
cast_info,49859
cast_info,49861
cast_info,49884
cast_info,49891
cast_info,49940
cast_info,49941
cast_info,49946
cast_info,50037
cast_info,50054
cast_info,50075
cast_info,50099
cast_info,50125
cast_info,50164
cast_info,50195
cast_info,50200
cast_info,50201
cast_info,50230
cast_info,50238
cast_info,50247
cast_info,50264
cast_info,50330
cast_info,50340
cast_info,50348
cast_info,50387
cast_info,50422
cast_info,50426
cast_info,50466
cast_info,50473
cast_info,50482
cast_info,50523
cast_info,50524
cast_info,50536
cast_info,50554
cast_info,50584
cast_info,50598
cast_info,50605
cast_info,50645
cast_info,50689
cast_info,50723
cast_info,50754
cast_info,50794
cast_info,50804
cast_info,50807
cast_info,50819
cast_info,50838
cast_info,50859
cast_info,51072
cast_info,51140
cast_info,51187
cast_info,51197
cast_info,51199
cast_info,51243
cast_info,51266
cast_info,51298
cast_info,51369
cast_info,51436
cast_info,51456
cast_info,51526
cast_info,51528
cast_info,51574
cast_info,51588
cast_info,51628
cast_info,51643
cast_info,51668
cast_info,51732
cast_info,51766
cast_info,51794
cast_info,51796
cast_info,51806
cast_info,51882
cast_info,51976
cast_info,51979
cast_info,52028
cast_info,52056
cast_info,52058
cast_info,52080
cast_info,52083
cast_info,52086
cast_info,52091
cast_info,52175
cast_info,52196
cast_info,52217
cast_info,52221
cast_info,52237
cast_info,52252
cast_info,52254
cast_info,52272
cast_info,52287
cast_info,52298
cast_info,52299
cast_info,52343
cast_info,52387
cast_info,52410
cast_info,52433
cast_info,52441
cast_info,52479
cast_info,52505
cast_info,52540
cast_info,52634
cast_info,52689
cast_info,52691
cast_info,52824
cast_info,52901
cast_info,52983
cast_info,53095
cast_info,53125
cast_info,53132
cast_info,53184
cast_info,53221
cast_info,53223
cast_info,53232
cast_info,53276
cast_info,53282
cast_info,53415
cast_info,53421
cast_info,53456
cast_info,53463
cast_info,53503
cast_info,53527
cast_info,53562
cast_info,53565
cast_info,53569
cast_info,53589
cast_info,53601
cast_info,53687
cast_info,53709
cast_info,53779
cast_info,53785
cast_info,53918
cast_info,53945
cast_info,53992
cast_info,53995
cast_info,54093
cast_info,54117
cast_info,54158
cast_info,54165
cast_info,54185
cast_info,54193
cast_info,54202
cast_info,54204
cast_info,54215
cast_info,54217
cast_info,54219
cast_info,54226
cast_info,54263
cast_info,54265
cast_info,54306
cast_info,54313
cast_info,54340
cast_info,54374
cast_info,54409
cast_info,54445
cast_info,54449
cast_info,54459
cast_info,54462
cast_info,54466
cast_info,54496
cast_info,54501
cast_info,54506
cast_info,54508
cast_info,54541
cast_info,54555
cast_info,54586
cast_info,54608
cast_info,54716
cast_info,54756
cast_info,54769
cast_info,54797
cast_info,54807
cast_info,54824
cast_info,54854
cast_info,54855
cast_info,54856
cast_info,54911
cast_info,54924
cast_info,54937
cast_info,54956
cast_info,55005
cast_info,55019
cast_info,55062
cast_info,55106
cast_info,55159
cast_info,55192
cast_info,55193
cast_info,55202
cast_info,55207
cast_info,55211
cast_info,55231
cast_info,55258
cast_info,55261
cast_info,55268
cast_info,55276
cast_info,55349
cast_info,55360
cast_info,55372
cast_info,55388
cast_info,55389
cast_info,55422
cast_info,55423
cast_info,55424
cast_info,55426
cast_info,55467
cast_info,55488
cast_info,55491
cast_info,55521
cast_info,55547
cast_info,55587
cast_info,55631
cast_info,55643
cast_info,55663
cast_info,55666
cast_info,55738
cast_info,55767
cast_info,55771
cast_info,55774
cast_info,55783
cast_info,55786
cast_info,55787
cast_info,55788
cast_info,55813
cast_info,55817
cast_info,55826
cast_info,55888
cast_info,55889
cast_info,55931
cast_info,55938
cast_info,55969
cast_info,56014
cast_info,56035
cast_info,56060
cast_info,56064
cast_info,56066
cast_info,56095
cast_info,56097
cast_info,56102
cast_info,56105
cast_info,56169
cast_info,56201
cast_info,56222
cast_info,56242
cast_info,56246
cast_info,56294
cast_info,56326
cast_info,56329
cast_info,56338
cast_info,56416
cast_info,56432
cast_info,56433
cast_info,56434
cast_info,56449
cast_info,56464
cast_info,56465
cast_info,56512
cast_info,56516
cast_info,56670
cast_info,56712
cast_info,56817
cast_info,56890
cast_info,56916
cast_info,56952
cast_info,56971
cast_info,56973
cast_info,56981
cast_info,57065
cast_info,57089
cast_info,57210
cast_info,57253
cast_info,57314
cast_info,57315
cast_info,57326
cast_info,57351
cast_info,57377
cast_info,57391
cast_info,57393
cast_info,57414
cast_info,57455
cast_info,57471
cast_info,57481
cast_info,57492
cast_info,57503
cast_info,57570
cast_info,57588
cast_info,57590
cast_info,57601
cast_info,57605
cast_info,57608
cast_info,57657
cast_info,57666
cast_info,57681
cast_info,57691
cast_info,57773
cast_info,57779
cast_info,57795
cast_info,57812
cast_info,57827
cast_info,57861
cast_info,57867
cast_info,57916
cast_info,57948
cast_info,57976
cast_info,57981
cast_info,58002
cast_info,58039
cast_info,58066
cast_info,58146
cast_info,58158
cast_info,58170
cast_info,58183
cast_info,58195
cast_info,58204
cast_info,58212
cast_info,58225
cast_info,58270
cast_info,58274
cast_info,58310
cast_info,58324
cast_info,58389
cast_info,58441
cast_info,58450
cast_info,58459
cast_info,58468
cast_info,58488
cast_info,58510
cast_info,58516
cast_info,58519
cast_info,58582
cast_info,58591
cast_info,58592
cast_info,58677
cast_info,58709
cast_info,58761
cast_info,58812
cast_info,58851
cast_info,58885
cast_info,58968
cast_info,58989
cast_info,58995
cast_info,59029
cast_info,59040
cast_info,59067
cast_info,59085
cast_info,59087
cast_info,59109
cast_info,59136
cast_info,59142
cast_info,59150
cast_info,59159
cast_info,59174
cast_info,59230
cast_info,59264
cast_info,59347
cast_info,59384
cast_info,59394
cast_info,59407
cast_info,59408
cast_info,59412
cast_info,59433
cast_info,59448
cast_info,59450
cast_info,59466
cast_info,59481
cast_info,59520
cast_info,59538
cast_info,59555
cast_info,59576
cast_info,59584
cast_info,59589
cast_info,59600
cast_info,59613
cast_info,59630
cast_info,59676
cast_info,59687
cast_info,59691
cast_info,59711
cast_info,59716
cast_info,59825
cast_info,59851
cast_info,59857
cast_info,59867
cast_info,59876
cast_info,59927
cast_info,59951
cast_info,60003
cast_info,60011
cast_info,60013
cast_info,60095
cast_info,60097
cast_info,60136
cast_info,60174
cast_info,60190
cast_info,60210
cast_info,60276
cast_info,60305
cast_info,60331
cast_info,60361
cast_info,60368
cast_info,60392
cast_info,60396
cast_info,60416
cast_info,60430
cast_info,60432
cast_info,60437
cast_info,60450
cast_info,60504
cast_info,60505
cast_info,60506
cast_info,60528
cast_info,60531
cast_info,60585
cast_info,60589
cast_info,60654
cast_info,60682
cast_info,60685
cast_info,60706
cast_info,60711
cast_info,60715
cast_info,60721
cast_info,60738
cast_info,60845
cast_info,60850
cast_info,60858
cast_info,60880
cast_info,60888
cast_info,60900
cast_info,60907
cast_info,60943
cast_info,60944
cast_info,61019
cast_info,61032
cast_info,61047
cast_info,61051
cast_info,61081
cast_info,61111
cast_info,61114
cast_info,61142
cast_info,61151
cast_info,61227
cast_info,61264
cast_info,61268
cast_info,61325
cast_info,61331
cast_info,61338
cast_info,61343
cast_info,61413
cast_info,61418
cast_info,61457
cast_info,61465
cast_info,61472
cast_info,61519
cast_info,61523
cast_info,61531
cast_info,61558
cast_info,61566
cast_info,61567
cast_info,61581
cast_info,61684
cast_info,61727
cast_info,61754
cast_info,61757
cast_info,61804
cast_info,61822
cast_info,61855
cast_info,61876
cast_info,61917
cast_info,61946
cast_info,61958
cast_info,61983
cast_info,61988
cast_info,62002
cast_info,62078
cast_info,62088
cast_info,62096
cast_info,62125
cast_info,62138
cast_info,62142
cast_info,62145
cast_info,62205
cast_info,62238
cast_info,62249
cast_info,62258
cast_info,62266
cast_info,62307
cast_info,62317
cast_info,62335
cast_info,62350
cast_info,62351
cast_info,62362
cast_info,62440
cast_info,62537
cast_info,62538
cast_info,62580
cast_info,62653
cast_info,62656
cast_info,62664
cast_info,62689
cast_info,62700
cast_info,62705
cast_info,62708
cast_info,62712
cast_info,62720
cast_info,62761
cast_info,62766
cast_info,62805
cast_info,62828
cast_info,62853
cast_info,62861
cast_info,62871
cast_info,62873
cast_info,62886
cast_info,62889
cast_info,62910
cast_info,62932
cast_info,62944
cast_info,62972
cast_info,62993
cast_info,63009
cast_info,63071
cast_info,63201
cast_info,63203
cast_info,63223
cast_info,63234
cast_info,63236
cast_info,63291
cast_info,63293
cast_info,63324
cast_info,63391
cast_info,63452
cast_info,63489
cast_info,63553
cast_info,63575
cast_info,63577
cast_info,63595
cast_info,63624
cast_info,63626
cast_info,63669
cast_info,63679
cast_info,63714
cast_info,63772
cast_info,63784
cast_info,63804
cast_info,63844
cast_info,63869
cast_info,63882
cast_info,63883
cast_info,63904
cast_info,63954
cast_info,63955
cast_info,63967
cast_info,64002
cast_info,64037
cast_info,64068
cast_info,64156
cast_info,64174
cast_info,64204
cast_info,64252
cast_info,64300
cast_info,64333
cast_info,64353
cast_info,64366
cast_info,64377
cast_info,64378
cast_info,64400
cast_info,64427
cast_info,64455
cast_info,64456
cast_info,64502
cast_info,64522
cast_info,64529
cast_info,64538
cast_info,64608
cast_info,64627
cast_info,64718
cast_info,64727
cast_info,64792
cast_info,64798
cast_info,64808
cast_info,64815
cast_info,64834
cast_info,64836
cast_info,64862
cast_info,64886
cast_info,64909
cast_info,64913
cast_info,64938
cast_info,64962
cast_info,64979
cast_info,64983
cast_info,64990
cast_info,65011
cast_info,65041
cast_info,65128
cast_info,65132
cast_info,65153
cast_info,65184
cast_info,65185
cast_info,65198
cast_info,65206
cast_info,65281
cast_info,65335
cast_info,65341
cast_info,65373
cast_info,65422
cast_info,65544
cast_info,65555
cast_info,65577
cast_info,65584
cast_info,65585
cast_info,65589
cast_info,65590
cast_info,65599
cast_info,65600
cast_info,65626
cast_info,65636
cast_info,65639
cast_info,65690
cast_info,65700
cast_info,65721
cast_info,65723
cast_info,65754
cast_info,65772
cast_info,65792
cast_info,65816
cast_info,65902
cast_info,65904
cast_info,65912
cast_info,65928
cast_info,65935
cast_info,65989
cast_info,65997
cast_info,66014
cast_info,66026
cast_info,66113
cast_info,66170
cast_info,66172
cast_info,66237
cast_info,66264
cast_info,66273
cast_info,66306
cast_info,66349
cast_info,66432
cast_info,66436
cast_info,66473
cast_info,66490
cast_info,66513
cast_info,66516
cast_info,66524
cast_info,66542
cast_info,66554
cast_info,66574
cast_info,66599
cast_info,66619
cast_info,66656
cast_info,66686
cast_info,66698
cast_info,66715
cast_info,66723
cast_info,66759
cast_info,66767
cast_info,66771
cast_info,66809
cast_info,66818
cast_info,66848
cast_info,66895
cast_info,66936
cast_info,66949
cast_info,66977
cast_info,66978
cast_info,66980
cast_info,66994
cast_info,67046
cast_info,67072
cast_info,67076
cast_info,67092
cast_info,67101
cast_info,67125
cast_info,67165
cast_info,67167
cast_info,67284
cast_info,67303
cast_info,67337
cast_info,67353
cast_info,67410
cast_info,67471
cast_info,67477
cast_info,67523
cast_info,67530
cast_info,67540
cast_info,67587
cast_info,67635
cast_info,67641
cast_info,67647
cast_info,67756
cast_info,67779
cast_info,67825
cast_info,67826
cast_info,67836
cast_info,67842
cast_info,67868
cast_info,67928
cast_info,67980
cast_info,67981
cast_info,68080
cast_info,68082
cast_info,68085
cast_info,68095
cast_info,68161
cast_info,68170
cast_info,68205
cast_info,68207
cast_info,68264
cast_info,68288
cast_info,68305
cast_info,68316
cast_info,68364
cast_info,68381
cast_info,68416
cast_info,68426
cast_info,68445
cast_info,68461
cast_info,68517
cast_info,68526
cast_info,68604
cast_info,68609
cast_info,68610
cast_info,68619
cast_info,68665
cast_info,68702
cast_info,68978
cast_info,68995
cast_info,69012
cast_info,69048
cast_info,69052
cast_info,69057
cast_info,69069
cast_info,69083
cast_info,69103
cast_info,69135
cast_info,69150
cast_info,69152
cast_info,69161
cast_info,69162
cast_info,69218
cast_info,69340
cast_info,69341
cast_info,69379
cast_info,69380
cast_info,69383
cast_info,69415
cast_info,69425
cast_info,69488
cast_info,69509
cast_info,69583
cast_info,69586
cast_info,69592
cast_info,69605
cast_info,69611
cast_info,69612
cast_info,69618
cast_info,69623
cast_info,69687
cast_info,69718
cast_info,69741
cast_info,69744
cast_info,69750
cast_info,69775
cast_info,69783
cast_info,69788
cast_info,69806
cast_info,69830
cast_info,69839
cast_info,69903
cast_info,69908
cast_info,69929
cast_info,69952
cast_info,69961
cast_info,69964
cast_info,69982
cast_info,69987
cast_info,69990
cast_info,70063
cast_info,70065
cast_info,70095
cast_info,70137
cast_info,70153
cast_info,70155
cast_info,70197
cast_info,70229
cast_info,70230
cast_info,70243
cast_info,70252
cast_info,70253
cast_info,70257
cast_info,70262
cast_info,70274
cast_info,70275
cast_info,70292
cast_info,70297
cast_info,70311
cast_info,70361
cast_info,70388
cast_info,70442
cast_info,70478
cast_info,70484
cast_info,70515
cast_info,70551
cast_info,70552
cast_info,70656
cast_info,70670
cast_info,70683
cast_info,70708
cast_info,70712
cast_info,70713
cast_info,70718
cast_info,70727
cast_info,70738
cast_info,70751
cast_info,70789
cast_info,70819
cast_info,70844
cast_info,70891
cast_info,70897
cast_info,70898
cast_info,70906
cast_info,70910
cast_info,70964
cast_info,70994
cast_info,70997
cast_info,71002
cast_info,71005
cast_info,71021
cast_info,71025
cast_info,71030
cast_info,71048
cast_info,71063
cast_info,71074
cast_info,71080
cast_info,71091
cast_info,71093
cast_info,71094
cast_info,71117
cast_info,71133
cast_info,71154
cast_info,71188
cast_info,71222
cast_info,71249
cast_info,71254
cast_info,71282
cast_info,71300
cast_info,71301
cast_info,71331
cast_info,71335
cast_info,71339
cast_info,71383
cast_info,71400
cast_info,71403
cast_info,71415
cast_info,71428
cast_info,71444
cast_info,71485
cast_info,71486
cast_info,71508
cast_info,71513
cast_info,71518
cast_info,71539
cast_info,71549
cast_info,71551
cast_info,71570
cast_info,71595
cast_info,71596
cast_info,71615
cast_info,71621
cast_info,71630
cast_info,71666
cast_info,71722
cast_info,71772
cast_info,71930
cast_info,71942
cast_info,71946
cast_info,71981
cast_info,72006
cast_info,72076
cast_info,72125
cast_info,72177
cast_info,72201
cast_info,72214
cast_info,72268
cast_info,72297
cast_info,72323
cast_info,72332
cast_info,72398
cast_info,72401
cast_info,72429
cast_info,72475
cast_info,72482
cast_info,72498
cast_info,72515
cast_info,72525
cast_info,72546
cast_info,72563
cast_info,72565
cast_info,72640
cast_info,72641
cast_info,72660
cast_info,72710
cast_info,72733
cast_info,72759
cast_info,72785
cast_info,72829
cast_info,72830
cast_info,72831
cast_info,72833
cast_info,72884
cast_info,72904
cast_info,72959
cast_info,73035
cast_info,73086
cast_info,73093
cast_info,73128
cast_info,73134
cast_info,73143
cast_info,73169
cast_info,73186
cast_info,73218
cast_info,73242
cast_info,73252
cast_info,73264
cast_info,73282
cast_info,73293
cast_info,73346
cast_info,73355
cast_info,73382
cast_info,73383
cast_info,73395
cast_info,73423
cast_info,73425
cast_info,73436
cast_info,73487
cast_info,73520
cast_info,73523
cast_info,73624
cast_info,73632
cast_info,73655
cast_info,73656
cast_info,73775
cast_info,73899
cast_info,73995
cast_info,74037
cast_info,74052
cast_info,74091
cast_info,74118
cast_info,74149
cast_info,74214
cast_info,74236
cast_info,74281
cast_info,74310
cast_info,74311
cast_info,74314
cast_info,74333
cast_info,74353
cast_info,74362
cast_info,74423
cast_info,74431
cast_info,74432
cast_info,74433
cast_info,74435
cast_info,74530
cast_info,74581
cast_info,74598
cast_info,74611
cast_info,74641
cast_info,74647
cast_info,74668
cast_info,74703
cast_info,74707
cast_info,74715
cast_info,74747
cast_info,74773
cast_info,74792
cast_info,74793
cast_info,74819
cast_info,74823
cast_info,74824
cast_info,74832
cast_info,74833
cast_info,74867
cast_info,74893
cast_info,74903
cast_info,74925
cast_info,74933
cast_info,74943
cast_info,74947
cast_info,74949
cast_info,74950
cast_info,74976
cast_info,74979
cast_info,74986
cast_info,74996
cast_info,75001
cast_info,75036
cast_info,75054
cast_info,75059
cast_info,75071
cast_info,75179
cast_info,75203
cast_info,75222
cast_info,75248
cast_info,75252
cast_info,75301
cast_info,75303
cast_info,75311
cast_info,75314
cast_info,75323
cast_info,75326
cast_info,75328
cast_info,75394
cast_info,75433
cast_info,75437
cast_info,75460
cast_info,75464
cast_info,75475
cast_info,75596
cast_info,75599
cast_info,75604
cast_info,75667
cast_info,75671
cast_info,75673
cast_info,75716
cast_info,75727
cast_info,75746
cast_info,75747
cast_info,75768
cast_info,75789
cast_info,75798
cast_info,75813
cast_info,75924
cast_info,75930
cast_info,75966
cast_info,75985
cast_info,76017
cast_info,76023
cast_info,76029
cast_info,76030
cast_info,76031
cast_info,76035
cast_info,76087
cast_info,76120
cast_info,76121
cast_info,76147
cast_info,76243
cast_info,76244
cast_info,76268
cast_info,76272
cast_info,76288
cast_info,76319
cast_info,76332
cast_info,76345
cast_info,76347
cast_info,76389
cast_info,76442
cast_info,76444
cast_info,76446
cast_info,76450
cast_info,76464
cast_info,76489
cast_info,76518
cast_info,76529
cast_info,76555
cast_info,76579
cast_info,76594
cast_info,76615
cast_info,76635
cast_info,76643
cast_info,76646
cast_info,76661
cast_info,76691
cast_info,76699
cast_info,76803
cast_info,76805
cast_info,76826
cast_info,76838
cast_info,76940
cast_info,76993
cast_info,77000
cast_info,77016
cast_info,77026
cast_info,77029
cast_info,77044
cast_info,77069
cast_info,77142
cast_info,77207
cast_info,77214
cast_info,77219
cast_info,77221
cast_info,77251
cast_info,77292
cast_info,77298
cast_info,77321
cast_info,77336
cast_info,77463
cast_info,77481
cast_info,77715
cast_info,77751
cast_info,77775
cast_info,77779
cast_info,77795
cast_info,77828
cast_info,77850
cast_info,77921
cast_info,77946
cast_info,77957
cast_info,77964
cast_info,77987
cast_info,78007
cast_info,78008
cast_info,78032
cast_info,78033
cast_info,78051
cast_info,78060
cast_info,78136
cast_info,78148
cast_info,78164
cast_info,78165
cast_info,78169
cast_info,78192
cast_info,78263
cast_info,78356
cast_info,78405
cast_info,78424
cast_info,78428
cast_info,78468
cast_info,78476
cast_info,78535
cast_info,78561
cast_info,78623
cast_info,78637
cast_info,78669
cast_info,78670
cast_info,78696
cast_info,78700
cast_info,78787
cast_info,78813
cast_info,78920
cast_info,78964
cast_info,78973
cast_info,79093
cast_info,79272
cast_info,79274
cast_info,79301
cast_info,79318
cast_info,79320
cast_info,79350
cast_info,79373
cast_info,79375
cast_info,79399
cast_info,79420
cast_info,79460
cast_info,79494
cast_info,79499
cast_info,79507
cast_info,79571
cast_info,79590
cast_info,79654
cast_info,79661
cast_info,79671
cast_info,79684
cast_info,79714
cast_info,79741
cast_info,79742
cast_info,79744
cast_info,79755
cast_info,79823
cast_info,79825
cast_info,79826
cast_info,79828
cast_info,79829
cast_info,79875
cast_info,79903
cast_info,79936
cast_info,80002
cast_info,80003
cast_info,80019
cast_info,80063
cast_info,80069
cast_info,80135
cast_info,80142
cast_info,80177
cast_info,80205
cast_info,80214
cast_info,80228
cast_info,80237
cast_info,80255
cast_info,80259
cast_info,80299
cast_info,80367
cast_info,80395
cast_info,80549
cast_info,80550
cast_info,80655
cast_info,80658
cast_info,80724
cast_info,80737
cast_info,80766
cast_info,80779
cast_info,80823
cast_info,80829
cast_info,80839
cast_info,80842
cast_info,80849
cast_info,80853
cast_info,80871
cast_info,80888
cast_info,80917
cast_info,80933
cast_info,80964
cast_info,80980
cast_info,81040
cast_info,81053
cast_info,81071
cast_info,81124
cast_info,81125
cast_info,81141
cast_info,81180
cast_info,81225
cast_info,81260
cast_info,81300
cast_info,81309
cast_info,81329
cast_info,81342
cast_info,81357
cast_info,81471
cast_info,81478
cast_info,81486
cast_info,81487
cast_info,81503
cast_info,81511
cast_info,81518
cast_info,81525
cast_info,81554
cast_info,81557
cast_info,81583
cast_info,81600
cast_info,81626
cast_info,81636
cast_info,81648
cast_info,81668
cast_info,81669
cast_info,81712
cast_info,81744
cast_info,81756
cast_info,81769
cast_info,81848
cast_info,81885
cast_info,81899
cast_info,81902
cast_info,81916
cast_info,81929
cast_info,81934
cast_info,81987
cast_info,82028
cast_info,82052
cast_info,82079
cast_info,82083
cast_info,82100
cast_info,82118
cast_info,82178
cast_info,82181
cast_info,82203
cast_info,82216
cast_info,82230
cast_info,82274
cast_info,82290
cast_info,82357
cast_info,82413
cast_info,82466
cast_info,82473
cast_info,82492
cast_info,82523
cast_info,82568
cast_info,82585
cast_info,82637
cast_info,82644
cast_info,82713
cast_info,82759
cast_info,82781
cast_info,82783
cast_info,82805
cast_info,82881
cast_info,82887
cast_info,82920
cast_info,82937
cast_info,82966
cast_info,83025
cast_info,83026
cast_info,83049
cast_info,83051
cast_info,83070
cast_info,83078
cast_info,83127
cast_info,83134
cast_info,83170
cast_info,83192
cast_info,83228
cast_info,83241
cast_info,83254
cast_info,83261
cast_info,83279
cast_info,83297
cast_info,83298
cast_info,83332
cast_info,83418
cast_info,83424
cast_info,83425
cast_info,83468
cast_info,83493
cast_info,83733
cast_info,83735
cast_info,83772
cast_info,83792
cast_info,83825
cast_info,83835
cast_info,83891
cast_info,83918
cast_info,83919
cast_info,83927
cast_info,83933
cast_info,84037
cast_info,84056
cast_info,84090
cast_info,84111
cast_info,84128
cast_info,84132
cast_info,84182
cast_info,84183
cast_info,84218
cast_info,84221
cast_info,84364
cast_info,84366
cast_info,84445
cast_info,84487
cast_info,84572
cast_info,84575
cast_info,84583
cast_info,84613
cast_info,84616
cast_info,84621
cast_info,84659
cast_info,84733
cast_info,84784
cast_info,84801
cast_info,84814
cast_info,84820
cast_info,84852
cast_info,84862
cast_info,84871
cast_info,84876
cast_info,84880
cast_info,84893
cast_info,84894
cast_info,84914
cast_info,84940
cast_info,84966
cast_info,84990
cast_info,85071
cast_info,85122
cast_info,85218
cast_info,85272
cast_info,85281
cast_info,85310
cast_info,85450
cast_info,85513
cast_info,85532
cast_info,85594
cast_info,85691
cast_info,85728
cast_info,85754
cast_info,85817
cast_info,85826
cast_info,85828
cast_info,85831
cast_info,85844
cast_info,85893
cast_info,85898
cast_info,85935
cast_info,85962
cast_info,85999
cast_info,86025
cast_info,86034
cast_info,86096
cast_info,86334
cast_info,86349
cast_info,86354
cast_info,86375
cast_info,86377
cast_info,86383
cast_info,86390
cast_info,86500
cast_info,86507
cast_info,86518
cast_info,86538
cast_info,86539
cast_info,86588
cast_info,86595
cast_info,86669
cast_info,86714
cast_info,86749
cast_info,86773
cast_info,86868
cast_info,86901
cast_info,86966
cast_info,87010
cast_info,87014
cast_info,87125
cast_info,87178
cast_info,87232
cast_info,87233
cast_info,87298
cast_info,87335
cast_info,87389
cast_info,87413
cast_info,87463
cast_info,87466
cast_info,87493
cast_info,87525
cast_info,87535
cast_info,87591
cast_info,87621
cast_info,87636
cast_info,87642
cast_info,87660
cast_info,87661
cast_info,87717
cast_info,87727
cast_info,87783
cast_info,87789
cast_info,87833
cast_info,87971
cast_info,88076
cast_info,88117
cast_info,88128
cast_info,88132
cast_info,88145
cast_info,88152
cast_info,88163
cast_info,88199
cast_info,88217
cast_info,88277
cast_info,88279
cast_info,88302
cast_info,88372
cast_info,88376
cast_info,88404
cast_info,88444
cast_info,88453
cast_info,88477
cast_info,88507
cast_info,88647
cast_info,88714
cast_info,88734
cast_info,88791
cast_info,88835
cast_info,88858
cast_info,88895
cast_info,88941
cast_info,88946
cast_info,88988
cast_info,89008
cast_info,89012
cast_info,89021
cast_info,89135
cast_info,89166
cast_info,89240
cast_info,89269
cast_info,89270
cast_info,89334
cast_info,89357
cast_info,89469
cast_info,89550
cast_info,89580
cast_info,89634
cast_info,89648
cast_info,89672
cast_info,89693
cast_info,89753
cast_info,89780
cast_info,89819
cast_info,89821
cast_info,89903
cast_info,89924
cast_info,89993
cast_info,90014
cast_info,90027
cast_info,90055
cast_info,90063
cast_info,90198
cast_info,90200
cast_info,90203
cast_info,90213
cast_info,90274
cast_info,90278
cast_info,90279
cast_info,90377
cast_info,90511
cast_info,90530
cast_info,90540
cast_info,90566
cast_info,90576
cast_info,90581
cast_info,90704
cast_info,90730
cast_info,90758
cast_info,90759
cast_info,90803
cast_info,90839
cast_info,90893
cast_info,90941
cast_info,90980
cast_info,91046
cast_info,91063
cast_info,91069
cast_info,91115
cast_info,91154
cast_info,91182
cast_info,91198
cast_info,91204
cast_info,91236
cast_info,91400
cast_info,91669
cast_info,91729
cast_info,91741
cast_info,91755
cast_info,91779
cast_info,91968
cast_info,92013
cast_info,92065
cast_info,92173
cast_info,92207
cast_info,92217
cast_info,92267
cast_info,92286
cast_info,92334
cast_info,92338
cast_info,92362
cast_info,92398
cast_info,92446
cast_info,92460
cast_info,92469
cast_info,92488
cast_info,92543
cast_info,92544
cast_info,92595
cast_info,92626
cast_info,92635
cast_info,92643
cast_info,92679
cast_info,92698
cast_info,92705
cast_info,92893
cast_info,92895
cast_info,92902
cast_info,92905
cast_info,92933
cast_info,92988
cast_info,92992
cast_info,93038
cast_info,93049
cast_info,93050
cast_info,93055
cast_info,93056
cast_info,93110
cast_info,93115
cast_info,93130
cast_info,93163
cast_info,93166
cast_info,93325
cast_info,93345
cast_info,93374
cast_info,93451
cast_info,93478
cast_info,93498
cast_info,93511
cast_info,93512
cast_info,93559
cast_info,93666
cast_info,93667
cast_info,93675
cast_info,93781
cast_info,93796
cast_info,93833
cast_info,93840
cast_info,93866
cast_info,93872
cast_info,93904
cast_info,93905
cast_info,94121
cast_info,94139
cast_info,94143
cast_info,94182
cast_info,94189
cast_info,94191
cast_info,94196
cast_info,94200
cast_info,94239
cast_info,94246
cast_info,94301
cast_info,94311
cast_info,94331
cast_info,94358
cast_info,94412
cast_info,94441
cast_info,94446
cast_info,94451
cast_info,94484
cast_info,94490
cast_info,94493
cast_info,94598
cast_info,94785
cast_info,94827
cast_info,94839
cast_info,94903
cast_info,94909
cast_info,94926
cast_info,94935
cast_info,95030
cast_info,95066
cast_info,95087
cast_info,95110
cast_info,95182
cast_info,95192
cast_info,95327
cast_info,95351
cast_info,95367
cast_info,95453
cast_info,95467
cast_info,95555
cast_info,95598
cast_info,95601
cast_info,95614
cast_info,95623
cast_info,95633
cast_info,95663
cast_info,95760
cast_info,95773
cast_info,95931
cast_info,96064
cast_info,96105
cast_info,96107
cast_info,96122
cast_info,96191
cast_info,96291
cast_info,96453
cast_info,96668
cast_info,96715
cast_info,96772
cast_info,96780
cast_info,96844
cast_info,96874
cast_info,96897
cast_info,96915
cast_info,96940
cast_info,96983
cast_info,97007
cast_info,97084
cast_info,97160
cast_info,97181
cast_info,97213
cast_info,97369
cast_info,97380
cast_info,97486
cast_info,97489
cast_info,97518
cast_info,97580
cast_info,97603
cast_info,97744
cast_info,97800
cast_info,97815
cast_info,98039
cast_info,98107
cast_info,98186
cast_info,98254
cast_info,98284
cast_info,98309
cast_info,98376
cast_info,98423
cast_info,98583
cast_info,98639
cast_info,98730
cast_info,98731
cast_info,98749
cast_info,98790
cast_info,98799
cast_info,98909
cast_info,98956
cast_info,99102
cast_info,99175
cast_info,99251
cast_info,99262
cast_info,99263
cast_info,99268
cast_info,99269
cast_info,99322
cast_info,99334
cast_info,99398
cast_info,99487
cast_info,99499
cast_info,99537
cast_info,99725
cast_info,99800
cast_info,99817
cast_info,99825
cast_info,99881
cast_info,99909
cast_info,99929
cast_info,99932
cast_info,99956
cast_info,99962
cast_info,99973
cast_info,99997
cast_info,100113
cast_info,100259
cast_info,100309
cast_info,100360
cast_info,100451
cast_info,100464
cast_info,100492
cast_info,100547
cast_info,100565
cast_info,100567
cast_info,100575
cast_info,100626
cast_info,100633
cast_info,100823
cast_info,100905
cast_info,100929
cast_info,100979
cast_info,101008
cast_info,101129
cast_info,101130
cast_info,101177
cast_info,101196
cast_info,101208
cast_info,101268
cast_info,101351
cast_info,101388
cast_info,101435
cast_info,101449
cast_info,101465
cast_info,101575
cast_info,101576
cast_info,101680
cast_info,101760
cast_info,101762
cast_info,101769
cast_info,101900
cast_info,101996
cast_info,101997
cast_info,101998
cast_info,102047
cast_info,102087
cast_info,102190
cast_info,102219
cast_info,102233
cast_info,102305
cast_info,102343
cast_info,102345
cast_info,102362
cast_info,102399
cast_info,102464
cast_info,102479
cast_info,102595
cast_info,102631
cast_info,102636
cast_info,102638
cast_info,102669
cast_info,102699
cast_info,102717
cast_info,102743
cast_info,102799
cast_info,102818
cast_info,103010
cast_info,103038
cast_info,103057
cast_info,103062
cast_info,103076
cast_info,103107
cast_info,103151
cast_info,103154
cast_info,103178
cast_info,103201
cast_info,103213
cast_info,103287
cast_info,103290
cast_info,103299
cast_info,103357
cast_info,103361
cast_info,103383
cast_info,103419
cast_info,103477
cast_info,103484
cast_info,103493
cast_info,103540
cast_info,103557
cast_info,103591
cast_info,103621
cast_info,103634
cast_info,103658
cast_info,103660
cast_info,103679
cast_info,103684
cast_info,103727
cast_info,103740
cast_info,103755
cast_info,103764
cast_info,103868
cast_info,103888
cast_info,103902
cast_info,104026
cast_info,104058
cast_info,104079
cast_info,104130
cast_info,104182
cast_info,104224
cast_info,104235
cast_info,104257
cast_info,104281
cast_info,104323
cast_info,104348
cast_info,104447
cast_info,104451
cast_info,104568
cast_info,104600
cast_info,104620
cast_info,104742
cast_info,104770
cast_info,104775
cast_info,104868
cast_info,104943
cast_info,104977
cast_info,104983
cast_info,104987
cast_info,104991
cast_info,105197
cast_info,105331
cast_info,105332
cast_info,105412
cast_info,105469
cast_info,105486
cast_info,105518
cast_info,105562
cast_info,105581
cast_info,105588
cast_info,105598
cast_info,105724
cast_info,105738
cast_info,105758
cast_info,105759
cast_info,105815
cast_info,105826
cast_info,105895
cast_info,105928
cast_info,105951
cast_info,106001
cast_info,106104
cast_info,106111
cast_info,106219
cast_info,106278
cast_info,106284
cast_info,106300
cast_info,106504
cast_info,106533
cast_info,106552
cast_info,106559
cast_info,106603
cast_info,106612
cast_info,106628
cast_info,106647
cast_info,106702
cast_info,106727
cast_info,106835
cast_info,106856
cast_info,106888
cast_info,106941
cast_info,106993
cast_info,107003
cast_info,107007
cast_info,107057
cast_info,107198
cast_info,107262
cast_info,107334
cast_info,107412
cast_info,107414
cast_info,107422
cast_info,107442
cast_info,107466
cast_info,107482
cast_info,107535
cast_info,107537
cast_info,107569
cast_info,107617
cast_info,107653
cast_info,107706
cast_info,107758
cast_info,107884
cast_info,107954
cast_info,107963
cast_info,108002
cast_info,108041
cast_info,108082
cast_info,108107
cast_info,108165
cast_info,108231
cast_info,108235
cast_info,108274
cast_info,108327
cast_info,108391
cast_info,108451
cast_info,108493
cast_info,108529
cast_info,108561
cast_info,108566
cast_info,108567
cast_info,108634
cast_info,108767
cast_info,108818
cast_info,108889
cast_info,108901
cast_info,108986
cast_info,108987
cast_info,109013
cast_info,109054
cast_info,109066
cast_info,109102
cast_info,109111
cast_info,109112
cast_info,109189
cast_info,109249
cast_info,109259
cast_info,109315
cast_info,109322
cast_info,109349
cast_info,109374
cast_info,109505
cast_info,109507
cast_info,109515
cast_info,109541
cast_info,109557
cast_info,109695
cast_info,109696
cast_info,109710
cast_info,109711
cast_info,109728
cast_info,109732
cast_info,109901
cast_info,109923
cast_info,109934
cast_info,109941
cast_info,109949
cast_info,109992
cast_info,110044
cast_info,110134
cast_info,110147
cast_info,110157
cast_info,110172
cast_info,110208
cast_info,110214
cast_info,110281
cast_info,110397
cast_info,110464
cast_info,110554
cast_info,110616
cast_info,110726
cast_info,110758
cast_info,110776
cast_info,110803
cast_info,110811
cast_info,110820
cast_info,110929
cast_info,111048
cast_info,111096
cast_info,111108
cast_info,111240
cast_info,111255
cast_info,111323
cast_info,111369
cast_info,111389
cast_info,111432
cast_info,111434
cast_info,111550
cast_info,111713
cast_info,111864
cast_info,111894
cast_info,111895
cast_info,111943
cast_info,111966
cast_info,111968
cast_info,112126
cast_info,112165
cast_info,112167
cast_info,112245
cast_info,112251
cast_info,112298
cast_info,112305
cast_info,112331
cast_info,112334
cast_info,112343
cast_info,112460
cast_info,112565
cast_info,112626
cast_info,112673
cast_info,112683
cast_info,112689
cast_info,112709
cast_info,112715
cast_info,112791
cast_info,112834
cast_info,112868
cast_info,112874
cast_info,112916
cast_info,112929
cast_info,112955
cast_info,112959
cast_info,112980
cast_info,113013
cast_info,113029
cast_info,113084
cast_info,113086
cast_info,113104
cast_info,113106
cast_info,113153
cast_info,113162
cast_info,113171
cast_info,113189
cast_info,113202
cast_info,113300
cast_info,113424
cast_info,113472
cast_info,113520
cast_info,113535
cast_info,113704
cast_info,113711
cast_info,113767
cast_info,113782
cast_info,113824
cast_info,113849
cast_info,113944
cast_info,113961
cast_info,113969
cast_info,114073
cast_info,114164
cast_info,114193
cast_info,114359
cast_info,114451
cast_info,114455
cast_info,114456
cast_info,114494
cast_info,114509
cast_info,114517
cast_info,114538
cast_info,114624
cast_info,114686
cast_info,114714
cast_info,114737
cast_info,114784
cast_info,114824
cast_info,114938
cast_info,114950
cast_info,114980
cast_info,115154
cast_info,115155
cast_info,115229
cast_info,115292
cast_info,115304
cast_info,115305
cast_info,115358
cast_info,115421
cast_info,115453
cast_info,115574
cast_info,115578
cast_info,115596
cast_info,115598
cast_info,115617
cast_info,115618
cast_info,115624
cast_info,115680
cast_info,115715
cast_info,115760
cast_info,115769
cast_info,115781
cast_info,115909
cast_info,116142
cast_info,116206
cast_info,116446
cast_info,116455
cast_info,116489
cast_info,116490
cast_info,116590
cast_info,116630
cast_info,116689
cast_info,116740
cast_info,116849
cast_info,116887
cast_info,116920
cast_info,116964
cast_info,117003
cast_info,117007
cast_info,117014
cast_info,117214
cast_info,117221
cast_info,117349
cast_info,117366
cast_info,117409
cast_info,117532
cast_info,117575
cast_info,117653
cast_info,117689
cast_info,117760
cast_info,117766
cast_info,117820
cast_info,117828
cast_info,117879
cast_info,117900
cast_info,117997
cast_info,118003
cast_info,118081
cast_info,118104
cast_info,118146
cast_info,118240
cast_info,118254
cast_info,118256
cast_info,118284
cast_info,118285
cast_info,118294
cast_info,118296
cast_info,118305
cast_info,118313
cast_info,118323
cast_info,118406
cast_info,118499
cast_info,118500
cast_info,118501
cast_info,118504
cast_info,118506
cast_info,118555
cast_info,118593
cast_info,118631
cast_info,118677
cast_info,118718
cast_info,118721
cast_info,118727
cast_info,118777
cast_info,118791
cast_info,118851
cast_info,118907
cast_info,118914
cast_info,119016
cast_info,119030
cast_info,119126
cast_info,119128
cast_info,119140
cast_info,119171
cast_info,119342
cast_info,119463
cast_info,119484
cast_info,119523
cast_info,119559
cast_info,119614
cast_info,119617
cast_info,119658
cast_info,119735
cast_info,119740
cast_info,119750
cast_info,119799
cast_info,119834
cast_info,119846
cast_info,119847
cast_info,119876
cast_info,119900
cast_info,119901
cast_info,119942
cast_info,120054
cast_info,120123
cast_info,120148
cast_info,120150
cast_info,120246
cast_info,120252
cast_info,120254
cast_info,120263
cast_info,120319
cast_info,120330
cast_info,120425
cast_info,120443
cast_info,120450
cast_info,120470
cast_info,120482
cast_info,120503
cast_info,120537
cast_info,120568
cast_info,120592
cast_info,120615
cast_info,120628
cast_info,120661
cast_info,120759
cast_info,120790
cast_info,120842
cast_info,120857
cast_info,120859
cast_info,120866
cast_info,120888
cast_info,120900
cast_info,120999
cast_info,121041
cast_info,121064
cast_info,121075
cast_info,121131
cast_info,121134
cast_info,121210
cast_info,121258
cast_info,121260
cast_info,121280
cast_info,121284
cast_info,121318
cast_info,121361
cast_info,121392
cast_info,121415
cast_info,121416
cast_info,121434
cast_info,121492
cast_info,121494
cast_info,121564
cast_info,121611
cast_info,121640
cast_info,121643
cast_info,121645
cast_info,121780
cast_info,121784
cast_info,121847
cast_info,121855
cast_info,121961
cast_info,121998
cast_info,122092
cast_info,122097
cast_info,122108
cast_info,122129
cast_info,122147
cast_info,122235
cast_info,122241
cast_info,122375
cast_info,122395
cast_info,122415
cast_info,122442
cast_info,122489
cast_info,122496
cast_info,122502
cast_info,122509
cast_info,122517
cast_info,122541
cast_info,122559
cast_info,122581
cast_info,122583
cast_info,122618
cast_info,122649
cast_info,122684
cast_info,122704
cast_info,122736
cast_info,122753
cast_info,122767
cast_info,122772
cast_info,122777
cast_info,122787
cast_info,122799
cast_info,122808
cast_info,122834
cast_info,122861
cast_info,122897
cast_info,123081
cast_info,123137
cast_info,123138
cast_info,123160
cast_info,123174
cast_info,123201
cast_info,123404
cast_info,123413
cast_info,123428
cast_info,123539
cast_info,123597
cast_info,123641
cast_info,123662
cast_info,123665
cast_info,123669
cast_info,123718
cast_info,123752
cast_info,123754
cast_info,123758
cast_info,123814
cast_info,124050
cast_info,124107
cast_info,124177
cast_info,124303
cast_info,124316
cast_info,124358
cast_info,124400
cast_info,124401
cast_info,124437
cast_info,124449
cast_info,124452
cast_info,124454
cast_info,124480
cast_info,124484
cast_info,124485
cast_info,124496
cast_info,124524
cast_info,124526
cast_info,124548
cast_info,124550
cast_info,124597
cast_info,124653
cast_info,124698
cast_info,124709
cast_info,124772
cast_info,124803
cast_info,124805
cast_info,124811
cast_info,124837
cast_info,124944
cast_info,124949
cast_info,124993
cast_info,125041
cast_info,125048
cast_info,125053
cast_info,125055
cast_info,125060
cast_info,125061
cast_info,125098
cast_info,125120
cast_info,125188
cast_info,125214
cast_info,125259
cast_info,125356
cast_info,125367
cast_info,125413
cast_info,125470
cast_info,125474
cast_info,125517
cast_info,125573
cast_info,125618
cast_info,125667
cast_info,125668
cast_info,125677
cast_info,125695
cast_info,125734
cast_info,125736
cast_info,125760
cast_info,125782
cast_info,125843
cast_info,125844
cast_info,125868
cast_info,125938
cast_info,126096
cast_info,126145
cast_info,126165
cast_info,126208
cast_info,126209
cast_info,126272
cast_info,126302
cast_info,126326
cast_info,126334
cast_info,126365
cast_info,126384
cast_info,126457
cast_info,126467
cast_info,126471
cast_info,126476
cast_info,126483
cast_info,126491
cast_info,126534
cast_info,126585
cast_info,126642
cast_info,126644
cast_info,126658
cast_info,126758
cast_info,126789
cast_info,126844
cast_info,126851
cast_info,126930
cast_info,127020
cast_info,127058
cast_info,127079
cast_info,127310
cast_info,127333
cast_info,127336
cast_info,127419
cast_info,127433
cast_info,127455
cast_info,127533
cast_info,127575
cast_info,127580
cast_info,127631
cast_info,127673
cast_info,127695
cast_info,127701
cast_info,127708
cast_info,127752
cast_info,127759
cast_info,127827
cast_info,127845
cast_info,127868
cast_info,127882
cast_info,127895
cast_info,127990
cast_info,128021
cast_info,128073
cast_info,128078
cast_info,128182
cast_info,128236
cast_info,128264
cast_info,128277
cast_info,128293
cast_info,128367
cast_info,128400
cast_info,128486
cast_info,128493
cast_info,128496
cast_info,128499
cast_info,128575
cast_info,128633
cast_info,128707
cast_info,128728
cast_info,128746
cast_info,128778
cast_info,128799
cast_info,128835
cast_info,128884
cast_info,128925
cast_info,129023
cast_info,129027
cast_info,129033
cast_info,129072
cast_info,129074
cast_info,129094
cast_info,129187
cast_info,129194
cast_info,129286
cast_info,129291
cast_info,129365
cast_info,129373
cast_info,129374
cast_info,129570
cast_info,129603
cast_info,129620
cast_info,129639
cast_info,129672
cast_info,129738
cast_info,129750
cast_info,129771
cast_info,129781
cast_info,129854
cast_info,130000
cast_info,130027
cast_info,130058
cast_info,130203
cast_info,130205
cast_info,130210
cast_info,130247
cast_info,130288
cast_info,130371
cast_info,130454
cast_info,130556
cast_info,130572
cast_info,130622
cast_info,130629
cast_info,130643
cast_info,130656
cast_info,130657
cast_info,130677
cast_info,130711
cast_info,130754
cast_info,130874
cast_info,130945
cast_info,130949
cast_info,130961
cast_info,131013
cast_info,131019
cast_info,131074
cast_info,131151
cast_info,131184
cast_info,131208
cast_info,131261
cast_info,131273
cast_info,131287
cast_info,131297
cast_info,131367
cast_info,131399
cast_info,131400
cast_info,131452
cast_info,131467
cast_info,131471
cast_info,131490
cast_info,131508
cast_info,131546
cast_info,131692
cast_info,131736
cast_info,131739
cast_info,131756
cast_info,131760
cast_info,131936
cast_info,131945
cast_info,132014
cast_info,132173
cast_info,132175
cast_info,132214
cast_info,132228
cast_info,132288
cast_info,132374
cast_info,132429
cast_info,132449
cast_info,132454
cast_info,132508
cast_info,132615
cast_info,132621
cast_info,132643
cast_info,132725
cast_info,132729
cast_info,132784
cast_info,132820
cast_info,132848
cast_info,132874
cast_info,132902
cast_info,132929
cast_info,133070
cast_info,133078
cast_info,133113
cast_info,133144
cast_info,133296
cast_info,133348
cast_info,133349
cast_info,133364
cast_info,133389
cast_info,133415
cast_info,133447
cast_info,133463
cast_info,133552
cast_info,133588
cast_info,133595
cast_info,133642
cast_info,133703
cast_info,133715
cast_info,133732
cast_info,133759
cast_info,133773
cast_info,133838
cast_info,133841
cast_info,133842
cast_info,133846
cast_info,133937
cast_info,133969
cast_info,133983
cast_info,134014
cast_info,134035
cast_info,134071
cast_info,134108
cast_info,134162
cast_info,134201
cast_info,134202
cast_info,134296
cast_info,134313
cast_info,134317
cast_info,134338
cast_info,134355
cast_info,134357
cast_info,134360
cast_info,134399
cast_info,134400
cast_info,134403
cast_info,134501
cast_info,134552
cast_info,134569
cast_info,134608
cast_info,134622
cast_info,134679
cast_info,134698
cast_info,134798
cast_info,134920
cast_info,134978
cast_info,135023
cast_info,135028
cast_info,135080
cast_info,135098
cast_info,135131
cast_info,135153
cast_info,135196
cast_info,135222
cast_info,135281
cast_info,135449
cast_info,135536
cast_info,135563
cast_info,135649
cast_info,135718
cast_info,135750
cast_info,135753
cast_info,135755
cast_info,135780
cast_info,135784
cast_info,135796
cast_info,135807
cast_info,135840
cast_info,135842
cast_info,135934
cast_info,135945
cast_info,135949
cast_info,135975
cast_info,135984
cast_info,136065
cast_info,136145
cast_info,136189
cast_info,136218
cast_info,136230
cast_info,136231
cast_info,136247
cast_info,136253
cast_info,136268
cast_info,136298
cast_info,136305
cast_info,136338
cast_info,136391
cast_info,136394
cast_info,136403
cast_info,136468
cast_info,136492
cast_info,136585
cast_info,136596
cast_info,136613
cast_info,136618
cast_info,136662
cast_info,136663
cast_info,136714
cast_info,136746
cast_info,136764
cast_info,136765
cast_info,136820
cast_info,136882
cast_info,136956
cast_info,137085
cast_info,137091
cast_info,137099
cast_info,137110
cast_info,137121
cast_info,137122
cast_info,137144
cast_info,137152
cast_info,137349
cast_info,137368
cast_info,137371
cast_info,137372
cast_info,137424
cast_info,137446
cast_info,137466
cast_info,137496
cast_info,137521
cast_info,137552
cast_info,137571
cast_info,137661
cast_info,137664
cast_info,137713
cast_info,137784
cast_info,137897
cast_info,138030
cast_info,138082
cast_info,138146
cast_info,138157
cast_info,138158
cast_info,138210
cast_info,138211
cast_info,138217
cast_info,138288
cast_info,138327
cast_info,138367
cast_info,138403
cast_info,138425
cast_info,138433
cast_info,138437
cast_info,138472
cast_info,138486
cast_info,138510
cast_info,138547
cast_info,138661
cast_info,138703
cast_info,138708
cast_info,138715
cast_info,138721
cast_info,138759
cast_info,138762
cast_info,138764
cast_info,138766
cast_info,138787
cast_info,138830
cast_info,138907
cast_info,138952
cast_info,138961
cast_info,138974
cast_info,139062
cast_info,139123
cast_info,139140
cast_info,139182
cast_info,139199
cast_info,139296
cast_info,139301
cast_info,139376
cast_info,139377
cast_info,139383
cast_info,139413
cast_info,139426
cast_info,139489
cast_info,139499
cast_info,139562
cast_info,139574
cast_info,139603
cast_info,139617
cast_info,139870
cast_info,139879
cast_info,139890
cast_info,139911
cast_info,139939
cast_info,140001
cast_info,140022
cast_info,140074
cast_info,140136
cast_info,140160
cast_info,140167
cast_info,140204
cast_info,140254
cast_info,140293
cast_info,140413
cast_info,140437
cast_info,140439
cast_info,140476
cast_info,140510
cast_info,140512
cast_info,140535
cast_info,140567
cast_info,140578
cast_info,140664
cast_info,140720
cast_info,140733
cast_info,140936
cast_info,141012
cast_info,141013
cast_info,141014
cast_info,141016
cast_info,141022
cast_info,141181
cast_info,141200
cast_info,141210
cast_info,141215
cast_info,141246
cast_info,141258
cast_info,141284
cast_info,141465
cast_info,141471
cast_info,141533
cast_info,141554
cast_info,141635
cast_info,141698
cast_info,141768
cast_info,141797
cast_info,141818
cast_info,141882
cast_info,141951
cast_info,141958
cast_info,141963
cast_info,142083
cast_info,142168
cast_info,142171
cast_info,142173
cast_info,142209
cast_info,142211
cast_info,142227
cast_info,142252
cast_info,142255
cast_info,142256
cast_info,142257
cast_info,142291
cast_info,142387
cast_info,142404
cast_info,142470
cast_info,142471
cast_info,142545
cast_info,142555
cast_info,142599
cast_info,142633
cast_info,142666
cast_info,142818
cast_info,142842
cast_info,142935
cast_info,142954
cast_info,142999
cast_info,143074
cast_info,143085
cast_info,143121
cast_info,143142
cast_info,143160
cast_info,143168
cast_info,143203
cast_info,143235
cast_info,143250
cast_info,143257
cast_info,143305
cast_info,143317
cast_info,143329
cast_info,143379
cast_info,143431
cast_info,143453
cast_info,143487
cast_info,143539
cast_info,143542
cast_info,143548
cast_info,143582
cast_info,143584
cast_info,143599
cast_info,143629
cast_info,143632
cast_info,143682
cast_info,143806
cast_info,143867
cast_info,143910
cast_info,143914
cast_info,143935
cast_info,143936
cast_info,144121
cast_info,144122
cast_info,144154
cast_info,144156
cast_info,144179
cast_info,144269
cast_info,144312
cast_info,144313
cast_info,144366
cast_info,144430
cast_info,144526
cast_info,144636
cast_info,144643
cast_info,144701
cast_info,144724
cast_info,144867
cast_info,144886
cast_info,144933
cast_info,144964
cast_info,145082
cast_info,145085
cast_info,145141
cast_info,145218
cast_info,145259
cast_info,145389
cast_info,145461
cast_info,145542
cast_info,145565
cast_info,145591
cast_info,145649
cast_info,145656
cast_info,145666
cast_info,145743
cast_info,145767
cast_info,145845
cast_info,145847
cast_info,145961
cast_info,145974
cast_info,145978
cast_info,145984
cast_info,145989
cast_info,146025
cast_info,146043
cast_info,146057
cast_info,146121
cast_info,146162
cast_info,146187
cast_info,146189
cast_info,146371
cast_info,146426
cast_info,146493
cast_info,146506
cast_info,146541
cast_info,146566
cast_info,146603
cast_info,146649
cast_info,146707
cast_info,146819
cast_info,146863
cast_info,146866
cast_info,146874
cast_info,146927
cast_info,146938
cast_info,146995
cast_info,147016
cast_info,147025
cast_info,147031
cast_info,147076
cast_info,147107
cast_info,147118
cast_info,147267
cast_info,147331
cast_info,147397
cast_info,147432
cast_info,147436
cast_info,147437
cast_info,147561
cast_info,147563
cast_info,147583
cast_info,147876
cast_info,147940
cast_info,147967
cast_info,148082
cast_info,148093
cast_info,148146
cast_info,148147
cast_info,148155
cast_info,148253
cast_info,148284
cast_info,148299
cast_info,148338
cast_info,148370
cast_info,148376
cast_info,148383
cast_info,148385
cast_info,148528
cast_info,148599
cast_info,148608
cast_info,148614
cast_info,148622
cast_info,148686
cast_info,148741
cast_info,148820
cast_info,148822
cast_info,148847
cast_info,148946
cast_info,149014
cast_info,149042
cast_info,149059
cast_info,149073
cast_info,149128
cast_info,149153
cast_info,149194
cast_info,149201
cast_info,149318
cast_info,149319
cast_info,149367
cast_info,149418
cast_info,149443
cast_info,149523
cast_info,149557
cast_info,149578
cast_info,149605
cast_info,149621
cast_info,149744
cast_info,149759
cast_info,149777
cast_info,149809
cast_info,149846
cast_info,149945
cast_info,149991
cast_info,150020
cast_info,150074
cast_info,150206
cast_info,150235
cast_info,150267
cast_info,150303
cast_info,150350
cast_info,150365
cast_info,150455
cast_info,150468
cast_info,150511
cast_info,150609
cast_info,150683
cast_info,150687
cast_info,150802
cast_info,150831
cast_info,150861
cast_info,150893
cast_info,150975
cast_info,151040
cast_info,151043
cast_info,151065
cast_info,151079
cast_info,151093
cast_info,151156
cast_info,151182
cast_info,151228
cast_info,151241
cast_info,151255
cast_info,151275
cast_info,151308
cast_info,151325
cast_info,151336
cast_info,151352
cast_info,151358
cast_info,151362
cast_info,151406
cast_info,151424
cast_info,151459
cast_info,151487
cast_info,151521
cast_info,151560
cast_info,151571
cast_info,151597
cast_info,151638
cast_info,151643
cast_info,151661
cast_info,151663
cast_info,151669
cast_info,151675
cast_info,151692
cast_info,151718
cast_info,151817
cast_info,151839
cast_info,151856
cast_info,151918
cast_info,151972
cast_info,152012
cast_info,152014
cast_info,152021
cast_info,152036
cast_info,152053
cast_info,152064
cast_info,152068
cast_info,152088
cast_info,152118
cast_info,152121
cast_info,152122
cast_info,152126
cast_info,152136
cast_info,152146
cast_info,152155
cast_info,152204
cast_info,152250
cast_info,152255
cast_info,152280
cast_info,152296
cast_info,152297
cast_info,152318
cast_info,152324
cast_info,152344
cast_info,152349
cast_info,152353
cast_info,152364
cast_info,152393
cast_info,152413
cast_info,152449
cast_info,152489
cast_info,152512
cast_info,152537
cast_info,152569
cast_info,152616
cast_info,152640
cast_info,152652
cast_info,152718
cast_info,152795
cast_info,152820
cast_info,152849
cast_info,152926
cast_info,152943
cast_info,152982
cast_info,153010
cast_info,153011
cast_info,153023
cast_info,153034
cast_info,153039
cast_info,153058
cast_info,153062
cast_info,153065
cast_info,153139
cast_info,153141
cast_info,153163
cast_info,153262
cast_info,153269
cast_info,153490
cast_info,153622
cast_info,153647
cast_info,153655
cast_info,153774
cast_info,153797
cast_info,153824
cast_info,153840
cast_info,153898
cast_info,153899
cast_info,153905
cast_info,153913
cast_info,153981
cast_info,153999
cast_info,154034
cast_info,154076
cast_info,154101
cast_info,154130
cast_info,154193
cast_info,154327
cast_info,154334
cast_info,154338
cast_info,154345
cast_info,154458
cast_info,154504
cast_info,154538
cast_info,154564
cast_info,154618
cast_info,154626
cast_info,154736
cast_info,154756
cast_info,154844
cast_info,154861
cast_info,154880
cast_info,154890
cast_info,154892
cast_info,154951
cast_info,154996
cast_info,155008
cast_info,155025
cast_info,155051
cast_info,155180
cast_info,155193
cast_info,155229
cast_info,155268
cast_info,155301
cast_info,155359
cast_info,155419
cast_info,155451
cast_info,155452
cast_info,155465
cast_info,155471
cast_info,155482
cast_info,155502
cast_info,155506
cast_info,155614
cast_info,155645
cast_info,155685
cast_info,155745
cast_info,155794
cast_info,155820
cast_info,155853
cast_info,155859
cast_info,155917
cast_info,155925
cast_info,155926
cast_info,155938
cast_info,155954
cast_info,156044
cast_info,156069
cast_info,156071
cast_info,156072
cast_info,156106
cast_info,156109
cast_info,156124
cast_info,156223
cast_info,156246
cast_info,156249
cast_info,156259
cast_info,156274
cast_info,156276
cast_info,156285
cast_info,156334
cast_info,156338
cast_info,156349
cast_info,156360
cast_info,156438
cast_info,156473
cast_info,156481
cast_info,156562
cast_info,156569
cast_info,156577
cast_info,156602
cast_info,156637
cast_info,156641
cast_info,156735
cast_info,156823
cast_info,156826
cast_info,156862
cast_info,156928
cast_info,156931
cast_info,156944
cast_info,156974
cast_info,157007
cast_info,157050
cast_info,157111
cast_info,157122
cast_info,157137
cast_info,157141
cast_info,157145
cast_info,157227
cast_info,157254
cast_info,157345
cast_info,157347
cast_info,157351
cast_info,157374
cast_info,157513
cast_info,157560
cast_info,157566
cast_info,157574
cast_info,157581
cast_info,157587
cast_info,157608
cast_info,157696
cast_info,157720
cast_info,157803
cast_info,157833
cast_info,157928
cast_info,157959
cast_info,157998
cast_info,158029
cast_info,158054
cast_info,158082
cast_info,158093
cast_info,158175
cast_info,158234
cast_info,158252
cast_info,158266
cast_info,158290
cast_info,158371
cast_info,158485
cast_info,158505
cast_info,158525
cast_info,158580
cast_info,158599
cast_info,158638
cast_info,158650
cast_info,158829
cast_info,158831
cast_info,158909
cast_info,158948
cast_info,158971
cast_info,158972
cast_info,158976
cast_info,159009
cast_info,159011
cast_info,159024
cast_info,159077
cast_info,159095
cast_info,159194
cast_info,159204
cast_info,159363
cast_info,159430
cast_info,159431
cast_info,159434
cast_info,159453
cast_info,159471
cast_info,159496
cast_info,159520
cast_info,159526
cast_info,159527
cast_info,159608
cast_info,159655
cast_info,159721
cast_info,159725
cast_info,159808
cast_info,159809
cast_info,159811
cast_info,159838
cast_info,159839
cast_info,159859
cast_info,159877
cast_info,159924
cast_info,159941
cast_info,160031
cast_info,160037
cast_info,160040
cast_info,160056
cast_info,160092
cast_info,160129
cast_info,160153
cast_info,160204
cast_info,160262
cast_info,160264
cast_info,160280
cast_info,160290
cast_info,160333
cast_info,160384
cast_info,160437
cast_info,160445
cast_info,160572
cast_info,160596
cast_info,160676
cast_info,160700
cast_info,160747
cast_info,160765
cast_info,160777
cast_info,160785
cast_info,160823
cast_info,160879
cast_info,160912
cast_info,160913
cast_info,160978
cast_info,160979
cast_info,161102
cast_info,161130
cast_info,161140
cast_info,161281
cast_info,161301
cast_info,161330
cast_info,161338
cast_info,161358
cast_info,161395
cast_info,161432
cast_info,161477
cast_info,161555
cast_info,161585
cast_info,161692
cast_info,161718
cast_info,161754
cast_info,161892
cast_info,161986
cast_info,162022
cast_info,162087
cast_info,162088
cast_info,162100
cast_info,162109
cast_info,162135
cast_info,162141
cast_info,162180
cast_info,162199
cast_info,162223
cast_info,162350
cast_info,162409
cast_info,162415
cast_info,162416
cast_info,162426
cast_info,162451
cast_info,162480
cast_info,162482
cast_info,162529
cast_info,162535
cast_info,162589
cast_info,162609
cast_info,162624
cast_info,162640
cast_info,162657
cast_info,162736
cast_info,162802
cast_info,162825
cast_info,162833
cast_info,162837
cast_info,162838
cast_info,162874
cast_info,162907
cast_info,162927
cast_info,162941
cast_info,162996
cast_info,163024
cast_info,163046
cast_info,163058
cast_info,163062
cast_info,163102
cast_info,163103
cast_info,163139
cast_info,163247
cast_info,163329
cast_info,163404
cast_info,163405
cast_info,163467
cast_info,163506
cast_info,163728
cast_info,163738
cast_info,163739
cast_info,163785
cast_info,163786
cast_info,163868
cast_info,163888
cast_info,163927
cast_info,163928
cast_info,164025
cast_info,164163
cast_info,164312
cast_info,164346
cast_info,164372
cast_info,164418
cast_info,164446
cast_info,164469
cast_info,164507
cast_info,164562
cast_info,164580
cast_info,164593
cast_info,164620
cast_info,164630
cast_info,164655
cast_info,164697
cast_info,164729
cast_info,164734
cast_info,164873
cast_info,164877
cast_info,164975
cast_info,164976
cast_info,165031
cast_info,165095
cast_info,165114
cast_info,165120
cast_info,165142
cast_info,165164
cast_info,165255
cast_info,165273
cast_info,165320
cast_info,165334
cast_info,165343
cast_info,165353
cast_info,165408
cast_info,165409
cast_info,165411
cast_info,165418
cast_info,165426
cast_info,165435
cast_info,165446
cast_info,165447
cast_info,165479
cast_info,165551
cast_info,165608
cast_info,165612
cast_info,165692
cast_info,165713
cast_info,165714
cast_info,165715
cast_info,165758
cast_info,165776
cast_info,165792
cast_info,165841
cast_info,165854
cast_info,165920
cast_info,165934
cast_info,165948
cast_info,165982
cast_info,166121
cast_info,166151
cast_info,166228
cast_info,166243
cast_info,166251
cast_info,166312
cast_info,166365
cast_info,166373
cast_info,166385
cast_info,166424
cast_info,166509
cast_info,166525
cast_info,166627
cast_info,166658
cast_info,166716
cast_info,166821
cast_info,166826
cast_info,166852
cast_info,166870
cast_info,166875
cast_info,167073
cast_info,167092
cast_info,167179
cast_info,167229
cast_info,167247
cast_info,167266
cast_info,167341
cast_info,167363
cast_info,167585
cast_info,167586
cast_info,167625
cast_info,167629
cast_info,167650
cast_info,167672
cast_info,167680
cast_info,167728
cast_info,167800
cast_info,167820
cast_info,167853
cast_info,167860
cast_info,167879
cast_info,167913
cast_info,167961
cast_info,168221
cast_info,168267
cast_info,168292
cast_info,168306
cast_info,168341
cast_info,168376
cast_info,168388
cast_info,168413
cast_info,168504
cast_info,168536
cast_info,168675
cast_info,168734
cast_info,168751
cast_info,168761
cast_info,168804
cast_info,168878
cast_info,168896
cast_info,168915
cast_info,168918
cast_info,168938
cast_info,168949
cast_info,169106
cast_info,169135
cast_info,169152
cast_info,169199
cast_info,169301
cast_info,169324
cast_info,169412
cast_info,169449
cast_info,169489
cast_info,169511
cast_info,169584
cast_info,169585
cast_info,169663
cast_info,169679
cast_info,169704
cast_info,169762
cast_info,169897
cast_info,169898
cast_info,169937
cast_info,170067
cast_info,170122
cast_info,170178
cast_info,170188
cast_info,170193
cast_info,170203
cast_info,170215
cast_info,170224
cast_info,170321
cast_info,170434
cast_info,170537
cast_info,170542
cast_info,170640
cast_info,170653
cast_info,170794
cast_info,170816
cast_info,170847
cast_info,170854
cast_info,170864
cast_info,170900
cast_info,170908
cast_info,170936
cast_info,170950
cast_info,170994
cast_info,171076
cast_info,171128
cast_info,171201
cast_info,171202
cast_info,171218
cast_info,171219
cast_info,171234
cast_info,171251
cast_info,171274
cast_info,171371
cast_info,171408
cast_info,171440
cast_info,171459
cast_info,171507
cast_info,171628
cast_info,171641
cast_info,171696
cast_info,171723
cast_info,171756
cast_info,171762
cast_info,171777
cast_info,171790
cast_info,171804
cast_info,171820
cast_info,171911
cast_info,171944
cast_info,171961
cast_info,172001
cast_info,172018
cast_info,172023
cast_info,172060
cast_info,172096
cast_info,172141
cast_info,172194
cast_info,172323
cast_info,172335
cast_info,172355
cast_info,172379
cast_info,172408
cast_info,172520
cast_info,172521
cast_info,172569
cast_info,172628
cast_info,172659
cast_info,172801
cast_info,172809
cast_info,172903
cast_info,172941
cast_info,173023
cast_info,173144
cast_info,173154
cast_info,173189
cast_info,173190
cast_info,173206
cast_info,173215
cast_info,173252
cast_info,173260
cast_info,173269
cast_info,173298
cast_info,173363
cast_info,173412
cast_info,173415
cast_info,173419
cast_info,173445
cast_info,173500
cast_info,173593
cast_info,173611
cast_info,173641
cast_info,173651
cast_info,173652
cast_info,173683
cast_info,173684
cast_info,173746
cast_info,173878
cast_info,173890
cast_info,173957
cast_info,173975
cast_info,173995
cast_info,174043
cast_info,174049
cast_info,174053
cast_info,174287
cast_info,174365
cast_info,174412
cast_info,174445
cast_info,174502
cast_info,174519
cast_info,174542
cast_info,174614
cast_info,174685
cast_info,174741
cast_info,174748
cast_info,174784
cast_info,174817
cast_info,174832
cast_info,174923
cast_info,174925
cast_info,174950
cast_info,175012
cast_info,175129
cast_info,175291
cast_info,175292
cast_info,175306
cast_info,175314
cast_info,175371
cast_info,175372
cast_info,175461
cast_info,175491
cast_info,175524
cast_info,175651
cast_info,175772
cast_info,175811
cast_info,176026
cast_info,176041
cast_info,176062
cast_info,176142
cast_info,176170
cast_info,176173
cast_info,176243
cast_info,176277
cast_info,176318
cast_info,176337
cast_info,176404
cast_info,176424
cast_info,176495
cast_info,176498
cast_info,176564
cast_info,176596
cast_info,176620
cast_info,176639
cast_info,176654
cast_info,176669
cast_info,176674
cast_info,176698
cast_info,176714
cast_info,176750
cast_info,176803
cast_info,176811
cast_info,176866
cast_info,176897
cast_info,176967
cast_info,177060
cast_info,177076
cast_info,177143
cast_info,177147
cast_info,177264
cast_info,177285
cast_info,177294
cast_info,177307
cast_info,177314
cast_info,177317
cast_info,177359
cast_info,177362
cast_info,177365
cast_info,177465
cast_info,177497
cast_info,177586
cast_info,177773
cast_info,177843
cast_info,177862
cast_info,177878
cast_info,177896
cast_info,177901
cast_info,177961
cast_info,178093
cast_info,178143
cast_info,178312
cast_info,178339
cast_info,178364
cast_info,178385
cast_info,178412
cast_info,178437
cast_info,178469
cast_info,178509
cast_info,178526
cast_info,178542
cast_info,178547
cast_info,178634
cast_info,178711
cast_info,178719
cast_info,178721
cast_info,178723
cast_info,178885
cast_info,178894
cast_info,178912
cast_info,178950
cast_info,179050
cast_info,179066
cast_info,179072
cast_info,179073
cast_info,179089
cast_info,179097
cast_info,179110
cast_info,179119
cast_info,179127
cast_info,179142
cast_info,179143
cast_info,179163
cast_info,179228
cast_info,179279
cast_info,179321
cast_info,179367
cast_info,179391
cast_info,179552
cast_info,179568
cast_info,179580
cast_info,179612
cast_info,179676
cast_info,179691
cast_info,179740
cast_info,179757
cast_info,179758
cast_info,179772
cast_info,179783
cast_info,179824
cast_info,179874
cast_info,179882
cast_info,179884
cast_info,179906
cast_info,179936
cast_info,179943
cast_info,179980
cast_info,180047
cast_info,180073
cast_info,180086
cast_info,180100
cast_info,180118
cast_info,180126
cast_info,180210
cast_info,180211
cast_info,180252
cast_info,180273
cast_info,180312
cast_info,180331
cast_info,180395
cast_info,180403
cast_info,180417
cast_info,180504
cast_info,180603
cast_info,180702
cast_info,180747
cast_info,180755
cast_info,180764
cast_info,180768
cast_info,180782
cast_info,180814
cast_info,180831
cast_info,180847
cast_info,180862
cast_info,180889
cast_info,180893
cast_info,180894
cast_info,181026
cast_info,181046
cast_info,181049
cast_info,181074
cast_info,181086
cast_info,181183
cast_info,181195
cast_info,181220
cast_info,181271
cast_info,181314
cast_info,181323
cast_info,181333
cast_info,181371
cast_info,181414
cast_info,181463
cast_info,181476
cast_info,181549
cast_info,181550
cast_info,181552
cast_info,181591
cast_info,181666
cast_info,181697
cast_info,181764
cast_info,181823
cast_info,181839
cast_info,181866
cast_info,181876
cast_info,181885
cast_info,181919
cast_info,182011
cast_info,182035
cast_info,182101
cast_info,182184
cast_info,182242
cast_info,182297
cast_info,182313
cast_info,182333
cast_info,182372
cast_info,182441
cast_info,182453
cast_info,182459
cast_info,182527
cast_info,182540
cast_info,182560
cast_info,182571
cast_info,182624
cast_info,182631
cast_info,182704
cast_info,182737
cast_info,182849
cast_info,182930
cast_info,182971
cast_info,182999
cast_info,183012
cast_info,183032
cast_info,183074
cast_info,183075
cast_info,183104
cast_info,183112
cast_info,183192
cast_info,183246
cast_info,183274
cast_info,183390
cast_info,183413
cast_info,183463
cast_info,183492
cast_info,183500
cast_info,183527
cast_info,183539
cast_info,183561
cast_info,183634
cast_info,183671
cast_info,183742
cast_info,183805
cast_info,183824
cast_info,183851
cast_info,183896
cast_info,183908
cast_info,183929
cast_info,184009
cast_info,184025
cast_info,184036
cast_info,184049
cast_info,184104
cast_info,184108
cast_info,184184
cast_info,184264
cast_info,184286
cast_info,184307
cast_info,184408
cast_info,184443
cast_info,184470
cast_info,184504
cast_info,184670
cast_info,184677
cast_info,184846
cast_info,184848
cast_info,184903
cast_info,184910
cast_info,184990
cast_info,184991
cast_info,185007
cast_info,185015
cast_info,185061
cast_info,185093
cast_info,185128
cast_info,185158
cast_info,185163
cast_info,185170
cast_info,185187
cast_info,185248
cast_info,185249
cast_info,185266
cast_info,185312
cast_info,185347
cast_info,185348
cast_info,185368
cast_info,185397
cast_info,185404
cast_info,185459
cast_info,185476
cast_info,185505
cast_info,185522
cast_info,185591
cast_info,185601
cast_info,185635
cast_info,185660
cast_info,185662
cast_info,185668
cast_info,185670
cast_info,185701
cast_info,185755
cast_info,185765
cast_info,185788
cast_info,185801
cast_info,185806
cast_info,185811
cast_info,185899
cast_info,185920
cast_info,185921
cast_info,185988
cast_info,186037
cast_info,186051
cast_info,186099
cast_info,186111
cast_info,186143
cast_info,186144
cast_info,186149
cast_info,186160
cast_info,186161
cast_info,186203
cast_info,186221
cast_info,186250
cast_info,186277
cast_info,186286
cast_info,186294
cast_info,186311
cast_info,186312
cast_info,186313
cast_info,186325
cast_info,186327
cast_info,186358
cast_info,186367
cast_info,186375
cast_info,186381
cast_info,186389
cast_info,186391
cast_info,186398
cast_info,186421
cast_info,186427
cast_info,186428
cast_info,186432
cast_info,186449
cast_info,186457
cast_info,186460
cast_info,186477
cast_info,186531
cast_info,186542
cast_info,186553
cast_info,186562
cast_info,186569
cast_info,186649
cast_info,186664
cast_info,186666
cast_info,186710
cast_info,186760
cast_info,186802
cast_info,186813
cast_info,186830
cast_info,186836
cast_info,186882
cast_info,186914
cast_info,186915
cast_info,186981
cast_info,187001
cast_info,187010
cast_info,187033
cast_info,187072
cast_info,187076
cast_info,187098
cast_info,187099
cast_info,187125
cast_info,187143
cast_info,187153
cast_info,187156
cast_info,187158
cast_info,187161
cast_info,187189
cast_info,187198
cast_info,187217
cast_info,187231
cast_info,187244
cast_info,187277
cast_info,187281
cast_info,187293
cast_info,187296
cast_info,187299
cast_info,187316
cast_info,187328
cast_info,187388
cast_info,187390
cast_info,187407
cast_info,187411
cast_info,187455
cast_info,187476
cast_info,187479
cast_info,187533
cast_info,187552
cast_info,187584
cast_info,187600
cast_info,187606
cast_info,187616
cast_info,187629
cast_info,187635
cast_info,187656
cast_info,187737
cast_info,187742
cast_info,187743
cast_info,187798
cast_info,187813
cast_info,187818
cast_info,187823
cast_info,187842
cast_info,187843
cast_info,187853
cast_info,187863
cast_info,187892
cast_info,187893
cast_info,187911
cast_info,187934
cast_info,187940
cast_info,187990
cast_info,187995
cast_info,188020
cast_info,188042
cast_info,188080
cast_info,188083
cast_info,188084
cast_info,188130
cast_info,188131
cast_info,188178
cast_info,188199
cast_info,188219
cast_info,188232
cast_info,188251
cast_info,188282
cast_info,188288
cast_info,188304
cast_info,188349
cast_info,188387
cast_info,188391
cast_info,188400
cast_info,188413
cast_info,188425
cast_info,188437
cast_info,188455
cast_info,188470
cast_info,188488
cast_info,188495
cast_info,188604
cast_info,188654
cast_info,188663
cast_info,188665
cast_info,188683
cast_info,188695
cast_info,188727
cast_info,188731
cast_info,188770
cast_info,188806
cast_info,188808
cast_info,188826
cast_info,188832
cast_info,188901
cast_info,188929
cast_info,188970
cast_info,188979
cast_info,188981
cast_info,189048
cast_info,189051
cast_info,189091
cast_info,189120
cast_info,189155
cast_info,189164
cast_info,189174
cast_info,189210
cast_info,189226
cast_info,189237
cast_info,189299
cast_info,189310
cast_info,189334
cast_info,189335
cast_info,189426
cast_info,189432
cast_info,189433
cast_info,189461
cast_info,189481
cast_info,189507
cast_info,189532
cast_info,189546
cast_info,189547
cast_info,189551
cast_info,189611
cast_info,189639
cast_info,189681
cast_info,189682
cast_info,189712
cast_info,189731
cast_info,189749
cast_info,189767
cast_info,189817
cast_info,189884
cast_info,189906
cast_info,189919
cast_info,189947
cast_info,189960
cast_info,189980
cast_info,189990
cast_info,190004
cast_info,190018
cast_info,190020
cast_info,190038
cast_info,190083
cast_info,190104
cast_info,190192
cast_info,190199
cast_info,190242
cast_info,190293
cast_info,190308
cast_info,190312
cast_info,190314
cast_info,190334
cast_info,190364
cast_info,190437
cast_info,190445
cast_info,190450
cast_info,190459
cast_info,190483
cast_info,190494
cast_info,190501
cast_info,190504
cast_info,190567
cast_info,190593
cast_info,190620
cast_info,190621
cast_info,190630
cast_info,190635
cast_info,190653
cast_info,190680
cast_info,190706
cast_info,190719
cast_info,190722
cast_info,190747
cast_info,190766
cast_info,190779
cast_info,190830
cast_info,190840
cast_info,190852
cast_info,190869
cast_info,190874
cast_info,190884
cast_info,190897
cast_info,190929
cast_info,190941
cast_info,190946
cast_info,190967
cast_info,191040
cast_info,191044
cast_info,191065
cast_info,191070
cast_info,191073
cast_info,191129
cast_info,191162
cast_info,191174
cast_info,191201
cast_info,191222
cast_info,191227
cast_info,191276
cast_info,191278
cast_info,191285
cast_info,191313
cast_info,191328
cast_info,191360
cast_info,191369
cast_info,191385
cast_info,191398
cast_info,191404
cast_info,191419
cast_info,191422
cast_info,191435
cast_info,191437
cast_info,191485
cast_info,191490
cast_info,191497
cast_info,191539
cast_info,191545
cast_info,191602
cast_info,191627
cast_info,191668
cast_info,191669
cast_info,191688
cast_info,191690
cast_info,191703
cast_info,191724
cast_info,191731
cast_info,191758
cast_info,191803
cast_info,191807
cast_info,191817
cast_info,191826
cast_info,191849
cast_info,191852
cast_info,191886
cast_info,191897
cast_info,191904
cast_info,191909
cast_info,191938
cast_info,191951
cast_info,191972
cast_info,191974
cast_info,191993
cast_info,192008
cast_info,192010
cast_info,192012
cast_info,192014
cast_info,192068
cast_info,192096
cast_info,192103
cast_info,192167
cast_info,192183
cast_info,192238
cast_info,192246
cast_info,192268
cast_info,192273
cast_info,192281
cast_info,192307
cast_info,192383
cast_info,192384
cast_info,192398
cast_info,192414
cast_info,192418
cast_info,192427
cast_info,192428
cast_info,192447
cast_info,192453
cast_info,192465
cast_info,192470
cast_info,192515
cast_info,192533
cast_info,192536
cast_info,192549
cast_info,192551
cast_info,192555
cast_info,192570
cast_info,192580
cast_info,192585
cast_info,192621
cast_info,192650
cast_info,192661
cast_info,192698
cast_info,192702
cast_info,192703
cast_info,192717
cast_info,192745
cast_info,192778
cast_info,192793
cast_info,192795
cast_info,192798
cast_info,192813
cast_info,192824
cast_info,192861
cast_info,192868
cast_info,192880
cast_info,192886
cast_info,192892
cast_info,192908
cast_info,192912
cast_info,192916
cast_info,192923
cast_info,192937
cast_info,192954
cast_info,192973
cast_info,192976
cast_info,192980
cast_info,192995
cast_info,193001
cast_info,193006
cast_info,193033
cast_info,193038
cast_info,193044
cast_info,193096
cast_info,193104
cast_info,193128
cast_info,193152
cast_info,193193
cast_info,193194
cast_info,193196
cast_info,193216
cast_info,193235
cast_info,193268
cast_info,193289
cast_info,193290
cast_info,193307
cast_info,193316
cast_info,193320
cast_info,193335
cast_info,193372
cast_info,193437
cast_info,193456
cast_info,193472
cast_info,193481
cast_info,193485
cast_info,193498
cast_info,193505
cast_info,193524
cast_info,193530
cast_info,193619
cast_info,193621
cast_info,193626
cast_info,193627
cast_info,193636
cast_info,193704
cast_info,193720
cast_info,193763
cast_info,193782
cast_info,193806
cast_info,193811
cast_info,193822
cast_info,193851
cast_info,193900
cast_info,193906
cast_info,193910
cast_info,193913
cast_info,193956
cast_info,193959
cast_info,193967
cast_info,193976
cast_info,194004
cast_info,194029
cast_info,194041
cast_info,194043
cast_info,194050
cast_info,194059
cast_info,194072
cast_info,194081
cast_info,194114
cast_info,194171
cast_info,194173
cast_info,194212
cast_info,194232
cast_info,194241
cast_info,194263
cast_info,194265
cast_info,194280
cast_info,194294
cast_info,194295
cast_info,194343
cast_info,194344
cast_info,194364
cast_info,194455
cast_info,194466
cast_info,194494
cast_info,194504
cast_info,194595
cast_info,194604
cast_info,194606
cast_info,194662
cast_info,194676
cast_info,194708
cast_info,194715
cast_info,194725
cast_info,194736
cast_info,194737
cast_info,194740
cast_info,194783
cast_info,194799
cast_info,194814
cast_info,194841
cast_info,194863
cast_info,194867
cast_info,194874
cast_info,194902
cast_info,194927
cast_info,194960
cast_info,194964
cast_info,194968
cast_info,194973
cast_info,194978
cast_info,194982
cast_info,194997
cast_info,195051
cast_info,195123
cast_info,195146
cast_info,195176
cast_info,195192
cast_info,195193
cast_info,195212
cast_info,195214
cast_info,195217
cast_info,195221
cast_info,195282
cast_info,195289
cast_info,195293
cast_info,195316
cast_info,195317
cast_info,195340
cast_info,195361
cast_info,195374
cast_info,195412
cast_info,195453
cast_info,195467
cast_info,195473
cast_info,195475
cast_info,195484
cast_info,195490
cast_info,195496
cast_info,195507
cast_info,195508
cast_info,195542
cast_info,195550
cast_info,195596
cast_info,195598
cast_info,195613
cast_info,195620
cast_info,195700
cast_info,195717
cast_info,195722
cast_info,195726
cast_info,195744
cast_info,195762
cast_info,195793
cast_info,195876
cast_info,195909
cast_info,195948
cast_info,195974
cast_info,195975
cast_info,196019
cast_info,196043
cast_info,196065
cast_info,196129
cast_info,196160
cast_info,196204
cast_info,196213
cast_info,196223
cast_info,196240
cast_info,196251
cast_info,196262
cast_info,196271
cast_info,196300
cast_info,196426
cast_info,196440
cast_info,196491
cast_info,196513
cast_info,196580
cast_info,196596
cast_info,196625
cast_info,196629
cast_info,196630
cast_info,196663
cast_info,196728
cast_info,196739
cast_info,196814
cast_info,196837
cast_info,196849
cast_info,196866
cast_info,196871
cast_info,196893
cast_info,196911
cast_info,196930
cast_info,196995
cast_info,197003
cast_info,197011
cast_info,197036
cast_info,197107
cast_info,197163
cast_info,197177
cast_info,197197
cast_info,197199
cast_info,197297
cast_info,197312
cast_info,197354
cast_info,197368
cast_info,197370
cast_info,197379
cast_info,197394
cast_info,197412
cast_info,197430
cast_info,197452
cast_info,197463
cast_info,197487
cast_info,197578
cast_info,197618
cast_info,197620
cast_info,197642
cast_info,197712
cast_info,197724
cast_info,197745
cast_info,197769
cast_info,197827
cast_info,197856
cast_info,197859
cast_info,197873
cast_info,197896
cast_info,197976
cast_info,197993
cast_info,197998
cast_info,197999
cast_info,198004
cast_info,198011
cast_info,198025
cast_info,198029
cast_info,198031
cast_info,198138
cast_info,198139
cast_info,198219
cast_info,198295
cast_info,198297
cast_info,198331
cast_info,198339
cast_info,198356
cast_info,198375
cast_info,198453
cast_info,198547
cast_info,198567
cast_info,198569
cast_info,198576
cast_info,198601
cast_info,198625
cast_info,198648
cast_info,198657
cast_info,198666
cast_info,198667
cast_info,198668
cast_info,198676
cast_info,198734
cast_info,198749
cast_info,198756
cast_info,198846
cast_info,198858
cast_info,198909
cast_info,198947
cast_info,198948
cast_info,198949
cast_info,198992
cast_info,199091
cast_info,199120
cast_info,199155
cast_info,199169
cast_info,199182
cast_info,199201
cast_info,199283
cast_info,199308
cast_info,199318
cast_info,199376
cast_info,199379
cast_info,199467
cast_info,199530
cast_info,199569
cast_info,199658
cast_info,199697
cast_info,199717
cast_info,199729
cast_info,199813
cast_info,199814
cast_info,199825
cast_info,199841
cast_info,199878
cast_info,199907
cast_info,199924
cast_info,200006
cast_info,200104
cast_info,200125
cast_info,200132
cast_info,200152
cast_info,200189
cast_info,200198
cast_info,200206
cast_info,200216
cast_info,200236
cast_info,200245
cast_info,200321
cast_info,200377
cast_info,200401
cast_info,200426
cast_info,200461
cast_info,200473
cast_info,200513
cast_info,200531
cast_info,200535
cast_info,200604
cast_info,200607
cast_info,200655
cast_info,200661
cast_info,200696
cast_info,200745
cast_info,200750
cast_info,200763
cast_info,200764
cast_info,200800
cast_info,200802
cast_info,200861
cast_info,200864
cast_info,200868
cast_info,200919
cast_info,200956
cast_info,200989
cast_info,201005
cast_info,201023
cast_info,201048
cast_info,201104
cast_info,201161
cast_info,201195
cast_info,201286
cast_info,201295
cast_info,201347
cast_info,201362
cast_info,201428
cast_info,201445
cast_info,201479
cast_info,201527
cast_info,201545
cast_info,201556
cast_info,201688
cast_info,201771
cast_info,201774
cast_info,202172
cast_info,202226
cast_info,202248
cast_info,202259
cast_info,202297
cast_info,202308
cast_info,202346
cast_info,202373
cast_info,202398
cast_info,202408
cast_info,202417
cast_info,202427
cast_info,202435
cast_info,202454
cast_info,202465
cast_info,202501
cast_info,202531
cast_info,202588
cast_info,202596
cast_info,202618
cast_info,202667
cast_info,202668
cast_info,202675
cast_info,202677
cast_info,202680
cast_info,202717
cast_info,202736
cast_info,202739
cast_info,202749
cast_info,202751
cast_info,202752
cast_info,202791
cast_info,202850
cast_info,202919
cast_info,202944
cast_info,202957
cast_info,202974
cast_info,203006
cast_info,203025
cast_info,203187
cast_info,203196
cast_info,203221
cast_info,203242
cast_info,203253
cast_info,203296
cast_info,203300
cast_info,203354
cast_info,203394
cast_info,203400
cast_info,203401
cast_info,203468
cast_info,203494
cast_info,203574
cast_info,203579
cast_info,203604
cast_info,203621
cast_info,203660
cast_info,203693
cast_info,203749
cast_info,203756
cast_info,203767
cast_info,203833
cast_info,203840
cast_info,203892
cast_info,204010
cast_info,204011
cast_info,204038
cast_info,204048
cast_info,204124
cast_info,204164
cast_info,204165
cast_info,204204
cast_info,204229
cast_info,204232
cast_info,204246
cast_info,204280
cast_info,204288
cast_info,204327
cast_info,204410
cast_info,204412
cast_info,204421
cast_info,204424
cast_info,204434
cast_info,204461
cast_info,204465
cast_info,204474
cast_info,204491
cast_info,204494
cast_info,204562
cast_info,204568
cast_info,204684
cast_info,204692
cast_info,204697
cast_info,204733
cast_info,204788
cast_info,204824
cast_info,204825
cast_info,204845
cast_info,204855
cast_info,204953
cast_info,204959
cast_info,204981
cast_info,204993
cast_info,205015
cast_info,205101
cast_info,205145
cast_info,205176
cast_info,205184
cast_info,205210
cast_info,205233
cast_info,205237
cast_info,205275
cast_info,205292
cast_info,205321
cast_info,205368
cast_info,205371
cast_info,205380
cast_info,205436
cast_info,205482
cast_info,205497
cast_info,205506
cast_info,205540
cast_info,205602
cast_info,205644
cast_info,205645
cast_info,205765
cast_info,205769
cast_info,205791
cast_info,205835
cast_info,205866
cast_info,205879
cast_info,205984
cast_info,206030
cast_info,206057
cast_info,206088
cast_info,206127
cast_info,206177
cast_info,206203
cast_info,206221
cast_info,206247
cast_info,206294
cast_info,206454
cast_info,206478
cast_info,206519
cast_info,206579
cast_info,206587
cast_info,206595
cast_info,206606
cast_info,206620
cast_info,206628
cast_info,206651
cast_info,206652
cast_info,206664
cast_info,206667
cast_info,206713
cast_info,206723
cast_info,206737
cast_info,206801
cast_info,206833
cast_info,206843
cast_info,206852
cast_info,206853
cast_info,206923
cast_info,206933
cast_info,206957
cast_info,206959
cast_info,206976
cast_info,206996
cast_info,207029
cast_info,207040
cast_info,207045
cast_info,207089
cast_info,207102
cast_info,207140
cast_info,207152
cast_info,207154
cast_info,207157
cast_info,207209
cast_info,207210
cast_info,207222
cast_info,207257
cast_info,207258
cast_info,207279
cast_info,207299
cast_info,207366
cast_info,207371
cast_info,207381
cast_info,207389
cast_info,207402
cast_info,207457
cast_info,207461
cast_info,207466
cast_info,207525
cast_info,207568
cast_info,207585
cast_info,207594
cast_info,207620
cast_info,207659
cast_info,207718
cast_info,207732
cast_info,207757
cast_info,207789
cast_info,207797
cast_info,207805
cast_info,207846
cast_info,207860
cast_info,207864
cast_info,207874
cast_info,207895
cast_info,207911
cast_info,207926
cast_info,207969
cast_info,207973
cast_info,207981
cast_info,208006
cast_info,208020
cast_info,208064
cast_info,208077
cast_info,208092
cast_info,208099
cast_info,208182
cast_info,208184
cast_info,208189
cast_info,208202
cast_info,208246
cast_info,208253
cast_info,208275
cast_info,208289
cast_info,208309
cast_info,208345
cast_info,208399
cast_info,208411
cast_info,208461
cast_info,208502
cast_info,208507
cast_info,208530
cast_info,208546
cast_info,208574
cast_info,208583
cast_info,208627
cast_info,208630
cast_info,208644
cast_info,208678
cast_info,208694
cast_info,208719
cast_info,208752
cast_info,208754
cast_info,208765
cast_info,208772
cast_info,208778
cast_info,208781
cast_info,208783
cast_info,208789
cast_info,208843
cast_info,208849
cast_info,208884
cast_info,208885
cast_info,208906
cast_info,208934
cast_info,208940
cast_info,208982
cast_info,209043
cast_info,209057
cast_info,209075
cast_info,209080
cast_info,209093
cast_info,209211
cast_info,209214
cast_info,209222
cast_info,209250
cast_info,209259
cast_info,209282
cast_info,209292
cast_info,209295
cast_info,209299
cast_info,209310
cast_info,209312
cast_info,209326
cast_info,209340
cast_info,209374
cast_info,209411
cast_info,209471
cast_info,209498
cast_info,209522
cast_info,209607
cast_info,209608
cast_info,209625
cast_info,209632
cast_info,209731
cast_info,209757
cast_info,209786
cast_info,209811
cast_info,209826
cast_info,209827
cast_info,209864
cast_info,210011
cast_info,210059
cast_info,210081
cast_info,210112
cast_info,210125
cast_info,210129
cast_info,210155
cast_info,210157
cast_info,210169
cast_info,210184
cast_info,210210
cast_info,210218
cast_info,210233
cast_info,210252
cast_info,210268
cast_info,210286
cast_info,210304
cast_info,210326
cast_info,210381
cast_info,210385
cast_info,210417
cast_info,210426
cast_info,210432
cast_info,210434
cast_info,210448
cast_info,210473
cast_info,210553
cast_info,210554
cast_info,210570
cast_info,210586
cast_info,210592
cast_info,210595
cast_info,210626
cast_info,210711
cast_info,210721
cast_info,210742
cast_info,210747
cast_info,210766
cast_info,210777
cast_info,210828
cast_info,210831
cast_info,210850
cast_info,210867
cast_info,210877
cast_info,210901
cast_info,210934
cast_info,210990
cast_info,211055
cast_info,211061
cast_info,211096
cast_info,211120
cast_info,211146
cast_info,211148
cast_info,211162
cast_info,211218
cast_info,211224
cast_info,211225
cast_info,211239
cast_info,211293
cast_info,211317
cast_info,211327
cast_info,211346
cast_info,211363
cast_info,211373
cast_info,211396
cast_info,211400
cast_info,211403
cast_info,211480
cast_info,211492
cast_info,211526
cast_info,211530
cast_info,211572
cast_info,211580
cast_info,211587
cast_info,211643
cast_info,211668
cast_info,211682
cast_info,211713
cast_info,211740
cast_info,211763
cast_info,211783
cast_info,211839
cast_info,211845
cast_info,211854
cast_info,211859
cast_info,211874
cast_info,211904
cast_info,211906
cast_info,211919
cast_info,211956
cast_info,211977
cast_info,211996
cast_info,211997
cast_info,212001
cast_info,212008
cast_info,212013
cast_info,212028
cast_info,212039
cast_info,212049
cast_info,212069
cast_info,212086
cast_info,212108
cast_info,212123
cast_info,212127
cast_info,212135
cast_info,212161
cast_info,212164
cast_info,212181
cast_info,212283
cast_info,212292
cast_info,212310
cast_info,212334
cast_info,212389
cast_info,212458
cast_info,212468
cast_info,212481
cast_info,212497
cast_info,212514
cast_info,212532
cast_info,212551
cast_info,212577
cast_info,212581
cast_info,212582
cast_info,212668
cast_info,212692
cast_info,212723
cast_info,212762
cast_info,212769
cast_info,212777
cast_info,212782
cast_info,212829
cast_info,212867
cast_info,212869
cast_info,212873
cast_info,212903
cast_info,212904
cast_info,212905
cast_info,212910
cast_info,212917
cast_info,212920
cast_info,212940
cast_info,212989
cast_info,213001
cast_info,213035
cast_info,213052
cast_info,213057
cast_info,213073
cast_info,213095
cast_info,213096
cast_info,213097
cast_info,213130
cast_info,213144
cast_info,213152
cast_info,213172
cast_info,213223
cast_info,213265
cast_info,213268
cast_info,213271
cast_info,213272
cast_info,213284
cast_info,213293
cast_info,213303
cast_info,213304
cast_info,213309
cast_info,213319
cast_info,213329
cast_info,213364
cast_info,213388
cast_info,213399
cast_info,213421
cast_info,213422
cast_info,213523
cast_info,213594
cast_info,213601
cast_info,213608
cast_info,213620
cast_info,213630
cast_info,213690
cast_info,213700
cast_info,213708
cast_info,213728
cast_info,213758
cast_info,213765
cast_info,213773
cast_info,213790
cast_info,213813
cast_info,213924
cast_info,213930
cast_info,213933
cast_info,213960
cast_info,213970
cast_info,213995
cast_info,214036
cast_info,214063
cast_info,214081
cast_info,214082
cast_info,214084
cast_info,214121
cast_info,214141
cast_info,214165
cast_info,214167
cast_info,214203
cast_info,214251
cast_info,214255
cast_info,214259
cast_info,214341
cast_info,214367
cast_info,214402
cast_info,214407
cast_info,214417
cast_info,214422
cast_info,214432
cast_info,214458
cast_info,214462
cast_info,214482
cast_info,214495
cast_info,214503
cast_info,214516
cast_info,214540
cast_info,214545
cast_info,214548
cast_info,214556
cast_info,214560
cast_info,214570
cast_info,214591
cast_info,214604
cast_info,214607
cast_info,214608
cast_info,214621
cast_info,214627
cast_info,214702
cast_info,214703
cast_info,214711
cast_info,214719
cast_info,214721
cast_info,214736
cast_info,214756
cast_info,214757
cast_info,214782
cast_info,214783
cast_info,214826
cast_info,214827
cast_info,214882
cast_info,214890
cast_info,214909
cast_info,214934
cast_info,214960
cast_info,214985
cast_info,215004
cast_info,215057
cast_info,215094
cast_info,215115
cast_info,215117
cast_info,215128
cast_info,215136
cast_info,215146
cast_info,215164
cast_info,215167
cast_info,215175
cast_info,215199
cast_info,215201
cast_info,215276
cast_info,215283
cast_info,215286
cast_info,215317
cast_info,215319
cast_info,215350
cast_info,215375
cast_info,215379
cast_info,215386
cast_info,215390
cast_info,215403
cast_info,215418
cast_info,215423
cast_info,215427
cast_info,215429
cast_info,215432
cast_info,215448
cast_info,215453
cast_info,215460
cast_info,215462
cast_info,215468
cast_info,215474
cast_info,215524
cast_info,215539
cast_info,215545
cast_info,215582
cast_info,215606
cast_info,215643
cast_info,215646
cast_info,215656
cast_info,215657
cast_info,215673
cast_info,215676
cast_info,215744
cast_info,215760
cast_info,215768
cast_info,215769
cast_info,215791
cast_info,215792
cast_info,215822
cast_info,215825
cast_info,215840
cast_info,215851
cast_info,215879
cast_info,215892
cast_info,215932
cast_info,215954
cast_info,215993
cast_info,216047
cast_info,216089
cast_info,216120
cast_info,216126
cast_info,216132
cast_info,216134
cast_info,216203
cast_info,216206
cast_info,216212
cast_info,216232
cast_info,216272
cast_info,216290
cast_info,216307
cast_info,216311
cast_info,216321
cast_info,216390
cast_info,216392
cast_info,216424
cast_info,216452
cast_info,216456
cast_info,216459
cast_info,216466
cast_info,216537
cast_info,216540
cast_info,216555
cast_info,216558
cast_info,216593
cast_info,216621
cast_info,216651
cast_info,216652
cast_info,216671
cast_info,216672
cast_info,216687
cast_info,216705
cast_info,216712
cast_info,216722
cast_info,216752
cast_info,216754
cast_info,216787
cast_info,216804
cast_info,216816
cast_info,216818
cast_info,216824
cast_info,216841
cast_info,216852
cast_info,216858
cast_info,216859
cast_info,216860
cast_info,216893
cast_info,216929
cast_info,216972
cast_info,217051
cast_info,217079
cast_info,217114
cast_info,217124
cast_info,217134
cast_info,217182
cast_info,217200
cast_info,217211
cast_info,217230
cast_info,217289
cast_info,217290
cast_info,217376
cast_info,217379
cast_info,217387
cast_info,217388
cast_info,217393
cast_info,217406
cast_info,217445
cast_info,217446
cast_info,217450
cast_info,217452
cast_info,217475
cast_info,217482
cast_info,217510
cast_info,217528
cast_info,217537
cast_info,217542
cast_info,217562
cast_info,217609
cast_info,217632
cast_info,217635
cast_info,217645
cast_info,217666
cast_info,217667
cast_info,217694
cast_info,217712
cast_info,217747
cast_info,217814
cast_info,217815
cast_info,217826
cast_info,217838
cast_info,217872
cast_info,217874
cast_info,217919
cast_info,217975
cast_info,218029
cast_info,218082
cast_info,218083
cast_info,218084
cast_info,218107
cast_info,218108
cast_info,218144
cast_info,218148
cast_info,218153
cast_info,218211
cast_info,218218
cast_info,218248
cast_info,218259
cast_info,218280
cast_info,218355
cast_info,218361
cast_info,218403
cast_info,218404
cast_info,218421
cast_info,218445
cast_info,218452
cast_info,218485
cast_info,218529
cast_info,218538
cast_info,218554
cast_info,218558
cast_info,218559
cast_info,218580
cast_info,218586
cast_info,218600
cast_info,218602
cast_info,218618
cast_info,218632
cast_info,218662
cast_info,218664
cast_info,218667
cast_info,218668
cast_info,218682
cast_info,218693
cast_info,218698
cast_info,218734
cast_info,218737
cast_info,218740
cast_info,218743
cast_info,218759
cast_info,218765
cast_info,218770
cast_info,218771
cast_info,218773
cast_info,218828
cast_info,218845
cast_info,218887
cast_info,218904
cast_info,218909
cast_info,218913
cast_info,218924
cast_info,218925
cast_info,218965
cast_info,218973
cast_info,218991
cast_info,218995
cast_info,219006
cast_info,219011
cast_info,219021
cast_info,219024
cast_info,219039
cast_info,219042
cast_info,219060
cast_info,219069
cast_info,219071
cast_info,219074
cast_info,219109
cast_info,219134
cast_info,219143
cast_info,219146
cast_info,219173
cast_info,219211
cast_info,219220
cast_info,219230
cast_info,219231
cast_info,219257
cast_info,219318
cast_info,219328
cast_info,219357
cast_info,219388
cast_info,219409
cast_info,219424
cast_info,219447
cast_info,219460
cast_info,219493
cast_info,219495
cast_info,219516
cast_info,219533
cast_info,219556
cast_info,219557
cast_info,219571
cast_info,219581
cast_info,219596
cast_info,219611
cast_info,219641
cast_info,219642
cast_info,219664
cast_info,219669
cast_info,219689
cast_info,219698
cast_info,219714
cast_info,219726
cast_info,219732
cast_info,219734
cast_info,219747
cast_info,219755
cast_info,219780
cast_info,219781
cast_info,219787
cast_info,219788
cast_info,219792
cast_info,219815
cast_info,219829
cast_info,219856
cast_info,219914
cast_info,219928
cast_info,219944
cast_info,219946
cast_info,219951
cast_info,219953
cast_info,220004
cast_info,220006
cast_info,220058
cast_info,220077
cast_info,220078
cast_info,220085
cast_info,220144
cast_info,220145
cast_info,220197
cast_info,220231
cast_info,220248
cast_info,220318
cast_info,220336
cast_info,220342
cast_info,220364
cast_info,220445
cast_info,220450
cast_info,220474
cast_info,220475
cast_info,220530
cast_info,220582
cast_info,220584
cast_info,220601
cast_info,220604
cast_info,220613
cast_info,220658
cast_info,220659
cast_info,220673
cast_info,220688
cast_info,220702
cast_info,220708
cast_info,220709
cast_info,220720
cast_info,220733
cast_info,220735
cast_info,220766
cast_info,220783
cast_info,220797
cast_info,220850
cast_info,220872
cast_info,220874
cast_info,220888
cast_info,220889
cast_info,220891
cast_info,220893
cast_info,220896
cast_info,220901
cast_info,220905
cast_info,220906
cast_info,220946
cast_info,220950
cast_info,220970
cast_info,221015
cast_info,221058
cast_info,221061
cast_info,221062
cast_info,221075
cast_info,221139
cast_info,221142
cast_info,221183
cast_info,221185
cast_info,221313
cast_info,221318
cast_info,221352
cast_info,221353
cast_info,221360
cast_info,221373
cast_info,221410
cast_info,221444
cast_info,221516
cast_info,221571
cast_info,221573
cast_info,221615
cast_info,221626
cast_info,221629
cast_info,221641
cast_info,221650
cast_info,221651
cast_info,221672
cast_info,221690
cast_info,221694
cast_info,221725
cast_info,221726
cast_info,221735
cast_info,221746
cast_info,221768
cast_info,221850
cast_info,221972
cast_info,222002
cast_info,222010
cast_info,222031
cast_info,222041
cast_info,222045
cast_info,222115
cast_info,222139
cast_info,222163
cast_info,222164
cast_info,222179
cast_info,222185
cast_info,222196
cast_info,222199
cast_info,222220
cast_info,222231
cast_info,222233
cast_info,222246
cast_info,222258
cast_info,222283
cast_info,222292
cast_info,222294
cast_info,222325
cast_info,222351
cast_info,222367
cast_info,222425
cast_info,222472
cast_info,222474
cast_info,222476
cast_info,222496
cast_info,222536
cast_info,222538
cast_info,222547
cast_info,222549
cast_info,222552
cast_info,222557
cast_info,222571
cast_info,222583
cast_info,222605
cast_info,222625
cast_info,222638
cast_info,222668
cast_info,222670
cast_info,222686
cast_info,222706
cast_info,222708
cast_info,222715
cast_info,222763
cast_info,222782
cast_info,222786
cast_info,222816
cast_info,222825
cast_info,222827
cast_info,222829
cast_info,222873
cast_info,222906
cast_info,222912
cast_info,222914
cast_info,222932
cast_info,222953
cast_info,222957
cast_info,222959
cast_info,222964
cast_info,222976
cast_info,222993
cast_info,223014
cast_info,223028
cast_info,223052
cast_info,223060
cast_info,223107
cast_info,223112
cast_info,223114
cast_info,223130
cast_info,223189
cast_info,223240
cast_info,223244
cast_info,223252
cast_info,223283
cast_info,223289
cast_info,223300
cast_info,223315
cast_info,223347
cast_info,223352
cast_info,223370
cast_info,223394
cast_info,223396
cast_info,223404
cast_info,223435
cast_info,223444
cast_info,223452
cast_info,223469
cast_info,223478
cast_info,223512
cast_info,223520
cast_info,223527
cast_info,223535
cast_info,223544
cast_info,223547
cast_info,223577
cast_info,223591
cast_info,223600
cast_info,223615
cast_info,223628
cast_info,223633
cast_info,223635
cast_info,223636
cast_info,223646
cast_info,223650
cast_info,223686
cast_info,223712
cast_info,223713
cast_info,223716
cast_info,223746
cast_info,223793
cast_info,223809
cast_info,223819
cast_info,223829
cast_info,223834
cast_info,223844
cast_info,223898
cast_info,223913
cast_info,223925
cast_info,223943
cast_info,223944
cast_info,223948
cast_info,223952
cast_info,223995
cast_info,224004
cast_info,224023
cast_info,224055
cast_info,224070
cast_info,224076
cast_info,224087
cast_info,224090
cast_info,224092
cast_info,224131
cast_info,224143
cast_info,224151
cast_info,224163
cast_info,224164
cast_info,224165
cast_info,224203
cast_info,224209
cast_info,224218
cast_info,224233
cast_info,224251
cast_info,224279
cast_info,224304
cast_info,224305
cast_info,224322
cast_info,224353
cast_info,224376
cast_info,224389
cast_info,224404
cast_info,224406
cast_info,224408
cast_info,224415
cast_info,224441
cast_info,224460
cast_info,224502
cast_info,224506
cast_info,224508
cast_info,224512
cast_info,224513
cast_info,224524
cast_info,224580
cast_info,224583
cast_info,224601
cast_info,224613
cast_info,224624
cast_info,224637
cast_info,224649
cast_info,224675
cast_info,224688
cast_info,224714
cast_info,224724
cast_info,224731
cast_info,224760
cast_info,224765
cast_info,224768
cast_info,224786
cast_info,224842
cast_info,224845
cast_info,224858
cast_info,224865
cast_info,224887
cast_info,224889
cast_info,224931
cast_info,224947
cast_info,224961
cast_info,224970
cast_info,224977
cast_info,224986
cast_info,225034
cast_info,225063
cast_info,225092
cast_info,225176
cast_info,225185
cast_info,225189
cast_info,225191
cast_info,225208
cast_info,225209
cast_info,225212
cast_info,225227
cast_info,225243
cast_info,225253
cast_info,225255
cast_info,225267
cast_info,225291
cast_info,225292
cast_info,225315
cast_info,225325
cast_info,225360
cast_info,225361
cast_info,225389
cast_info,225397
cast_info,225400
cast_info,225431
cast_info,225456
cast_info,225467
cast_info,225470
cast_info,225472
cast_info,225481
cast_info,225543
cast_info,225570
cast_info,225585
cast_info,225624
cast_info,225632
cast_info,225643
cast_info,225668
cast_info,225692
cast_info,225718
cast_info,225743
cast_info,225758
cast_info,225767
cast_info,225768
cast_info,225771
cast_info,225810
cast_info,225817
cast_info,225871
cast_info,225891
cast_info,225907
cast_info,225910
cast_info,225913
cast_info,225925
cast_info,225963
cast_info,225983
cast_info,226032
cast_info,226061
cast_info,226065
cast_info,226081
cast_info,226086
cast_info,226112
cast_info,226139
cast_info,226144
cast_info,226170
cast_info,226188
cast_info,226266
cast_info,226278
cast_info,226297
cast_info,226302
cast_info,226304
cast_info,226330
cast_info,226336
cast_info,226339
cast_info,226359
cast_info,226383
cast_info,226390
cast_info,226399
cast_info,226443
cast_info,226444
cast_info,226453
cast_info,226454
cast_info,226462
cast_info,226486
cast_info,226496
cast_info,226527
cast_info,226534
cast_info,226545
cast_info,226566
cast_info,226661
cast_info,226662
cast_info,226669
cast_info,226684
cast_info,226701
cast_info,226705
cast_info,226724
cast_info,226728
cast_info,226736
cast_info,226737
cast_info,226742
cast_info,226755
cast_info,226756
cast_info,226761
cast_info,226770
cast_info,226894
cast_info,226911
cast_info,226925
cast_info,226926
cast_info,226934
cast_info,226945
cast_info,226950
cast_info,226964
cast_info,226969
cast_info,226973
cast_info,226974
cast_info,226978
cast_info,227007
cast_info,227020
cast_info,227032
cast_info,227053
cast_info,227066
cast_info,227067
cast_info,227072
cast_info,227082
cast_info,227084
cast_info,227093
cast_info,227094
cast_info,227143
cast_info,227145
cast_info,227156
cast_info,227188
cast_info,227190
cast_info,227215
cast_info,227234
cast_info,227294
cast_info,227295
cast_info,227336
cast_info,227366
cast_info,227368
cast_info,227372
cast_info,227381
cast_info,227383
cast_info,227386
cast_info,227396
cast_info,227401
cast_info,227436
cast_info,227437
cast_info,227443
cast_info,227467
cast_info,227468
cast_info,227489
cast_info,227496
cast_info,227503
cast_info,227523
cast_info,227534
cast_info,227588
cast_info,227599
cast_info,227602
cast_info,227639
cast_info,227643
cast_info,227701
cast_info,227783
cast_info,227792
cast_info,227793
cast_info,227810
cast_info,227826
cast_info,227835
cast_info,227842
cast_info,227858
cast_info,227899
cast_info,227901
cast_info,227904
cast_info,227910
cast_info,227911
cast_info,227943
cast_info,227982
cast_info,227989
cast_info,227995
cast_info,228017
cast_info,228024
cast_info,228033
cast_info,228050
cast_info,228086
cast_info,228091
cast_info,228126
cast_info,228128
cast_info,228141
cast_info,228146
cast_info,228153
cast_info,228184
cast_info,228241
cast_info,228249
cast_info,228252
cast_info,228254
cast_info,228256
cast_info,228258
cast_info,228279
cast_info,228286
cast_info,228289
cast_info,228348
cast_info,228349
cast_info,228416
cast_info,228439
cast_info,228482
cast_info,228489
cast_info,228503
cast_info,228509
cast_info,228512
cast_info,228542
cast_info,228555
cast_info,228556
cast_info,228579
cast_info,228597
cast_info,228599
cast_info,228619
cast_info,228654
cast_info,228666
cast_info,228668
cast_info,228669
cast_info,228671
cast_info,228688
cast_info,228712
cast_info,228730
cast_info,228745
cast_info,228749
cast_info,228753
cast_info,228771
cast_info,228782
cast_info,228785
cast_info,228789
cast_info,228805
cast_info,228810
cast_info,228823
cast_info,228824
cast_info,228909
cast_info,228910
cast_info,228912
cast_info,228914
cast_info,228918
cast_info,228945
cast_info,228949
cast_info,228963
cast_info,228983
cast_info,228991
cast_info,229014
cast_info,229018
cast_info,229020
cast_info,229046
cast_info,229070
cast_info,229081
cast_info,229090
cast_info,229094
cast_info,229100
cast_info,229103
cast_info,229106
cast_info,229108
cast_info,229114
cast_info,229143
cast_info,229145
cast_info,229158
cast_info,229161
cast_info,229167
cast_info,229202
cast_info,229242
cast_info,229243
cast_info,229246
cast_info,229258
cast_info,229272
cast_info,229296
cast_info,229297
cast_info,229298
cast_info,229302
cast_info,229309
cast_info,229318
cast_info,229330
cast_info,229335
cast_info,229345
cast_info,229352
cast_info,229383
cast_info,229432
cast_info,229435
cast_info,229442
cast_info,229488
cast_info,229523
cast_info,229532
cast_info,229537
cast_info,229542
cast_info,229564
cast_info,229576
cast_info,229596
cast_info,229597
cast_info,229639
cast_info,229684
cast_info,229688
cast_info,229690
cast_info,229715
cast_info,229717
cast_info,229730
cast_info,229731
cast_info,229749
cast_info,229774
cast_info,229784
cast_info,229789
cast_info,229808
cast_info,229815
cast_info,229826
cast_info,229850
cast_info,229872
cast_info,229898
cast_info,230017
cast_info,230061
cast_info,230110
cast_info,230126
cast_info,230136
cast_info,230148
cast_info,230164
cast_info,230169
cast_info,230171
cast_info,230173
cast_info,230185
cast_info,230201
cast_info,230217
cast_info,230224
cast_info,230229
cast_info,230231
cast_info,230238
cast_info,230267
cast_info,230272
cast_info,230374
cast_info,230376
cast_info,230382
cast_info,230384
cast_info,230389
cast_info,230409
cast_info,230410
cast_info,230429
cast_info,230444
cast_info,230452
cast_info,230456
cast_info,230472
cast_info,230491
cast_info,230541
cast_info,230546
cast_info,230547
cast_info,230579
cast_info,230604
cast_info,230609
cast_info,230626
cast_info,230674
cast_info,230702
cast_info,230715
cast_info,230734
cast_info,230735
cast_info,230737
cast_info,230758
cast_info,230760
cast_info,230783
cast_info,230805
cast_info,230838
cast_info,230843
cast_info,230850
cast_info,230871
cast_info,230909
cast_info,230921
cast_info,230985
cast_info,230994
cast_info,230999
cast_info,231005
cast_info,231015
cast_info,231027
cast_info,231028
cast_info,231036
cast_info,231043
cast_info,231045
cast_info,231084
cast_info,231107
cast_info,231149
cast_info,231196
cast_info,231197
cast_info,231200
cast_info,231209
cast_info,231219
cast_info,231240
cast_info,231254
cast_info,231257
cast_info,231261
cast_info,231262
cast_info,231273
cast_info,231283
cast_info,231324
cast_info,231331
cast_info,231351
cast_info,231352
cast_info,231353
cast_info,231368
cast_info,231377
cast_info,231379
cast_info,231398
cast_info,231402
cast_info,231415
cast_info,231425
cast_info,231429
cast_info,231481
cast_info,231483
cast_info,231490
cast_info,231510
cast_info,231515
cast_info,231519
cast_info,231540
cast_info,231546
cast_info,231564
cast_info,231565
cast_info,231580
cast_info,231585
cast_info,231592
cast_info,231601
cast_info,231603
cast_info,231610
cast_info,231618
cast_info,231621
cast_info,231632
cast_info,231635
cast_info,231657
cast_info,231665
cast_info,231671
cast_info,231676
cast_info,231715
cast_info,231771
cast_info,231817
cast_info,231836
cast_info,231851
cast_info,231881
cast_info,231882
cast_info,231919
cast_info,231942
cast_info,231947
cast_info,231956
cast_info,231967
cast_info,231980
cast_info,231981
cast_info,231990
cast_info,232024
cast_info,232042
cast_info,232045
cast_info,232083
cast_info,232086
cast_info,232090
cast_info,232108
cast_info,232117
cast_info,232139
cast_info,232142
cast_info,232150
cast_info,232164
cast_info,232166
cast_info,232197
cast_info,232206
cast_info,232220
cast_info,232227
cast_info,232231
cast_info,232239
cast_info,232241
cast_info,232269
cast_info,232276
cast_info,232334
cast_info,232358
cast_info,232368
cast_info,232382
cast_info,232387
cast_info,232388
cast_info,232444
cast_info,232452
cast_info,232453
cast_info,232460
cast_info,232532
cast_info,232541
cast_info,232546
cast_info,232560
cast_info,232596
cast_info,232602
cast_info,232632
cast_info,232633
cast_info,232641
cast_info,232643
cast_info,232655
cast_info,232692
cast_info,232700
cast_info,232736
cast_info,232749
cast_info,232757
cast_info,232765
cast_info,232767
cast_info,232809
cast_info,232818
cast_info,232835
cast_info,232871
cast_info,232873
cast_info,232908
cast_info,232925
cast_info,232934
cast_info,232948
cast_info,232958
cast_info,233019
cast_info,233043
cast_info,233062
cast_info,233069
cast_info,233071
cast_info,233114
cast_info,233122
cast_info,233143
cast_info,233152
cast_info,233155
cast_info,233162
cast_info,233165
cast_info,233183
cast_info,233192
cast_info,233193
cast_info,233208
cast_info,233210
cast_info,233243
cast_info,233259
cast_info,233260
cast_info,233285
cast_info,233298
cast_info,233301
cast_info,233307
cast_info,233321
cast_info,233366
cast_info,233378
cast_info,233382
cast_info,233421
cast_info,233426
cast_info,233427
cast_info,233478
cast_info,233487
cast_info,233511
cast_info,233516
cast_info,233537
cast_info,233545
cast_info,233554
cast_info,233589
cast_info,233599
cast_info,233610
cast_info,233654
cast_info,233661
cast_info,233663
cast_info,233666
cast_info,233667
cast_info,233682
cast_info,233709
cast_info,233716
cast_info,233720
cast_info,233778
cast_info,233800
cast_info,233827
cast_info,233858
cast_info,233906
cast_info,233924
cast_info,233934
cast_info,233943
cast_info,233945
cast_info,233994
cast_info,234012
cast_info,234026
cast_info,234030
cast_info,234042
cast_info,234065
cast_info,234067
cast_info,234097
cast_info,234113
cast_info,234126
cast_info,234134
cast_info,234136
cast_info,234154
cast_info,234175
cast_info,234233
cast_info,234244
cast_info,234254
cast_info,234272
cast_info,234273
cast_info,234291
cast_info,234323
cast_info,234332
cast_info,234353
cast_info,234360
cast_info,234398
cast_info,234409
cast_info,234418
cast_info,234420
cast_info,234423
cast_info,234425
cast_info,234437
cast_info,234455
cast_info,234460
cast_info,234469
cast_info,234534
cast_info,234580
cast_info,234607
cast_info,234700
cast_info,234708
cast_info,234722
cast_info,234727
cast_info,234737
cast_info,234759
cast_info,234797
cast_info,234800
cast_info,234801
cast_info,234835
cast_info,234856
cast_info,234868
cast_info,234871
cast_info,234875
cast_info,234876
cast_info,234881
cast_info,234905
cast_info,234911
cast_info,234937
cast_info,234953
cast_info,234958
cast_info,234976
cast_info,235005
cast_info,235016
cast_info,235048
cast_info,235050
cast_info,235065
cast_info,235077
cast_info,235078
cast_info,235080
cast_info,235086
cast_info,235093
cast_info,235094
cast_info,235096
cast_info,235180
cast_info,235182
cast_info,235183
cast_info,235289
cast_info,235297
cast_info,235300
cast_info,235309
cast_info,235316
cast_info,235327
cast_info,235369
cast_info,235377
cast_info,235380
cast_info,235384
cast_info,235439
cast_info,235448
cast_info,235474
cast_info,235493
cast_info,235503
cast_info,235517
cast_info,235518
cast_info,235530
cast_info,235556
cast_info,235565
cast_info,235593
cast_info,235604
cast_info,235656
cast_info,235657
cast_info,235672
cast_info,235682
cast_info,235705
cast_info,235717
cast_info,235720
cast_info,235734
cast_info,235758
cast_info,235773
cast_info,235791
cast_info,235796
cast_info,235830
cast_info,235852
cast_info,235871
cast_info,235873
cast_info,235876
cast_info,235920
cast_info,235970
cast_info,236010
cast_info,236011
cast_info,236016
cast_info,236105
cast_info,236116
cast_info,236123
cast_info,236182
cast_info,236186
cast_info,236196
cast_info,236202
cast_info,236215
cast_info,236254
cast_info,236262
cast_info,236271
cast_info,236272
cast_info,236278
cast_info,236331
cast_info,236345
cast_info,236358
cast_info,236401
cast_info,236417
cast_info,236428
cast_info,236437
cast_info,236444
cast_info,236504
cast_info,236518
cast_info,236551
cast_info,236591
cast_info,236596
cast_info,236597
cast_info,236602
cast_info,236605
cast_info,236610
cast_info,236612
cast_info,236613
cast_info,236619
cast_info,236658
cast_info,236726
cast_info,236733
cast_info,236755
cast_info,236780
cast_info,236805
cast_info,236806
cast_info,236811
cast_info,236828
cast_info,236830
cast_info,236879
cast_info,236884
cast_info,236888
cast_info,236898
cast_info,236905
cast_info,236924
cast_info,236940
cast_info,236957
cast_info,236974
cast_info,236982
cast_info,236985
cast_info,237001
cast_info,237004
cast_info,237007
cast_info,237011
cast_info,237018
cast_info,237021
cast_info,237031
cast_info,237050
cast_info,237059
cast_info,237064
cast_info,237077
cast_info,237078
cast_info,237084
cast_info,237101
cast_info,237118
cast_info,237134
cast_info,237142
cast_info,237154
cast_info,237167
cast_info,237197
cast_info,237210
cast_info,237230
cast_info,237252
cast_info,237254
cast_info,237256
cast_info,237266
cast_info,237339
cast_info,237341
cast_info,237355
cast_info,237373
cast_info,237376
cast_info,237389
cast_info,237390
cast_info,237391
cast_info,237404
cast_info,237405
cast_info,237422
cast_info,237447
cast_info,237454
cast_info,237522
cast_info,237534
cast_info,237567
cast_info,237590
cast_info,237593
cast_info,237607
cast_info,237616
cast_info,237653
cast_info,237675
cast_info,237710
cast_info,237712
cast_info,237716
cast_info,237721
cast_info,237733
cast_info,237734
cast_info,237746
cast_info,237755
cast_info,237767
cast_info,237802
cast_info,237837
cast_info,237858
cast_info,237869
cast_info,237871
cast_info,237873
cast_info,237889
cast_info,237902
cast_info,237903
cast_info,237907
cast_info,237923
cast_info,237929
cast_info,237933
cast_info,237951
cast_info,237980
cast_info,238014
cast_info,238018
cast_info,238026
cast_info,238115
cast_info,238121
cast_info,238129
cast_info,238134
cast_info,238139
cast_info,238155
cast_info,238180
cast_info,238195
cast_info,238202
cast_info,238218
cast_info,238228
cast_info,238231
cast_info,238240
cast_info,238251
cast_info,238287
cast_info,238296
cast_info,238304
cast_info,238307
cast_info,238311
cast_info,238321
cast_info,238328
cast_info,238331
cast_info,238348
cast_info,238351
cast_info,238359
cast_info,238375
cast_info,238382
cast_info,238392
cast_info,238405
cast_info,238425
cast_info,238426
cast_info,238449
cast_info,238450
cast_info,238458
cast_info,238459
cast_info,238468
cast_info,238470
cast_info,238478
cast_info,238480
cast_info,238501
cast_info,238513
cast_info,238515
cast_info,238517
cast_info,238521
cast_info,238537
cast_info,238579
cast_info,238584
cast_info,238613
cast_info,238628
cast_info,238643
cast_info,238646
cast_info,238676
cast_info,238683
cast_info,238688
cast_info,238693
cast_info,238695
cast_info,238698
cast_info,238713
cast_info,238740
cast_info,238769
cast_info,238800
cast_info,238807
cast_info,238817
cast_info,238830
cast_info,238842
cast_info,238868
cast_info,238870
cast_info,238886
cast_info,238906
cast_info,238911
cast_info,238916
cast_info,238972
cast_info,238975
cast_info,238978
cast_info,238979
cast_info,238983
cast_info,238985
cast_info,238990
cast_info,238991
cast_info,239041
cast_info,239059
cast_info,239082
cast_info,239086
cast_info,239089
cast_info,239128
cast_info,239145
cast_info,239151
cast_info,239164
cast_info,239166
cast_info,239168
cast_info,239210
cast_info,239217
cast_info,239221
cast_info,239241
cast_info,239247
cast_info,239259
cast_info,239287
cast_info,239289
cast_info,239296
cast_info,239302
cast_info,239311
cast_info,239350
cast_info,239354
cast_info,239383
cast_info,239392
cast_info,239446
cast_info,239447
cast_info,239455
cast_info,239465
cast_info,239468
cast_info,239493
cast_info,239509
cast_info,239531
cast_info,239552
cast_info,239558
cast_info,239584
cast_info,239628
cast_info,239672
cast_info,239675
cast_info,239705
cast_info,239711
cast_info,239719
cast_info,239720
cast_info,239723
cast_info,239770
cast_info,239787
cast_info,239837
cast_info,239879
cast_info,239913
cast_info,239914
cast_info,239932
cast_info,239945
cast_info,239952
cast_info,239954
cast_info,239984
cast_info,240048
cast_info,240049
cast_info,240053
cast_info,240061
cast_info,240065
cast_info,240071
cast_info,240093
cast_info,240123
cast_info,240126
cast_info,240146
cast_info,240178
cast_info,240179
cast_info,240198
cast_info,240199
cast_info,240224
cast_info,240229
cast_info,240258
cast_info,240270
cast_info,240281
cast_info,240304
cast_info,240313
cast_info,240362
cast_info,240369
cast_info,240373
cast_info,240374
cast_info,240382
cast_info,240384
cast_info,240410
cast_info,240422
cast_info,240442
cast_info,240453
cast_info,240481
cast_info,240484
cast_info,240494
cast_info,240499
cast_info,240507
cast_info,240513
cast_info,240525
cast_info,240582
cast_info,240596
cast_info,240607
cast_info,240623
cast_info,240631
cast_info,240639
cast_info,240644
cast_info,240649
cast_info,240653
cast_info,240688
cast_info,240730
cast_info,240755
cast_info,240806
cast_info,240830
cast_info,240846
cast_info,240858
cast_info,240865
cast_info,240938
cast_info,240942
cast_info,240944
cast_info,240957
cast_info,240958
cast_info,240968
cast_info,240989
cast_info,240996
cast_info,241000
cast_info,241022
cast_info,241023
cast_info,241042
cast_info,241085
cast_info,241118
cast_info,241146
cast_info,241148
cast_info,241163
cast_info,241166
cast_info,241171
cast_info,241203
cast_info,241216
cast_info,241258
cast_info,241269
cast_info,241329
cast_info,241369
cast_info,241395
cast_info,241407
cast_info,241414
cast_info,241422
cast_info,241435
cast_info,241468
cast_info,241477
cast_info,241478
cast_info,241502
cast_info,241590
cast_info,241597
cast_info,241601
cast_info,241687
cast_info,241752
cast_info,241761
cast_info,241776
cast_info,241793
cast_info,241798
cast_info,241827
cast_info,241877
cast_info,241892
cast_info,241896
cast_info,241915
cast_info,241916
cast_info,241923
cast_info,241963
cast_info,241968
cast_info,241990
cast_info,242005
cast_info,242031
cast_info,242046
cast_info,242047
cast_info,242071
cast_info,242092
cast_info,242097
cast_info,242100
cast_info,242182
cast_info,242197
cast_info,242201
cast_info,242261
cast_info,242273
cast_info,242346
cast_info,242351
cast_info,242366
cast_info,242369
cast_info,242408
cast_info,242409
cast_info,242416
cast_info,242418
cast_info,242419
cast_info,242457
cast_info,242471
cast_info,242482
cast_info,242497
cast_info,242532
cast_info,242533
cast_info,242571
cast_info,242574
cast_info,242575
cast_info,242583
cast_info,242593
cast_info,242594
cast_info,242600
cast_info,242658
cast_info,242666
cast_info,242668
cast_info,242669
cast_info,242699
cast_info,242701
cast_info,242713
cast_info,242735
cast_info,242739
cast_info,242741
cast_info,242766
cast_info,242793
cast_info,242801
cast_info,242815
cast_info,242824
cast_info,242826
cast_info,242848
cast_info,242853
cast_info,242854
cast_info,242855
cast_info,242862
cast_info,242866
cast_info,242868
cast_info,242870
cast_info,242913
cast_info,242918
cast_info,242926
cast_info,242958
cast_info,243004
cast_info,243017
cast_info,243020
cast_info,243023
cast_info,243040
cast_info,243043
cast_info,243067
cast_info,243128
cast_info,243129
cast_info,243184
cast_info,243196
cast_info,243202
cast_info,243225
cast_info,243226
cast_info,243263
cast_info,243273
cast_info,243276
cast_info,243294
cast_info,243296
cast_info,243306
cast_info,243309
cast_info,243310
cast_info,243321
cast_info,243322
cast_info,243357
cast_info,243389
cast_info,243468
cast_info,243519
cast_info,243526
cast_info,243533
cast_info,243534
cast_info,243572
cast_info,243581
cast_info,243583
cast_info,243584
cast_info,243588
cast_info,243630
cast_info,243665
cast_info,243680
cast_info,243710
cast_info,243779
cast_info,243848
cast_info,243860
cast_info,243909
cast_info,243945
cast_info,243946
cast_info,243951
cast_info,243971
cast_info,243975
cast_info,244015
cast_info,244074
cast_info,244075
cast_info,244078
cast_info,244106
cast_info,244123
cast_info,244153
cast_info,244154
cast_info,244158
cast_info,244177
cast_info,244181
cast_info,244215
cast_info,244217
cast_info,244226
cast_info,244230
cast_info,244260
cast_info,244292
cast_info,244294
cast_info,244302
cast_info,244309
cast_info,244338
cast_info,244340
cast_info,244344
cast_info,244354
cast_info,244387
cast_info,244388
cast_info,244396
cast_info,244402
cast_info,244406
cast_info,244423
cast_info,244424
cast_info,244433
cast_info,244436
cast_info,244446
cast_info,244449
cast_info,244452
cast_info,244487
cast_info,244491
cast_info,244510
cast_info,244517
cast_info,244526
cast_info,244556
cast_info,244560
cast_info,244579
cast_info,244671
cast_info,244672
cast_info,244673
cast_info,244685
cast_info,244711
cast_info,244755
cast_info,244770
cast_info,244785
cast_info,244786
cast_info,244796
cast_info,244806
cast_info,244807
cast_info,244826
cast_info,244846
cast_info,244854
cast_info,244886
cast_info,244894
cast_info,244907
cast_info,244915
cast_info,244916
cast_info,244937
cast_info,244940
cast_info,245014
cast_info,245040
cast_info,245049
cast_info,245050
cast_info,245066
cast_info,245086
cast_info,245100
cast_info,245126
cast_info,245134
cast_info,245167
cast_info,245174
cast_info,245179
cast_info,245187
cast_info,245234
cast_info,245235
cast_info,245240
cast_info,245241
cast_info,245267
cast_info,245272
cast_info,245290
cast_info,245292
cast_info,245308
cast_info,245322
cast_info,245353
cast_info,245385
cast_info,245400
cast_info,245416
cast_info,245434
cast_info,245435
cast_info,245464
cast_info,245522
cast_info,245539
cast_info,245545
cast_info,245560
cast_info,245563
cast_info,245578
cast_info,245589
cast_info,245598
cast_info,245601
cast_info,245606
cast_info,245655
cast_info,245690
cast_info,245699
cast_info,245701
cast_info,245704
cast_info,245718
cast_info,245728
cast_info,245775
cast_info,245789
cast_info,245792
cast_info,245828
cast_info,245831
cast_info,245877
cast_info,245878
cast_info,245907
cast_info,245928
cast_info,245939
cast_info,245948
cast_info,245954
cast_info,245965
cast_info,245976
cast_info,245984
cast_info,246018
cast_info,246026
cast_info,246062
cast_info,246070
cast_info,246077
cast_info,246081
cast_info,246128
cast_info,246151
cast_info,246159
cast_info,246174
cast_info,246180
cast_info,246190
cast_info,246214
cast_info,246216
cast_info,246223
cast_info,246234
cast_info,246256
cast_info,246257
cast_info,246260
cast_info,246283
cast_info,246300
cast_info,246301
cast_info,246302
cast_info,246322
cast_info,246328
cast_info,246334
cast_info,246416
cast_info,246418
cast_info,246423
cast_info,246429
cast_info,246445
cast_info,246451
cast_info,246455
cast_info,246458
cast_info,246475
cast_info,246494
cast_info,246536
cast_info,246542
cast_info,246558
cast_info,246559
cast_info,246579
cast_info,246584
cast_info,246619
cast_info,246627
cast_info,246631
cast_info,246664
cast_info,246682
cast_info,246690
cast_info,246732
cast_info,246755
cast_info,246797
cast_info,246844
cast_info,246845
cast_info,246858
cast_info,246870
cast_info,246906
cast_info,246922
cast_info,246951
cast_info,246969
cast_info,246973
cast_info,246988
cast_info,247019
cast_info,247028
cast_info,247041
cast_info,247059
cast_info,247081
cast_info,247113
cast_info,247124
cast_info,247140
cast_info,247151
cast_info,247169
cast_info,247204
cast_info,247236
cast_info,247243
cast_info,247249
cast_info,247269
cast_info,247292
cast_info,247307
cast_info,247310
cast_info,247336
cast_info,247338
cast_info,247360
cast_info,247364
cast_info,247373
cast_info,247381
cast_info,247383
cast_info,247384
cast_info,247385
cast_info,247394
cast_info,247399
cast_info,247404
cast_info,247427
cast_info,247428
cast_info,247445
cast_info,247458
cast_info,247459
cast_info,247493
cast_info,247494
cast_info,247539
cast_info,247547
cast_info,247600
cast_info,247640
cast_info,247652
cast_info,247659
cast_info,247672
cast_info,247681
cast_info,247722
cast_info,247733
cast_info,247786
cast_info,247805
cast_info,247835
cast_info,247850
cast_info,247855
cast_info,247879
cast_info,247884
cast_info,247966
cast_info,247981
cast_info,248037
cast_info,248060
cast_info,248077
cast_info,248145
cast_info,248173
cast_info,248219
cast_info,248234
cast_info,248252
cast_info,248268
cast_info,248282
cast_info,248296
cast_info,248298
cast_info,248311
cast_info,248313
cast_info,248375
cast_info,248381
cast_info,248441
cast_info,248451
cast_info,248491
cast_info,248500
cast_info,248529
cast_info,248554
cast_info,248584
cast_info,248592
cast_info,248607
cast_info,248618
cast_info,248629
cast_info,248631
cast_info,248666
cast_info,248685
cast_info,248688
cast_info,248711
cast_info,248721
cast_info,248727
cast_info,248738
cast_info,248754
cast_info,248755
cast_info,248786
cast_info,248789
cast_info,248796
cast_info,248828
cast_info,248835
cast_info,248849
cast_info,248855
cast_info,248888
cast_info,248894
cast_info,248912
cast_info,248925
cast_info,248983
cast_info,248985
cast_info,248990
cast_info,249002
cast_info,249005
cast_info,249007
cast_info,249039
cast_info,249065
cast_info,249114
cast_info,249132
cast_info,249160
cast_info,249162
cast_info,249178
cast_info,249192
cast_info,249222
cast_info,249233
cast_info,249265
cast_info,249295
cast_info,249302
cast_info,249324
cast_info,249362
cast_info,249384
cast_info,249385
cast_info,249435
cast_info,249437
cast_info,249504
cast_info,249557
cast_info,249563
cast_info,249567
cast_info,249579
cast_info,249580
cast_info,249604
cast_info,249622
cast_info,249659
cast_info,249691
cast_info,249692
cast_info,249706
cast_info,249741
cast_info,249763
cast_info,249792
cast_info,249793
cast_info,249820
cast_info,249821
cast_info,249877
cast_info,249895
cast_info,249928
cast_info,249936
cast_info,249968
cast_info,249969
cast_info,249973
cast_info,249974
cast_info,249975
cast_info,249997
cast_info,250001
cast_info,250037
cast_info,250039
cast_info,250049
cast_info,250051
cast_info,250054
cast_info,250089
cast_info,250090
cast_info,250111
cast_info,250134
cast_info,250139
cast_info,250144
cast_info,250145
cast_info,250200
cast_info,250231
cast_info,250246
cast_info,250250
cast_info,250263
cast_info,250265
cast_info,250268
cast_info,250283
cast_info,250293
cast_info,250321
cast_info,250338
cast_info,250349
cast_info,250358
cast_info,250375
cast_info,250381
cast_info,250391
cast_info,250401
cast_info,250403
cast_info,250416
cast_info,250429
cast_info,250441
cast_info,250458
cast_info,250460
cast_info,250468
cast_info,250477
cast_info,250478
cast_info,250502
cast_info,250506
cast_info,250507
cast_info,250509
cast_info,250525
cast_info,250530
cast_info,250537
cast_info,250538
cast_info,250541
cast_info,250543
cast_info,250555
cast_info,250582
cast_info,250585
cast_info,250587
cast_info,250599
cast_info,250600
cast_info,250603
cast_info,250609
cast_info,250619
cast_info,250630
cast_info,250657
cast_info,250697
cast_info,250703
cast_info,250713
cast_info,250751
cast_info,250779
cast_info,250781
cast_info,250785
cast_info,250796
cast_info,250804
cast_info,250825
cast_info,250839
cast_info,250840
cast_info,250851
cast_info,250854
cast_info,250862
cast_info,250867
cast_info,250880
cast_info,250885
cast_info,250892
cast_info,250990
cast_info,250995
cast_info,251003
cast_info,251033
cast_info,251034
cast_info,251087
cast_info,251108
cast_info,251153
cast_info,251155
cast_info,251179
cast_info,251181
cast_info,251205
cast_info,251219
cast_info,251226
cast_info,251232
cast_info,251258
cast_info,251260
cast_info,251272
cast_info,251282
cast_info,251289
cast_info,251326
cast_info,251346
cast_info,251372
cast_info,251378
cast_info,251392
cast_info,251401
cast_info,251451
cast_info,251463
cast_info,251464
cast_info,251521
cast_info,251580
cast_info,251618
cast_info,251652
cast_info,251685
cast_info,251707
cast_info,251713
cast_info,251717
cast_info,251725
cast_info,251728
cast_info,251768
cast_info,251771
cast_info,251783
cast_info,251831
cast_info,251886
cast_info,251887
cast_info,251889
cast_info,251890
cast_info,251893
cast_info,251898
cast_info,251933
cast_info,251980
cast_info,251981
cast_info,252005
cast_info,252012
cast_info,252044
cast_info,252106
cast_info,252109
cast_info,252113
cast_info,252132
cast_info,252191
cast_info,252231
cast_info,252242
cast_info,252271
cast_info,252275
cast_info,252291
cast_info,252292
cast_info,252308
cast_info,252314
cast_info,252387
cast_info,252415
cast_info,252433
cast_info,252435
cast_info,252477
cast_info,252481
cast_info,252508
cast_info,252521
cast_info,252544
cast_info,252557
cast_info,252579
cast_info,252580
cast_info,252594
cast_info,252601
cast_info,252605
cast_info,252627
cast_info,252637
cast_info,252639
cast_info,252661
info_type,0
info_type,0
movie_info,0
movie_info,1
movie_info,3
movie_info,39
movie_info,49
movie_info,51
movie_info,53
movie_info,63
movie_info,64
movie_info,74
movie_info,83
movie_info,86
movie_info,87
movie_info,123
movie_info,125
movie_info,126
movie_info,155
movie_info,156
movie_info,165
movie_info,187
movie_info,205
movie_info,206
movie_info,208
movie_info,213
movie_info,214
movie_info,222
movie_info,226
movie_info,254
movie_info,256
movie_info,261
movie_info,263
movie_info,276
movie_info,280
movie_info,282
movie_info,286
movie_info,293
movie_info,311
movie_info,336
movie_info,337
movie_info,349
movie_info,350
movie_info,359
movie_info,360
movie_info,382
movie_info,386
movie_info,404
movie_info,409
movie_info,410
movie_info,411
movie_info,430
movie_info,431
movie_info,437
movie_info,438
movie_info,444
movie_info,462
movie_info,480
movie_info,488
movie_info,490
movie_info,496
movie_info,497
movie_info,502
movie_info,510
movie_info,520
movie_info,549
movie_info,550
movie_info,573
movie_info,577
movie_info,580
movie_info,587
movie_info,588
movie_info,589
movie_info,648
movie_info,674
movie_info,677
movie_info,678
movie_info,739
movie_info,746
movie_info,750
movie_info,769
movie_info,770
movie_info,779
movie_info,784
movie_info,785
movie_info,800
movie_info,802
movie_info,820
movie_info,841
movie_info,842
movie_info,861
movie_info,909
movie_info,910
movie_info,914
movie_info,915
movie_info,918
movie_info,927
movie_info,945
movie_info,961
movie_info,963
movie_info,964
movie_info,967
movie_info,968
movie_info,972
movie_info,973
movie_info,1013
movie_info,1017
movie_info,1018
movie_info,1022
movie_info,1027
movie_info,1036
movie_info,1060
movie_info,1062
movie_info,1099
movie_info,1100
movie_info,1101
movie_info,1105
movie_info,1106
movie_info,1115
movie_info,1118
movie_info,1126
movie_info,1127
movie_info,1128
movie_info,1133
movie_info,1143
movie_info,1149
movie_info,1152
movie_info,1159
movie_info,1183
movie_info,1202
movie_info,1247
movie_info,1248
movie_info,1255
movie_info,1266
movie_info,1267
movie_info,1291
movie_info,1297
movie_info,1298
movie_info,1317
movie_info,1321
movie_info,1323
movie_info,1326
movie_info,1327
movie_info,1334
movie_info,1351
movie_info,1364
movie_info,1367
movie_info,1372
movie_info,1374
movie_info,1376
movie_info,1382
movie_info,1390
movie_info,1395
movie_info,1400
movie_info,1401
movie_info,1405
movie_info,1407
movie_info,1411
movie_info,1421
movie_info,1422
movie_info,1425
movie_info,1431
movie_info,1433
movie_info,1437
movie_info,1442
movie_info,1446
movie_info,1450
movie_info,1454
movie_info,1456
movie_info,1471
movie_info,1472
movie_info,1474
movie_info,1476
movie_info,1498
movie_info,1503
movie_info,1504
movie_info,1512
movie_info,1514
movie_info,1520
movie_info,1523
movie_info,1524
movie_info,1530
movie_info,1531
movie_info,1533
movie_info,1536
movie_info,1540
movie_info,1542
movie_info,1561
movie_info,1563
movie_info,1568
movie_info,1571
movie_info,1572
movie_info,1575
movie_info,1578
movie_info,1580
movie_info,1582
movie_info,1596
movie_info,1605
movie_info,1607
movie_info,1608
movie_info,1619
movie_info,1622
movie_info,1633
movie_info,1637
movie_info,1643
movie_info,1645
movie_info,1650
movie_info,1657
movie_info,1660
movie_info,1661
movie_info,1668
movie_info,1671
movie_info,1672
movie_info,1676
movie_info,1678
movie_info,1683
movie_info,1685
movie_info,1693
movie_info,1704
movie_info,1709
movie_info,1717
movie_info,1726
movie_info,1729
movie_info,1730
movie_info,1732
movie_info,1735
movie_info,1738
movie_info,1739
movie_info,1740
movie_info,1745
movie_info,1753
movie_info,1755
movie_info,1759
movie_info,1761
movie_info,1766
movie_info,1779
movie_info,1780
movie_info,1782
movie_info,1786
movie_info,1787
movie_info,1790
movie_info,1804
movie_info,1818
movie_info,1825
movie_info,1828
movie_info,1831
movie_info,1834
movie_info,1841
movie_info,1842
movie_info,1847
movie_info,1855
movie_info,1856
movie_info,1857
movie_info,1866
movie_info,1870
movie_info,1871
movie_info,1877
movie_info,1887
movie_info,1903
movie_info,1905
movie_info,1916
movie_info,1919
movie_info,1923
movie_info,1926
movie_info,1931
movie_info,1932
movie_info,1933
movie_info,1934
movie_info,1936
movie_info,1942
movie_info,1944
movie_info,1947
movie_info,1952
movie_info,1953
movie_info,1954
movie_info,1955
movie_info,1956
movie_info,1959
movie_info,1960
movie_info,1961
movie_info,1967
movie_info,1982
movie_info,1984
movie_info,1985
movie_info,1987
movie_info,1990
movie_info,1992
movie_info,1997
movie_info,1998
movie_info,1999
movie_info,2002
movie_info,2003
movie_info,2008
movie_info,2009
movie_info,2010
movie_info,2011
movie_info,2019
movie_info,2021
movie_info,2022
movie_info,2024
movie_info,2025
movie_info,2028
movie_info,2034
movie_info,2035
movie_info,2039
movie_info,2043
movie_info,2057
movie_info,2060
movie_info,2061
movie_info,2062
movie_info,2065
movie_info,2067
movie_info,2068
movie_info,2073
movie_info,2075
movie_info,2078
movie_info,2080
movie_info,2082
movie_info,2083
movie_info,2099
movie_info,2104
movie_info,2121
movie_info,2122
movie_info,2125
movie_info,2136
movie_info,2138
movie_info,2139
movie_info,2152
movie_info,2153
movie_info,2155
movie_info,2162
movie_info,2163
movie_info,2171
movie_info,2185
movie_info,2208
movie_info,2216
movie_info,2217
movie_info,2219
movie_info,2225
movie_info,2226
movie_info,2227
movie_info,2228
movie_info,2230
movie_info,2233
movie_info,2236
movie_info,2237
movie_info,2239
movie_info,2241
movie_info,2245
movie_info,2247
movie_info,2249
movie_info,2251
movie_info,2252
movie_info,2267
movie_info,2271
movie_info,2272
movie_info,2275
movie_info,2276
movie_info,2286
movie_info,2291
movie_info,2292
movie_info,2296
movie_info,2299
movie_info,2303
movie_info,2307
movie_info,2317
movie_info,2321
movie_info,2328
movie_info,2335
movie_info,2337
movie_info,2340
movie_info,2347
movie_info,2356
movie_info,2359
movie_info,2361
movie_info,2362
movie_info,2368
movie_info,2378
movie_info,2386
movie_info,2387
movie_info,2399
movie_info,2400
movie_info,2402
movie_info,2416
movie_info,2417
movie_info,2418
movie_info,2419
movie_info,2421
movie_info,2424
movie_info,2425
movie_info,2426
movie_info,2427
movie_info,2429
movie_info,2433
movie_info,2435
movie_info,2439
movie_info,2440
movie_info,2442
movie_info,2446
movie_info,2453
movie_info,2454
movie_info,2455
movie_info,2470
movie_info,2485
movie_info,2487
movie_info,2495
movie_info,2496
movie_info,2501
movie_info,2503
movie_info,2507
movie_info,2511
movie_info,2514
movie_info,2516
movie_info,2535
movie_info,2552
movie_info,2554
movie_info,2557
movie_info,2559
movie_info,2561
movie_info,2565
movie_info,2567
movie_info,2569
movie_info,2571
movie_info,2575
movie_info,2578
movie_info,2581
movie_info,2599
movie_info,2601
movie_info,2615
movie_info,2616
movie_info,2621
movie_info,2622
movie_info,2627
movie_info,2630
movie_info,2635
movie_info,2637
movie_info,2638
movie_info,2641
movie_info,2642
movie_info,2647
movie_info,2648
movie_info,2656
movie_info,2663
movie_info,2672
movie_info,2679
movie_info,2682
movie_info,2694
movie_info,2707
movie_info,2712
movie_info,2720
movie_info,2724
movie_info,2730
movie_info,2733
movie_info,2740
movie_info,2742
movie_info,2744
movie_info,2745
movie_info,2746
movie_info,2751
movie_info,2755
movie_info,2756
movie_info,2758
movie_info,2760
movie_info,2765
movie_info,2768
movie_info,2771
movie_info,2784
movie_info,2794
movie_info,2795
movie_info,2818
movie_info,2819
movie_info,2823
movie_info,2827
movie_info,2830
movie_info,2833
movie_info,2839
movie_info,2841
movie_info,2842
movie_info,2845
movie_info,2850
movie_info,2852
movie_info,2856
movie_info,2861
movie_info,2868
movie_info,2871
movie_info,2874
movie_info,2877
movie_info,2878
movie_info,2890
movie_info,2899
movie_info,2902
movie_info,2907
movie_info,2910
movie_info,2912
movie_info,2913
movie_info,2915
movie_info,2918
movie_info,2922
movie_info,2923
movie_info,2924
movie_info,2929
movie_info,2930
movie_info,2934
movie_info,2945
movie_info,2951
movie_info,2952
movie_info,2960
movie_info,2961
movie_info,2963
movie_info,2968
movie_info,2969
movie_info,2975
movie_info,2976
movie_info,2978
movie_info,2980
movie_info,2981
movie_info,2982
movie_info,2990
movie_info,2992
movie_info,3001
movie_info,3002
movie_info,3005
movie_info,3008
movie_info,3014
movie_info,3026
movie_info,3027
movie_info,3033
movie_info,3037
movie_info,3049
movie_info,3052
movie_info,3059
movie_info,3061
movie_info,3062
movie_info,3063
movie_info,3065
movie_info,3069
movie_info,3080
movie_info,3081
movie_info,3082
movie_info,3084
movie_info,3088
movie_info,3089
movie_info,3091
movie_info,3093
movie_info,3094
movie_info,3095
movie_info,3102
movie_info,3106
movie_info,3110
movie_info,3111
movie_info,3119
movie_info,3120
movie_info,3121
movie_info,3123
movie_info,3124
movie_info,3129
movie_info,3134
movie_info,3139
movie_info,3140
movie_info,3144
movie_info,3148
movie_info,3158
movie_info,3162
movie_info,3166
movie_info,3167
movie_info,3175
movie_info,3177
movie_info,3180
movie_info,3189
movie_info,3197
movie_info,3200
movie_info,3202
movie_info,3204
movie_info,3211
movie_info,3218
movie_info,3219
movie_info,3223
movie_info,3225
movie_info,3226
movie_info,3231
movie_info,3234
movie_info,3236
movie_info,3237
movie_info,3248
movie_info,3251
movie_info,3260
movie_info,3261
movie_info,3264
movie_info,3266
movie_info,3273
movie_info,3284
movie_info,3286
movie_info,3293
movie_info,3298
movie_info,3299
movie_info,3302
movie_info,3305
movie_info,3331
movie_info,3337
movie_info,3338
movie_info,3339
movie_info,3340
movie_info,3342
movie_info,3344
movie_info,3348
movie_info,3351
movie_info,3356
movie_info,3367
movie_info,3368
movie_info,3369
movie_info,3370
movie_info,3371
movie_info,3373
movie_info,3377
movie_info,3384
movie_info,3398
movie_info,3407
movie_info,3409
movie_info,3411
movie_info,3412
movie_info,3417
movie_info,3441
movie_info,3453
movie_info,3454
movie_info,3460
movie_info,3461
movie_info,3464
movie_info,3466
movie_info,3472
movie_info,3478
movie_info,3480
movie_info,3483
movie_info,3487
movie_info,3490
movie_info,3491
movie_info,3492
movie_info,3493
movie_info,3494
movie_info,3500
movie_info,3502
movie_info,3504
movie_info,3505
movie_info,3506
movie_info,3509
movie_info,3522
movie_info,3524
movie_info,3525
movie_info,3526
movie_info,3528
movie_info,3529
movie_info,3530
movie_info,3540
movie_info,3542
movie_info,3547
movie_info,3549
movie_info,3553
movie_info,3555
movie_info,3557
movie_info,3559
movie_info,3564
movie_info,3568
movie_info,3574
movie_info,3577
movie_info,3585
movie_info,3587
movie_info,3589
movie_info,3591
movie_info,3593
movie_info,3597
movie_info,3608
movie_info,3618
movie_info,3626
movie_info,3629
movie_info,3634
movie_info,3635
movie_info,3646
movie_info,3649
movie_info,3656
movie_info,3661
movie_info,3664
movie_info,3666
movie_info,3679
movie_info,3682
movie_info,3687
movie_info,3690
movie_info,3692
movie_info,3697
movie_info,3708
movie_info,3713
movie_info,3741
movie_info,3749
movie_info,3795
movie_info,3800
movie_info,3806
movie_info,3816
movie_info,3822
movie_info,3845
movie_info,3847
movie_info,3848
movie_info,3855
movie_info,3871
movie_info,3894
movie_info,3896
movie_info,3897
movie_info,3898
movie_info,3902
movie_info,3905
movie_info,3912
movie_info,3918
movie_info,3919
movie_info,3922
movie_info,3924
movie_info,3926
movie_info,3929
movie_info,3947
movie_info,3957
movie_info,3967
movie_info,3972
movie_info,3973
movie_info,3977
movie_info,3983
movie_info,3984
movie_info,3991
movie_info,4017
movie_info,4022
movie_info,4026
movie_info,4028
movie_info,4029
movie_info,4032
movie_info,4034
movie_info,4035
movie_info,4037
movie_info,4044
movie_info,4048
movie_info,4051
movie_info,4054
movie_info,4056
movie_info,4057
movie_info,4075
movie_info,4078
movie_info,4080
movie_info,4081
movie_info,4087
movie_info,4100
movie_info,4103
movie_info,4108
movie_info,4109
movie_info,4113
movie_info,4114
movie_info,4115
movie_info,4116
movie_info,4117
movie_info,4119
movie_info,4122
movie_info,4129
movie_info,4137
movie_info,4145
movie_info,4154
movie_info,4156
movie_info,4160
movie_info,4165
movie_info,4167
movie_info,4169
movie_info,4170
movie_info,4174
movie_info,4179
movie_info,4186
movie_info,4198
movie_info,4201
movie_info,4209
movie_info,4214
movie_info,4216
movie_info,4217
movie_info,4231
movie_info,4236
movie_info,4237
movie_info,4241
movie_info,4245
movie_info,4246
movie_info,4249
movie_info,4253
movie_info,4254
movie_info,4257
movie_info,4271
movie_info,4272
movie_info,4283
movie_info,4287
movie_info,4288
movie_info,4290
movie_info,4291
movie_info,4294
movie_info,4296
movie_info,4297
movie_info,4298
movie_info,4299
movie_info,4300
movie_info,4312
movie_info,4314
movie_info,4322
movie_info,4326
movie_info,4327
movie_info,4329
movie_info,4331
movie_info,4335
movie_info,4337
movie_info,4339
movie_info,4346
movie_info,4352
movie_info,4362
movie_info,4374
movie_info,4377
movie_info,4378
movie_info,4387
movie_info,4389
movie_info,4392
movie_info,4398
movie_info,4404
movie_info,4406
movie_info,4407
movie_info,4412
movie_info,4421
movie_info,4422
movie_info,4437
movie_info,4440
movie_info,4441
movie_info,4442
movie_info,4444
movie_info,4447
movie_info,4457
movie_info,4460
movie_info,4471
movie_info,4481
movie_info,4485
movie_info,4486
movie_info,4502
movie_info,4511
movie_info,4513
movie_info,4514
movie_info,4518
movie_info,4521
movie_info,4527
movie_info,4529
movie_info,4539
movie_info,4549
movie_info,4552
movie_info,4553
movie_info,4556
movie_info,4559
movie_info,4562
movie_info,4568
movie_info,4577
movie_info,4579
movie_info,4582
movie_info,4586
movie_info,4588
movie_info,4589
movie_info,4594
movie_info,4604
movie_info,4609
movie_info,4615
movie_info,4616
movie_info,4623
movie_info,4626
movie_info,4631
movie_info,4637
movie_info,4644
movie_info,4649
movie_info,4661
movie_info,4664
movie_info,4674
movie_info,4679
movie_info,4686
movie_info,4688
movie_info,4693
movie_info,4701
movie_info,4702
movie_info,4704
movie_info,4707
movie_info,4714
movie_info,4716
movie_info,4717
movie_info,4720
movie_info,4721
movie_info,4722
movie_info,4728
movie_info,4736
movie_info,4738
movie_info,4742
movie_info,4744
movie_info,4747
movie_info,4753
movie_info,4754
movie_info,4758
movie_info,4759
movie_info,4760
movie_info,4770
movie_info,4771
movie_info,4777
movie_info,4782
movie_info,4785
movie_info,4786
movie_info,4789
movie_info,4791
movie_info,4799
movie_info,4800
movie_info,4811
movie_info,4813
movie_info,4814
movie_info,4819
movie_info,4832
movie_info,4840
movie_info,4844
movie_info,4850
movie_info,4851
movie_info,4855
movie_info,4856
movie_info,4869
movie_info,4874
movie_info,4881
movie_info,4882
movie_info,4885
movie_info,4890
movie_info,4891
movie_info,4898
movie_info,4904
movie_info,4907
movie_info,4909
movie_info,4917
movie_info,4920
movie_info,4926
movie_info,4928
movie_info,4931
movie_info,4932
movie_info,4942
movie_info,4945
movie_info,4948
movie_info,4951
movie_info,4952
movie_info,4957
movie_info,4959
movie_info,4982
movie_info,4984
movie_info,4987
movie_info,4990
movie_info,4991
movie_info,4992
movie_info,4993
movie_info,4996
movie_info,4997
movie_info,5000
movie_info,5003
movie_info,5006
movie_info,5012
movie_info,5023
movie_info,5024
movie_info,5026
movie_info,5029
movie_info,5033
movie_info,5034
movie_info,5035
movie_info,5036
movie_info,5038
movie_info,5039
movie_info,5041
movie_info,5042
movie_info,5048
movie_info,5052
movie_info,5053
movie_info,5054
movie_info,5055
movie_info,5064
movie_info,5065
movie_info,5066
movie_info,5069
movie_info,5074
movie_info,5075
movie_info,5083
movie_info,5090
movie_info,5101
movie_info,5107
movie_info,5117
movie_info,5119
movie_info,5121
movie_info,5124
movie_info,5131
movie_info,5134
movie_info,5144
movie_info,5145
movie_info,5147
movie_info,5150
movie_info,5172
movie_info,5175
movie_info,5176
movie_info,5185
movie_info,5187
movie_info,5189
movie_info,5198
movie_info,5204
movie_info,5210
movie_info,5219
movie_info,5223
movie_info,5224
movie_info,5225
movie_info,5237
movie_info,5242
movie_info,5244
movie_info,5247
movie_info,5249
movie_info,5257
movie_info,5268
movie_info,5271
movie_info,5272
movie_info,5275
movie_info,5277
movie_info,5282
movie_info,5286
movie_info,5290
movie_info,5294
movie_info,5296
movie_info,5298
movie_info,5299
movie_info,5300
movie_info,5302
movie_info,5308
movie_info,5313
movie_info,5314
movie_info,5319
movie_info,5332
movie_info,5333
movie_info,5335
movie_info,5338
movie_info,5341
movie_info,5345
movie_info,5353
movie_info,5357
movie_info,5367
movie_info,5370
movie_info,5371
movie_info,5374
movie_info,5378
movie_info,5379
movie_info,5380
movie_info,5381
movie_info,5383
movie_info,5385
movie_info,5389
movie_info,5390
movie_info,5392
movie_info,5397
movie_info,5398
movie_info,5399
movie_info,5402
movie_info,5403
movie_info,5406
movie_info,5410
movie_info,5412
movie_info,5416
movie_info,5417
movie_info,5420
movie_info,5430
movie_info,5435
movie_info,5438
movie_info,5441
movie_info,5446
movie_info,5448
movie_info,5450
movie_info,5455
movie_info,5457
movie_info,5465
movie_info,5466
movie_info,5467
movie_info,5471
movie_info,5482
movie_info,5484
movie_info,5487
movie_info,5490
movie_info,5494
movie_info,5499
movie_info,5501
movie_info,5504
movie_info,5507
movie_info,5508
movie_info,5512
movie_info,5520
movie_info,5523
movie_info,5524
movie_info,5530
movie_info,5534
movie_info,5535
movie_info,5537
movie_info,5538
movie_info,5539
movie_info,5542
movie_info,5544
movie_info,5546
movie_info,5550
movie_info,5553
movie_info,5554
movie_info,5558
movie_info,5562
movie_info,5566
movie_info,5571
movie_info,5574
movie_info,5576
movie_info,5580
movie_info,5581
movie_info,5583
movie_info,5592
movie_info,5594
movie_info,5604
movie_info,5618
movie_info,5628
movie_info,5647
movie_info,5652
movie_info,5653
movie_info,5654
movie_info,5656
movie_info,5668
movie_info,5670
movie_info,5672
movie_info,5683
movie_info,5695
movie_info,5715
movie_info,5717
movie_info,5719
movie_info,5720
movie_info,5721
movie_info,5724
movie_info,5725
movie_info,5726
movie_info,5731
movie_info,5736
movie_info,5737
movie_info,5738
movie_info,5744
movie_info,5747
movie_info,5749
movie_info,5751
movie_info,5760
movie_info,5762
movie_info,5764
movie_info,5766
movie_info,5768
movie_info,5771
movie_info,5772
movie_info,5773
movie_info,5774
movie_info,5777
movie_info,5782
movie_info,5783
movie_info,5785
movie_info,5786
movie_info,5787
movie_info,5789
movie_info,5790
movie_info,5797
movie_info,5799
movie_info,5800
movie_info,5801
movie_info,5806
movie_info,5810
movie_info,5811
movie_info,5812
movie_info,5816
movie_info,5818
movie_info,5824
movie_info,5829
movie_info,5833
movie_info,5834
movie_info,5836
movie_info,5837
movie_info,5838
movie_info,5839
movie_info,5840
movie_info,5841
movie_info,5848
movie_info,5850
movie_info,5852
movie_info,5853
movie_info,5855
movie_info,5856
movie_info,5866
movie_info,5867
movie_info,5872
movie_info,5873
movie_info,5874
movie_info,5885
movie_info,5887
movie_info,5890
movie_info,5891
movie_info,5895
movie_info,5899
movie_info,5903
movie_info,5906
movie_info,5907
movie_info,5910
movie_info,5912
movie_info,5915
movie_info,5920
movie_info,5922
movie_info,5926
movie_info,5932
movie_info,5934
movie_info,5945
movie_info,5948
movie_info,5949
movie_info,5950
movie_info,5951
movie_info,5954
movie_info,5955
movie_info,5956
movie_info,5965
movie_info,5982
movie_info,5983
movie_info,5993
movie_info,5998
movie_info,6001
movie_info,6004
movie_info,6006
movie_info,6014
movie_info,6015
movie_info,6017
movie_info,6020
movie_info,6022
movie_info,6024
movie_info,6025
movie_info,6038
movie_info,6044
movie_info,6051
movie_info,6054
movie_info,6055
movie_info,6056
movie_info,6057
movie_info,6058
movie_info,6059
movie_info,6060
movie_info,6062
movie_info,6063
movie_info,6064
movie_info,6065
movie_info,6066
movie_info,6072
movie_info,6073
movie_info,6074
movie_info,6079
movie_info,6080
movie_info,6081
movie_info,6084
movie_info,6085
movie_info,6088
movie_info,6089
movie_info,6092
movie_info,6094
movie_info,6095
movie_info,6098
movie_info,6101
movie_info,6102
movie_info,6106
movie_info,6111
movie_info,6115
movie_info,6119
movie_info,6120
movie_info,6122
movie_info,6129
movie_info,6133
movie_info,6136
movie_info,6140
movie_info,6143
movie_info,6152
movie_info,6155
movie_info,6157
movie_info,6159
movie_info,6160
movie_info,6163
movie_info,6164
movie_info,6167
movie_info,6168
movie_info,6172
movie_info,6173
movie_info,6176
movie_info,6177
movie_info,6179
movie_info,6180
movie_info,6191
movie_info,6194
movie_info,6204
movie_info,6210
movie_info,6224
movie_info,6229
movie_info,6232
movie_info,6234
movie_info,6235
movie_info,6237
movie_info,6238
movie_info,6239
movie_info,6240
movie_info,6241
movie_info,6243
movie_info,6246
movie_info,6252
movie_info,6259
movie_info,6261
movie_info,6269
movie_info,6274
movie_info,6275
movie_info,6291
movie_info,6292
movie_info,6297
movie_info,6307
movie_info,6316
movie_info,6324
movie_info,6329
movie_info,6335
movie_info,6339
movie_info,6340
movie_info,6348
movie_info,6357
movie_info,6359
movie_info,6363
movie_info,6368
movie_info,6369
movie_info,6374
movie_info,6384
movie_info,6395
movie_info,6398
movie_info,6402
movie_info,6407
movie_info,6408
movie_info,6410
movie_info,6413
movie_info,6418
movie_info,6426
movie_info,6427
movie_info,6429
movie_info,6432
movie_info,6436
movie_info,6437
movie_info,6441
movie_info,6443
movie_info,6445
movie_info,6450
movie_info,6453
movie_info,6456
movie_info,6458
movie_info,6459
movie_info,6466
movie_info,6473
movie_info,6482
movie_info,6483
movie_info,6485
movie_info,6490
movie_info,6493
movie_info,6496
movie_info,6497
movie_info,6499
movie_info,6500
movie_info,6504
movie_info,6505
movie_info,6510
movie_info,6512
movie_info,6524
movie_info,6528
movie_info,6534
movie_info,6535
movie_info,6542
movie_info,6544
movie_info,6553
movie_info,6555
movie_info,6561
movie_info,6563
movie_info,6564
movie_info,6568
movie_info,6572
movie_info,6576
movie_info,6577
movie_info,6578
movie_info,6583
movie_info,6590
movie_info,6592
movie_info,6598
movie_info,6600
movie_info,6618
movie_info,6623
movie_info,6625
movie_info,6629
movie_info,6632
movie_info,6633
movie_info,6638
movie_info,6641
movie_info,6642
movie_info,6643
movie_info,6645
movie_info,6657
movie_info,6662
movie_info,6665
movie_info,6666
movie_info,6670
movie_info,6673
movie_info,6674
movie_info,6682
movie_info,6683
movie_info,6684
movie_info,6687
movie_info,6688
movie_info,6689
movie_info,6691
movie_info,6695
movie_info,6703
movie_info,6708
movie_info,6715
movie_info,6723
movie_info,6727
movie_info,6732
movie_info,6733
movie_info,6735
movie_info,6753
movie_info,6759
movie_info,6760
movie_info,6780
movie_info,6784
movie_info,6786
movie_info,6788
movie_info,6793
movie_info,6796
movie_info,6803
movie_info,6822
movie_info,6823
movie_info,6824
movie_info,6825
movie_info,6851
movie_info,6911
movie_info,6921
movie_info,6923
movie_info,6928
movie_info,6929
movie_info,6951
movie_info,6959
movie_info,6960
movie_info,6961
movie_info,6967
movie_info,6996
movie_info,6999
movie_info,7022
movie_info,7053
movie_info,7059
movie_info,7087
movie_info,7088
movie_info,7089
movie_info,7090
movie_info,7091
movie_info,7092
movie_info,7098
movie_info,7099
movie_info,7105
movie_info,7112
movie_info,7113
movie_info,7131
movie_info,7132
movie_info,7133
movie_info,7134
movie_info,7135
movie_info,7137
movie_info,7153
movie_info,7194
movie_info,7218
movie_info,7238
movie_info,7239
movie_info,7240
movie_info,7254
movie_info,7263
movie_info,7265
movie_info,7270
movie_info,7271
movie_info,7288
movie_info,7292
movie_info,7318
movie_info,7319
movie_info,7353
movie_info,7354
movie_info,7355
movie_info,7356
movie_info,7358
movie_info,7359
movie_info,7360
movie_info,7364
movie_info,7365
movie_info,7366
movie_info,7404
movie_info,7405
movie_info,7406
movie_info,7413
movie_info,7414
movie_info,7415
movie_info,7450
movie_info,7451
movie_info,7455
movie_info,7458
movie_info,7459
movie_info,7460
movie_info,7461
movie_info,7464
movie_info,7467
movie_info,7469
movie_info,7473
movie_info,7476
movie_info,7477
movie_info,7482
movie_info,7512
movie_info,7593
movie_info,7594
movie_info,7605
movie_info,7615
movie_info,7625
movie_info,7626
movie_info,7638
movie_info,7647
movie_info,7674
movie_info,7675
movie_info,7687
movie_info,7688
movie_info,7696
movie_info,7697
movie_info,7702
movie_info,7723
movie_info,7727
movie_info,7728
movie_info,7734
movie_info,7737
movie_info,7740
movie_info,7745
movie_info,7746
movie_info,7767
movie_info,7769
movie_info,7820
movie_info,7837
movie_info,7838
movie_info,7839
movie_info,7840
movie_info,7841
movie_info,7842
movie_info,7843
movie_info,7844
movie_info,7845
movie_info,7846
movie_info,7847
movie_info,7848
movie_info,7849
movie_info,7850
movie_info,7851
movie_info,7852
movie_info,7856
movie_info,7890
movie_info,7907
movie_info,7926
movie_info,7943
movie_info,7959
movie_info,8033
movie_info,8038
movie_info,8041
movie_info,8042
movie_info,8043
movie_info,8044
movie_info,8045
movie_info,8046
movie_info,8063
movie_info,8065
movie_info,8070
movie_info,8071
movie_info,8072
movie_info,8073
movie_info,8076
movie_info,8100
movie_info,8101
movie_info,8103
movie_info,8114
movie_info,8132
movie_info,8133
movie_info,8222
movie_info,8240
movie_info,8255
movie_info,8258
movie_info,8259
movie_info,8260
movie_info,8324
movie_info,8325
movie_info,8345
movie_info,8365
movie_info,8373
movie_info,8379
movie_info,8386
movie_info,8387
movie_info,8394
movie_info,8414
movie_info,8419
movie_info,8420
movie_info,8421
movie_info,8429
movie_info,8478
movie_info,8494
movie_info,8496
movie_info,8503
movie_info,8504
movie_info,8505
movie_info,8512
movie_info,8521
movie_info,8531
movie_info,8532
movie_info,8537
movie_info,8542
movie_info,8556
movie_info,8578
movie_info,8633
movie_info,8636
movie_info,8659
movie_info,8667
movie_info,8674
movie_info,8676
movie_info,8682
movie_info,8686
movie_info,8690
movie_info,8691
movie_info,8703
movie_info,8739
movie_info,8741
movie_info,8742
movie_info,8752
movie_info,8758
movie_info,8797
movie_info,8800
movie_info,8801
movie_info,8906
movie_info,8927
movie_info,8928
movie_info,8929
movie_info,8951
movie_info,8966
movie_info,9051
movie_info,9078
movie_info,9079
movie_info,9089
movie_info,9096
movie_info,9098
movie_info,9125
movie_info,9126
movie_info,9161
movie_info,9167
movie_info,9168
movie_info,9169
movie_info,9170
movie_info,9198
movie_info,9207
movie_info,9209
movie_info,9216
movie_info,9260
movie_info,9261
movie_info,9262
movie_info,9317
movie_info,9320
movie_info,9322
movie_info,9326
movie_info,9336
movie_info,9381
movie_info,9409
movie_info,9411
movie_info,9433
movie_info,9434
movie_info,9440
movie_info,9441
movie_info,9442
movie_info,9443
movie_info,9444
movie_info,9445
movie_info,9448
movie_info,9459
movie_info,9460
movie_info,9473
movie_info,9500
movie_info,9501
movie_info,9502
movie_info,9524
movie_info,9571
movie_info,9576
movie_info,9578
movie_info,9585
movie_info,9601
movie_info,9614
movie_info,9618
movie_info,9622
movie_info,9624
movie_info,9631
movie_info,9638
movie_info,9641
movie_info,9646
movie_info,9647
movie_info,9651
movie_info,9653
movie_info,9660
movie_info,9661
movie_info,9664
movie_info,9668
movie_info,9676
movie_info,9679
movie_info,9686
movie_info,9701
movie_info,9703
movie_info,9704
movie_info,9723
movie_info,9730
movie_info,9735
movie_info,9737
movie_info,9750
movie_info,9767
movie_info,9773
movie_info,9778
movie_info,9812
movie_info,9826
movie_info,9836
movie_info,9838
movie_info,9847
movie_info,9848
movie_info,9851
movie_info,9856
movie_info,9857
movie_info,9862
movie_info,9877
movie_info,9882
movie_info,9884
movie_info,9886
movie_info,9890
movie_info,9893
movie_info,9897
movie_info,9904
movie_info,9905
movie_info,9908
movie_info,9912
movie_info,9920
movie_info,9921
movie_info,9922
movie_info,9923
movie_info,9928
movie_info,9929
movie_info,9939
movie_info,9948
movie_info,9961
movie_info,9968
movie_info,9969
movie_info,9970
movie_info,9979
movie_info,9980
movie_info,9988
movie_info,9990
movie_info,9996
movie_info,10006
movie_info,10015
movie_info,10023
movie_info,10034
movie_info,10036
movie_info,10042
movie_info,10046
movie_info,10050
movie_info,10052
movie_info,10053
movie_info,10054
movie_info,10059
movie_info,10060
movie_info,10078
movie_info,10084
movie_info,10089
movie_info,10092
movie_info,10097
movie_info,10098
movie_info,10099
movie_info,10100
movie_info,10109
movie_info,10111
movie_info,10113
movie_info,10121
movie_info,10125
movie_info,10128
movie_info,10138
movie_info,10140
movie_info,10144
movie_info,10145
movie_info,10149
movie_info,10151
movie_info,10154
movie_info,10157
movie_info,10158
movie_info,10172
movie_info,10196
movie_info,10209
movie_info,10210
movie_info,10219
movie_info,10220
movie_info,10223
movie_info,10229
movie_info,10242
movie_info,10258
movie_info,10266
movie_info,10268
movie_info,10274
movie_info,10276
movie_info,10279
movie_info,10284
movie_info,10285
movie_info,10286
movie_info,10292
movie_info,10293
movie_info,10294
movie_info,10297
movie_info,10309
movie_info,10314
movie_info,10315
movie_info,10318
movie_info,10328
movie_info,10332
movie_info,10333
movie_info,10336
movie_info,10342
movie_info,10357
movie_info,10369
movie_info,10371
movie_info,10374
movie_info,10379
movie_info,10385
movie_info,10392
movie_info,10406
movie_info,10407
movie_info,10420
movie_info,10436
movie_info,10438
movie_info,10440
movie_info,10444
movie_info,10449
movie_info,10452
movie_info,10454
movie_info,10462
movie_info,10494
movie_info,10499
movie_info,10500
movie_info,10502
movie_info,10508
movie_info,10511
movie_info,10526
movie_info,10539
movie_info,10543
movie_info,10545
movie_info,10549
movie_info,10551
movie_info,10553
movie_info,10556
movie_info,10558
movie_info,10560
movie_info,10573
movie_info,10586
movie_info,10592
movie_info,10596
movie_info,10599
movie_info,10603
movie_info,10606
movie_info,10608
movie_info,10609
movie_info,10613
movie_info,10614
movie_info,10620
movie_info,10623
movie_info,10638
movie_info,10639
movie_info,10646
movie_info,10662
movie_info,10670
movie_info,10674
movie_info,10681
movie_info,10688
movie_info,10689
movie_info,10691
movie_info,10692
movie_info,10695
movie_info,10699
movie_info,10700
movie_info,10702
movie_info,10708
movie_info,10710
movie_info,10728
movie_info,10751
movie_info,10756
movie_info,10763
movie_info,10769
movie_info,10771
movie_info,10785
movie_info,10793
movie_info,10802
movie_info,10812
movie_info,10816
movie_info,10822
movie_info,10829
movie_info,10837
movie_info,10838
movie_info,10841
movie_info,10851
movie_info,10856
movie_info,10865
movie_info,10866
movie_info,10872
movie_info,10881
movie_info,10883
movie_info,10890
movie_info,10891
movie_info,10898
movie_info,10914
movie_info,10917
movie_info,10926
movie_info,10936
movie_info,10938
movie_info,10939
movie_info,10947
movie_info,10948
movie_info,10949
movie_info,10958
movie_info,10959
movie_info,10960
movie_info,10971
movie_info,10974
movie_info,10982
movie_info,10984
movie_info,10989
movie_info,10994
movie_info,10998
movie_info,10999
movie_info,11005
movie_info,11011
movie_info,11014
movie_info,11016
movie_info,11017
movie_info,11024
movie_info,11026
movie_info,11033
movie_info,11040
movie_info,11042
movie_info,11059
movie_info,11061
movie_info,11062
movie_info,11065
movie_info,11067
movie_info,11068
movie_info,11070
movie_info,11086
movie_info,11089
movie_info,11097
movie_info,11114
movie_info,11115
movie_info,11117
movie_info,11120
movie_info,11137
movie_info,11142
movie_info,11144
movie_info,11148
movie_info,11152
movie_info,11163
movie_info,11164
movie_info,11165
movie_info,11166
movie_info,11169
movie_info,11174
movie_info,11189
movie_info,11192
movie_info,11193
movie_info,11208
movie_info,11219
movie_info,11225
movie_info,11226
movie_info,11228
movie_info,11229
movie_info,11234
movie_info,11235
movie_info,11243
movie_info,11246
movie_info,11249
movie_info,11250
movie_info,11259
movie_info,11260
movie_info,11261
movie_info,11265
movie_info,11275
movie_info,11278
movie_info,11280
movie_info,11281
movie_info,11287
movie_info,11293
movie_info,11304
movie_info,11311
movie_info,11314
movie_info,11317
movie_info,11319
movie_info,11321
movie_info,11335
movie_info,11342
movie_info,11349
movie_info,11351
movie_info,11353
movie_info,11356
movie_info,11360
movie_info,11367
movie_info,11376
movie_info,11385
movie_info,11389
movie_info,11398
movie_info,11421
movie_info,11463
movie_info,11467
movie_info,11491
movie_info,11518
movie_info,11521
movie_info,11522
movie_info,11526
movie_info,11539
movie_info,11544
movie_info,11546
movie_info,11561
movie_info,11567
movie_info,11577
movie_info,11586
movie_info,11605
movie_info,11610
movie_info,11615
movie_info,11616
movie_info,11618
movie_info,11619
movie_info,11622
movie_info,11632
movie_info,11637
movie_info,11655
movie_info,11665
movie_info,11678
movie_info,11680
movie_info,11681
movie_info,11685
movie_info,11686
movie_info,11689
movie_info,11690
movie_info,11691
movie_info,11694
movie_info,11701
movie_info,11707
movie_info,11713
movie_info,11718
movie_info,11726
movie_info,11729
movie_info,11735
movie_info,11739
movie_info,11748
movie_info,11759
movie_info,11761
movie_info,11771
movie_info,11775
movie_info,11781
movie_info,11782
movie_info,11783
movie_info,11784
movie_info,11787
movie_info,11798
movie_info,11799
movie_info,11807
movie_info,11810
movie_info,11811
movie_info,11813
movie_info,11815
movie_info,11817
movie_info,11818
movie_info,11819
movie_info,11828
movie_info,11834
movie_info,11837
movie_info,11839
movie_info,11841
movie_info,11845
movie_info,11846
movie_info,11856
movie_info,11877
movie_info,11883
movie_info,11884
movie_info,11885
movie_info,11896
movie_info,11898
movie_info,11899
movie_info,11902
movie_info,11911
movie_info,11912
movie_info,11923
movie_info,11926
movie_info,11927
movie_info,11930
movie_info,11940
movie_info,11946
movie_info,11953
movie_info,11962
movie_info,11968
movie_info,11972
movie_info,11975
movie_info,11980
movie_info,11981
movie_info,11991
movie_info,11998
movie_info,12011
movie_info,12018
movie_info,12027
movie_info,12028
movie_info,12032
movie_info,12037
movie_info,12042
movie_info,12046
movie_info,12049
movie_info,12052
movie_info,12056
movie_info,12059
movie_info,12062
movie_info,12073
movie_info,12084
movie_info,12085
movie_info,12092
movie_info,12093
movie_info,12096
movie_info,12101
movie_info,12102
movie_info,12117
movie_info,12122
movie_info,12128
movie_info,12131
movie_info,12132
movie_info,12139
movie_info,12143
movie_info,12144
movie_info,12152
movie_info,12153
movie_info,12156
movie_info,12163
movie_info,12165
movie_info,12167
movie_info,12182
movie_info,12183
movie_info,12187
movie_info,12203
movie_info,12208
movie_info,12211
movie_info,12220
movie_info,12228
movie_info,12242
movie_info,12244
movie_info,12245
movie_info,12251
movie_info,12258
movie_info,12259
movie_info,12261
movie_info,12268
movie_info,12278
movie_info,12279
movie_info,12292
movie_info,12294
movie_info,12296
movie_info,12298
movie_info,12299
movie_info,12300
movie_info,12301
movie_info,12307
movie_info,12312
movie_info,12330
movie_info,12331
movie_info,12337
movie_info,12346
movie_info,12349
movie_info,12355
movie_info,12356
movie_info,12357
movie_info,12360
movie_info,12367
movie_info,12379
movie_info,12388
movie_info,12403
movie_info,12405
movie_info,12406
movie_info,12424
movie_info,12425
movie_info,12427
movie_info,12430
movie_info,12444
movie_info,12446
movie_info,12453
movie_info,12454
movie_info,12455
movie_info,12464
movie_info,12473
movie_info,12478
movie_info,12479
movie_info,12488
movie_info,12491
movie_info,12493
movie_info,12495
movie_info,12498
movie_info,12504
movie_info,12511
movie_info,12513
movie_info,12514
movie_info,12518
movie_info,12521
movie_info,12522
movie_info,12524
movie_info,12525
movie_info,12526
movie_info,12528
movie_info,12529
movie_info,12537
movie_info,12548
movie_info,12549
movie_info,12551
movie_info,12561
movie_info,12572
movie_info,12575
movie_info,12578
movie_info,12580
movie_info,12582
movie_info,12589
movie_info,12591
movie_info,12595
movie_info,12598
movie_info,12599
movie_info,12606
movie_info,12610
movie_info,12613
movie_info,12620
movie_info,12623
movie_info,12630
movie_info,12633
movie_info,12634
movie_info,12648
movie_info,12660
movie_info,12663
movie_info,12664
movie_info,12665
movie_info,12668
movie_info,12672
movie_info,12678
movie_info,12682
movie_info,12687
movie_info,12694
movie_info,12703
movie_info,12706
movie_info,12709
movie_info,12712
movie_info,12715
movie_info,12720
movie_info,12723
movie_info,12726
movie_info,12729
movie_info,12741
movie_info,12742
movie_info,12748
movie_info,12767
movie_info,12773
movie_info,12789
movie_info,12791
movie_info,12799
movie_info,12807
movie_info,12816
movie_info,12839
movie_info,12841
movie_info,12843
movie_info,12845
movie_info,12846
movie_info,12847
movie_info,12848
movie_info,12858
movie_info,12859
movie_info,12863
movie_info,12870
movie_info,12872
movie_info,12884
movie_info,12886
movie_info,12888
movie_info,12889
movie_info,12892
movie_info,12894
movie_info,12897
movie_info,12901
movie_info,12908
movie_info,12910
movie_info,12911
movie_info,12913
movie_info,12922
movie_info,12923
movie_info,12930
movie_info,12933
movie_info,12934
movie_info,12942
movie_info,12945
movie_info,12952
movie_info,12960
movie_info,12965
movie_info,12966
movie_info,12976
movie_info,12977
movie_info,12979
movie_info,12980
movie_info,12997
movie_info,13000
movie_info,13009
movie_info,13011
movie_info,13015
movie_info,13017
movie_info,13032
movie_info,13033
movie_info,13036
movie_info,13041
movie_info,13047
movie_info,13053
movie_info,13059
movie_info,13062
movie_info,13071
movie_info,13075
movie_info,13079
movie_info,13081
movie_info,13082
movie_info,13086
movie_info,13088
movie_info,13118
movie_info,13119
movie_info,13134
movie_info,13140
movie_info,13142
movie_info,13150
movie_info,13155
movie_info,13157
movie_info,13159
movie_info,13178
movie_info,13185
movie_info,13186
movie_info,13188
movie_info,13190
movie_info,13191
movie_info,13194
movie_info,13195
movie_info,13197
movie_info,13198
movie_info,13199
movie_info,13208
movie_info,13213
movie_info,13215
movie_info,13218
movie_info,13219
movie_info,13221
movie_info,13226
movie_info,13228
movie_info,13229
movie_info,13233
movie_info,13236
movie_info,13246
movie_info,13257
movie_info,13263
movie_info,13264
movie_info,13268
movie_info,13270
movie_info,13275
movie_info,13286
movie_info,13289
movie_info,13294
movie_info,13297
movie_info,13302
movie_info,13311
movie_info,13313
movie_info,13314
movie_info,13323
movie_info,13336
movie_info,13344
movie_info,13357
movie_info,13364
movie_info,13366
movie_info,13367
movie_info,13368
movie_info,13369
movie_info,13370
movie_info,13372
movie_info,13373
movie_info,13376
movie_info,13381
movie_info,13385
movie_info,13393
movie_info,13396
movie_info,13406
movie_info,13417
movie_info,13439
movie_info,13447
movie_info,13463
movie_info,13467
movie_info,13484
movie_info,13488
movie_info,13493
movie_info,13495
movie_info,13504
movie_info,13506
movie_info,13508
movie_info,13514
movie_info,13524
movie_info,13529
movie_info,13536
movie_info,13541
movie_info,13552
movie_info,13554
movie_info,13558
movie_info,13561
movie_info,13564
movie_info,13568
movie_info,13579
movie_info,13585
movie_info,13589
movie_info,13591
movie_info,13595
movie_info,13601
movie_info,13603
movie_info,13615
movie_info,13619
movie_info,13633
movie_info,13649
movie_info,13653
movie_info,13660
movie_info,13668
movie_info,13669
movie_info,13671
movie_info,13685
movie_info,13692
movie_info,13695
movie_info,13701
movie_info,13702
movie_info,13705
movie_info,13706
movie_info,13708
movie_info,13711
movie_info,13722
movie_info,13734
movie_info,13744
movie_info,13760
movie_info,13764
movie_info,13766
movie_info,13770
movie_info,13772
movie_info,13784
movie_info,13785
movie_info,13796
movie_info,13813
movie_info,13822
movie_info,13826
movie_info,13827
movie_info,13830
movie_info,13839
movie_info,13840
movie_info,13845
movie_info,13846
movie_info,13847
movie_info,13853
movie_info,13864
movie_info,13869
movie_info,13873
movie_info,13886
movie_info,13895
movie_info,13898
movie_info,13900
movie_info,13901
movie_info,13906
movie_info,13907
movie_info,13909
movie_info,13910
movie_info,13919
movie_info,13923
movie_info,13924
movie_info,13929
movie_info,13930
movie_info,13934
movie_info,13935
movie_info,13936
movie_info,13937
movie_info,13944
movie_info,13950
movie_info,13951
movie_info,13975
movie_info,13990
movie_info,13997
movie_info,14003
movie_info,14050
movie_info,14052
movie_info,14053
movie_info,14054
movie_info,14057
movie_info,14058
movie_info,14065
movie_info,14082
movie_info,14092
movie_info,14093
movie_info,14094
movie_info,14095
movie_info,14114
movie_info,14118
movie_info,14120
movie_info,14124
movie_info,14136
movie_info,14137
movie_info,14138
movie_info,14160
movie_info,14169
movie_info,14172
movie_info,14186
movie_info,14200
movie_info,14206
movie_info,14212
movie_info,14215
movie_info,14221
movie_info,14229
movie_info,14235
movie_info,14236
movie_info,14241
movie_info,14242
movie_info,14243
movie_info,14244
movie_info,14245
movie_info,14254
movie_info,14258
movie_info,14264
movie_info,14268
movie_info,14302
movie_info,14307
movie_info,14308
movie_info,14309
movie_info,14310
movie_info,14312
movie_info,14334
movie_info,14342
movie_info,14352
movie_info,14354
movie_info,14365
movie_info,14382
movie_info,14423
movie_info,14424
movie_info,14425
movie_info,14426
movie_info,14432
movie_info,14439
movie_info,14440
movie_info,14441
movie_info,14442
movie_info,14445
movie_info,14454
movie_info,14455
movie_info,14456
movie_info,14459
movie_info,14461
movie_info,14470
movie_info,14500
movie_info,14507
movie_info,14514
movie_info,14517
movie_info,14522
movie_info,14524
movie_info,14553
movie_info,14554
movie_info,14571
movie_info,14572
movie_info,14573
movie_info,14578
movie_info,14583
movie_info,14589
movie_info,14590
movie_info,14591
movie_info,14609
movie_info,14610
movie_info,14615
movie_info,14616
movie_info,14619
movie_info,14620
movie_info,14635
movie_info,14639
movie_info,14646
movie_info,14647
movie_info,14648
movie_info,14649
movie_info,14654
movie_info,14656
movie_info,14664
movie_info,14665
movie_info,14669
movie_info,14670
movie_info,14671
movie_info,14677
movie_info,14679
movie_info,14683
movie_info,14698
movie_info,14704
movie_info,14705
movie_info,14710
movie_info,14717
movie_info,14718
movie_info,14731
movie_info,14733
movie_info,14742
movie_info,14743
movie_info,14745
movie_info,14746
movie_info,14754
movie_info,14757
movie_info,14761
movie_info,14772
movie_info,14789
movie_info,14792
movie_info,14793
movie_info,14795
movie_info,14830
movie_info,14849
movie_info,14856
movie_info,14857
movie_info,14870
movie_info,14873
movie_info,14874
movie_info,14891
movie_info,14907
movie_info,14908
movie_info,14919
movie_info,14928
movie_info,14929
movie_info,14930
movie_info,14931
movie_info,14932
movie_info,14944
movie_info,14945
movie_info,14958
movie_info,14959
movie_info,14963
movie_info,14964
movie_info,14965
movie_info,14969
movie_info,14980
movie_info,14985
movie_info,14987
movie_info,15005
movie_info,15009
movie_info,15010
movie_info,15013
movie_info,15019
movie_info,15034
movie_info,15035
movie_info,15051
movie_info,15053
movie_info,15055
movie_info,15059
movie_info,15062
movie_info,15068
movie_info,15069
movie_info,15072
movie_info,15078
movie_info,15084
movie_info,15105
movie_info,15106
movie_info,15119
movie_info,15123
movie_info,15132
movie_info,15137
movie_info,15144
movie_info,15168
movie_info,15170
movie_info,15172
movie_info,15174
movie_info,15179
movie_info,15184
movie_info,15188
movie_info,15195
movie_info,15198
movie_info,15201
movie_info,15202
movie_info,15207
movie_info,15213
movie_info,15215
movie_info,15218
movie_info,15219
movie_info,15221
movie_info,15223
movie_info,15225
movie_info,15231
movie_info,15233
movie_info,15236
movie_info,15240
movie_info,15245
movie_info,15248
movie_info,15250
movie_info,15251
movie_info,15261
movie_info,15262
movie_info,15263
movie_info,15279
movie_info,15284
movie_info,15285
movie_info,15289
movie_info,15292
movie_info,15295
movie_info,15296
movie_info,15297
movie_info,15299
movie_info,15302
movie_info,15315
movie_info,15318
movie_info,15320
movie_info,15321
movie_info,15323
movie_info,15325
movie_info,15326
movie_info,15327
movie_info,15337
movie_info,15342
movie_info,15343
movie_info,15344
movie_info,15352
movie_info,15353
movie_info,15361
movie_info,15362
movie_info,15366
movie_info,15369
movie_info,15372
movie_info,15374
movie_info,15375
movie_info,15381
movie_info,15382
movie_info,15384
movie_info,15389
movie_info,15390
movie_info,15395
movie_info,15402
movie_info,15405
movie_info,15410
movie_info,15414
movie_info,15416
movie_info,15418
movie_info,15419
movie_info,15421
movie_info,15422
movie_info,15426
movie_info,15432
movie_info,15433
movie_info,15435
movie_info,15436
movie_info,15437
movie_info,15439
movie_info,15447
movie_info,15448
movie_info,15451
movie_info,15452
movie_info,15453
movie_info,15461
movie_info,15470
movie_info,15474
movie_info,15478
movie_info,15481
movie_info,15483
movie_info,15485
movie_info,15487
movie_info,15492
movie_info,15493
movie_info,15494
movie_info,15499
movie_info,15502
movie_info,15503
movie_info,15507
movie_info,15513
movie_info,15521
movie_info,15527
movie_info,15529
movie_info,15532
movie_info,15533
movie_info,15536
movie_info,15537
movie_info,15538
movie_info,15539
movie_info,15543
movie_info,15544
movie_info,15546
movie_info,15550
movie_info,15552
movie_info,15553
movie_info,15555
movie_info,15556
movie_info,15569
movie_info,15571
movie_info,15573
movie_info,15576
movie_info,15580
movie_info,15583
movie_info,15586
movie_info,15587
movie_info,15588
movie_info,15589
movie_info,15594
movie_info,15595
movie_info,15596
movie_info,15597
movie_info,15599
movie_info,15603
movie_info,15606
movie_info,15608
movie_info,15617
movie_info,15618
movie_info,15619
movie_info,15620
movie_info,15623
movie_info,15624
movie_info,15627
movie_info,15628
movie_info,15632
movie_info,15633
movie_info,15644
movie_info,15659
movie_info,15662
movie_info,15671
movie_info,15679
movie_info,15685
movie_info,15686
movie_info,15691
movie_info,15699
movie_info,15713
movie_info,15719
movie_info,15720
movie_info,15721
movie_info,15725
movie_info,15727
movie_info,15729
movie_info,15733
movie_info,15734
movie_info,15735
movie_info,15736
movie_info,15740
movie_info,15741
movie_info,15742
movie_info,15752
movie_info,15756
movie_info,15758
movie_info,15759
movie_info,15766
movie_info,15769
movie_info,15770
movie_info,15772
movie_info,15773
movie_info,15777
movie_info,15780
movie_info,15786
movie_info,15789
movie_info,15793
movie_info,15797
movie_info,15799
movie_info,15801
movie_info,15809
movie_info,15811
movie_info,15812
movie_info,15813
movie_info,15816
movie_info,15817
movie_info,15829
movie_info,15830
movie_info,15837
movie_info,15838
movie_info,15840
movie_info,15849
movie_info,15851
movie_info,15853
movie_info,15855
movie_info,15856
movie_info,15857
movie_info,15858
movie_info,15861
movie_info,15862
movie_info,15865
movie_info,15867
movie_info,15869
movie_info,15874
movie_info,15875
movie_info,15886
movie_info,15897
movie_info,15898
movie_info,15903
movie_info,15904
movie_info,15907
movie_info,15908
movie_info,15910
movie_info,15913
movie_info,15914
movie_info,15916
movie_info,15929
movie_info,15940
movie_info,15944
movie_info,15945
movie_info,15948
movie_info,15949
movie_info,15950
movie_info,15952
movie_info,15953
movie_info,15954
movie_info,15956
movie_info,15958
movie_info,15970
movie_info,15971
movie_info,15980
movie_info,15981
movie_info,15984
movie_info,15988
movie_info,15990
movie_info,15993
movie_info,15995
movie_info,15997
movie_info,15998
movie_info,16001
movie_info,16011
movie_info,16021
movie_info,16023
movie_info,16032
movie_info,16040
movie_info,16044
movie_info,16050
movie_info,16053
movie_info,16058
movie_info,16060
movie_info,16065
movie_info,16066
movie_info,16068
movie_info,16069
movie_info,16070
movie_info,16073
movie_info,16076
movie_info,16077
movie_info,16083
movie_info,16085
movie_info,16087
movie_info,16096
movie_info,16103
movie_info,16104
movie_info,16118
movie_info,16119
movie_info,16122
movie_info,16125
movie_info,16129
movie_info,16134
movie_info,16136
movie_info,16140
movie_info,16141
movie_info,16144
movie_info,16151
movie_info,16153
movie_info,16157
movie_info,16165
movie_info,16171
movie_info,16173
movie_info,16176
movie_info,16178
movie_info,16180
movie_info,16183
movie_info,16186
movie_info,16187
movie_info,16191
movie_info,16192
movie_info,16195
movie_info,16202
movie_info,16206
movie_info,16207
movie_info,16212
movie_info,16213
movie_info,16217
movie_info,16218
movie_info,16222
movie_info,16223
movie_info,16224
movie_info,16225
movie_info,16226
movie_info,16232
movie_info,16233
movie_info,16238
movie_info,16239
movie_info,16241
movie_info,16243
movie_info,16246
movie_info,16253
movie_info,16254
movie_info,16257
movie_info,16267
movie_info,16269
movie_info,16273
movie_info,16274
movie_info,16275
movie_info,16276
movie_info,16277
movie_info,16280
movie_info,16286
movie_info,16287
movie_info,16290
movie_info,16291
movie_info,16294
movie_info,16295
movie_info,16300
movie_info,16302
movie_info,16303
movie_info,16305
movie_info,16306
movie_info,16311
movie_info,16312
movie_info,16314
movie_info,16318
movie_info,16321
movie_info,16326
movie_info,16328
movie_info,16330
movie_info,16336
movie_info,16338
movie_info,16341
movie_info,16342
movie_info,16346
movie_info,16348
movie_info,16350
movie_info,16355
movie_info,16362
movie_info,16363
movie_info,16364
movie_info,16369
movie_info,16374
movie_info,16377
movie_info,16378
movie_info,16381
movie_info,16383
movie_info,16384
movie_info,16385
movie_info,16391
movie_info,16394
movie_info,16399
movie_info,16400
movie_info,16402
movie_info,16403
movie_info,16408
movie_info,16413
movie_info,16422
movie_info,16423
movie_info,16425
movie_info,16427
movie_info,16443
movie_info,16447
movie_info,16448
movie_info,16449
movie_info,16450
movie_info,16452
movie_info,16454
movie_info,16455
movie_info,16458
movie_info,16465
movie_info,16466
movie_info,16467
movie_info,16468
movie_info,16469
movie_info,16470
movie_info,16472
movie_info,16476
movie_info,16487
movie_info,16492
movie_info,16493
movie_info,16494
movie_info,16495
movie_info,16496
movie_info,16499
movie_info,16501
movie_info,16519
movie_info,16520
movie_info,16524
movie_info,16526
movie_info,16527
movie_info,16531
movie_info,16535
movie_info,16536
movie_info,16538
movie_info,16541
movie_info,16542
movie_info,16543
movie_info,16544
movie_info,16545
movie_info,16548
movie_info,16549
movie_info,16551
movie_info,16552
movie_info,16553
movie_info,16554
movie_info,16555
movie_info,16562
movie_info,16564
movie_info,16565
movie_info,16567
movie_info,16568
movie_info,16573
movie_info,16574
movie_info,16575
movie_info,16579
movie_info,16581
movie_info,16582
movie_info,16583
movie_info,16584
movie_info,16587
movie_info,16590
movie_info,16593
movie_info,16595
movie_info,16596
movie_info,16600
movie_info,16601
movie_info,16602
movie_info,16604
movie_info,16605
movie_info,16608
movie_info,16615
movie_info,16621
movie_info,16626
movie_info,16628
movie_info,16629
movie_info,16632
movie_info,16637
movie_info,16639
movie_info,16644
movie_info,16646
movie_info,16647
movie_info,16654
movie_info,16659
movie_info,16661
movie_info,16662
movie_info,16665
movie_info,16672
movie_info,16680
movie_info,16693
movie_info,16698
movie_info,16727
movie_info,16738
movie_info,16742
movie_info,16757
movie_info,16758
movie_info,16759
movie_info,16763
movie_info,16775
movie_info,16790
movie_info,16792
movie_info,16793
movie_info,16795
movie_info,16797
movie_info,16801
movie_info,16805
movie_info,16806
movie_info,16807
movie_info,16808
movie_info,16809
movie_info,16810
movie_info,16813
movie_info,16824
movie_info,16831
movie_info,16838
movie_info,16841
movie_info,16842
movie_info,16849
movie_info,16854
movie_info,16871
movie_info,16875
movie_info,16878
movie_info,16879
movie_info,16881
movie_info,16883
movie_info,16885
movie_info,16889
movie_info,16892
movie_info,16894
movie_info,16898
movie_info,16910
movie_info,16912
movie_info,16914
movie_info,16917
movie_info,16926
movie_info,16928
movie_info,16929
movie_info,16933
movie_info,16935
movie_info,16936
movie_info,16937
movie_info,16938
movie_info,16939
movie_info,16941
movie_info,16945
movie_info,16951
movie_info,16956
movie_info,16960
movie_info,16961
movie_info,16964
movie_info,16967
movie_info,16968
movie_info,16970
movie_info,16972
movie_info,16974
movie_info,16978
movie_info,16986
movie_info,16988
movie_info,16992
movie_info,16995
movie_info,16997
movie_info,17006
movie_info,17009
movie_info,17014
movie_info,17015
movie_info,17017
movie_info,17019
movie_info,17021
movie_info,17030
movie_info,17031
movie_info,17038
movie_info,17040
movie_info,17041
movie_info,17042
movie_info,17043
movie_info,17045
movie_info,17047
movie_info,17048
movie_info,17049
movie_info,17056
movie_info,17057
movie_info,17063
movie_info,17065
movie_info,17066
movie_info,17067
movie_info,17068
movie_info,17073
movie_info,17074
movie_info,17078
movie_info,17081
movie_info,17088
movie_info,17095
movie_info,17097
movie_info,17098
movie_info,17104
movie_info,17105
movie_info,17107
movie_info,17111
movie_info,17115
movie_info,17116
movie_info,17120
movie_info,17126
movie_info,17136
movie_info,17137
movie_info,17138
movie_info,17139
movie_info,17140
movie_info,17142
movie_info,17149
movie_info,17151
movie_info,17157
movie_info,17162
movie_info,17164
movie_info,17165
movie_info,17174
movie_info,17180
movie_info,17183
movie_info,17189
movie_info,17190
movie_info,17197
movie_info,17203
movie_info,17205
movie_info,17208
movie_info,17216
movie_info,17217
movie_info,17223
movie_info,17224
movie_info,17226
movie_info,17229
movie_info,17230
movie_info,17231
movie_info,17235
movie_info,17241
movie_info,17245
movie_info,17249
movie_info,17250
movie_info,17255
movie_info,17257
movie_info,17260
movie_info,17264
movie_info,17268
movie_info,17271
movie_info,17279
movie_info,17288
movie_info,17289
movie_info,17292
movie_info,17296
movie_info,17306
movie_info,17307
movie_info,17310
movie_info,17315
movie_info,17316
movie_info,17319
movie_info,17320
movie_info,17324
movie_info,17328
movie_info,17329
movie_info,17331
movie_info,17334
movie_info,17337
movie_info,17338
movie_info,17340
movie_info,17341
movie_info,17342
movie_info,17348
movie_info,17349
movie_info,17353
movie_info,17356
movie_info,17359
movie_info,17360
movie_info,17361
movie_info,17362
movie_info,17367
movie_info,17372
movie_info,17375
movie_info,17377
movie_info,17378
movie_info,17381
movie_info,17389
movie_info,17394
movie_info,17397
movie_info,17400
movie_info,17401
movie_info,17404
movie_info,17405
movie_info,17413
movie_info,17421
movie_info,17432
movie_info,17436
movie_info,17437
movie_info,17439
movie_info,17443
movie_info,17445
movie_info,17448
movie_info,17449
movie_info,17450
movie_info,17452
movie_info,17453
movie_info,17459
movie_info,17461
movie_info,17463
movie_info,17466
movie_info,17467
movie_info,17469
movie_info,17471
movie_info,17483
movie_info,17485
movie_info,17487
movie_info,17489
movie_info,17490
movie_info,17491
movie_info,17492
movie_info,17493
movie_info,17495
movie_info,17498
movie_info,17499
movie_info,17502
movie_info,17509
movie_info,17511
movie_info,17513
movie_info,17515
movie_info,17516
movie_info,17518
movie_info,17519
movie_info,17521
movie_info,17522
movie_info,17526
movie_info,17528
movie_info,17529
movie_info,17530
movie_info,17531
movie_info,17538
movie_info,17540
movie_info,17553
movie_info,17560
movie_info,17561
movie_info,17564
movie_info,17570
movie_info,17572
movie_info,17573
movie_info,17575
movie_info,17580
movie_info,17588
movie_info,17590
movie_info,17592
movie_info,17604
movie_info,17606
movie_info,17612
movie_info,17613
movie_info,17614
movie_info,17619
movie_info,17623
movie_info,17625
movie_info,17631
movie_info,17634
movie_info,17646
movie_info,17648
movie_info,17650
movie_info,17651
movie_info,17657
movie_info,17665
movie_info,17667
movie_info,17668
movie_info,17669
movie_info,17673
movie_info,17675
movie_info,17678
movie_info,17680
movie_info,17683
movie_info,17684
movie_info,17685
movie_info,17686
movie_info,17691
movie_info,17692
movie_info,17695
movie_info,17702
movie_info,17703
movie_info,17704
movie_info,17706
movie_info,17710
movie_info,17715
movie_info,17718
movie_info,17724
movie_info,17726
movie_info,17727
movie_info,17729
movie_info,17731
movie_info,17732
movie_info,17739
movie_info,17741
movie_info,17744
movie_info,17746
movie_info,17747
movie_info,17748
movie_info,17753
movie_info,17757
movie_info,17758
movie_info,17760
movie_info,17767
movie_info,17770
movie_info,17772
movie_info,17774
movie_info,17783
movie_info,17784
movie_info,17791
movie_info,17793
movie_info,17800
movie_info,17802
movie_info,17803
movie_info,17805
movie_info,17808
movie_info,17811
movie_info,17814
movie_info,17816
movie_info,17817
movie_info,17820
movie_info,17826
movie_info,17828
movie_info,17833
movie_info,17836
movie_info,17837
movie_info,17838
movie_info,17839
movie_info,17844
movie_info,17848
movie_info,17851
movie_info,17856
movie_info,17859
movie_info,17860
movie_info,17862
movie_info,17865
movie_info,17872
movie_info,17873
movie_info,17893
movie_info,17894
movie_info,17906
movie_info,17908
movie_info,17909
movie_info,17910
movie_info,17911
movie_info,17919
movie_info,17920
movie_info,17921
movie_info,17928
movie_info,17936
movie_info,17946
movie_info,17949
movie_info,17950
movie_info,17952
movie_info,17953
movie_info,17954
movie_info,17956
movie_info,17959
movie_info,17960
movie_info,17961
movie_info,17965
movie_info,17967
movie_info,17969
movie_info,17970
movie_info,17976
movie_info,17977
movie_info,17978
movie_info,17979
movie_info,17981
movie_info,17982
movie_info,17983
movie_info,17984
movie_info,17987
movie_info,17990
movie_info,17991
movie_info,17992
movie_info,17994
movie_info,17995
movie_info,18000
movie_info,18001
movie_info,18005
movie_info,18008
movie_info,18012
movie_info,18013
movie_info,18017
movie_info,18020
movie_info,18023
movie_info,18026
movie_info,18027
movie_info,18028
movie_info,18030
movie_info,18031
movie_info,18033
movie_info,18035
movie_info,18041
movie_info,18045
movie_info,18046
movie_info,18053
movie_info,18055
movie_info,18057
movie_info,18058
movie_info,18060
movie_info,18063
movie_info,18065
movie_info,18067
movie_info,18068
movie_info,18069
movie_info,18071
movie_info,18072
movie_info,18073
movie_info,18076
movie_info,18077
movie_info,18079
movie_info,18083
movie_info,18085
movie_info,18092
movie_info,18094
movie_info,18095
movie_info,18096
movie_info,18098
movie_info,18100
movie_info,18105
movie_info,18116
movie_info,18117
movie_info,18124
movie_info,18127
movie_info,18129
movie_info,18131
movie_info,18132
movie_info,18137
movie_info,18138
movie_info,18139
movie_info,18140
movie_info,18141
movie_info,18142
movie_info,18143
movie_info,18144
movie_info,18146
movie_info,18152
movie_info,18156
movie_info,18160
movie_info,18161
movie_info,18163
movie_info,18164
movie_info,18165
movie_info,18166
movie_info,18167
movie_info,18168
movie_info,18169
movie_info,18170
movie_info,18174
movie_info,18175
movie_info,18176
movie_info,18179
movie_info,18180
movie_info,18182
movie_info,18183
movie_info,18184
movie_info,18188
movie_info,18189
movie_info,18191
movie_info,18193
movie_info,18196
movie_info,18199
movie_info,18204
movie_info,18205
movie_info,18206
movie_info,18211
movie_info,18213
movie_info,18218
movie_info,18219
movie_info,18225
movie_info,18227
movie_info,18228
movie_info,18230
movie_info,18232
movie_info,18233
movie_info,18235
movie_info,18238
movie_info,18239
movie_info,18240
movie_info,18241
movie_info,18243
movie_info,18258
movie_info,18270
movie_info,18274
movie_info,18277
movie_info,18279
movie_info,18280
movie_info,18281
movie_info,18282
movie_info,18284
movie_info,18285
movie_info,18286
movie_info,18290
movie_info,18295
movie_info,18296
movie_info,18301
movie_info,18304
movie_info,18305
movie_info,18317
movie_info,18320
movie_info,18326
movie_info,18332
movie_info,18337
movie_info,18340
movie_info,18345
movie_info,18348
movie_info,18353
movie_info,18359
movie_info,18360
movie_info,18362
movie_info,18366
movie_info,18370
movie_info,18376
movie_info,18383
movie_info,18385
movie_info,18388
movie_info,18391
movie_info,18392
movie_info,18393
movie_info,18395
movie_info,18403
movie_info,18406
movie_info,18410
movie_info,18413
movie_info,18414
movie_info,18415
movie_info,18419
movie_info,18421
movie_info,18422
movie_info,18423
movie_info,18424
movie_info,18429
movie_info,18433
movie_info,18439
movie_info,18441
movie_info,18443
movie_info,18445
movie_info,18447
movie_info,18448
movie_info,18449
movie_info,18450
movie_info,18453
movie_info,18457
movie_info,18458
movie_info,18466
movie_info,18468
movie_info,18471
movie_info,18476
movie_info,18478
movie_info,18484
movie_info,18485
movie_info,18489
movie_info,18490
movie_info,18491
movie_info,18493
movie_info,18496
movie_info,18499
movie_info,18502
movie_info,18507
movie_info,18509
movie_info,18513
movie_info,18514
movie_info,18526
movie_info,18529
movie_info,18530
movie_info,18532
movie_info,18534
movie_info,18538
movie_info,18540
movie_info,18541
movie_info,18542
movie_info,18551
movie_info,18554
movie_info,18555
movie_info,18559
movie_info,18561
movie_info,18562
movie_info,18566
movie_info,18567
movie_info,18568
movie_info,18569
movie_info,18570
movie_info,18571
movie_info,18572
movie_info,18575
movie_info,18579
movie_info,18582
movie_info,18585
movie_info,18590
movie_info,18592
movie_info,18596
movie_info,18598
movie_info,18608
movie_info,18613
movie_info,18626
movie_info,18629
movie_info,18630
movie_info,18632
movie_info,18637
movie_info,18642
movie_info,18644
movie_info,18647
movie_info,18648
movie_info,18654
movie_info,18663
movie_info,18664
movie_info,18673
movie_info,18675
movie_info,18682
movie_info,18687
movie_info,18690
movie_info,18698
movie_info,18705
movie_info,18706
movie_info,18709
movie_info,18718
movie_info,18720
movie_info,18721
movie_info,18722
movie_info,18725
movie_info,18726
movie_info,18735
movie_info,18736
movie_info,18740
movie_info,18746
movie_info,18747
movie_info,18748
movie_info,18750
movie_info,18757
movie_info,18767
movie_info,18776
movie_info,18777
movie_info,18783
movie_info,18784
movie_info,18788
movie_info,18790
movie_info,18793
movie_info,18794
movie_info,18796
movie_info,18797
movie_info,18798
movie_info,18802
movie_info,18805
movie_info,18806
movie_info,18820
movie_info,18824
movie_info,18825
movie_info,18826
movie_info,18827
movie_info,18843
movie_info,18846
movie_info,18859
movie_info,18860
movie_info,18864
movie_info,18869
movie_info,18871
movie_info,18877
movie_info,18878
movie_info,18879
movie_info,18891
movie_info,18902
movie_info,18903
movie_info,18905
movie_info,18906
movie_info,18907
movie_info,18908
movie_info,18910
movie_info,18919
movie_info,18920
movie_info,18921
movie_info,18926
movie_info,18927
movie_info,18932
movie_info,18933
movie_info,18941
movie_info,18943
movie_info,18946
movie_info,18947
movie_info,18949
movie_info,18950
movie_info,18958
movie_info,18972
movie_info,18976
movie_info,18977
movie_info,18978
movie_info,18980
movie_info,18999
movie_info,19006
movie_info,19007
movie_info,19013
movie_info,19044
movie_info,19046
movie_info,19048
movie_info,19049
movie_info,19050
movie_info,19051
movie_info,19060
movie_info,19061
movie_info,19068
movie_info,19070
movie_info,19071
movie_info,19076
movie_info,19083
movie_info,19084
movie_info,19113
movie_info,19118
movie_info,19119
movie_info,19125
movie_info,19129
movie_info,19130
movie_info,19153
movie_info,19154
movie_info,19155
movie_info,19156
movie_info,19159
movie_info,19163
movie_info,19168
movie_info,19169
movie_info,19172
movie_info,19174
movie_info,19176
movie_info,19178
movie_info,19187
movie_info,19188
movie_info,19189
movie_info,19194
movie_info,19204
movie_info,19212
movie_info,19213
movie_info,19214
movie_info,19218
movie_info,19219
movie_info,19224
movie_info,19233
movie_info,19235
movie_info,19237
movie_info,19241
movie_info,19249
movie_info,19252
movie_info,19257
movie_info,19270
movie_info,19273
movie_info,19278
movie_info,19281
movie_info,19285
movie_info,19287
movie_info,19290
movie_info,19302
movie_info,19307
movie_info,19308
movie_info,19309
movie_info,19310
movie_info,19315
movie_info,19331
movie_info,19347
movie_info,19358
movie_info,19359
movie_info,19368
movie_info,19376
movie_info,19378
movie_info,19400
movie_info,19405
movie_info,19408
movie_info,19421
movie_info,19422
movie_info,19428
movie_info,19433
movie_info,19443
movie_info,19444
movie_info,19446
movie_info,19466
movie_info,19467
movie_info,19479
movie_info,19480
movie_info,19483
movie_info,19485
movie_info,19492
movie_info,19513
movie_info,19514
movie_info,19515
movie_info,19516
movie_info,19536
movie_info,19539
movie_info,19544
movie_info,19549
movie_info,19562
movie_info,19574
movie_info,19575
movie_info,19580
movie_info,19581
movie_info,19582
movie_info,19583
movie_info,19584
movie_info,19587
movie_info,19588
movie_info,19589
movie_info,19592
movie_info,19600
movie_info,19613
movie_info,19619
movie_info,19630
movie_info,19632
movie_info,19633
movie_info,19641
movie_info,19643
movie_info,19644
movie_info,19654
movie_info,19655
movie_info,19661
movie_info,19672
movie_info,19682
movie_info,19699
movie_info,19700
movie_info,19701
movie_info,19711
movie_info,19714
movie_info,19717
movie_info,19719
movie_info,19732
movie_info,19734
movie_info,19744
movie_info,19748
movie_info,19751
movie_info,19770
movie_info,19771
movie_info,19777
movie_info,19784
movie_info,19790
movie_info,19792
movie_info,19796
movie_info,19800
movie_info,19809
movie_info,19810
movie_info,19824
movie_info,19830
movie_info,19838
movie_info,19839
movie_info,19845
movie_info,19859
movie_info,19860
movie_info,19865
movie_info,19866
movie_info,19877
movie_info,19883
movie_info,19886
movie_info,19887
movie_info,19892
movie_info,19897
movie_info,19900
movie_info,19906
movie_info,19910
movie_info,19912
movie_info,19915
movie_info,19932
movie_info,19940
movie_info,19945
movie_info,19972
movie_info,19973
movie_info,19977
movie_info,19978
movie_info,19989
movie_info,19991
movie_info,19997
movie_info,19999
movie_info,20014
movie_info,20023
movie_info,20035
movie_info,20041
movie_info,20042
movie_info,20049
movie_info,20052
movie_info,20055
movie_info,20056
movie_info,20057
movie_info,20084
movie_info,20086
movie_info,20090
movie_info,20100
movie_info,20109
movie_info,20111
movie_info,20113
movie_info,20134
movie_info,20135
movie_info,20137
movie_info,20139
movie_info,20148
movie_info,20159
movie_info,20169
movie_info,20173
movie_info,20177
movie_info,20178
movie_info,20180
movie_info,20181
movie_info,20182
movie_info,20185
movie_info,20186
movie_info,20194
movie_info,20205
movie_info,20208
movie_info,20209
movie_info,20213
movie_info,20214
movie_info,20216
movie_info,20234
movie_info,20238
movie_info,20242
movie_info,20245
movie_info,20247
movie_info,20254
movie_info,20258
movie_info,20269
movie_info,20272
movie_info,20273
movie_info,20281
movie_info,20290
movie_info,20306
movie_info,20311
movie_info,20312
movie_info,20316
movie_info,20317
movie_info,20318
movie_info,20327
movie_info,20331
movie_info,20333
movie_info,20334
movie_info,20337
movie_info,20345
movie_info,20346
movie_info,20355
movie_info,20356
movie_info,20357
movie_info,20358
movie_info,20393
movie_info,20394
movie_info,20407
movie_info,20408
movie_info,20410
movie_info,20412
movie_info,20420
movie_info,20421
movie_info,20434
movie_info,20458
movie_info,20460
movie_info,20464
movie_info,20468
movie_info,20469
movie_info,20470
movie_info,20474
movie_info,20481
movie_info,20482
movie_info,20486
movie_info,20489
movie_info,20498
movie_info,20500
movie_info,20503
movie_info,20504
movie_info,20505
movie_info,20512
movie_info,20515
movie_info,20520
movie_info,20522
movie_info,20526
movie_info,20531
movie_info,20541
movie_info,20557
movie_info,20636
movie_info,20644
movie_info,20645
movie_info,20646
movie_info,20678
movie_info,20681
movie_info,20698
movie_info,20699
movie_info,20701
movie_info,20706
movie_info,20718
movie_info,20726
movie_info,20728
movie_info,20732
movie_info,20743
movie_info,20747
movie_info,20751
movie_info,20754
movie_info,20762
movie_info,20767
movie_info,20776
movie_info,20777
movie_info,20778
movie_info,20788
movie_info,20794
movie_info,20795
movie_info,20797
movie_info,20803
movie_info,20807
movie_info,20809
movie_info,20811
movie_info,20827
movie_info,20828
movie_info,20831
movie_info,20838
movie_info,20845
movie_info,20850
movie_info,20851
movie_info,20857
movie_info,20858
movie_info,20865
movie_info,20871
movie_info,20876
movie_info,20877
movie_info,20880
movie_info,20885
movie_info,20890
movie_info,20895
movie_info,20899
movie_info,20903
movie_info,20905
movie_info,20908
movie_info,20912
movie_info,20917
movie_info,20922
movie_info,20924
movie_info,20935
movie_info,20945
movie_info,20953
movie_info,20954
movie_info,20959
movie_info,20960
movie_info,20967
movie_info,20969
movie_info,20973
movie_info,20974
movie_info,20982
movie_info,20983
movie_info,20986
movie_info,20990
movie_info,20993
movie_info,21003
movie_info,21007
movie_info,21013
movie_info,21028
movie_info,21031
movie_info,21034
movie_info,21042
movie_info,21045
movie_info,21056
movie_info,21057
movie_info,21072
movie_info,21073
movie_info,21074
movie_info,21078
movie_info,21079
movie_info,21084
movie_info,21105
movie_info,21106
movie_info,21116
movie_info,21118
movie_info,21127
movie_info,21131
movie_info,21143
movie_info,21156
movie_info,21159
movie_info,21164
movie_info,21166
movie_info,21168
movie_info,21170
movie_info,21172
movie_info,21173
movie_info,21180
movie_info,21202
movie_info,21203
movie_info,21213
movie_info,21227
movie_info,21228
movie_info,21238
movie_info,21249
movie_info,21251
movie_info,21255
movie_info,21257
movie_info,21262
movie_info,21264
movie_info,21265
movie_info,21266
movie_info,21268
movie_info,21271
movie_info,21275
movie_info,21280
movie_info,21289
movie_info,21302
movie_info,21304
movie_info,21305
movie_info,21308
movie_info,21309
movie_info,21318
movie_info,21327
movie_info,21329
movie_info,21330
movie_info,21331
movie_info,21337
movie_info,21340
movie_info,21342
movie_info,21344
movie_info,21350
movie_info,21354
movie_info,21360
movie_info,21364
movie_info,21365
movie_info,21367
movie_info,21373
movie_info,21377
movie_info,21379
movie_info,21390
movie_info,21393
movie_info,21394
movie_info,21395
movie_info,21397
movie_info,21398
movie_info,21401
movie_info,21409
movie_info,21423
movie_info,21434
movie_info,21440
movie_info,21451
movie_info,21457
movie_info,21459
movie_info,21460
movie_info,21462
movie_info,21463
movie_info,21479
movie_info,21487
movie_info,21502
movie_info,21519
movie_info,21520
movie_info,21522
movie_info,21530
movie_info,21536
movie_info,21537
movie_info,21544
movie_info,21545
movie_info,21546
movie_info,21557
movie_info,21559
movie_info,21563
movie_info,21570
movie_info,21584
movie_info,21592
movie_info,21593
movie_info,21594
movie_info,21608
movie_info,21622
movie_info,21631
movie_info,21637
movie_info,21644
movie_info,21654
movie_info,21658
movie_info,21662
movie_info,21668
movie_info,21672
movie_info,21676
movie_info,21678
movie_info,21694
movie_info,21700
movie_info,21703
movie_info,21711
movie_info,21713
movie_info,21716
movie_info,21719
movie_info,21723
movie_info,21725
movie_info,21729
movie_info,21742
movie_info,21745
movie_info,21749
movie_info,21756
movie_info,21757
movie_info,21781
movie_info,21785
movie_info,21786
movie_info,21796
movie_info,21800
movie_info,21803
movie_info,21805
movie_info,21816
movie_info,21819
movie_info,21837
movie_info,21843
movie_info,21854
movie_info,21855
movie_info,21856
movie_info,21868
movie_info,21870
movie_info,21891
movie_info,21895
movie_info,21915
movie_info,21918
movie_info,21921
movie_info,21932
movie_info,21942
movie_info,21943
movie_info,21947
movie_info,21948
movie_info,21960
movie_info,21979
movie_info,21981
movie_info,21982
movie_info,21990
movie_info,22012
movie_info,22017
movie_info,22018
movie_info,22021
movie_info,22033
movie_info,22034
movie_info,22039
movie_info,22044
movie_info,22045
movie_info,22055
movie_info,22056
movie_info,22063
movie_info,22064
movie_info,22071
movie_info,22072
movie_info,22073
movie_info,22074
movie_info,22079
movie_info,22095
movie_info,22096
movie_info,22115
movie_info,22120
movie_info,22121
movie_info,22133
movie_info,22134
movie_info,22144
movie_info,22146
movie_info,22150
movie_info,22151
movie_info,22159
movie_info,22160
movie_info,22161
movie_info,22169
movie_info,22181
movie_info,22220
movie_info,22230
movie_info,22231
movie_info,22232
movie_info,22234
movie_info,22235
movie_info,22267
movie_info,22268
movie_info,22274
movie_info,22275
movie_info,22290
movie_info,22300
movie_info,22301
movie_info,22303
movie_info,22309
movie_info,22319
movie_info,22320
movie_info,22322
movie_info,22337
movie_info,22341
movie_info,22343
movie_info,22344
movie_info,22376
movie_info,22396
movie_info,22397
movie_info,22399
movie_info,22400
movie_info,22405
movie_info,22411
movie_info,22413
movie_info,22422
movie_info,22436
movie_info,22437
movie_info,22438
movie_info,22440
movie_info,22445
movie_info,22453
movie_info,22454
movie_info,22455
movie_info,22458
movie_info,22459
movie_info,22463
movie_info,22464
movie_info,22465
movie_info,22486
movie_info,22491
movie_info,22492
movie_info,22500
movie_info,22503
movie_info,22508
movie_info,22529
movie_info,22530
movie_info,22567
movie_info,22577
movie_info,22578
movie_info,22579
movie_info,22580
movie_info,22583
movie_info,22584
movie_info,22615
movie_info,22631
movie_info,22632
movie_info,22651
movie_info,22654
movie_info,22668
movie_info,22706
movie_info,22735
movie_info,22741
movie_info,22743
movie_info,22745
movie_info,22746
movie_info,22747
movie_info,22748
movie_info,22766
movie_info,22767
movie_info,22768
movie_info,22769
movie_info,22786
movie_info,22787
movie_info,22789
movie_info,22790
movie_info,22791
movie_info,22794
movie_info,22800
movie_info,22819
movie_info,22898
movie_info,22899
movie_info,22913
movie_info,22914
movie_info,22928
movie_info,22938
movie_info,22939
movie_info,22993
movie_info,22994
movie_info,22995
movie_info,22996
movie_info,22997
movie_info,22998
movie_info,23005
movie_info,23012
movie_info,23024
movie_info,23025
movie_info,23027
movie_info,23034
movie_info,23039
movie_info,23043
movie_info,23044
movie_info,23049
movie_info,23050
movie_info,23066
movie_info,23069
movie_info,23070
movie_info,23075
movie_info,23076
movie_info,23084
movie_info,23126
movie_info,23127
movie_info,23128
movie_info,23129
movie_info,23137
movie_info,23139
movie_info,23156
movie_info,23157
movie_info,23166
movie_info,23174
movie_info,23175
movie_info,23180
movie_info,23181
movie_info,23184
movie_info,23185
movie_info,23195
movie_info,23216
movie_info,23217
movie_info,23230
movie_info,23242
movie_info,23259
movie_info,23260
movie_info,23265
movie_info,23266
movie_info,23279
movie_info,23280
movie_info,23287
movie_info,23288
movie_info,23289
movie_info,23298
movie_info,23299
movie_info,23300
movie_info,23307
movie_info,23313
movie_info,23326
movie_info,23330
movie_info,23331
movie_info,23332
movie_info,23348
movie_info,23358
movie_info,23360
movie_info,23363
movie_info,23364
movie_info,23365
movie_info,23368
movie_info,23376
movie_info,23416
movie_info,23460
movie_info,23491
movie_info,23492
movie_info,23536
movie_info,23557
movie_info,23562
movie_info,23563
movie_info,23629
movie_info,23644
movie_info,23652
movie_info,23687
movie_info,23688
movie_info,23689
movie_info,23690
movie_info,23691
movie_info,23707
movie_info,23714
movie_info,23742
movie_info,23744
movie_info,23750
movie_info,23751
movie_info,23798
movie_info,23799
movie_info,23800
movie_info,23831
movie_info,23834
movie_info,23840
movie_info,23841
movie_info,23844
movie_info,23864
movie_info,23897
movie_info,23917
movie_info,23919
movie_info,23922
movie_info,23923
movie_info,23974
movie_info,23975
movie_info,23981
movie_info,23982
movie_info,23994
movie_info,24007
movie_info,24027
movie_info,24058
movie_info,24059
movie_info,24060
movie_info,24071
movie_info,24072
movie_info,24073
movie_info,24077
movie_info,24078
movie_info,24079
movie_info,24080
movie_info,24081
movie_info,24083
movie_info,24086
movie_info,24087
movie_info,24090
movie_info,24096
movie_info,24116
movie_info,24149
movie_info,24150
movie_info,24151
movie_info,24168
movie_info,24189
movie_info,24195
movie_info,24197
movie_info,24207
movie_info,24225
movie_info,24233
movie_info,24234
movie_info,24261
movie_info,24275
movie_info,24278
movie_info,24294
movie_info,24305
movie_info,24330
movie_info,24339
movie_info,24340
movie_info,24355
movie_info,24397
movie_info,24467
movie_info,24468
movie_info,24478
movie_info,24528
movie_info,24539
movie_info,24541
movie_info,24543
movie_info,24552
movie_info,24577
movie_info,24582
movie_info,24585
movie_info,24589
movie_info,24599
movie_info,24621
movie_info,24646
movie_info,24651
movie_info,24677
movie_info,24684
movie_info,24698
movie_info,24701
movie_info,24715
movie_info,24716
movie_info,24720
movie_info,24728
movie_info,24729
movie_info,24730
movie_info,24740
movie_info,24763
movie_info,24774
movie_info,24784
movie_info,24794
movie_info,24798
movie_info,24799
movie_info,24806
movie_info,24819
movie_info,24826
movie_info,24830
movie_info,24848
movie_info,24849
movie_info,24854
movie_info,24856
movie_info,24869
movie_info,24882
movie_info,24901
movie_info,24914
movie_info,24916
movie_info,24943
movie_info,24947
movie_info,24968
movie_info,24998
movie_info,25013
movie_info,25016
movie_info,25026
movie_info,25036
movie_info,25039
movie_info,25040
movie_info,25045
movie_info,25046
movie_info,25074
movie_info,25095
movie_info,25100
movie_info,25108
movie_info,25109
movie_info,25110
movie_info,25122
movie_info,25127
movie_info,25130
movie_info,25146
movie_info,25186
movie_info,25194
movie_info,25199
movie_info,25201
movie_info,25214
movie_info,25244
movie_info,25268
movie_info,25275
movie_info,25291
movie_info,25308
movie_info,25311
movie_info,25330
movie_info,25373
movie_info,25395
movie_info,25399
movie_info,25403
movie_info,25411
movie_info,25413
movie_info,25414
movie_info,25415
movie_info,25419
movie_info,25456
movie_info,25457
movie_info,25461
movie_info,25462
movie_info,25475
movie_info,25484
movie_info,25489
movie_info,25496
movie_info,25540
movie_info,25543
movie_info,25545
movie_info,25553
movie_info,25569
movie_info,25579
movie_info,25603
movie_info,25605
movie_info,25622
movie_info,25624
movie_info,25627
movie_info,25643
movie_info,25646
movie_info,25651
movie_info,25652
movie_info,25661
movie_info,25662
movie_info,25665
movie_info,25668
movie_info,25678
movie_info,25679
movie_info,25680
movie_info,25737
movie_info,25745
movie_info,25747
movie_info,25750
movie_info,25755
movie_info,25762
movie_info,25790
movie_info,25817
movie_info,25824
movie_info,25826
movie_info,25830
movie_info,25838
movie_info,25867
movie_info,25888
movie_info,25902
movie_info,25906
movie_info,25912
movie_info,25914
movie_info,25920
movie_info,25929
movie_info,25944
movie_info,25963
movie_info,25965
movie_info,25981
movie_info,25991
movie_info,25997
movie_info,26004
movie_info,26016
movie_info,26023
movie_info,26024
movie_info,26027
movie_info,26028
movie_info,26029
movie_info,26033
movie_info,26037
movie_info,26038
movie_info,26039
movie_info,26048
movie_info,26050
movie_info,26052
movie_info,26065
movie_info,26077
movie_info,26079
movie_info,26113
movie_info,26128
movie_info,26138
movie_info,26140
movie_info,26145
movie_info,26170
movie_info,26179
movie_info,26182
movie_info,26200
movie_info,26214
movie_info,26216
movie_info,26221
movie_info,26230
movie_info,26243
movie_info,26244
movie_info,26255
movie_info,26262
movie_info,26283
movie_info,26292
movie_info,26305
movie_info,26308
movie_info,26315
movie_info,26316
movie_info,26346
movie_info,26348
movie_info,26357
movie_info,26360
movie_info,26386
movie_info,26426
movie_info,26429
movie_info,26448
movie_info,26451
movie_info,26452
movie_info,26468
movie_info,26469
movie_info,26484
movie_info,26485
movie_info,26491
movie_info,26501
movie_info,26503
movie_info,26505
movie_info,26507
movie_info,26514
movie_info,26521
movie_info,26528
movie_info,26533
movie_info,26538
movie_info,26556
movie_info,26557
movie_info,26569
movie_info,26573
movie_info,26584
movie_info,26598
movie_info,26599
movie_info,26626
movie_info,26637
movie_info,26638
movie_info,26644
movie_info,26648
movie_info,26649
movie_info,26701
movie_info,26776
movie_info,26778
movie_info,26779
movie_info,26784
movie_info,26815
movie_info,26825
movie_info,26829
movie_info,26832
movie_info,26836
movie_info,26838
movie_info,26847
movie_info,26859
movie_info,26871
movie_info,26873
movie_info,26874
movie_info,26906
movie_info,26920
movie_info,26921
movie_info,26926
movie_info,26939
movie_info,27024
movie_info,27026
movie_info,27031
movie_info,27035
movie_info,27047
movie_info,27048
movie_info,27058
movie_info,27060
movie_info,27065
movie_info,27068
movie_info,27069
movie_info,27079
movie_info,27081
movie_info,27085
movie_info,27098
movie_info,27100
movie_info,27105
movie_info,27108
movie_info,27119
movie_info,27120
movie_info,27130
movie_info,27138
movie_info,27156
movie_info,27161
movie_info,27172
movie_info,27178
movie_info,27180
movie_info,27188
movie_info,27202
movie_info,27214
movie_info,27224
movie_info,27229
movie_info,27238
movie_info,27258
movie_info,27259
movie_info,27268
movie_info,27286
movie_info,27338
movie_info,27460
movie_info,27611
movie_info,27613
movie_info,27619
movie_info,27623
movie_info,27631
movie_info,27637
movie_info,27639
movie_info,27641
movie_info,27643
movie_info,27644
movie_info,27686
movie_info,27707
movie_info,27753
movie_info,27762
movie_info,27805
movie_info,27811
movie_info,27817
movie_info,27823
movie_info,27829
movie_info,27830
movie_info,27846
movie_info,27853
movie_info,27879
movie_info,27888
movie_info,27896
movie_info,27910
movie_info,27920
movie_info,27927
movie_info,27929
movie_info,27935
movie_info,27937
movie_info,27946
movie_info,27967
movie_info,27990
movie_info,28003
movie_info,28007
movie_info,28012
movie_info,28035
movie_info,28052
movie_info,28054
movie_info,28081
movie_info,28090
movie_info,28092
movie_info,28119
movie_info,28138
movie_info,28139
movie_info,28141
movie_info,28145
movie_info,28147
movie_info,28166
movie_info,28177
movie_info,28182
movie_info,28183
movie_info,28185
movie_info,28186
movie_info,28194
movie_info,28196
movie_info,28247
movie_info,28256
movie_info,28258
movie_info,28296
movie_info,28305
movie_info,28324
movie_info,28326
movie_info,28329
movie_info,28334
movie_info,28346
movie_info,28349
movie_info,28356
movie_info,28369
movie_info,28405
movie_info,28406
movie_info,28417
movie_info,28431
movie_info,28453
movie_info,28465
movie_info,28477
movie_info,28491
movie_info,28492
movie_info,28498
movie_info,28509
movie_info,28526
movie_info,28529
movie_info,28534
movie_info,28541
movie_info,28553
movie_info,28561
movie_info,28583
movie_info,28601
movie_info,28624
movie_info,28633
movie_info,28652
movie_info,28662
movie_info,28663
movie_info,28671
movie_info,28679
movie_info,28683
movie_info,28703
movie_info,28704
movie_info,28711
movie_info,28725
movie_info,28726
movie_info,28746
movie_info,28747
movie_info,28754
movie_info,28765
movie_info,28781
movie_info,28791
movie_info,28807
movie_info,28824
movie_info,28827
movie_info,28832
movie_info,28837
movie_info,28838
movie_info,28852
movie_info,28895
movie_info,28898
movie_info,28900
movie_info,28907
movie_info,28908
movie_info,28918
movie_info,28920
movie_info,28938
movie_info,28941
movie_info,28942
movie_info,28950
movie_info,28952
movie_info,28984
movie_info,28988
movie_info,28989
movie_info,28991
movie_info,29013
movie_info,29026
movie_info,29033
movie_info,29034
movie_info,29035
movie_info,29037
movie_info,29041
movie_info,29057
movie_info,29060
movie_info,29084
movie_info,29124
movie_info,29125
movie_info,29136
movie_info,29146
movie_info,29149
movie_info,29153
movie_info,29184
movie_info,29185
movie_info,29193
movie_info,29229
movie_info,29230
movie_info,29233
movie_info,29243
movie_info,29268
movie_info,29279
movie_info,29308
movie_info,29312
movie_info,29315
movie_info,29318
movie_info,29326
movie_info,29327
movie_info,29340
movie_info,29342
movie_info,29345
movie_info,29353
movie_info,29360
movie_info,29364
movie_info,29370
movie_info,29393
movie_info,29437
movie_info,29442
movie_info,29458
movie_info,29463
movie_info,29467
movie_info,29469
movie_info,29482
movie_info,29486
movie_info,29491
movie_info,29498
movie_info,29499
movie_info,29509
movie_info,29518
movie_info,29538
movie_info,29546
movie_info,29551
movie_info,29555
movie_info,29587
movie_info,29592
movie_info,29624
movie_info,29625
movie_info,29632
movie_info,29651
movie_info,29671
movie_info,29673
movie_info,29676
movie_info,29680
movie_info,29686
movie_info,29695
movie_info,29708
movie_info,29723
movie_info,29734
movie_info,29770
movie_info,29793
movie_info,29799
movie_info,29801
movie_info,29802
movie_info,29811
movie_info,29812
movie_info,29816
movie_info,29829
movie_info,29846
movie_info,29879
movie_info,29885
movie_info,29886
movie_info,29889
movie_info,29890
movie_info,29891
movie_info,29895
movie_info,29918
movie_info,29921
movie_info,29931
movie_info,29940
movie_info,29947
movie_info,29975
movie_info,29989
movie_info,29997
movie_info,30004
movie_info,30014
movie_info,30034
movie_info,30038
movie_info,30044
movie_info,30064
movie_info,30067
movie_info,30068
movie_info,30086
movie_info,30094
movie_info,30095
movie_info,30127
movie_info,30138
movie_info,30151
movie_info,30163
movie_info,30165
movie_info,30167
movie_info,30173
movie_info,30193
movie_info,30194
movie_info,30223
movie_info,30242
movie_info,30276
movie_info,30281
movie_info,30289
movie_info,30291
movie_info,30300
movie_info,30311
movie_info,30329
movie_info,30343
movie_info,30353
movie_info,30382
movie_info,30427
movie_info,30441
movie_info,30447
movie_info,30450
movie_info,30469
movie_info,30522
movie_info,30572
movie_info,30597
movie_info,30599
movie_info,30600
movie_info,30616
movie_info,30618
movie_info,30664
movie_info,30687
movie_info,30692
movie_info,30694
movie_info,30699
movie_info,30701
movie_info,30704
movie_info,30710
movie_info,30712
movie_info,30715
movie_info,30733
movie_info,30734
movie_info,30758
movie_info,30768
movie_info,30783
movie_info,30787
movie_info,30794
movie_info,30795
movie_info,30801
movie_info,30802
movie_info,30826
movie_info,30847
movie_info,30849
movie_info,30875
movie_info,30884
movie_info,30894
movie_info,30907
movie_info,30933
movie_info,30942
movie_info,30962
movie_info,30972
movie_info,30977
movie_info,30988
movie_info,30997
movie_info,30998
movie_info,31003
movie_info,31004
movie_info,31031
movie_info,31064
movie_info,31109
movie_info,31117
movie_info,31121
movie_info,31122
movie_info,31123
movie_info,31126
movie_info,31131
movie_info,31139
movie_info,31145
movie_info,31176
movie_info,31181
movie_info,31182
movie_info,31237
movie_info,31264
movie_info,31282
movie_info,31294
movie_info,31296
movie_info,31305
movie_info,31307
movie_info,31313
movie_info,31343
movie_info,31363
movie_info,31368
movie_info,31391
movie_info,31396
movie_info,31401
movie_info,31408
movie_info,31429
movie_info,31434
movie_info,31436
movie_info,31437
movie_info,31447
movie_info,31453
movie_info,31467
movie_info,31471
movie_info,31479
movie_info,31480
movie_info,31484
movie_info,31490
movie_info,31520
movie_info,31527
movie_info,31529
movie_info,31539
movie_info,31541
movie_info,31547
movie_info,31566
movie_info,31574
movie_info,31582
movie_info,31625
movie_info,31638
movie_info,31662
movie_info,31669
movie_info,31675
movie_info,31681
movie_info,31713
movie_info,31727
movie_info,31732
movie_info,31746
movie_info,31748
movie_info,31751
movie_info,31790
movie_info,31800
movie_info,31829
movie_info,31851
movie_info,31859
movie_info,31860
movie_info,31865
movie_info,31869
movie_info,31878
movie_info,31965
movie_info,31966
movie_info,31967
movie_info,31968
movie_info,31982
movie_info,31983
movie_info,31984
movie_info,31985
movie_info,31986
movie_info,31987
movie_info,31988
movie_info,32088
movie_info,32119
movie_info,32213
movie_info,32245
movie_info,32246
movie_info,32256
movie_info,32330
movie_info,32420
movie_info,32499
movie_info,32500
movie_info,32501
movie_info,32507
movie_info,32508
movie_info,32518
movie_info,32521
movie_info,32547
movie_info,32665
movie_info,32668
movie_info,32690
movie_info,32691
movie_info,32713
movie_info,32724
movie_info,32725
movie_info,32771
movie_info,32815
movie_info,32846
movie_info,32853
movie_info,32946
movie_info,32982
movie_info,32986
movie_info,32987
movie_info,32992
movie_info,32993
movie_info,32994
movie_info,32995
movie_info,32996
movie_info,32997
movie_info,33020
movie_info,33021
movie_info,33022
movie_info,33023
movie_info,33046
movie_info,33047
movie_info,33048
movie_info,33090
movie_info,33093
movie_info,33144
movie_info,33145
movie_info,33146
movie_info,33206
movie_info,33245
movie_info,33246
movie_info,33256
movie_info,33257
movie_info,33258
movie_info,33263
movie_info,33274
movie_info,33291
movie_info,33292
movie_info,33293
movie_info,33294
movie_info,33295
movie_info,33296
movie_info,33297
movie_info,33315
movie_info,33319
movie_info,33320
movie_info,33322
movie_info,33323
movie_info,33324
movie_info,33368
movie_info,33369
movie_info,33370
movie_info,33373
movie_info,33395
movie_info,33409
movie_info,33410
movie_info,33449
movie_info,33450
movie_info,33451
movie_info,33452
movie_info,33512
movie_info,33513
movie_info,33514
movie_info,33515
movie_info,33516
movie_info,33517
movie_info,33518
movie_info,33519
movie_info,33520
movie_info,33521
movie_info,33522
movie_info,33523
movie_info,33525
movie_info,33526
movie_info,33527
movie_info,33528
movie_info,33529
movie_info,33530
movie_info,33531
movie_info,33532
movie_info,33533
movie_info,33534
movie_info,33535
movie_info,33536
movie_info,33537
movie_info,33538
movie_info,33539
movie_info,33540
movie_info,33563
movie_info,33564
movie_info,33565
movie_info,33566
movie_info,33567
movie_info,33624
movie_info,33682
movie_info,33683
movie_info,33684
movie_info,33685
movie_info,33686
movie_info,33687
movie_info,33688
movie_info,33803
movie_info,33846
movie_info,33847
movie_info,33848
movie_info,33849
movie_info,33978
movie_info,33979
movie_info,33980
movie_info,33981
movie_info,33982
movie_info,33989
movie_info,34029
movie_info,34030
movie_info,34031
movie_info,34075
movie_info,34088
movie_info,34189
movie_info,34248
movie_info,34249
movie_info,34257
movie_info,34277
movie_info,34278
movie_info,34279
movie_info,34280
movie_info,34281
movie_info,34282
movie_info,34283
movie_info,34284
movie_info,34285
movie_info,34345
movie_info,34346
movie_info,34347
movie_info,34348
movie_info,34389
movie_info,34415
movie_info,34416
movie_info,34418
movie_info,34419
movie_info,34420
movie_info,34651
movie_info,34726
movie_info,34746
movie_info,34747
movie_info,34748
movie_info,34749
movie_info,34750
movie_info,34751
movie_info,34752
movie_info,34754
movie_info,34755
movie_info,34756
movie_info,34757
movie_info,34758
movie_info,34772
movie_info,34773
movie_info,34774
movie_info,34775
movie_info,34776
movie_info,34777
movie_info,34957
movie_info,34958
movie_info,34975
movie_info,34976
movie_info,34977
movie_info,34978
movie_info,34979
movie_info,34980
movie_info,35020
movie_info,35021
movie_info,35057
movie_info,35058
movie_info,35059
movie_info,35064
movie_info,35094
movie_info,35181
movie_info,35182
movie_info,35183
movie_info,35184
movie_info,35185
movie_info,35186
movie_info,35188
movie_info,35241
movie_info,35282
movie_info,35418
movie_info,35464
movie_info,35545
movie_info,35546
movie_info,35547
movie_info,35548
movie_info,35549
movie_info,35556
movie_info,35625
movie_info,35626
movie_info,35627
movie_info,35628
movie_info,35629
movie_info,35630
movie_info,35730
movie_info,35768
movie_info,35770
movie_info,35772
movie_info,35881
movie_info,35882
movie_info,35889
movie_info,35890
movie_info,35969
movie_info,35970
movie_info,36001
movie_info,36002
movie_info,36003
movie_info,36016
movie_info,36017
movie_info,36018
movie_info,36019
movie_info,36020
movie_info,36021
movie_info,36038
movie_info,36063
movie_info,36064
movie_info,36109
movie_info,36110
movie_info,36111
movie_info,36173
movie_info,36268
movie_info,36275
movie_info,36276
movie_info,36277
movie_info,36278
movie_info,36279
movie_info,36280
movie_info,36281
movie_info,36292
movie_info,36351
movie_info,36394
movie_info,36395
movie_info,36396
movie_info,36397
movie_info,36398
movie_info,36434
movie_info,36436
movie_info,36437
movie_info,36443
movie_info,36446
movie_info,36451
movie_info,36452
movie_info,36453
movie_info,36454
movie_info,36455
movie_info,36456
movie_info,36457
movie_info,36458
movie_info,36459
movie_info,36460
movie_info,36461
movie_info,36462
movie_info,36465
movie_info,36466
movie_info,36467
movie_info,36534
movie_info,36566
movie_info,36583
movie_info,36584
movie_info,36610
movie_info,36611
movie_info,36613
movie_info,36620
movie_info,36632
movie_info,36633
movie_info,36634
movie_info,36635
movie_info,36636
movie_info,36637
movie_info,36666
movie_info,36667
movie_info,36682
movie_info,36683
movie_info,36692
movie_info,36917
movie_info,36918
movie_info,37002
movie_info,37003
movie_info,37004
movie_info,37005
movie_info,37006
movie_info,37007
movie_info,37008
movie_info,37009
movie_info,37010
movie_info,37014
movie_info,37023
movie_info,37024
movie_info,37025
movie_info,37026
movie_info,37027
movie_info,37028
movie_info,37029
movie_info,37030
movie_info,37038
movie_info,37073
movie_info,37074
movie_info,37078
movie_info,37084
movie_info,37085
movie_info,37224
movie_info,37225
movie_info,37226
movie_info,37299
movie_info,37324
movie_info,37338
movie_info,37370
movie_info,37371
movie_info,37372
movie_info,37487
movie_info,37488
movie_info,37513
movie_info,37537
movie_info,37635
movie_info,37636
movie_info,37765
movie_info,37769
movie_info,37786
movie_info,37890
movie_info,37891
movie_info,37892
movie_info,37905
movie_info,38154
movie_info,38229
movie_info,38235
movie_info,38237
movie_info,38238
movie_info,38239
movie_info,38240
movie_info,38241
movie_info,38242
movie_info,38243
movie_info,38244
movie_info,38245
movie_info,38246
movie_info,38247
movie_info,38248
movie_info,38249
movie_info,38250
movie_info,38251
movie_info,38252
movie_info,38296
movie_info,38297
movie_info,38298
movie_info,38361
movie_info,38362
movie_info,38363
movie_info,38368
movie_info,38376
movie_info,38377
movie_info,38378
movie_info,38379
movie_info,38389
movie_info,38391
movie_info,38399
movie_info,38400
movie_info,38401
movie_info,38402
movie_info,38444
movie_info,38445
movie_info,38533
movie_info,38534
movie_info,38600
movie_info,38601
movie_info,38602
movie_info,38605
movie_info,38606
movie_info,38607
movie_info,38608
movie_info,38609
movie_info,38610
movie_info,38611
movie_info,38612
movie_info,38613
movie_info,38614
movie_info,38624
movie_info,38625
movie_info,38652
movie_info,38671
movie_info,38725
movie_info,38726
movie_info,38727
movie_info,38728
movie_info,38778
movie_info,38819
movie_info,38963
movie_info,38964
movie_info,38967
movie_info,38968
movie_info,39019
movie_info,39035
movie_info,39036
movie_info,39037
movie_info,39038
movie_info,39039
movie_info,39045
movie_info,39046
movie_info,39106
movie_info,39132
movie_info,39133
movie_info,39166
movie_info,39167
movie_info,39168
movie_info,39169
movie_info,39170
movie_info,39185
movie_info,39191
movie_info,39192
movie_info,39193
movie_info,39194
movie_info,39195
movie_info,39363
movie_info,39364
movie_info,39367
movie_info,39368
movie_info,39369
movie_info,39434
movie_info,39435
movie_info,39436
movie_info,39437
movie_info,39438
movie_info,39439
movie_info,39440
movie_info,39441
movie_info,39442
movie_info,39443
movie_info,39444
movie_info,39445
movie_info,39446
movie_info,39447
movie_info,39448
movie_info,39449
movie_info,39450
movie_info,39451
movie_info,39553
movie_info,39562
movie_info,39569
movie_info,39676
movie_info,39677
movie_info,39728
movie_info,39729
movie_info,39730
movie_info,39741
movie_info,39742
movie_info,39744
movie_info,39745
movie_info,39755
movie_info,39823
movie_info,39824
movie_info,39825
movie_info,39827
movie_info,39831
movie_info,39832
movie_info,39868
movie_info,39877
movie_info,39878
movie_info,39937
movie_info,39938
movie_info,39939
movie_info,39973
movie_info,39974
movie_info,39975
movie_info,39976
movie_info,39977
movie_info,39978
movie_info,39979
movie_info,40148
movie_info,40149
movie_info,40158
movie_info,40159
movie_info,40160
movie_info,40165
movie_info,40253
movie_info,40259
movie_info,40280
movie_info,40281
movie_info,40282
movie_info,40283
movie_info,40310
movie_info,40311
movie_info,40399
movie_info,40432
movie_info,40518
movie_info,40519
movie_info,40520
movie_info,40525
movie_info,40533
movie_info,40539
movie_info,40540
movie_info,40541
movie_info,40542
movie_info,40543
movie_info,40544
movie_info,40554
movie_info,40555
movie_info,40556
movie_info,40557
movie_info,40558
movie_info,40559
movie_info,40596
movie_info,40597
movie_info,40598
movie_info,40599
movie_info,40602
movie_info,40621
movie_info,40622
movie_info,40734
movie_info,40735
movie_info,40736
movie_info,40751
movie_info,40783
movie_info,40786
movie_info,40787
movie_info,40800
movie_info,40803
movie_info,40824
movie_info,40853
movie_info,40854
movie_info,40856
movie_info,40871
movie_info,40872
movie_info,40873
movie_info,40874
movie_info,40896
movie_info,40900
movie_info,40911
movie_info,40912
movie_info,40913
movie_info,40923
movie_info,40965
movie_info,40966
movie_info,40967
movie_info,41005
movie_info,41067
movie_info,41068
movie_info,41180
movie_info,41192
movie_info,41193
movie_info,41194
movie_info,41225
movie_info,41228
movie_info,41245
movie_info,41278
movie_info,41286
movie_info,41287
movie_info,41288
movie_info,41289
movie_info,41290
movie_info,41291
movie_info,41410
movie_info,41411
movie_info,41430
movie_info,41545
movie_info,41546
movie_info,41547
movie_info,41572
movie_info,41573
movie_info,41574
movie_info,41575
movie_info,41576
movie_info,41577
movie_info,41578
movie_info,41579
movie_info,41580
movie_info,41581
movie_info,41582
movie_info,41587
movie_info,41588
movie_info,41670
movie_info,41671
movie_info,41699
movie_info,41700
movie_info,41701
movie_info,41702
movie_info,41703
movie_info,41706
movie_info,41707
movie_info,41727
movie_info,41728
movie_info,41764
movie_info,41765
movie_info,41766
movie_info,41818
movie_info,41819
movie_info,41820
movie_info,41830
movie_info,41831
movie_info,41832
movie_info,41833
movie_info,41834
movie_info,41835
movie_info,41899
movie_info,41939
movie_info,41946
movie_info,41947
movie_info,41997
movie_info,41998
movie_info,41999
movie_info,42000
movie_info,42001
movie_info,42002
movie_info,42003
movie_info,42004
movie_info,42005
movie_info,42029
movie_info,42030
movie_info,42099
movie_info,42100
movie_info,42159
movie_info,42202
movie_info,42294
movie_info,42295
movie_info,42394
movie_info,42395
movie_info,42396
movie_info,42404
movie_info,42519
movie_info,42522
movie_info,42529
movie_info,42530
movie_info,42549
movie_info,42550
movie_info,42583
movie_info,42584
movie_info,42585
movie_info,42586
movie_info,42587
movie_info,42588
movie_info,42589
movie_info,42592
movie_info,42593
movie_info,42688
movie_info,42690
movie_info,42691
movie_info,42748
movie_info,42767
movie_info,42768
movie_info,42769
movie_info,42770
movie_info,42771
movie_info,42773
movie_info,42777
movie_info,42824
movie_info,42826
movie_info,42831
movie_info,42837
movie_info,42934
movie_info,42948
movie_info,42957
movie_info,42958
movie_info,42973
movie_info,43022
movie_info,43025
movie_info,43026
movie_info,43027
movie_info,43028
movie_info,43029
movie_info,43030
movie_info,43080
movie_info,43102
movie_info,43109
movie_info,43110
movie_info,43112
movie_info,43180
movie_info,43181
movie_info,43190
movie_info,43227
movie_info,43229
movie_info,43262
movie_info,43271
movie_info,43299
movie_info,43300
movie_info,43301
movie_info,43302
movie_info,43303
movie_info,43304
movie_info,43305
movie_info,43306
movie_info,43313
movie_info,43393
movie_info,43458
movie_info,43459
movie_info,43461
movie_info,43463
movie_info,43465
movie_info,43466
movie_info,43487
movie_info,43488
movie_info,43489
movie_info,43490
movie_info,43491
movie_info,43512
movie_info,43513
movie_info,43542
movie_info,43615
movie_info,43654
movie_info,43663
movie_info,43664
movie_info,43682
movie_info,43683
movie_info,43684
movie_info,43694
movie_info,43701
movie_info,43720
movie_info,43723
movie_info,43727
movie_info,43850
movie_info,43851
movie_info,43852
movie_info,43868
movie_info,43869
movie_info,43870
movie_info,43872
movie_info,43880
movie_info,43881
movie_info,43882
movie_info,43883
movie_info,43884
movie_info,43885
movie_info,43886
movie_info,43910
movie_info,43911
movie_info,43912
movie_info,43934
movie_info,43948
movie_info,43949
movie_info,43950
movie_info,44045
movie_info,44087
movie_info,44095
movie_info,44252
movie_info,44253
movie_info,44254
movie_info,44255
movie_info,44256
movie_info,44279
movie_info,44280
movie_info,44296
movie_info,44297
movie_info,44341
movie_info,44342
movie_info,44371
movie_info,44372
movie_info,44373
movie_info,44374
movie_info,44375
movie_info,44420
movie_info,44421
movie_info,44422
movie_info,44423
movie_info,44424
movie_info,44425
movie_info,44427
movie_info,44428
movie_info,44429
movie_info,44459
movie_info,44460
movie_info,44461
movie_info,44462
movie_info,44463
movie_info,44540
movie_info,44588
movie_info,44601
movie_info,44636
movie_info,44701
movie_info,44721
movie_info,44723
movie_info,44851
movie_info,44852
movie_info,44853
movie_info,44893
movie_info,44895
movie_info,44897
movie_info,44994
movie_info,44995
movie_info,44996
movie_info,44997
movie_info,44998
movie_info,45034
movie_info,45035
movie_info,45048
movie_info,45098
movie_info,45103
movie_info,45108
movie_info,45195
movie_info,45228
movie_info,45342
movie_info,45394
movie_info,45405
movie_info,45411
movie_info,45414
movie_info,45429
movie_info,45445
movie_info,45462
movie_info,45490
movie_info,45491
movie_info,45500
movie_info,45512
movie_info,45517
movie_info,45520
movie_info,45532
movie_info,45553
movie_info,45561
movie_info,45572
movie_info,45582
movie_info,45585
movie_info,45593
movie_info,45613
movie_info,45621
movie_info,45634
movie_info,45638
movie_info,45666
movie_info,45673
movie_info,45684
movie_info,45713
movie_info,45715
movie_info,45716
movie_info,45720
movie_info,45722
movie_info,45760
movie_info,45773
movie_info,45774
movie_info,45789
movie_info,45804
movie_info,45809
movie_info,45812
movie_info,45822
movie_info,45825
movie_info,45836
movie_info,45845
movie_info,45848
movie_info,45885
movie_info,45888
movie_info,45899
movie_info,45905
movie_info,45907
movie_info,45909
movie_info,45917
movie_info,45924
movie_info,45931
movie_info,45962
movie_info,45979
movie_info,45983
movie_info,45985
movie_info,46015
movie_info,46019
movie_info,46042
movie_info,46048
movie_info,46055
movie_info,46083
movie_info,46088
movie_info,46089
movie_info,46091
movie_info,46104
movie_info,46113
movie_info,46115
movie_info,46124
movie_info,46127
movie_info,46138
movie_info,46143
movie_info,46160
movie_info,46207
movie_info,46209
movie_info,46218
movie_info,46219
movie_info,46223
movie_info,46224
movie_info,46232
movie_info,46236
movie_info,46243
movie_info,46246
movie_info,46258
movie_info,46278
movie_info,46281
movie_info,46294
movie_info,46295
movie_info,46304
movie_info,46329
movie_info,46330
movie_info,46332
movie_info,46335
movie_info,46347
movie_info,46376
movie_info,46384
movie_info,46404
movie_info,46418
movie_info,46425
movie_info,46432
movie_info,46456
movie_info,46459
movie_info,46490
movie_info,46492
movie_info,46513
movie_info,46521
movie_info,46524
movie_info,46556
movie_info,46582
movie_info,46583
movie_info,46585
movie_info,46603
movie_info,46604
movie_info,46609
movie_info,46622
movie_info,46632
movie_info,46634
movie_info,46637
movie_info,46639
movie_info,46640
movie_info,46656
movie_info,46659
movie_info,46666
movie_info,46681
movie_info,46683
movie_info,46687
movie_info,46692
movie_info,46695
movie_info,46696
movie_info,46709
movie_info,46740
movie_info,46751
movie_info,46758
movie_info,46761
movie_info,46776
movie_info,46783
movie_info,46784
movie_info,46797
movie_info,46798
movie_info,46800
movie_info,46801
movie_info,46824
movie_info,46834
movie_info,46839
movie_info,46862
movie_info,46880
movie_info,46912
movie_info,46915
movie_info,46917
movie_info,46921
movie_info,46922
movie_info,46929
movie_info,46933
movie_info,46935
movie_info,46951
movie_info,46957
movie_info,46962
movie_info,46967
movie_info,46969
movie_info,47000
movie_info,47012
movie_info,47054
movie_info,47086
movie_info,47091
movie_info,47092
movie_info,47117
movie_info,47126
movie_info,47141
movie_info,47144
movie_info,47159
movie_info,47234
movie_info,47255
movie_info,47259
movie_info,47260
movie_info,47274
movie_info,47280
movie_info,47281
movie_info,47287
movie_info,47295
movie_info,47300
movie_info,47303
movie_info,47307
movie_info,47312
movie_info,47319
movie_info,47323
movie_info,47327
movie_info,47331
movie_info,47332
movie_info,47362
movie_info,47373
movie_info,47375
movie_info,47382
movie_info,47385
movie_info,47415
movie_info,47416
movie_info,47419
movie_info,47427
movie_info,47435
movie_info,47443
movie_info,47476
movie_info,47494
movie_info,47508
movie_info,47512
movie_info,47519
movie_info,47530
movie_info,47547
movie_info,47556
movie_info,47569
movie_info,47570
movie_info,47595
movie_info,47613
movie_info,47617
movie_info,47643
movie_info,47644
movie_info,47679
movie_info,47682
movie_info,47686
movie_info,47689
movie_info,47695
movie_info,47701
movie_info,47705
movie_info,47713
movie_info,47721
movie_info,47726
movie_info,47733
movie_info,47736
movie_info,47739
movie_info,47740
movie_info,47763
movie_info,47798
movie_info,47836
movie_info,47852
movie_info,47866
movie_info,47870
movie_info,47876
movie_info,47885
movie_info,47890
movie_info,47895
movie_info,47938
movie_info,47972
movie_info,47976
movie_info,47982
movie_info,47985
movie_info,47989
movie_info,47997
movie_info,47999
movie_info,48009
movie_info,48023
movie_info,48029
movie_info,48070
movie_info,48074
movie_info,48102
movie_info,48105
movie_info,48117
movie_info,48120
movie_info,48131
movie_info,48136
movie_info,48151
movie_info,48152
movie_info,48160
movie_info,48162
movie_info,48172
movie_info,48173
movie_info,48174
movie_info,48191
movie_info,48204
movie_info,48205
movie_info,48226
movie_info,48245
movie_info,48267
movie_info,48268
movie_info,48290
movie_info,48303
movie_info,48316
movie_info,48323
movie_info,48324
movie_info,48339
movie_info,48353
movie_info,48356
movie_info,48363
movie_info,48365
movie_info,48367
movie_info,48378
movie_info,48388
movie_info,48390
movie_info,48393
movie_info,48398
movie_info,48411
movie_info,48412
movie_info,48422
movie_info,48449
movie_info,48470
movie_info,48472
movie_info,48515
movie_info,48519
movie_info,48528
movie_info,48538
movie_info,48543
movie_info,48559
movie_info,48564
movie_info,48566
movie_info,48572
movie_info,48585
movie_info,48589
movie_info,48590
movie_info,48612
movie_info,48642
movie_info,48648
movie_info,48665
movie_info,48671
movie_info,48672
movie_info,48673
movie_info,48692
movie_info,48699
movie_info,48709
movie_info,48721
movie_info,48728
movie_info,48733
movie_info,48744
movie_info,48746
movie_info,48749
movie_info,48762
movie_info,48765
movie_info,48811
movie_info,48831
movie_info,48832
movie_info,48835
movie_info,48836
movie_info,48847
movie_info,48865
movie_info,48866
movie_info,48867
movie_info,48872
movie_info,48874
movie_info,48898
movie_info,48902
movie_info,48923
movie_info,48950
movie_info,48972
movie_info,48974
movie_info,48988
movie_info,48996
movie_info,49019
movie_info,49025
movie_info,49041
movie_info,49044
movie_info,49049
movie_info,49052
movie_info,49083
movie_info,49087
movie_info,49091
movie_info,49100
movie_info,49103
movie_info,49107
movie_info,49113
movie_info,49114
movie_info,49115
movie_info,49132
movie_info,49142
movie_info,49151
movie_info,49152
movie_info,49170
movie_info,49176
movie_info,49177
movie_info,49179
movie_info,49180
movie_info,49183
movie_info,49206
movie_info,49216
movie_info,49219
movie_info,49227
movie_info,49255
movie_info,49264
movie_info,49272
movie_info,49274
movie_info,49275
movie_info,49299
movie_info,49305
movie_info,49327
movie_info,49350
movie_info,49355
movie_info,49356
movie_info,49378
movie_info,49393
movie_info,49395
movie_info,49403
movie_info,49408
movie_info,49409
movie_info,49411
movie_info,49420
movie_info,49426
movie_info,49428
movie_info,49433
movie_info,49436
movie_info,49457
movie_info,49481
movie_info,49482
movie_info,49489
movie_info,49494
movie_info,49511
movie_info,49532
movie_info,49538
movie_info,49552
movie_info,49561
movie_info,49562
movie_info,49565
movie_info,49570
movie_info,49571
movie_info,49573
movie_info,49578
movie_info,49632
movie_info,49645
movie_info,49651
movie_info,49658
movie_info,49659
movie_info,49662
movie_info,49669
movie_info,49674
movie_info,49684
movie_info,49691
movie_info,49712
movie_info,49715
movie_info,49717
movie_info,49720
movie_info,49724
movie_info,49725
movie_info,49733
movie_info,49748
movie_info,49749
movie_info,49779
movie_info,49798
movie_info,49803
movie_info,49809
movie_info,49819
movie_info,49878
movie_info,49907
movie_info,49920
movie_info,49921
movie_info,49929
movie_info,49933
movie_info,49946
movie_info,49947
movie_info,49948
movie_info,49968
movie_info,49969
movie_info,49978
movie_info,49983
movie_info,49985
movie_info,49988
movie_info,50005
movie_info,50010
movie_info,50013
movie_info,50014
movie_info,50015
movie_info,50016
movie_info,50023
movie_info,50050
movie_info,50055
movie_info,50060
movie_info,50063
movie_info,50066
movie_info,50090
movie_info,50102
movie_info,50107
movie_info,50137
movie_info,50147
movie_info,50157
movie_info,50164
movie_info,50166
movie_info,50180
movie_info,50186
movie_info,50189
movie_info,50193
movie_info,50194
movie_info,50207
movie_info,50232
movie_info,50254
movie_info,50274
movie_info,50280
movie_info,50285
movie_info,50293
movie_info,50310
movie_info,50327
movie_info,50334
movie_info,50339
movie_info,50367
movie_info,50375
movie_info,50388
movie_info,50401
movie_info,50425
movie_info,50439
movie_info,50501
movie_info,50517
movie_info,50621
movie_info,50633
movie_info,50648
movie_info,50671
movie_info,50743
movie_info,50748
movie_info,50752
movie_info,50768
movie_info,50813
movie_info,50870
movie_info,50875
movie_info,50877
movie_info,50888
movie_info,50908
movie_info,50924
movie_info,50930
movie_info,50934
movie_info,50937
movie_info,50944
movie_info,50993
movie_info,51064
movie_info,51066
movie_info,51075
movie_info,51088
movie_info,51091
movie_info,51107
movie_info,51166
movie_info,51175
movie_info,51186
movie_info,51194
movie_info,51198
movie_info,51200
movie_info,51206
movie_info,51210
movie_info,51217
movie_info,51218
movie_info,51243
movie_info,51248
movie_info,51254
movie_info,51258
movie_info,51262
movie_info,51299
movie_info,51306
movie_info,51307
movie_info,51314
movie_info,51316
movie_info,51327
movie_info,51328
movie_info,51356
movie_info,51362
movie_info,51372
movie_info,51385
movie_info,51388
movie_info,51390
movie_info,51392
movie_info,51399
movie_info,51401
movie_info,51406
movie_info,51407
movie_info,51420
movie_info,51438
movie_info,51468
movie_info,51471
movie_info,51483
movie_info,51502
movie_info,51506
movie_info,51508
movie_info,51514
movie_info,51523
movie_info,51535
movie_info,51559
movie_info,51565
movie_info,51585
movie_info,51595
movie_info,51600
movie_info,51633
movie_info,51647
movie_info,51656
movie_info,51663
movie_info,51672
movie_info,51673
movie_info,51679
movie_info,51683
movie_info,51687
movie_info,51719
movie_info,51754
movie_info,51756
movie_info,51762
movie_info,51763
movie_info,51768
movie_info,51773
movie_info,51775
movie_info,51777
movie_info,51778
movie_info,51782
movie_info,51804
movie_info,51807
movie_info,51827
movie_info,51837
movie_info,51838
movie_info,51842
movie_info,51856
movie_info,51860
movie_info,51880
movie_info,51881
movie_info,51890
movie_info,51911
movie_info,51950
movie_info,51952
movie_info,51954
movie_info,51970
movie_info,51971
movie_info,51975
movie_info,51982
movie_info,52008
movie_info,52013
movie_info,52017
movie_info,52027
movie_info,52045
movie_info,52049
movie_info,52082
movie_info,52087
movie_info,52092
movie_info,52094
movie_info,52105
movie_info,52128
movie_info,52135
movie_info,52152
movie_info,52177
movie_info,52178
movie_info,52205
movie_info,52221
movie_info,52224
movie_info,52226
movie_info,52235
movie_info,52236
movie_info,52242
movie_info,52255
movie_info,52280
movie_info,52301
movie_info,52306
movie_info,52315
movie_info,52320
movie_info,52328
movie_info,52340
movie_info,52341
movie_info,52363
movie_info,52364
movie_info,52367
movie_info,52374
movie_info,52383
movie_info,52388
movie_info,52389
movie_info,52390
movie_info,52400
movie_info,52401
movie_info,52420
movie_info,52430
movie_info,52437
movie_info,52453
movie_info,52460
movie_info,52482
movie_info,52495
movie_info,52496
movie_info,52504
movie_info,52531
movie_info,52537
movie_info,52560
movie_info,52562
movie_info,52572
movie_info,52585
movie_info,52588
movie_info,52598
movie_info,52614
movie_info,52615
movie_info,52642
movie_info,52645
movie_info,52654
movie_info,52655
movie_info,52656
movie_info,52657
movie_info,52670
movie_info,52682
movie_info,52685
movie_info,52686
movie_info,52693
movie_info,52697
movie_info,52713
movie_info,52715
movie_info,52723
movie_info,52726
movie_info,52752
movie_info,52753
movie_info,52754
movie_info,52764
movie_info,52776
movie_info,52782
movie_info,52783
movie_info,52789
movie_info,52794
movie_info,52810
movie_info,52836
movie_info,52854
movie_info,52879
movie_info,52895
movie_info,52904
movie_info,52920
movie_info,52921
movie_info,52930
movie_info,52933
movie_info,52934
movie_info,52957
movie_info,52968
movie_info,52986
movie_info,52992
movie_info,53000
movie_info,53001
movie_info,53028
movie_info,53033
movie_info,53037
movie_info,53050
movie_info,53056
movie_info,53070
movie_info,53074
movie_info,53078
movie_info,53096
movie_info,53104
movie_info,53117
movie_info,53119
movie_info,53122
movie_info,53128
movie_info,53174
movie_info,53180
movie_info,53186
movie_info,53193
movie_info,53196
movie_info,53197
movie_info,53201
movie_info,53206
movie_info,53210
movie_info,53222
movie_info,53227
movie_info,53239
movie_info,53261
movie_info,53271
movie_info,53279
movie_info,53280
movie_info,53285
movie_info,53289
movie_info,53293
movie_info,53300
movie_info,53303
movie_info,53322
movie_info,53324
movie_info,53330
movie_info,53349
movie_info,53352
movie_info,53353
movie_info,53364
movie_info,53375
movie_info,53376
movie_info,53392
movie_info,53406
movie_info,53432
movie_info,53435
movie_info,53448
movie_info,53471
movie_info,53478
movie_info,53479
movie_info,53481
movie_info,53490
movie_info,53510
movie_info,53531
movie_info,53532
movie_info,53539
movie_info,53547
movie_info,53587
movie_info,53595
movie_info,53617
movie_info,53618
movie_info,53622
movie_info,53639
movie_info,53652
movie_info,53683
movie_info,53695
movie_info,53696
movie_info,53697
movie_info,53698
movie_info,53724
movie_info,53734
movie_info,53739
movie_info,53745
movie_info,53750
movie_info,53785
movie_info,53790
movie_info,53793
movie_info,53799
movie_info,53800
movie_info,53804
movie_info,53814
movie_info,53824
movie_info,53825
movie_info,53829
movie_info,53836
movie_info,53838
movie_info,53841
movie_info,53843
movie_info,53845
movie_info,53846
movie_info,53850
movie_info,53873
movie_info,53876
movie_info,53877
movie_info,53886
movie_info,53913
movie_info,53916
movie_info,53919
movie_info,53925
movie_info,53934
movie_info,53942
movie_info,53961
movie_info,53971
movie_info,53992
movie_info,54000
movie_info,54001
movie_info,54008
movie_info,54015
movie_info,54019
movie_info,54022
movie_info,54023
movie_info,54028
movie_info,54030
movie_info,54042
movie_info,54048
movie_info,54059
movie_info,54062
movie_info,54065
movie_info,54070
movie_info,54071
movie_info,54072
movie_info,54073
movie_info,54081
movie_info,54091
movie_info,54094
movie_info,54105
movie_info,54109
movie_info,54113
movie_info,54134
movie_info,54145
movie_info,54155
movie_info,54164
movie_info,54176
movie_info,54180
movie_info,54184
movie_info,54196
movie_info,54200
movie_info,54217
movie_info,54220
movie_info,54222
movie_info,54231
movie_info,54254
movie_info,54258
movie_info,54265
movie_info,54271
movie_info,54278
movie_info,54287
movie_info,54288
movie_info,54289
movie_info,54298
movie_info,54307
movie_info,54313
movie_info,54316
movie_info,54325
movie_info,54344
movie_info,54350
movie_info,54351
movie_info,54368
movie_info,54377
movie_info,54381
movie_info,54384
movie_info,54387
movie_info,54392
movie_info,54398
movie_info,54402
movie_info,54409
movie_info,54415
movie_info,54418
movie_info,54419
movie_info,54426
movie_info,54437
movie_info,54444
movie_info,54445
movie_info,54455
movie_info,54461
movie_info,54467
movie_info,54476
movie_info,54477
movie_info,54478
movie_info,54482
movie_info,54500
movie_info,54503
movie_info,54527
movie_info,54571
movie_info,54574
movie_info,54587
movie_info,54613
movie_info,54625
movie_info,54626
movie_info,54631
movie_info,54634
movie_info,54635
movie_info,54655
movie_info,54658
movie_info,54663
movie_info,54689
movie_info,54713
movie_info,54759
movie_info,54760
movie_info,54772
movie_info,54774
movie_info,54778
movie_info,54779
movie_info,54780
movie_info,54784
movie_info,54786
movie_info,54787
movie_info,54810
movie_info,54813
movie_info,54815
movie_info,54825
movie_info,54838
movie_info,54841
movie_info,54846
movie_info,54872
movie_info,54873
movie_info,54879
movie_info,54880
movie_info,54884
movie_info,54888
movie_info,54894
movie_info,54901
movie_info,54904
movie_info,54909
movie_info,54917
movie_info,54929
movie_info,54934
movie_info,54936
movie_info,54939
movie_info,54942
movie_info,54946
movie_info,54947
movie_info,54967
movie_info,54972
movie_info,54975
movie_info,54978
movie_info,54992
movie_info,55001
movie_info,55002
movie_info,55003
movie_info,55005
movie_info,55007
movie_info,55017
movie_info,55025
movie_info,55063
movie_info,55064
movie_info,55071
movie_info,55074
movie_info,55078
movie_info,55081
movie_info,55092
movie_info,55104
movie_info,55106
movie_info,55111
movie_info,55112
movie_info,55140
movie_info,55157
movie_info,55162
movie_info,55189
movie_info,55194
movie_info,55195
movie_info,55204
movie_info,55218
movie_info,55229
movie_info,55251
movie_info,55254
movie_info,55263
movie_info,55268
movie_info,55275
movie_info,55276
movie_info,55278
movie_info,55290
movie_info,55292
movie_info,55327
movie_info,55335
movie_info,55365
movie_info,55366
movie_info,55373
movie_info,55376
movie_info,55380
movie_info,55392
movie_info,55393
movie_info,55397
movie_info,55471
movie_info,55472
movie_info,55473
movie_info,55509
movie_info,55516
movie_info,55531
movie_info,55555
movie_info,55558
movie_info,55567
movie_info,55568
movie_info,55572
movie_info,55577
movie_info,55627
movie_info,55629
movie_info,55647
movie_info,55654
movie_info,55655
movie_info,55659
movie_info,55660
movie_info,55662
movie_info,55665
movie_info,55668
movie_info,55670
movie_info,55671
movie_info,55675
movie_info,55679
movie_info,55680
movie_info,55682
movie_info,55684
movie_info,55686
movie_info,55704
movie_info,55706
movie_info,55707
movie_info,55720
movie_info,55723
movie_info,55727
movie_info,55732
movie_info,55736
movie_info,55742
movie_info,55745
movie_info,55752
movie_info,55760
movie_info,55768
movie_info,55769
movie_info,55776
movie_info,55780
movie_info,55792
movie_info,55803
movie_info,55829
movie_info,55832
movie_info,55837
movie_info,55851
movie_info,55852
movie_info,55853
movie_info,55862
movie_info,55870
movie_info,55881
movie_info,55907
movie_info,55917
movie_info,55927
movie_info,55941
movie_info,55943
movie_info,55945
movie_info,55952
movie_info,55955
movie_info,55969
movie_info,55970
movie_info,55980
movie_info,55985
movie_info,56011
movie_info,56019
movie_info,56047
movie_info,56066
movie_info,56096
movie_info,56109
movie_info,56119
movie_info,56123
movie_info,56126
movie_info,56132
movie_info,56133
movie_info,56137
movie_info,56139
movie_info,56143
movie_info,56144
movie_info,56148
movie_info,56149
movie_info,56163
movie_info,56176
movie_info,56181
movie_info,56196
movie_info,56206
movie_info,56208
movie_info,56241
movie_info,56254
movie_info,56255
movie_info,56275
movie_info,56297
movie_info,56313
movie_info,56314
movie_info,56339
movie_info,56348
movie_info,56366
movie_info,56367
movie_info,56386
movie_info,56389
movie_info,56397
movie_info,56407
movie_info,56409
movie_info,56420
movie_info,56463
movie_info,56468
movie_info,56474
movie_info,56485
movie_info,56488
movie_info,56493
movie_info,56500
movie_info,56512
movie_info,56527
movie_info,56530
movie_info,56533
movie_info,56539
movie_info,56540
movie_info,56572
movie_info,56583
movie_info,56596
movie_info,56597
movie_info,56599
movie_info,56613
movie_info,56625
movie_info,56646
movie_info,56647
movie_info,56649
movie_info,56655
movie_info,56657
movie_info,56663
movie_info,56674
movie_info,56675
movie_info,56680
movie_info,56682
movie_info,56692
movie_info,56693
movie_info,56702
movie_info,56703
movie_info,56706
movie_info,56729
movie_info,56736
movie_info,56747
movie_info,56748
movie_info,56763
movie_info,56767
movie_info,56782
movie_info,56784
movie_info,56787
movie_info,56788
movie_info,56801
movie_info,56803
movie_info,56806
movie_info,56814
movie_info,56824
movie_info,56835
movie_info,56837
movie_info,56838
movie_info,56849
movie_info,56866
movie_info,56871
movie_info,56872
movie_info,56885
movie_info,56887
movie_info,56936
movie_info,56941
movie_info,56949
movie_info,56956
movie_info,56957
movie_info,56970
movie_info,56977
movie_info,56978
movie_info,56982
movie_info,56985
movie_info,57012
movie_info,57023
movie_info,57030
movie_info,57032
movie_info,57041
movie_info,57050
movie_info,57052
movie_info,57068
movie_info,57072
movie_info,57078
movie_info,57080
movie_info,57081
movie_info,57086
movie_info,57098
movie_info,57155
movie_info,57156
movie_info,57176
movie_info,57179
movie_info,57213
movie_info,57226
movie_info,57227
movie_info,57269
movie_info,57286
movie_info,57305
movie_info,57320
movie_info,57329
movie_info,57332
movie_info,57333
movie_info,57337
movie_info,57338
movie_info,57340
movie_info,57343
movie_info,57345
movie_info,57348
movie_info,57349
movie_info,57354
movie_info,57358
movie_info,57360
movie_info,57363
movie_info,57366
movie_info,57369
movie_info,57372
movie_info,57377
movie_info,57378
movie_info,57379
movie_info,57383
movie_info,57387
movie_info,57389
movie_info,57392
movie_info,57393
movie_info,57401
movie_info,57404
movie_info,57409
movie_info,57410
movie_info,57411
movie_info,57413
movie_info,57414
movie_info,57415
movie_info,57416
movie_info,57418
movie_info,57427
movie_info,57433
movie_info,57434
movie_info,57435
movie_info,57438
movie_info,57442
movie_info,57455
movie_info,57456
movie_info,57461
movie_info,57465
movie_info,57469
movie_info,57474
movie_info,57476
movie_info,57477
movie_info,57479
movie_info,57482
movie_info,57493
movie_info,57501
movie_info,57504
movie_info,57505
movie_info,57507
movie_info,57515
movie_info,57516
movie_info,57519
movie_info,57523
movie_info,57528
movie_info,57539
movie_info,57540
movie_info,57544
movie_info,57551
movie_info,57552
movie_info,57554
movie_info,57557
movie_info,57573
movie_info,57577
movie_info,57581
movie_info,57583
movie_info,57597
movie_info,57600
movie_info,57605
movie_info,57606
movie_info,57609
movie_info,57610
movie_info,57616
movie_info,57617
movie_info,57619
movie_info,57622
movie_info,57623
movie_info,57630
movie_info,57637
movie_info,57646
movie_info,57647
movie_info,57649
movie_info,57660
movie_info,57663
movie_info,57666
movie_info,57667
movie_info,57669
movie_info,57670
movie_info,57671
movie_info,57672
movie_info,57675
movie_info,57676
movie_info,57681
movie_info,57682
movie_info,57683
movie_info,57690
movie_info,57692
movie_info,57693
movie_info,57704
movie_info,57708
movie_info,57709
movie_info,57723
movie_info,57724
movie_info,57727
movie_info,57733
movie_info,57735
movie_info,57738
movie_info,57747
movie_info,57748
movie_info,57754
movie_info,57757
movie_info,57758
movie_info,57769
movie_info,57772
movie_info,57775
movie_info,57780
movie_info,57781
movie_info,57783
movie_info,57792
movie_info,57793
movie_info,57795
movie_info,57796
movie_info,57798
movie_info,57799
movie_info,57801
movie_info,57807
movie_info,57817
movie_info,57819
movie_info,57820
movie_info,57823
movie_info,57824
movie_info,57829
movie_info,57831
movie_info,57834
movie_info,57838
movie_info,57840
movie_info,57842
movie_info,57843
movie_info,57846
movie_info,57847
movie_info,57851
movie_info,57862
movie_info,57867
movie_info,57878
movie_info,57884
movie_info,57886
movie_info,57889
movie_info,57891
movie_info,57894
movie_info,57899
movie_info,57900
movie_info,57906
movie_info,57910
movie_info,57911
movie_info,57912
movie_info,57914
movie_info,57915
movie_info,57916
movie_info,57918
movie_info,57924
movie_info,57928
movie_info,57936
movie_info,57943
movie_info,57944
movie_info,57945
movie_info,57946
movie_info,57954
movie_info,57955
movie_info,57960
movie_info,57965
movie_info,57966
movie_info,57980
movie_info,57981
movie_info,57983
movie_info,57988
movie_info,57989
movie_info,57995
movie_info,57998
movie_info,57999
movie_info,58006
movie_info,58007
movie_info,58009
movie_info,58011
movie_info,58015
movie_info,58017
movie_info,58021
movie_info,58035
movie_info,58039
movie_info,58040
movie_info,58042
movie_info,58043
movie_info,58045
movie_info,58048
movie_info,58054
movie_info,58059
movie_info,58063
movie_info,58084
movie_info,58091
movie_info,58092
movie_info,58093
movie_info,58094
movie_info,58097
movie_info,58100
movie_info,58104
movie_info,58107
movie_info,58110
movie_info,58114
movie_info,58115
movie_info,58131
movie_info,58134
movie_info,58138
movie_info,58139
movie_info,58140
movie_info,58143
movie_info,58145
movie_info,58151
movie_info,58156
movie_info,58158
movie_info,58163
movie_info,58167
movie_info,58170
movie_info,58172
movie_info,58173
movie_info,58174
movie_info,58175
movie_info,58176
movie_info,58181
movie_info,58186
movie_info,58187
movie_info,58190
movie_info,58192
movie_info,58193
movie_info,58195
movie_info,58196
movie_info,58216
movie_info,58221
movie_info,58222
movie_info,58227
movie_info,58233
movie_info,58235
movie_info,58241
movie_info,58242
movie_info,58243
movie_info,58245
movie_info,58251
movie_info,58261
movie_info,58262
movie_info,58264
movie_info,58268
movie_info,58272
movie_info,58274
movie_info,58275
movie_info,58284
movie_info,58287
movie_info,58290
movie_info,58296
movie_info,58298
movie_info,58300
movie_info,58301
movie_info,58303
movie_info,58304
movie_info,58308
movie_info,58311
movie_info,58312
movie_info,58317
movie_info,58325
movie_info,58328
movie_info,58330
movie_info,58333
movie_info,58338
movie_info,58341
movie_info,58344
movie_info,58345
movie_info,58347
movie_info,58353
movie_info,58355
movie_info,58356
movie_info,58362
movie_info,58368
movie_info,58375
movie_info,58376
movie_info,58377
movie_info,58388
movie_info,58390
movie_info,58397
movie_info,58402
movie_info,58409
movie_info,58410
movie_info,58416
movie_info,58417
movie_info,58426
movie_info,58431
movie_info,58442
movie_info,58447
movie_info,58448
movie_info,58449
movie_info,58450
movie_info,58451
movie_info,58454
movie_info,58456
movie_info,58457
movie_info,58458
movie_info,58459
movie_info,58463
movie_info,58464
movie_info,58468
movie_info,58469
movie_info,58472
movie_info,58473
movie_info,58475
movie_info,58481
movie_info,58484
movie_info,58487
movie_info,58491
movie_info,58492
movie_info,58493
movie_info,58496
movie_info,58500
movie_info,58503
movie_info,58506
movie_info,58509
movie_info,58523
movie_info,58527
movie_info,58529
movie_info,58533
movie_info,58534
movie_info,58536
movie_info,58547
movie_info,58549
movie_info,58551
movie_info,58552
movie_info,58555
movie_info,58557
movie_info,58559
movie_info,58561
movie_info,58564
movie_info,58572
movie_info,58578
movie_info,58579
movie_info,58584
movie_info,58592
movie_info,58601
movie_info,58604
movie_info,58605
movie_info,58610
movie_info,58613
movie_info,58616
movie_info,58623
movie_info,58627
movie_info,58631
movie_info,58634
movie_info,58635
movie_info,58637
movie_info,58642
movie_info,58645
movie_info,58648
movie_info,58651
movie_info,58653
movie_info,58660
movie_info,58661
movie_info,58662
movie_info,58663
movie_info,58664
movie_info,58667
movie_info,58684
movie_info,58692
movie_info,58696
movie_info,58700
movie_info,58703
movie_info,58708
movie_info,58716
movie_info,58718
movie_info,58719
movie_info,58722
movie_info,58737
movie_info,58738
movie_info,58743
movie_info,58747
movie_info,58752
movie_info,58753
movie_info,58754
movie_info,58767
movie_info,58770
movie_info,58772
movie_info,58773
movie_info,58774
movie_info,58775
movie_info,58777
movie_info,58778
movie_info,58782
movie_info,58786
movie_info,58788
movie_info,58789
movie_info,58793
movie_info,58795
movie_info,58800
movie_info,58806
movie_info,58807
movie_info,58810
movie_info,58814
movie_info,58821
movie_info,58827
movie_info,58828
movie_info,58830
movie_info,58834
movie_info,58835
movie_info,58846
movie_info,58855
movie_info,58859
movie_info,58861
movie_info,58863
movie_info,58868
movie_info,58869
movie_info,58873
movie_info,58877
movie_info,58878
movie_info,58881
movie_info,58882
movie_info,58884
movie_info,58888
movie_info,58901
movie_info,58913
movie_info,58914
movie_info,58921
movie_info,58922
movie_info,58925
movie_info,58940
movie_info,58942
movie_info,58944
movie_info,58946
movie_info,58947
movie_info,58950
movie_info,58954
movie_info,58966
movie_info,58970
movie_info,58972
movie_info,58974
movie_info,58975
movie_info,58985
movie_info,58991
movie_info,58997
movie_info,58999
movie_info,59000
movie_info,59011
movie_info,59013
movie_info,59019
movie_info,59022
movie_info,59025
movie_info,59034
movie_info,59042
movie_info,59049
movie_info,59052
movie_info,59054
movie_info,59063
movie_info,59078
movie_info,59086
movie_info,59094
movie_info,59099
movie_info,59101
movie_info,59185
movie_info,59239
movie_info,59269
movie_info,59312
movie_info,59318
movie_info,59319
movie_info,59323
movie_info,59336
movie_info,59347
movie_info,59348
movie_info,59450
movie_info,59544
movie_info,59582
movie_info,59597
movie_info,59617
movie_info,59683
movie_info,59687
movie_info,59692
movie_info,59707
movie_info,59741
movie_info,59748
movie_info,59749
movie_info,59750
movie_info,59751
movie_info,59752
movie_info,59756
movie_info,59760
movie_info,59761
movie_info,59777
movie_info,59778
movie_info,59786
movie_info,59791
movie_info,59793
movie_info,59797
movie_info,59805
movie_info,59806
movie_info,59809
movie_info,59814
movie_info,59815
movie_info,59822
movie_info,59823
movie_info,59824
movie_info,59825
movie_info,59826
movie_info,59830
movie_info,59836
movie_info,59837
movie_info,59840
movie_info,59841
movie_info,59842
movie_info,59843
movie_info,59844
movie_info,59845
movie_info,59846
movie_info,59848
movie_info,59849
movie_info,59850
movie_info,59851
movie_info,59853
movie_info,59854
movie_info,59858
movie_info,59859
movie_info,59860
movie_info,59861
movie_info,59880
movie_info,59881
movie_info,59882
movie_info,59883
movie_info,59884
movie_info,59885
movie_info,59886
movie_info,59887
movie_info,59888
movie_info,59889
movie_info,59890
movie_info,59891
movie_info,59892
movie_info,59894
movie_info,59895
movie_info,59896
movie_info,59897
movie_info,59898
movie_info,59899
movie_info,59901
movie_info,59902
movie_info,59903
movie_info,59904
movie_info,59905
movie_info,59907
movie_info,59908
movie_info,59909
movie_info,59910
movie_info,59911
movie_info,59912
movie_info,59913
movie_info,59914
movie_info,59915
movie_info,59916
movie_info,59917
movie_info,59925
movie_info,59926
movie_info,59927
movie_info,59928
movie_info,59929
movie_info,59939
movie_info,59946
movie_info,59949
movie_info,59950
movie_info,59951
movie_info,59952
movie_info,59953
movie_info,59956
movie_info,59957
movie_info,59958
movie_info,59960
movie_info,59970
movie_info,59971
movie_info,59972
movie_info,59975
movie_info,59977
movie_info,59978
movie_info,59979
movie_info,59980
movie_info,59981
movie_info,59982
movie_info,59983
movie_info,59984
movie_info,59985
movie_info,59988
movie_info,59989
movie_info,59992
movie_info,60010
movie_info,60011
movie_info,60012
movie_info,60013
movie_info,60014
movie_info,60015
movie_info,60016
movie_info,60017
movie_info,60018
movie_info,60019
movie_info,60020
movie_info,60021
movie_info,60029
movie_info,60030
movie_info,60031
movie_info,60032
movie_info,60033
movie_info,60035
movie_info,60036
movie_info,60037
movie_info,60038
movie_info,60039
movie_info,60040
movie_info,60041
movie_info,60042
movie_info,60043
movie_info,60044
movie_info,60045
movie_info,60050
movie_info,60056
movie_info,60058
movie_info,60059
movie_info,60060
movie_info,60062
movie_info,60070
movie_info,60071
movie_info,60072
movie_info,60073
movie_info,60074
movie_info,60075
movie_info,60081
movie_info,60082
movie_info,60087
movie_info,60104
movie_info,60107
movie_info,60109
movie_info,60117
movie_info,60132
movie_info,60133
movie_info,60134
movie_info,60135
movie_info,60136
movie_info,60137
movie_info,60138
movie_info,60139
movie_info,60151
movie_info,60152
movie_info,60153
movie_info,60158
movie_info,60161
movie_info,60165
movie_info,60166
movie_info,60167
movie_info,60168
movie_info,60172
movie_info,60175
movie_info,60176
movie_info,60177
movie_info,60178
movie_info,60179
movie_info,60188
movie_info,60189
movie_info,60190
movie_info,60191
movie_info,60192
movie_info,60204
movie_info,60205
movie_info,60223
movie_info,60224
movie_info,60226
movie_info,60227
movie_info,60228
movie_info,60229
movie_info,60230
movie_info,60231
movie_info,60232
movie_info,60233
movie_info,60234
movie_info,60235
movie_info,60236
movie_info,60237
movie_info,60238
movie_info,60239
movie_info,60240
movie_info,60241
movie_info,60242
movie_info,60243
movie_info,60244
movie_info,60254
movie_info,60259
movie_info,60260
movie_info,60267
movie_info,60269
movie_info,60270
movie_info,60271
movie_info,60279
movie_info,60280
movie_info,60284
movie_info,60285
movie_info,60287
movie_info,60303
movie_info,60308
movie_info,60309
movie_info,60311
movie_info,60312
movie_info,60313
movie_info,60314
movie_info,60315
movie_info,60316
movie_info,60317
movie_info,60320
movie_info,60321
movie_info,60322
movie_info,60323
movie_info,60324
movie_info,60325
movie_info,60327
movie_info,60328
movie_info,60334
movie_info,60337
movie_info,60338
movie_info,60339
movie_info,60340
movie_info,60342
movie_info,60343
movie_info,60344
movie_info,60345
movie_info,60346
movie_info,60347
movie_info,60348
movie_info,60349
movie_info,60350
movie_info,60351
movie_info,60365
movie_info,60366
movie_info,60367
movie_info,60368
movie_info,60369
movie_info,60370
movie_info,60390
movie_info,60393
movie_info,60394
movie_info,60395
movie_info,60400
movie_info,60404
movie_info,60414
movie_info,60415
movie_info,60416
movie_info,60420
movie_info,60421
movie_info,60422
movie_info,60423
movie_info,60425
movie_info,60426
movie_info,60431
movie_info,60441
movie_info,60444
movie_info,60445
movie_info,60446
movie_info,60447
movie_info,60448
movie_info,60449
movie_info,60450
movie_info,60451
movie_info,60452
movie_info,60453
movie_info,60454
movie_info,60455
movie_info,60456
movie_info,60457
movie_info,60458
movie_info,60459
movie_info,60460
movie_info,60462
movie_info,60463
movie_info,60470
movie_info,60471
movie_info,60472
movie_info,60474
movie_info,60475
movie_info,60476
movie_info,60479
movie_info,60480
movie_info,60481
movie_info,60482
movie_info,60483
movie_info,60484
movie_info,60490
movie_info,60492
movie_info,60493
movie_info,60495
movie_info,60496
movie_info,60505
movie_info,60506
movie_info,60509
movie_info,60510
movie_info,60511
movie_info,60512
movie_info,60513
movie_info,60514
movie_info,60515
movie_info,60516
movie_info,60517
movie_info,60518
movie_info,60519
movie_info,60520
movie_info,60521
movie_info,60522
movie_info,60523
movie_info,60524
movie_info,60525
movie_info,60531
movie_info,60532
movie_info,60533
movie_info,60536
movie_info,60537
movie_info,60539
movie_info,60540
movie_info,60542
movie_info,60548
movie_info,60555
movie_info,60557
movie_info,60559
movie_info,60566
movie_info,60567
movie_info,60568
movie_info,60569
movie_info,60584
movie_info,60585
movie_info,60586
movie_info,60587
movie_info,60591
movie_info,60593
movie_info,60594
movie_info,60595
movie_info,60596
movie_info,60597
movie_info,60599
movie_info,60600
movie_info,60601
movie_info,60604
movie_info,60605
movie_info,60606
movie_info,60608
movie_info,60609
movie_info,60610
movie_info,60611
movie_info,60612
movie_info,60616
movie_info,60617
movie_info,60618
movie_info,60619
movie_info,60620
movie_info,60622
movie_info,60627
movie_info,60628
movie_info,60686
movie_info,60696
movie_info,60697
movie_info,60698
movie_info,60703
movie_info,60704
movie_info,60705
movie_info,60706
movie_info,60707
movie_info,60708
movie_info,60709
movie_info,60710
movie_info,60717
movie_info,60719
movie_info,60720
movie_info,60721
movie_info,60722
movie_info,60734
movie_info,60739
movie_info,60741
movie_info,60747
movie_info,60750
movie_info,60751
movie_info,60752
movie_info,60753
movie_info,60754
movie_info,60755
movie_info,60756
movie_info,60757
movie_info,60758
movie_info,60767
movie_info,60772
movie_info,60783
movie_info,60792
movie_info,60793
movie_info,60795
movie_info,60796
movie_info,60797
movie_info,60802
movie_info,60810
movie_info,60814
movie_info,60815
movie_info,60816
movie_info,60822
movie_info,60828
movie_info,60829
movie_info,60830
movie_info,60832
movie_info,60833
movie_info,60835
movie_info,60844
movie_info,60854
movie_info,60856
movie_info,60861
movie_info,60869
movie_info,60895
movie_info,60896
movie_info,60897
movie_info,60906
movie_info,60907
movie_info,60908
movie_info,60909
movie_info,60910
movie_info,60911
movie_info,60912
movie_info,60913
movie_info,60914
movie_info,60915
movie_info,60940
movie_info,60941
movie_info,60964
movie_info,60965
movie_info,60966
movie_info,60967
movie_info,60970
movie_info,60987
movie_info,60988
movie_info,60989
movie_info,60992
movie_info,60994
movie_info,60998
movie_info,61006
movie_info,61021
movie_info,61022
movie_info,61023
movie_info,61024
movie_info,61025
movie_info,61026
movie_info,61027
movie_info,61048
movie_info,61095
movie_info,61224
movie_info,61345
movie_info,61346
movie_info,61420
movie_info,61435
movie_info,61444
movie_info,61476
movie_info,61511
movie_info,61527
movie_info,61591
movie_info,61643
movie_info,61644
movie_info,61645
movie_info,61646
movie_info,61904
movie_info,61908
movie_info,61913
movie_info,61960
movie_info,61998
movie_info,61999
movie_info,62000
movie_info,62001
movie_info,62107
movie_info,62169
movie_info,62170
movie_info,62226
movie_info,62262
movie_info,62346
movie_info,62347
movie_info,62352
movie_info,62354
movie_info,62397
movie_info,62436
movie_info,62437
movie_info,62438
movie_info,62439
movie_info,62464
movie_info,62509
movie_info,62510
movie_info,62536
movie_info,62537
movie_info,62577
movie_info,62578
movie_info,62587
movie_info,62588
movie_info,62630
movie_info,62631
movie_info,62675
movie_info,62686
movie_info,62687
movie_info,62688
movie_info,62689
movie_info,62706
movie_info,62712
movie_info,62713
movie_info,62714
movie_info,62715
movie_info,62718
movie_info,62726
movie_info,62764
movie_info,62794
movie_info,62906
movie_info,62979
movie_info,63052
movie_info,63088
movie_info,63089
movie_info,63090
movie_info,63132
movie_info,63136
movie_info,63161
movie_info,63162
movie_info,63163
movie_info,63348
movie_info,63511
movie_info,63524
movie_info,63603
movie_info,63605
movie_info,63900
movie_info,63901
movie_info,63902
movie_info,63940
movie_info,63990
movie_info,64149
movie_info,64211
movie_info,64212
movie_info,64213
movie_info,64217
movie_info,64218
movie_info,64323
movie_info,64359
movie_info,64360
movie_info,64361
movie_info,64362
movie_info,64363
movie_info,64364
movie_info,64365
movie_info,64366
movie_info,64367
movie_info,64410
movie_info,64533
movie_info,64534
movie_info,64535
movie_info,64597
movie_info,64598
movie_info,64739
movie_info,64791
movie_info,65108
movie_info,65116
movie_info,65144
movie_info,65145
movie_info,65225
movie_info,65248
movie_info,65249
movie_info,65275
movie_info,65296
movie_info,65297
movie_info,65298
movie_info,65322
movie_info,65435
movie_info,65478
movie_info,65482
movie_info,65483
movie_info,65484
movie_info,65488
movie_info,65489
movie_info,65499
movie_info,65500
movie_info,65501
movie_info,65503
movie_info,65506
movie_info,65508
movie_info,65510
movie_info,65511
movie_info,65516
movie_info,65517
movie_info,65518
movie_info,65519
movie_info,65524
movie_info,65525
movie_info,65530
movie_info,65532
movie_info,65533
movie_info,65534
movie_info,65536
movie_info,65537
movie_info,65538
movie_info,65539
movie_info,65540
movie_info,65541
movie_info,65542
movie_info,65543
movie_info,65544
movie_info,65545
movie_info,65546
movie_info,65547
movie_info,65548
movie_info,65552
movie_info,65554
movie_info,65555
movie_info,65564
movie_info,65571
movie_info,65591
movie_info,65592
movie_info,65596
movie_info,65597
movie_info,65601
movie_info,65605
movie_info,65627
movie_info,65631
movie_info,65645
movie_info,65648
movie_info,65653
movie_info,65658
movie_info,65665
movie_info,65669
movie_info,65677
movie_info,65687
movie_info,65690
movie_info,65694
movie_info,65710
movie_info,65716
movie_info,65722
movie_info,65744
movie_info,65750
movie_info,65762
movie_info,65768
movie_info,65777
movie_info,65805
movie_info,65806
movie_info,65807
movie_info,65811
movie_info,65813
movie_info,65814
movie_info,65831
movie_info,65875
movie_info,65879
movie_info,65880
movie_info,65882
movie_info,65883
movie_info,65885
movie_info,65886
movie_info,65887
movie_info,65888
movie_info,65889
movie_info,65890
movie_info,65892
movie_info,65893
movie_info,65896
movie_info,65897
movie_info,65955
movie_info,65956
movie_info,65996
movie_info,65997
movie_info,66157
movie_info,66158
movie_info,66164
movie_info,66167
movie_info,66178
movie_info,66179
movie_info,66185
movie_info,66224
movie_info,66239
movie_info,66308
movie_info,66311
movie_info,66312
movie_info,66321
movie_info,66323
movie_info,66329
movie_info,66330
movie_info,66331
movie_info,66332
movie_info,66333
movie_info,66334
movie_info,66335
movie_info,66336
movie_info,66337
movie_info,66338
movie_info,66339
movie_info,66340
movie_info,66399
movie_info,66400
movie_info,66401
movie_info,66402
movie_info,66403
movie_info,66418
movie_info,66425
movie_info,66426
movie_info,66427
movie_info,66428
movie_info,66448
movie_info,66449
movie_info,66450
movie_info,66455
movie_info,66456
movie_info,66457
movie_info,66462
movie_info,66463
movie_info,66464
movie_info,66465
movie_info,66466
movie_info,66477
movie_info,66478
movie_info,66484
movie_info,66623
movie_info,66624
movie_info,66642
movie_info,66643
movie_info,66644
movie_info,66645
movie_info,66649
movie_info,66650
movie_info,66652
movie_info,66654
movie_info,66656
movie_info,66657
movie_info,66686
movie_info,66691
movie_info,66692
movie_info,66697
movie_info,66706
movie_info,66707
movie_info,66708
movie_info,66709
movie_info,66710
movie_info,66711
movie_info,66713
movie_info,66714
movie_info,66716
movie_info,66757
movie_info,66758
movie_info,66824
movie_info,66864
movie_info,66897
movie_info,66902
movie_info,66903
movie_info,66904
movie_info,66905
movie_info,66906
movie_info,66907
movie_info,66908
movie_info,66909
movie_info,66910
movie_info,66921
movie_info,66922
movie_info,66923
movie_info,66924
movie_info,66927
movie_info,66928
movie_info,66929
movie_info,66930
movie_info,66931
movie_info,66933
movie_info,66936
movie_info,66937
movie_info,66939
movie_info,66940
movie_info,66941
movie_info,66942
movie_info,66943
movie_info,66944
movie_info,66945
movie_info,66950
movie_info,66951
movie_info,66952
movie_info,66953
movie_info,66954
movie_info,66955
movie_info,66963
movie_info,66964
movie_info,66965
movie_info,66966
movie_info,66967
movie_info,66971
movie_info,66975
movie_info,66980
movie_info,66981
movie_info,66982
movie_info,66991
movie_info,66997
movie_info,67045
movie_info,67046
movie_info,67047
movie_info,67048
movie_info,67049
movie_info,67050
movie_info,67074
movie_info,67125
movie_info,67191
movie_info,67192
movie_info,67193
movie_info,67194
movie_info,67195
movie_info,67196
movie_info,67197
movie_info,67198
movie_info,67199
movie_info,67200
movie_info,67201
movie_info,67202
movie_info,67203
movie_info,67204
movie_info,67206
movie_info,67207
movie_info,67209
movie_info,67210
movie_info,67211
movie_info,67212
movie_info,67213
movie_info,67214
movie_info,67215
movie_info,67223
movie_info,67224
movie_info,67225
movie_info,67228
movie_info,67232
movie_info,67233
movie_info,67236
movie_info,67238
movie_info,67242
movie_info,67245
movie_info,67255
movie_info,67257
movie_info,67260
movie_info,67262
movie_info,67266
movie_info,67267
movie_info,67268
movie_info,67270
movie_info,67272
movie_info,67274
movie_info,67275
movie_info,67276
movie_info,67277
movie_info,67278
movie_info,67280
movie_info,67281
movie_info,67282
movie_info,67283
movie_info,67284
movie_info,67286
movie_info,67287
movie_info,67288
movie_info,67289
movie_info,67290
movie_info,67291
movie_info,67292
movie_info,67293
movie_info,67294
movie_info,67295
movie_info,67296
movie_info,67297
movie_info,67298
movie_info,67299
movie_info,67300
movie_info,67302
movie_info,67303
movie_info,67304
movie_info,67305
movie_info,67306
movie_info,67307
movie_info,67308
movie_info,67314
movie_info,67315
movie_info,67316
movie_info,67317
movie_info,67318
movie_info,67324
movie_info,67375
movie_info,67376
movie_info,67377
movie_info,67378
movie_info,67379
movie_info,67380
movie_info,67381
movie_info,67382
movie_info,67383
movie_info,67385
movie_info,67386
movie_info,67387
movie_info,67388
movie_info,67390
movie_info,67391
movie_info,67392
movie_info,67393
movie_info,67394
movie_info,67523
movie_info,67545
movie_info,67547
movie_info,67566
movie_info,67567
movie_info,67568
movie_info,67569
movie_info,67571
movie_info,67572
movie_info,67573
movie_info,67574
movie_info,67575
movie_info,67576
movie_info,67577
movie_info,67578
movie_info,67579
movie_info,67580
movie_info,67582
movie_info,67583
movie_info,67584
movie_info,67585
movie_info,67586
movie_info,67587
movie_info,67588
movie_info,67590
movie_info,67591
movie_info,67592
movie_info,67593
movie_info,67594
movie_info,67595
movie_info,67596
movie_info,67597
movie_info,67598
movie_info,67599
movie_info,67600
movie_info,67601
movie_info,67602
movie_info,67603
movie_info,67605
movie_info,67606
movie_info,67607
movie_info,67608
movie_info,67609
movie_info,67610
movie_info,67611
movie_info,67669
movie_info,67670
movie_info,67671
movie_info,67672
movie_info,67673
movie_info,67674
movie_info,67675
movie_info,67676
movie_info,67677
movie_info,67678
movie_info,67679
movie_info,67680
movie_info,67681
movie_info,67682
movie_info,67683
movie_info,67684
movie_info,67723
movie_info,67745
movie_info,67746
movie_info,67754
movie_info,67755
movie_info,67756
movie_info,67757
movie_info,67760
movie_info,67761
movie_info,67762
movie_info,67763
movie_info,67764
movie_info,67765
movie_info,67766
movie_info,67767
movie_info,67769
movie_info,67771
movie_info,67772
movie_info,67773
movie_info,67774
movie_info,67775
movie_info,67776
movie_info,67777
movie_info,67778
movie_info,67779
movie_info,67780
movie_info,67782
movie_info,67783
movie_info,67784
movie_info,67785
movie_info,67786
movie_info,67787
movie_info,67788
movie_info,67790
movie_info,67791
movie_info,67808
movie_info,67809
movie_info,67810
movie_info,67826
movie_info,67827
movie_info,67828
movie_info,67949
movie_info,67955
movie_info,67966
movie_info,67977
movie_info,67978
movie_info,67980
movie_info,67981
movie_info,67982
movie_info,67983
movie_info,67984
movie_info,67985
movie_info,67986
movie_info,67987
movie_info,67988
movie_info,67989
movie_info,67990
movie_info,67994
movie_info,67995
movie_info,67996
movie_info,67997
movie_info,67998
movie_info,67999
movie_info,68005
movie_info,68006
movie_info,68007
movie_info,68009
movie_info,68010
movie_info,68011
movie_info,68013
movie_info,68015
movie_info,68016
movie_info,68017
movie_info,68018
movie_info,68083
movie_info,68169
movie_info,68170
movie_info,68171
movie_info,68172
movie_info,68177
movie_info,68180
movie_info,68184
movie_info,68185
movie_info,68188
movie_info,68189
movie_info,68190
movie_info,68191
movie_info,68192
movie_info,68193
movie_info,68194
movie_info,68201
movie_info,68202
movie_info,68203
movie_info,68204
movie_info,68205
movie_info,68206
movie_info,68210
movie_info,68211
movie_info,68212
movie_info,68213
movie_info,68214
movie_info,68215
movie_info,68216
movie_info,68220
movie_info,68221
movie_info,68223
movie_info,68224
movie_info,68228
movie_info,68229
movie_info,68230
movie_info,68231
movie_info,68232
movie_info,68233
movie_info,68235
movie_info,68236
movie_info,68237
movie_info,68238
movie_info,68241
movie_info,68242
movie_info,68243
movie_info,68248
movie_info,68250
movie_info,68251
movie_info,68252
movie_info,68253
movie_info,68254
movie_info,68258
movie_info,68259
movie_info,68260
movie_info,68261
movie_info,68262
movie_info,68263
movie_info,68264
movie_info,68266
movie_info,68267
movie_info,68268
movie_info,68269
movie_info,68270
movie_info,68271
movie_info,68272
movie_info,68279
movie_info,68280
movie_info,68281
movie_info,68282
movie_info,68283
movie_info,68284
movie_info,68285
movie_info,68286
movie_info,68287
movie_info,68288
movie_info,68325
movie_info,68383
movie_info,68384
movie_info,68385
movie_info,68391
movie_info,68396
movie_info,68400
movie_info,68403
movie_info,68406
movie_info,68407
movie_info,68409
movie_info,68410
movie_info,68415
movie_info,68427
movie_info,68428
movie_info,68430
movie_info,68431
movie_info,68442
movie_info,68455
movie_info,68456
movie_info,68523
movie_info,68525
movie_info,68527
movie_info,68530
movie_info,68534
movie_info,68535
movie_info,68536
movie_info,68537
movie_info,68586
movie_info,68618
movie_info,68619
movie_info,68651
movie_info,68743
movie_info,68784
movie_info,68802
movie_info,68803
movie_info,68804
movie_info,68806
movie_info,68890
movie_info,68939
movie_info,68941
movie_info,68942
movie_info,68943
movie_info,68944
movie_info,68946
movie_info,68947
movie_info,69000
movie_info,69001
movie_info,69003
movie_info,69012
movie_info,69023
movie_info,69024
movie_info,69026
movie_info,69050
movie_info,69055
movie_info,69056
movie_info,69057
movie_info,69058
movie_info,69059
movie_info,69060
movie_info,69061
movie_info,69062
movie_info,69063
movie_info,69064
movie_info,69065
movie_info,69066
movie_info,69067
movie_info,69068
movie_info,69069
movie_info,69070
movie_info,69071
movie_info,69072
movie_info,69073
movie_info,69074
movie_info,69075
movie_info,69076
movie_info,69077
movie_info,69078
movie_info,69146
movie_info,69147
movie_info,69148
movie_info,69149
movie_info,69150
movie_info,69151
movie_info,69227
movie_info,69228
movie_info,69232
movie_info,69234
movie_info,69235
movie_info,69253
movie_info,69286
movie_info,69287
movie_info,69288
movie_info,69289
movie_info,69290
movie_info,69291
movie_info,69292
movie_info,69293
movie_info,69294
movie_info,69295
movie_info,69296
movie_info,69298
movie_info,69299
movie_info,69300
movie_info,69301
movie_info,69302
movie_info,69303
movie_info,69304
movie_info,69331
movie_info,69332
movie_info,69334
movie_info,69335
movie_info,69336
movie_info,69337
movie_info,69338
movie_info,69341
movie_info,69342
movie_info,69345
movie_info,69346
movie_info,69348
movie_info,69350
movie_info,69351
movie_info,69352
movie_info,69353
movie_info,69354
movie_info,69355
movie_info,69356
movie_info,69359
movie_info,69362
movie_info,69363
movie_info,69371
movie_info,69373
movie_info,69377
movie_info,69378
movie_info,69382
movie_info,69387
movie_info,69389
movie_info,69390
movie_info,69391
movie_info,69392
movie_info,69393
movie_info,69409
movie_info,69410
movie_info,69412
movie_info,69413
movie_info,69414
movie_info,69415
movie_info,69416
movie_info,69417
movie_info,69418
movie_info,69421
movie_info,69422
movie_info,69423
movie_info,69425
movie_info,69427
movie_info,69428
movie_info,69429
movie_info,69430
movie_info,69431
movie_info,69432
movie_info,69435
movie_info,69436
movie_info,69443
movie_info,69481
movie_info,69485
movie_info,69491
movie_info,69499
movie_info,69500
movie_info,69501
movie_info,69502
movie_info,69503
movie_info,69506
movie_info,69507
movie_info,69508
movie_info,69509
movie_info,69510
movie_info,69511
movie_info,69512
movie_info,69513
movie_info,69514
movie_info,69515
movie_info,69516
movie_info,69517
movie_info,69520
movie_info,69521
movie_info,69552
movie_info,69705
movie_info,69706
movie_info,69707
movie_info,69731
movie_info,69732
movie_info,69733
movie_info,69736
movie_info,69737
movie_info,69738
movie_info,69739
movie_info,69740
movie_info,69741
movie_info,69742
movie_info,69744
movie_info,69745
movie_info,69746
movie_info,69747
movie_info,69748
movie_info,69749
movie_info,69750
movie_info,69755
movie_info,69757
movie_info,69758
movie_info,69759
movie_info,69760
movie_info,69762
movie_info,69764
movie_info,69765
movie_info,69766
movie_info,69767
movie_info,69768
movie_info,69769
movie_info,69770
movie_info,69771
movie_info,69772
movie_info,69773
movie_info,69775
movie_info,69777
movie_info,69778
movie_info,69779
movie_info,69780
movie_info,69781
movie_info,69782
movie_info,69783
movie_info,69784
movie_info,69785
movie_info,69787
movie_info,69788
movie_info,69789
movie_info,69790
movie_info,69793
movie_info,69794
movie_info,69795
movie_info,69796
movie_info,69797
movie_info,69799
movie_info,69800
movie_info,69801
movie_info,69802
movie_info,69803
movie_info,69804
movie_info,69805
movie_info,69807
movie_info,69809
movie_info,69810
movie_info,69811
movie_info,69813
movie_info,69814
movie_info,69815
movie_info,69817
movie_info,69818
movie_info,69819
movie_info,69821
movie_info,69822
movie_info,69823
movie_info,69825
movie_info,69827
movie_info,69829
movie_info,69830
movie_info,69831
movie_info,69833
movie_info,69834
movie_info,69835
movie_info,69836
movie_info,69837
movie_info,69838
movie_info,69841
movie_info,69842
movie_info,69845
movie_info,69846
movie_info,69847
movie_info,69848
movie_info,69849
movie_info,69850
movie_info,69851
movie_info,69852
movie_info,69853
movie_info,69855
movie_info,69858
movie_info,69859
movie_info,69860
movie_info,69861
movie_info,69862
movie_info,69863
movie_info,69865
movie_info,69867
movie_info,69908
movie_info,69947
movie_info,69949
movie_info,69952
movie_info,69953
movie_info,69955
movie_info,69956
movie_info,69957
movie_info,69960
movie_info,69961
movie_info,69962
movie_info,69963
movie_info,69964
movie_info,69965
movie_info,69966
movie_info,70013
movie_info,70037
movie_info,70053
movie_info,70054
movie_info,70055
movie_info,70175
movie_info,70176
movie_info,70177
movie_info,70178
movie_info,70179
movie_info,70195
movie_info,70245
movie_info,70252
movie_info,70254
movie_info,70255
movie_info,70256
movie_info,70257
movie_info,70258
movie_info,70259
movie_info,70260
movie_info,70261
movie_info,70262
movie_info,70306
movie_info,70307
movie_info,70325
movie_info,70357
movie_info,70361
movie_info,70363
movie_info,70364
movie_info,70365
movie_info,70366
movie_info,70367
movie_info,70368
movie_info,70371
movie_info,70373
movie_info,70374
movie_info,70375
movie_info,70378
movie_info,70379
movie_info,70381
movie_info,70384
movie_info,70385
movie_info,70386
movie_info,70388
movie_info,70390
movie_info,70391
movie_info,70392
movie_info,70394
movie_info,70396
movie_info,70411
movie_info,70412
movie_info,70415
movie_info,70416
movie_info,70417
movie_info,70418
movie_info,70420
movie_info,70421
movie_info,70422
movie_info,70423
movie_info,70431
movie_info,70432
movie_info,70433
movie_info,70435
movie_info,70445
movie_info,70446
movie_info,70448
movie_info,70458
movie_info,70459
movie_info,70460
movie_info,70521
movie_info,70522
movie_info,70523
movie_info,70524
movie_info,70543
movie_info,70545
movie_info,70546
movie_info,70547
movie_info,70548
movie_info,70549
movie_info,70550
movie_info,70551
movie_info,70552
movie_info,70553
movie_info,70554
movie_info,70555
movie_info,70556
movie_info,70557
movie_info,70558
movie_info,70562
movie_info,70563
movie_info,70564
movie_info,70565
movie_info,70566
movie_info,70567
movie_info,70568
movie_info,70569
movie_info,70570
movie_info,70571
movie_info,70574
movie_info,70575
movie_info,70577
movie_info,70578
movie_info,70585
movie_info,70588
movie_info,70650
movie_info,70651
movie_info,70652
movie_info,70653
movie_info,70654
movie_info,70655
movie_info,70656
movie_info,70657
movie_info,70658
movie_info,70659
movie_info,70704
movie_info,70804
movie_info,70805
movie_info,70829
movie_info,70830
movie_info,70831
movie_info,70832
movie_info,70833
movie_info,70837
movie_info,70898
movie_info,70904
movie_info,70912
movie_info,70913
movie_info,70914
movie_info,70958
movie_info,70959
movie_info,70960
movie_info,70962
movie_info,70963
movie_info,70964
movie_info,70965
movie_info,70966
movie_info,70967
movie_info,70968
movie_info,70969
movie_info,70970
movie_info,70971
movie_info,70972
movie_info,70973
movie_info,70974
movie_info,70975
movie_info,70990
movie_info,70993
movie_info,71004
movie_info,71005
movie_info,71008
movie_info,71012
movie_info,71013
movie_info,71014
movie_info,71015
movie_info,71016
movie_info,71023
movie_info,71024
movie_info,71038
movie_info,71040
movie_info,71056
movie_info,71140
movie_info,71146
movie_info,71147
movie_info,71148
movie_info,71149
movie_info,71150
movie_info,71151
movie_info,71152
movie_info,71153
movie_info,71154
movie_info,71155
movie_info,71156
movie_info,71157
movie_info,71158
movie_info,71159
movie_info,71161
movie_info,71162
movie_info,71163
movie_info,71164
movie_info,71165
movie_info,71166
movie_info,71167
movie_info,71168
movie_info,71169
movie_info,71170
movie_info,71171
movie_info,71173
movie_info,71174
movie_info,71175
movie_info,71176
movie_info,71177
movie_info,71178
movie_info,71179
movie_info,71180
movie_info,71181
movie_info,71182
movie_info,71183
movie_info,71184
movie_info,71185
movie_info,71186
movie_info,71187
movie_info,71188
movie_info,71189
movie_info,71191
movie_info,71192
movie_info,71193
movie_info,71194
movie_info,71195
movie_info,71196
movie_info,71198
movie_info,71202
movie_info,71281
movie_info,71282
movie_info,71283
movie_info,71284
movie_info,71288
movie_info,71289
movie_info,71290
movie_info,71291
movie_info,71292
movie_info,71293
movie_info,71294
movie_info,71295
movie_info,71296
movie_info,71297
movie_info,71298
movie_info,71299
movie_info,71300
movie_info,71302
movie_info,71303
movie_info,71304
movie_info,71305
movie_info,71306
movie_info,71307
movie_info,71308
movie_info,71309
movie_info,71310
movie_info,71311
movie_info,71312
movie_info,71313
movie_info,71314
movie_info,71315
movie_info,71316
movie_info,71317
movie_info,71318
movie_info,71320
movie_info,71323
movie_info,71324
movie_info,71325
movie_info,71326
movie_info,71330
movie_info,71332
movie_info,71333
movie_info,71334
movie_info,71337
movie_info,71338
movie_info,71341
movie_info,71346
movie_info,71347
movie_info,71348
movie_info,71349
movie_info,71350
movie_info,71351
movie_info,71354
movie_info,71355
movie_info,71356
movie_info,71357
movie_info,71358
movie_info,71359
movie_info,71361
movie_info,71362
movie_info,71365
movie_info,71366
movie_info,71367
movie_info,71369
movie_info,71370
movie_info,71371
movie_info,71372
movie_info,71373
movie_info,71375
movie_info,71376
movie_info,71377
movie_info,71378
movie_info,71386
movie_info,71387
movie_info,71388
movie_info,71391
movie_info,71392
movie_info,71393
movie_info,71394
movie_info,71395
movie_info,71396
movie_info,71398
movie_info,71399
movie_info,71400
movie_info,71402
movie_info,71405
movie_info,71406
movie_info,71408
movie_info,71412
movie_info,71413
movie_info,71415
movie_info,71416
movie_info,71425
movie_info,71426
movie_info,71427
movie_info,71428
movie_info,71431
movie_info,71449
movie_info,71532
movie_info,71536
movie_info,71539
movie_info,71551
movie_info,71552
movie_info,71567
movie_info,71592
movie_info,71593
movie_info,71594
movie_info,71595
movie_info,71596
movie_info,71597
movie_info,71600
movie_info,71601
movie_info,71602
movie_info,71603
movie_info,71604
movie_info,71605
movie_info,71606
movie_info,71621
movie_info,71623
movie_info,71626
movie_info,71627
movie_info,71628
movie_info,71629
movie_info,71630
movie_info,71631
movie_info,71633
movie_info,71634
movie_info,71635
movie_info,71637
movie_info,71638
movie_info,71640
movie_info,71644
movie_info,71650
movie_info,71651
movie_info,71653
movie_info,71698
movie_info,71699
movie_info,71700
movie_info,71701
movie_info,71702
movie_info,71703
movie_info,71704
movie_info,71705
movie_info,71706
movie_info,71719
movie_info,71720
movie_info,71723
movie_info,71727
movie_info,71728
movie_info,71729
movie_info,71730
movie_info,71732
movie_info,71733
movie_info,71734
movie_info,71735
movie_info,71736
movie_info,71737
movie_info,71738
movie_info,71740
movie_info,71741
movie_info,71742
movie_info,71744
movie_info,71745
movie_info,71757
movie_info,71759
movie_info,71761
movie_info,71762
movie_info,71763
movie_info,71764
movie_info,71765
movie_info,71777
movie_info,71782
movie_info,71863
movie_info,71865
movie_info,71866
movie_info,71867
movie_info,71868
movie_info,71869
movie_info,71870
movie_info,71883
movie_info,71885
movie_info,71889
movie_info,71890
movie_info,71895
movie_info,71896
movie_info,71897
movie_info,71900
movie_info,71901
movie_info,71903
movie_info,71908
movie_info,71916
movie_info,71917
movie_info,71918
movie_info,71919
movie_info,71920
movie_info,71923
movie_info,71924
movie_info,71925
movie_info,71926
movie_info,71928
movie_info,71929
movie_info,71931
movie_info,71932
movie_info,71933
movie_info,71934
movie_info,71935
movie_info,71936
movie_info,71937
movie_info,71938
movie_info,71939
movie_info,71940
movie_info,71941
movie_info,71942
movie_info,71946
movie_info,71947
movie_info,71948
movie_info,71949
movie_info,71950
movie_info,71951
movie_info,71952
movie_info,71953
movie_info,71954
movie_info,71956
movie_info,71957
movie_info,71958
movie_info,71959
movie_info,71961
movie_info,71963
movie_info,71967
movie_info,71968
movie_info,71969
movie_info,71970
movie_info,71971
movie_info,71973
movie_info,71974
movie_info,72024
movie_info,72035
movie_info,72036
movie_info,72063
movie_info,72081
movie_info,72098
movie_info,72104
movie_info,72113
movie_info,72126
movie_info,72127
movie_info,72128
movie_info,72129
movie_info,72130
movie_info,72131
movie_info,72207
movie_info,72250
movie_info,72273
movie_info,72276
movie_info,72277
movie_info,72294
movie_info,72295
movie_info,72325
movie_info,72346
movie_info,72366
movie_info,72371
movie_info,72372
movie_info,72374
movie_info,72377
movie_info,72379
movie_info,72381
movie_info,72383
movie_info,72397
movie_info,72467
movie_info,72484
movie_info,72486
movie_info,72487
movie_info,72488
movie_info,72489
movie_info,72490
movie_info,72491
movie_info,72492
movie_info,72493
movie_info,72494
movie_info,72495
movie_info,72518
movie_info,72519
movie_info,72520
movie_info,72521
movie_info,72522
movie_info,72523
movie_info,72524
movie_info,72525
movie_info,72526
movie_info,72539
movie_info,72540
movie_info,72541
movie_info,72542
movie_info,72543
movie_info,72544
movie_info,72545
movie_info,72546
movie_info,72547
movie_info,72548
movie_info,72549
movie_info,72550
movie_info,72551
movie_info,72552
movie_info,72553
movie_info,72554
movie_info,72555
movie_info,72556
movie_info,72557
movie_info,72558
movie_info,72559
movie_info,72560
movie_info,72561
movie_info,72562
movie_info,72563
movie_info,72564
movie_info,72565
movie_info,72567
movie_info,72568
movie_info,72569
movie_info,72570
movie_info,72571
movie_info,72572
movie_info,72573
movie_info,72574
movie_info,72575
movie_info,72576
movie_info,72577
movie_info,72578
movie_info,72579
movie_info,72580
movie_info,72581
movie_info,72582
movie_info,72583
movie_info,72584
movie_info,72585
movie_info,72586
movie_info,72587
movie_info,72588
movie_info,72591
movie_info,72592
movie_info,72593
movie_info,72594
movie_info,72596
movie_info,72597
movie_info,72598
movie_info,72599
movie_info,72600
movie_info,72601
movie_info,72602
movie_info,72605
movie_info,72606
movie_info,72607
movie_info,72608
movie_info,72632
movie_info,72633
movie_info,72634
movie_info,72638
movie_info,72641
movie_info,72642
movie_info,72652
movie_info,72660
movie_info,72663
movie_info,72665
movie_info,72671
movie_info,72676
movie_info,72677
movie_info,72682
movie_info,72694
movie_info,72695
movie_info,72697
movie_info,72698
movie_info,72717
movie_info,72718
movie_info,72719
movie_info,72720
movie_info,72761
movie_info,72885
movie_info,72972
movie_info,73056
movie_info,73057
movie_info,73123
movie_info,73160
movie_info,73229
movie_info,73230
movie_info,73231
movie_info,73232
movie_info,73233
movie_info,73234
movie_info,73235
movie_info,73237
movie_info,73238
movie_info,73239
movie_info,73240
movie_info,73241
movie_info,73242
movie_info,73243
movie_info,73244
movie_info,73246
movie_info,73247
movie_info,73248
movie_info,73249
movie_info,73250
movie_info,73251
movie_info,73252
movie_info,73294
movie_info,73298
movie_info,73303
movie_info,73311
movie_info,73314
movie_info,73316
movie_info,73317
movie_info,73319
movie_info,73379
movie_info,73380
movie_info,73381
movie_info,73382
movie_info,73401
movie_info,73402
movie_info,73403
movie_info,73404
movie_info,73405
movie_info,73406
movie_info,73407
movie_info,73411
movie_info,73412
movie_info,73413
movie_info,73414
movie_info,73415
movie_info,73416
movie_info,73417
movie_info,73418
movie_info,73419
movie_info,73421
movie_info,73422
movie_info,73423
movie_info,73424
movie_info,73425
movie_info,73426
movie_info,73428
movie_info,73430
movie_info,73431
movie_info,73432
movie_info,73433
movie_info,73434
movie_info,73435
movie_info,73436
movie_info,73437
movie_info,73439
movie_info,73440
movie_info,73443
movie_info,73444
movie_info,73445
movie_info,73447
movie_info,73449
movie_info,73452
movie_info,73454
movie_info,73455
movie_info,73456
movie_info,73457
movie_info,73458
movie_info,73459
movie_info,73460
movie_info,73461
movie_info,73462
movie_info,73463
movie_info,73464
movie_info,73465
movie_info,73466
movie_info,73468
movie_info,73501
movie_info,73513
movie_info,73514
movie_info,73527
movie_info,73529
movie_info,73530
movie_info,73531
movie_info,73532
movie_info,73533
movie_info,73538
movie_info,73540
movie_info,73541
movie_info,73544
movie_info,73545
movie_info,73546
movie_info,73547
movie_info,73548
movie_info,73549
movie_info,73550
movie_info,73551
movie_info,73734
movie_info,73735
movie_info,73736
movie_info,73738
movie_info,73742
movie_info,73743
movie_info,73751
movie_info,73752
movie_info,73753
movie_info,73757
movie_info,73758
movie_info,73760
movie_info,73762
movie_info,73765
movie_info,73766
movie_info,73780
movie_info,73805
movie_info,73806
movie_info,73807
movie_info,73808
movie_info,73809
movie_info,73810
movie_info,73811
movie_info,73812
movie_info,73813
movie_info,73814
movie_info,73815
movie_info,73816
movie_info,73817
movie_info,73818
movie_info,73819
movie_info,73820
movie_info,73821
movie_info,73822
movie_info,73823
movie_info,73824
movie_info,73825
movie_info,73826
movie_info,73828
movie_info,73829
movie_info,73830
movie_info,73831
movie_info,73832
movie_info,73833
movie_info,73834
movie_info,73835
movie_info,73836
movie_info,73837
movie_info,73838
movie_info,73840
movie_info,73841
movie_info,73842
movie_info,73843
movie_info,73846
movie_info,73847
movie_info,73848
movie_info,73849
movie_info,73850
movie_info,73851
movie_info,73852
movie_info,73853
movie_info,73854
movie_info,73855
movie_info,73856
movie_info,73857
movie_info,73858
movie_info,73859
movie_info,73860
movie_info,73861
movie_info,73862
movie_info,73863
movie_info,73864
movie_info,73865
movie_info,73866
movie_info,73867
movie_info,73868
movie_info,73869
movie_info,73870
movie_info,73871
movie_info,73872
movie_info,73873
movie_info,73874
movie_info,73875
movie_info,73876
movie_info,73877
movie_info,73878
movie_info,73879
movie_info,73881
movie_info,73882
movie_info,73883
movie_info,73946
movie_info,73948
movie_info,73954
movie_info,73984
movie_info,73985
movie_info,73986
movie_info,73987
movie_info,73988
movie_info,73993
movie_info,74199
movie_info,74205
movie_info,74206
movie_info,74242
movie_info,74243
movie_info,74245
movie_info,74247
movie_info,74248
movie_info,74328
movie_info,74346
movie_info,74347
movie_info,74348
movie_info,74349
movie_info,74350
movie_info,74351
movie_info,74352
movie_info,74353
movie_info,74354
movie_info,74355
movie_info,74405
movie_info,74406
movie_info,74407
movie_info,74408
movie_info,74409
movie_info,74410
movie_info,74411
movie_info,74413
movie_info,74414
movie_info,74415
movie_info,74417
movie_info,74418
movie_info,74419
movie_info,74420
movie_info,74421
movie_info,74422
movie_info,74423
movie_info,74424
movie_info,74425
movie_info,74426
movie_info,74427
movie_info,74428
movie_info,74429
movie_info,74430
movie_info,74431
movie_info,74432
movie_info,74433
movie_info,74434
movie_info,74435
movie_info,74436
movie_info,74546
movie_info,74547
movie_info,74548
movie_info,74561
movie_info,74562
movie_info,74590
movie_info,74591
movie_info,74625
movie_info,74634
movie_info,74635
movie_info,74637
movie_info,74638
movie_info,74639
movie_info,74641
movie_info,74642
movie_info,74643
movie_info,74644
movie_info,74645
movie_info,74646
movie_info,74648
movie_info,74649
movie_info,74651
movie_info,74652
movie_info,74655
movie_info,74656
movie_info,74657
movie_info,74660
movie_info,74664
movie_info,74665
movie_info,74674
movie_info,74675
movie_info,74676
movie_info,74766
movie_info,74794
movie_info,74795
movie_info,74799
movie_info,74808
movie_info,74809
movie_info,74922
movie_info,75122
movie_info,75123
movie_info,75124
movie_info,75125
movie_info,75126
movie_info,75127
movie_info,75128
movie_info,75142
movie_info,75148
movie_info,75164
movie_info,75165
movie_info,75166
movie_info,75167
movie_info,75168
movie_info,75169
movie_info,75170
movie_info,75171
movie_info,75172
movie_info,75173
movie_info,75174
movie_info,75175
movie_info,75176
movie_info,75177
movie_info,75178
movie_info,75179
movie_info,75180
movie_info,75181
movie_info,75187
movie_info,75196
movie_info,75197
movie_info,75198
movie_info,75199
movie_info,75200
movie_info,75202
movie_info,75203
movie_info,75204
movie_info,75205
movie_info,75286
movie_info,75289
movie_info,75290
movie_info,75294
movie_info,75295
movie_info,75409
movie_info,75487
movie_info,75494
movie_info,75495
movie_info,75496
movie_info,75498
movie_info,75499
movie_info,75500
movie_info,75502
movie_info,75503
movie_info,75504
movie_info,75505
movie_info,75515
movie_info,75578
movie_info,75579
movie_info,75580
movie_info,75581
movie_info,75582
movie_info,75583
movie_info,75584
movie_info,75585
movie_info,75586
movie_info,75587
movie_info,75588
movie_info,75589
movie_info,75590
movie_info,75591
movie_info,75592
movie_info,75593
movie_info,75594
movie_info,75595
movie_info,75597
movie_info,75598
movie_info,75600
movie_info,75601
movie_info,75602
movie_info,75603
movie_info,75604
movie_info,75605
movie_info,75606
movie_info,75607
movie_info,75608
movie_info,75609
movie_info,75610
movie_info,75611
movie_info,75613
movie_info,75614
movie_info,75615
movie_info,75616
movie_info,75617
movie_info,75618
movie_info,75619
movie_info,75620
movie_info,75621
movie_info,75637
movie_info,75639
movie_info,75641
movie_info,75642
movie_info,75646
movie_info,75652
movie_info,75655
movie_info,75664
movie_info,75665
movie_info,75667
movie_info,75683
movie_info,75693
movie_info,75695
movie_info,75719
movie_info,75724
movie_info,75794
movie_info,75823
movie_info,75824
movie_info,75825
movie_info,75851
movie_info,75855
movie_info,75929
movie_info,75941
movie_info,76001
movie_info,76014
movie_info,76044
movie_info,76045
movie_info,76046
movie_info,76047
movie_info,76048
movie_info,76049
movie_info,76050
movie_info,76051
movie_info,76052
movie_info,76053
movie_info,76109
movie_info,76110
movie_info,76217
movie_info,76429
movie_info,76459
movie_info,76463
movie_info,76473
movie_info,76484
movie_info,76508
movie_info,76537
movie_info,76820
movie_info,76821
movie_info,76822
movie_info,76823
movie_info,76824
movie_info,77012
movie_info,77013
movie_info,77014
movie_info,77015
movie_info,77016
movie_info,77017
movie_info,77034
movie_info,77137
movie_info,77139
movie_info,77158
movie_info,77196
movie_info,77212
movie_info,77221
movie_info,77225
movie_info,77228
movie_info,77229
movie_info,77231
movie_info,77233
movie_info,77234
movie_info,77235
movie_info,77388
movie_info,77512
movie_info,77526
movie_info,77527
movie_info,77528
movie_info,77529
movie_info,77710
movie_info,77802
movie_info,78030
movie_info,78110
movie_info,78131
movie_info,78152
movie_info,78167
movie_info,78168
movie_info,78179
movie_info,78296
movie_info,78297
movie_info,78381
movie_info,78385
movie_info,78386
movie_info,78387
movie_info,78388
movie_info,78389
movie_info,78470
movie_info,78496
movie_info,78497
movie_info,78498
movie_info,78559
movie_info,78629
movie_info,78640
movie_info,78773
movie_info,78777
movie_info,78778
movie_info,78782
movie_info,78820
movie_info,78822
movie_info,78823
movie_info,78829
movie_info,78849
movie_info,78921
movie_info,78936
movie_info,78948
movie_info,79042
movie_info,79112
movie_info,79204
movie_info,79228
movie_info,79229
movie_info,79252
movie_info,79253
movie_info,79372
movie_info,79374
movie_info,79376
movie_info,79378
movie_info,79379
movie_info,79386
movie_info,79424
movie_info,79425
movie_info,79451
movie_info,79452
movie_info,79453
movie_info,79454
movie_info,79460
movie_info,79461
movie_info,79462
movie_info,79463
movie_info,79464
movie_info,79465
movie_info,79466
movie_info,79467
movie_info,79561
movie_info,79600
movie_info,79603
movie_info,79605
movie_info,79607
movie_info,79618
movie_info,79661
movie_info,79663
movie_info,79664
movie_info,79665
movie_info,79666
movie_info,79744
movie_info,79745
movie_info,79839
movie_info,79860
movie_info,79867
movie_info,79994
movie_info,79995
movie_info,79996
movie_info,79997
movie_info,79998
movie_info,79999
movie_info,80139
movie_info,80144
movie_info,80152
movie_info,80166
movie_info,80167
movie_info,80168
movie_info,80169
movie_info,80170
movie_info,80184
movie_info,80185
movie_info,80190
movie_info,80191
movie_info,80192
movie_info,80193
movie_info,80194
movie_info,80203
movie_info,80223
movie_info,80228
movie_info,80316
movie_info,80397
movie_info,80408
movie_info,80475
movie_info,80669
movie_info,80740
movie_info,80782
movie_info,80783
movie_info,80784
movie_info,80785
movie_info,80862
movie_info,80932
movie_info,80975
movie_info,80982
movie_info,80998
movie_info,81018
movie_info,81075
movie_info,81169
movie_info,81175
movie_info,81176
movie_info,81177
movie_info,81180
movie_info,81181
movie_info,81182
movie_info,81183
movie_info,81184
movie_info,81185
movie_info,81186
movie_info,81187
movie_info,81188
movie_info,81189
movie_info,81190
movie_info,81191
movie_info,81213
movie_info,81214
movie_info,81215
movie_info,81313
movie_info,81316
movie_info,81317
movie_info,81318
movie_info,81320
movie_info,81321
movie_info,81522
movie_info,81667
movie_info,81674
movie_info,81710
movie_info,81720
movie_info,81722
movie_info,81776
movie_info,81779
movie_info,81843
movie_info,81887
movie_info,81942
movie_info,82031
movie_info,82070
movie_info,82105
movie_info,82184
movie_info,82229
movie_info,82236
movie_info,82237
movie_info,82238
movie_info,82239
movie_info,82240
movie_info,82241
movie_info,82363
movie_info,82473
movie_info,82480
movie_info,82789
movie_info,82928
movie_info,82949
movie_info,83224
movie_info,83225
movie_info,83347
movie_info,83348
movie_info,83404
movie_info,83437
movie_info,83438
movie_info,83443
movie_info,83448
movie_info,83449
movie_info,83513
movie_info,83514
movie_info,83515
movie_info,83869
movie_info,83919
movie_info,84014
movie_info,84016
movie_info,84017
movie_info,84022
movie_info,84023
movie_info,84024
movie_info,84025
movie_info,84026
movie_info,84027
movie_info,84028
movie_info,84063
movie_info,84103
movie_info,84109
movie_info,84147
movie_info,84178
movie_info,84186
movie_info,84217
movie_info,84240
movie_info,84241
movie_info,84284
movie_info,84313
movie_info,84316
movie_info,84323
movie_info,84324
movie_info,84325
movie_info,84326
movie_info,84327
movie_info,84328
movie_info,84329
movie_info,84330
movie_info,84331
movie_info,84332
movie_info,84333
movie_info,84334
movie_info,84335
movie_info,84336
movie_info,84356
movie_info,84421
movie_info,84430
movie_info,84442
movie_info,84459
movie_info,84490
movie_info,84686
movie_info,84687
movie_info,84688
movie_info,84832
movie_info,84833
movie_info,84834
movie_info,84855
movie_info,85171
movie_info,85173
movie_info,85176
movie_info,85279
movie_info,85281
movie_info,85282
movie_info,85283
movie_info,85284
movie_info,85380
movie_info,85503
movie_info,85608
movie_info,85949
movie_info,86026
movie_info,86028
movie_info,86029
movie_info,86087
movie_info,86088
movie_info,86089
movie_info,86090
movie_info,86162
movie_info,86199
movie_info,86255
movie_info,86256
movie_info,86257
movie_info,86258
movie_info,86293
movie_info,86294
movie_info,86295
movie_info,86296
movie_info,86297
movie_info,86318
movie_info,86352
movie_info,86396
movie_info,86397
movie_info,86458
movie_info,86459
movie_info,86460
movie_info,86461
movie_info,86490
movie_info,86743
movie_info,86760
movie_info,86812
movie_info,86813
movie_info,86867
movie_info,86870
movie_info,86871
movie_info,86872
movie_info,86873
movie_info,86874
movie_info,86887
movie_info,86897
movie_info,86908
movie_info,86932
movie_info,86934
movie_info,86935
movie_info,86937
movie_info,86960
movie_info,86961
movie_info,86976
movie_info,86977
movie_info,86978
movie_info,86991
movie_info,86993
movie_info,87031
movie_info,87035
movie_info,87038
movie_info,87048
movie_info,87051
movie_info,87052
movie_info,87053
movie_info,87054
movie_info,87055
movie_info,87069
movie_info,87071
movie_info,87075
movie_info,87099
movie_info,87107
movie_info,87108
movie_info,87115
movie_info,87116
movie_info,87117
movie_info,87118
movie_info,87121
movie_info,87122
movie_info,87123
movie_info,87129
movie_info,87130
movie_info,87131
movie_info,87132
movie_info,87133
movie_info,87138
movie_info,87160
movie_info,87161
movie_info,87165
movie_info,87166
movie_info,87167
movie_info,87168
movie_info,87169
movie_info,87171
movie_info,87172
movie_info,87173
movie_info,87174
movie_info,87176
movie_info,87178
movie_info,87180
movie_info,87191
movie_info,87192
movie_info,87193
movie_info,87194
movie_info,87195
movie_info,87232
movie_info,87233
movie_info,87234
movie_info,87235
movie_info,87245
movie_info,87257
movie_info,87258
movie_info,87259
movie_info,87260
movie_info,87267
movie_info,87275
movie_info,87276
movie_info,87277
movie_info,87278
movie_info,87283
movie_info,87286
movie_info,87295
movie_info,87296
movie_info,87325
movie_info,87327
movie_info,87328
movie_info,87330
movie_info,87331
movie_info,87332
movie_info,87390
movie_info,87392
movie_info,87393
movie_info,87394
movie_info,87395
movie_info,87396
movie_info,87397
movie_info,87398
movie_info,87400
movie_info,87401
movie_info,87402
movie_info,87403
movie_info,87404
movie_info,87406
movie_info,87407
movie_info,87408
movie_info,87409
movie_info,87410
movie_info,87411
movie_info,87414
movie_info,87415
movie_info,87420
movie_info,87421
movie_info,87429
movie_info,87443
movie_info,87445
movie_info,87446
movie_info,87447
movie_info,87448
movie_info,87453
movie_info,87459
movie_info,87480
movie_info,87481
movie_info,87483
movie_info,87484
movie_info,87488
movie_info,87495
movie_info,87502
movie_info,87507
movie_info,87510
movie_info,87534
movie_info,87541
movie_info,87542
movie_info,87553
movie_info,87563
movie_info,87564
movie_info,87565
movie_info,87566
movie_info,87567
movie_info,87568
movie_info,87569
movie_info,87570
movie_info,87579
movie_info,87581
movie_info,87582
movie_info,87584
movie_info,87591
movie_info,87592
movie_info,87593
movie_info,87594
movie_info,87595
movie_info,87596
movie_info,87597
movie_info,87604
movie_info,87617
movie_info,87625
movie_info,87626
movie_info,87627
movie_info,87628
movie_info,87629
movie_info,87638
movie_info,87639
movie_info,87640
movie_info,87641
movie_info,87645
movie_info,87658
movie_info,87659
movie_info,87661
movie_info,87662
movie_info,87663
movie_info,87664
movie_info,87665
movie_info,87666
movie_info,87679
movie_info,87680
movie_info,87685
movie_info,87698
movie_info,87699
movie_info,87700
movie_info,87701
movie_info,87702
movie_info,87705
movie_info,87716
movie_info,87756
movie_info,87757
movie_info,87775
movie_info,87781
movie_info,87782
movie_info,87783
movie_info,87784
movie_info,87785
movie_info,87786
movie_info,87788
movie_info,87789
movie_info,87790
movie_info,87791
movie_info,87792
movie_info,87793
movie_info,87795
movie_info,87796
movie_info,87819
movie_info,87838
movie_info,87849
movie_info,87852
movie_info,87854
movie_info,87855
movie_info,87858
movie_info,87859
movie_info,87870
movie_info,87877
movie_info,87895
movie_info,87896
movie_info,87920
movie_info,87931
movie_info,87933
movie_info,87934
movie_info,87935
movie_info,87937
movie_info,87938
movie_info,87939
movie_info,87948
movie_info,87952
movie_info,87953
movie_info,87954
movie_info,87955
movie_info,87956
movie_info,87959
movie_info,87965
movie_info,87976
movie_info,87980
movie_info,87983
movie_info,87984
movie_info,87985
movie_info,87986
movie_info,87987
movie_info,87988
movie_info,87989
movie_info,87990
movie_info,87991
movie_info,87992
movie_info,87993
movie_info,87994
movie_info,87995
movie_info,87996
movie_info,87997
movie_info,87998
movie_info,88001
movie_info,88020
movie_info,88021
movie_info,88022
movie_info,88023
movie_info,88024
movie_info,88025
movie_info,88079
movie_info,88080
movie_info,88081
movie_info,88098
movie_info,88100
movie_info,88101
movie_info,88116
movie_info,88117
movie_info,88118
movie_info,88119
movie_info,88120
movie_info,88121
movie_info,88122
movie_info,88123
movie_info,88153
movie_info,88154
movie_info,88155
movie_info,88162
movie_info,88169
movie_info,88170
movie_info,88171
movie_info,88172
movie_info,88173
movie_info,88174
movie_info,88175
movie_info,88176
movie_info,88177
movie_info,88178
movie_info,88183
movie_info,88189
movie_info,88196
movie_info,88197
movie_info,88200
movie_info,88206
movie_info,88207
movie_info,88208
movie_info,88215
movie_info,88216
movie_info,88222
movie_info,88223
movie_info,88224
movie_info,88237
movie_info,88238
movie_info,88239
movie_info,88240
movie_info,88244
movie_info,88245
movie_info,88246
movie_info,88249
movie_info,88251
movie_info,88252
movie_info,88260
movie_info,88261
movie_info,88289
movie_info,88296
movie_info,88297
movie_info,88300
movie_info,88302
movie_info,88303
movie_info,88304
movie_info,88305
movie_info,88306
movie_info,88307
movie_info,88308
movie_info,88311
movie_info,88340
movie_info,88348
movie_info,88350
movie_info,88355
movie_info,88367
movie_info,88395
movie_info,88406
movie_info,88423
movie_info,88425
movie_info,88432
movie_info,88433
movie_info,88434
movie_info,88461
movie_info,88467
movie_info,88468
movie_info,88469
movie_info,88482
movie_info,88483
movie_info,88490
movie_info,88492
movie_info,88493
movie_info,88494
movie_info,88495
movie_info,88496
movie_info,88497
movie_info,88498
movie_info,88499
movie_info,88500
movie_info,88501
movie_info,88502
movie_info,88503
movie_info,88505
movie_info,88521
movie_info,88523
movie_info,88525
movie_info,88527
movie_info,88528
movie_info,88529
movie_info,88533
movie_info,88534
movie_info,88539
movie_info,88540
movie_info,88550
movie_info,88604
movie_info,88644
movie_info,88645
movie_info,88646
movie_info,88647
movie_info,88648
movie_info,88649
movie_info,88650
movie_info,88651
movie_info,88652
movie_info,88662
movie_info,88663
movie_info,88664
movie_info,88679
movie_info,88680
movie_info,88685
movie_info,88686
movie_info,88687
movie_info,88688
movie_info,88689
movie_info,88690
movie_info,88691
movie_info,88692
movie_info,88693
movie_info,88694
movie_info,88695
movie_info,88696
movie_info,88718
movie_info,88719
movie_info,88724
movie_info,88725
movie_info,88726
movie_info,88727
movie_info,88763
movie_info,88772
movie_info,88773
movie_info,88775
movie_info,88776
movie_info,88777
movie_info,88778
movie_info,88779
movie_info,88791
movie_info,88792
movie_info,88793
movie_info,88794
movie_info,88795
movie_info,88796
movie_info,88797
movie_info,88798
movie_info,88799
movie_info,88800
movie_info,88801
movie_info,88802
movie_info,88803
movie_info,88816
movie_info,88817
movie_info,88818
movie_info,88834
movie_info,88866
movie_info,88894
movie_info,88895
movie_info,88905
movie_info,88912
movie_info,88931
movie_info,88935
movie_info,88946
movie_info,88955
movie_info,89007
movie_info,89009
movie_info,89010
movie_info,89012
movie_info,89022
movie_info,89023
movie_info,89024
movie_info,89025
movie_info,89031
movie_info,89039
movie_info,89095
movie_info,89096
movie_info,89097
movie_info,89100
movie_info,89101
movie_info,89115
movie_info,89126
movie_info,89163
movie_info,89177
movie_info,89179
movie_info,89180
movie_info,89182
movie_info,89183
movie_info,89184
movie_info,89185
movie_info,89206
movie_info,89207
movie_info,89208
movie_info,89256
movie_info,89257
movie_info,89259
movie_info,89260
movie_info,89262
movie_info,89281
movie_info,89285
movie_info,89286
movie_info,89287
movie_info,89295
movie_info,89297
movie_info,89300
movie_info,89306
movie_info,89313
movie_info,89326
movie_info,89346
movie_info,89347
movie_info,89348
movie_info,89350
movie_info,89381
movie_info,89382
movie_info,89408
movie_info,89430
movie_info,89442
movie_info,89443
movie_info,89467
movie_info,89509
movie_info,89517
movie_info,89552
movie_info,89638
movie_info,89713
movie_info,89731
movie_info,89745
movie_info,89750
movie_info,89771
movie_info,89772
movie_info,89780
movie_info,89785
movie_info,89810
movie_info,89814
movie_info,89818
movie_info,89873
movie_info,89934
movie_info,89955
movie_info,89961
movie_info,89986
movie_info,89989
movie_info,89996
movie_info,90005
movie_info,90064
movie_info,90101
movie_info,90133
movie_info,90144
movie_info,90160
movie_info,90186
movie_info,90199
movie_info,90200
movie_info,90204
movie_info,90223
movie_info,90248
movie_info,90273
movie_info,90276
movie_info,90277
movie_info,90278
movie_info,90279
movie_info,90280
movie_info,90296
movie_info,90366
movie_info,90381
movie_info,90399
movie_info,90400
movie_info,90432
movie_info,90480
movie_info,90492
movie_info,90512
movie_info,90513
movie_info,90514
movie_info,90658
movie_info,90699
movie_info,90717
movie_info,90720
movie_info,90766
movie_info,90872
movie_info,90886
movie_info,90911
movie_info,90928
movie_info,90946
movie_info,90969
movie_info,90976
movie_info,90977
movie_info,90987
movie_info,91013
movie_info,91018
movie_info,91068
movie_info,91069
movie_info,91072
movie_info,91113
movie_info,91130
movie_info,91137
movie_info,91138
movie_info,91139
movie_info,91140
movie_info,91158
movie_info,91201
movie_info,91229
movie_info,91230
movie_info,91240
movie_info,91280
movie_info,91308
movie_info,91322
movie_info,91326
movie_info,91329
movie_info,91330
movie_info,91337
movie_info,91431
movie_info,91434
movie_info,91453
movie_info,91454
movie_info,91473
movie_info,91484
movie_info,91511
movie_info,91512
movie_info,91536
movie_info,91544
movie_info,91566
movie_info,91582
movie_info,91583
movie_info,91590
movie_info,91661
movie_info,91673
movie_info,91695
movie_info,91698
movie_info,91706
movie_info,91708
movie_info,91713
movie_info,91736
movie_info,91737
movie_info,91746
movie_info,91756
movie_info,91757
movie_info,91785
movie_info,91805
movie_info,91824
movie_info,91826
movie_info,91878
movie_info,91895
movie_info,91896
movie_info,91900
movie_info,91901
movie_info,91921
movie_info,91944
movie_info,91962
movie_info,91997
movie_info,92030
movie_info,92031
movie_info,92032
movie_info,92033
movie_info,92085
movie_info,92087
movie_info,92088
movie_info,92170
movie_info,92184
movie_info,92192
movie_info,92195
movie_info,92255
movie_info,92261
movie_info,92262
movie_info,92288
movie_info,92294
movie_info,92297
movie_info,92340
movie_info,92374
movie_info,92388
movie_info,92389
movie_info,92390
movie_info,92412
movie_info,92413
movie_info,92414
movie_info,92415
movie_info,92416
movie_info,92417
movie_info,92426
movie_info,92428
movie_info,92441
movie_info,92442
movie_info,92445
movie_info,92474
movie_info,92475
movie_info,92500
movie_info,92522
movie_info,92541
movie_info,92543
movie_info,92555
movie_info,92562
movie_info,92567
movie_info,92616
movie_info,92619
movie_info,92640
movie_info,92642
movie_info,92654
movie_info,92709
movie_info,92767
movie_info,92809
movie_info,92814
movie_info,92841
movie_info,92844
movie_info,92845
movie_info,92882
movie_info,92922
movie_info,92923
movie_info,92939
movie_info,92942
movie_info,92943
movie_info,92950
movie_info,92962
movie_info,93046
movie_info,93048
movie_info,93102
movie_info,93104
movie_info,93105
movie_info,93160
movie_info,93162
movie_info,93189
movie_info,93192
movie_info,93193
movie_info,93202
movie_info,93211
movie_info,93254
movie_info,93258
movie_info,93268
movie_info,93269
movie_info,93270
movie_info,93274
movie_info,93309
movie_info,93312
movie_info,93315
movie_info,93320
movie_info,93437
movie_info,93482
movie_info,93484
movie_info,93508
movie_info,93541
movie_info,93550
movie_info,93554
movie_info,93610
movie_info,93634
movie_info,93658
movie_info,93686
movie_info,93692
movie_info,93728
movie_info,93745
movie_info,93769
movie_info,93803
movie_info,93816
movie_info,93828
movie_info,93832
movie_info,93845
movie_info,93851
movie_info,93856
movie_info,93888
movie_info,93909
movie_info,93914
movie_info,93922
movie_info,93994
movie_info,94016
movie_info,94040
movie_info,94062
movie_info,94067
movie_info,94075
movie_info,94099
movie_info,94108
movie_info,94110
movie_info,94175
movie_info,94179
movie_info,94217
movie_info,94226
movie_info,94228
movie_info,94244
movie_info,94275
movie_info,94322
movie_info,94331
movie_info,94338
movie_info,94400
movie_info,94402
movie_info,94412
movie_info,94414
movie_info,94460
movie_info,94495
movie_info,94499
movie_info,94509
movie_info,94518
movie_info,94523
movie_info,94532
movie_info,94541
movie_info,94548
movie_info,94553
movie_info,94576
movie_info,94622
movie_info,94648
movie_info,94653
movie_info,94661
movie_info,94672
movie_info,94678
movie_info,94679
movie_info,94710
movie_info,94714
movie_info,94719
movie_info,94720
movie_info,94732
movie_info,94744
movie_info,94745
movie_info,94771
movie_info,94777
movie_info,94788
movie_info,94854
movie_info,94865
movie_info,94879
movie_info,94895
movie_info,94896
movie_info,94968
movie_info,95016
movie_info,95029
movie_info,95156
movie_info,95188
movie_info,95193
movie_info,95207
movie_info,95211
movie_info,95321
movie_info,95324
movie_info,95325
movie_info,95326
movie_info,95329
movie_info,95330
movie_info,95333
movie_info,95334
movie_info,95335
movie_info,95336
movie_info,95337
movie_info,95359
movie_info,95436
movie_info,95447
movie_info,95461
movie_info,95480
movie_info,95496
movie_info,95501
movie_info,95503
movie_info,95536
movie_info,95555
movie_info,95562
movie_info,95563
movie_info,95564
movie_info,95565
movie_info,95566
movie_info,95567
movie_info,95568
movie_info,95569
movie_info,95570
movie_info,95571
movie_info,95572
movie_info,95573
movie_info,95574
movie_info,95645
movie_info,95667
movie_info,95686
movie_info,95691
movie_info,95734
movie_info,95770
movie_info,95791
movie_info,95825
movie_info,95834
movie_info,95839
movie_info,95870
movie_info,95871
movie_info,95872
movie_info,95977
movie_info,95978
movie_info,95979
movie_info,95992
movie_info,96153
movie_info,96217
movie_info,96225
movie_info,96297
movie_info,96303
movie_info,96304
movie_info,96315
movie_info,96329
movie_info,96363
movie_info,96367
movie_info,96419
movie_info,96438
movie_info,96464
movie_info,96559
movie_info,96693
movie_info,96793
movie_info,96801
movie_info,96806
movie_info,96873
movie_info,96891
movie_info,96893
movie_info,96894
movie_info,96924
movie_info,96943
movie_info,96944
movie_info,96945
movie_info,96997
movie_info,97014
movie_info,97061
movie_info,97075
movie_info,97076
movie_info,97092
movie_info,97097
movie_info,97108
movie_info,97109
movie_info,97110
movie_info,97111
movie_info,97123
movie_info,97130
movie_info,97152
movie_info,97184
movie_info,97189
movie_info,97192
movie_info,97200
movie_info,97201
movie_info,97202
movie_info,97203
movie_info,97245
movie_info,97246
movie_info,97268
movie_info,97275
movie_info,97329
movie_info,97338
movie_info,97342
movie_info,97424
movie_info,97469
movie_info,97537
movie_info,99733
movie_info,99734
movie_info,99827
movie_info,100196
movie_info,100197
movie_info,100302
movie_info,100303
movie_info,100349
movie_info,100385
movie_info,100386
movie_info,100387
movie_info,100686
movie_info,100740
movie_info,100834
movie_info,100835
movie_info,100899
movie_info,100913
movie_info,100914
movie_info,100922
movie_info,100923
movie_info,100955
movie_info,100956
movie_info,100970
movie_info,100985
movie_info,100997
movie_info,100999
movie_info,101016
movie_info,101030
movie_info,101034
movie_info,101035
movie_info,101036
movie_info,101066
movie_info,101069
movie_info,101070
movie_info,101079
movie_info,101081
movie_info,101093
movie_info,101096
movie_info,101097
movie_info,101098
movie_info,101099
movie_info,101102
movie_info,101104
movie_info,101106
movie_info,101118
movie_info,101119
movie_info,101120
movie_info,101129
movie_info,101140
movie_info,101148
movie_info,101149
movie_info,101181
movie_info,101188
movie_info,101193
movie_info,101195
movie_info,101201
movie_info,101204
movie_info,101206
movie_info,101210
movie_info,101216
movie_info,101217
movie_info,101219
movie_info,101228
movie_info,101236
movie_info,101242
movie_info,101245
movie_info,101251
movie_info,101256
movie_info,101260
movie_info,101265
movie_info,101266
movie_info,101270
movie_info,101272
movie_info,101273
movie_info,101276
movie_info,101277
movie_info,101278
movie_info,101279
movie_info,101281
movie_info,101286
movie_info,101289
movie_info,101291
movie_info,101292
movie_info,101293
movie_info,101295
movie_info,101297
movie_info,101298
movie_info,101299
movie_info,101300
movie_info,101301
movie_info,101304
movie_info,101306
movie_info,101308
movie_info,101309
movie_info,101310
movie_info,101311
movie_info,101312
movie_info,101314
movie_info,101315
movie_info,101316
movie_info,101318
movie_info,101319
movie_info,101320
movie_info,101326
movie_info,101327
movie_info,101328
movie_info,101332
movie_info,101340
movie_info,101346
movie_info,101347
movie_info,101348
movie_info,101349
movie_info,101352
movie_info,101354
movie_info,101357
movie_info,101358
movie_info,101359
movie_info,101363
movie_info,101365
movie_info,101366
movie_info,101367
movie_info,101370
movie_info,101371
movie_info,101372
movie_info,101373
movie_info,101375
movie_info,101376
movie_info,101377
movie_info,101379
movie_info,101380
movie_info,101384
movie_info,101387
movie_info,101389
movie_info,101390
movie_info,101394
movie_info,101395
movie_info,101397
movie_info,101398
movie_info,101401
movie_info,101405
movie_info,101407
movie_info,101408
movie_info,101409
movie_info,101410
movie_info,101412
movie_info,101413
movie_info,101414
movie_info,101418
movie_info,101421
movie_info,101423
movie_info,101424
movie_info,101426
movie_info,101428
movie_info,101430
movie_info,101431
movie_info,101432
movie_info,101433
movie_info,101434
movie_info,101437
movie_info,101438
movie_info,101439
movie_info,101442
movie_info,101443
movie_info,101444
movie_info,101446
movie_info,101448
movie_info,101449
movie_info,101450
movie_info,101451
movie_info,101453
movie_info,101454
movie_info,101459
movie_info,101460
movie_info,101461
movie_info,101462
movie_info,101463
movie_info,101465
movie_info,101467
movie_info,101470
movie_info,101471
movie_info,101472
movie_info,101473
movie_info,101475
movie_info,101476
movie_info,101478
movie_info,101480
movie_info,101484
movie_info,101485
movie_info,101486
movie_info,101487
movie_info,101488
movie_info,101489
movie_info,101491
movie_info,101492
movie_info,101493
movie_info,101494
movie_info,101495
movie_info,101496
movie_info,101497
movie_info,101499
movie_info,101500
movie_info,101501
movie_info,101502
movie_info,101503
movie_info,101504
movie_info,101505
movie_info,101506
movie_info,101507
movie_info,101508
movie_info,101509
movie_info,101511
movie_info,101512
movie_info,101516
movie_info,101517
movie_info,101518
movie_info,101519
movie_info,101521
movie_info,101523
movie_info,101524
movie_info,101525
movie_info,101526
movie_info,101527
movie_info,101528
movie_info,101529
movie_info,101530
movie_info,101531
movie_info,101532
movie_info,101535
movie_info,101537
movie_info,101538
movie_info,101539
movie_info,101541
movie_info,101542
movie_info,101543
movie_info,101544
movie_info,101546
movie_info,101547
movie_info,101549
movie_info,101550
movie_info,101552
movie_info,101553
movie_info,101556
movie_info,101557
movie_info,101558
movie_info,101559
movie_info,101561
movie_info,101564
movie_info,101565
movie_info,101566
movie_info,101567
movie_info,101569
movie_info,101570
movie_info,101571
movie_info,101573
movie_info,101575
movie_info,101576
movie_info,101577
movie_info,101584
movie_info,101587
movie_info,101589
movie_info,101591
movie_info,101595
movie_info,101596
movie_info,101597
movie_info,101599
movie_info,101603
movie_info,101605
movie_info,101606
movie_info,101607
movie_info,101610
movie_info,101611
movie_info,101613
movie_info,101615
movie_info,101617
movie_info,101620
movie_info,101624
movie_info,101630
movie_info,101631
movie_info,101634
movie_info,101635
movie_info,101641
movie_info,101642
movie_info,101643
movie_info,101646
movie_info,101647
movie_info,101650
movie_info,101651
movie_info,101652
movie_info,101653
movie_info,101654
movie_info,101655
movie_info,101656
movie_info,101657
movie_info,101660
movie_info,101662
movie_info,101663
movie_info,101666
movie_info,101667
movie_info,101668
movie_info,101669
movie_info,101670
movie_info,101673
movie_info,101676
movie_info,101677
movie_info,101680
movie_info,101681
movie_info,101683
movie_info,101684
movie_info,101686
movie_info,101687
movie_info,101688
movie_info,101690
movie_info,101691
movie_info,101693
movie_info,101694
movie_info,101695
movie_info,101696
movie_info,101697
movie_info,101698
movie_info,101699
movie_info,101700
movie_info,101701
movie_info,101705
movie_info,101706
movie_info,101707
movie_info,101708
movie_info,101709
movie_info,101710
movie_info,101711
movie_info,101712
movie_info,101713
movie_info,101715
movie_info,101716
movie_info,101717
movie_info,101719
movie_info,101720
movie_info,101721
movie_info,101722
movie_info,101723
movie_info,101725
movie_info,101727
movie_info,101728
movie_info,101730
movie_info,101731
movie_info,101732
movie_info,101734
movie_info,101735
movie_info,101738
movie_info,101740
movie_info,101741
movie_info,101742
movie_info,101743
movie_info,101744
movie_info,101745
movie_info,101746
movie_info,101749
movie_info,101750
movie_info,101751
movie_info,101754
movie_info,101755
movie_info,101756
movie_info,101757
movie_info,101758
movie_info,101759
movie_info,101760
movie_info,101761
movie_info,101762
movie_info,101763
movie_info,101764
movie_info,101765
movie_info,101766
movie_info,101771
movie_info,101774
movie_info,101777
movie_info,101778
movie_info,101782
movie_info,101783
movie_info,101784
movie_info,101786
movie_info,101787
movie_info,101788
movie_info,101789
movie_info,101792
movie_info,101793
movie_info,101794
movie_info,101795
movie_info,101796
movie_info,101798
movie_info,101799
movie_info,101800
movie_info,101802
movie_info,101803
movie_info,101804
movie_info,101805
movie_info,101808
movie_info,101810
movie_info,101811
movie_info,101812
movie_info,101814
movie_info,101815
movie_info,101816
movie_info,101817
movie_info,101818
movie_info,101819
movie_info,101820
movie_info,101822
movie_info,101824
movie_info,101826
movie_info,101828
movie_info,101829
movie_info,101831
movie_info,101832
movie_info,101833
movie_info,101834
movie_info,101835
movie_info,101836
movie_info,101837
movie_info,101838
movie_info,101839
movie_info,101841
movie_info,101842
movie_info,101845
movie_info,101846
movie_info,101849
movie_info,101850
movie_info,101851
movie_info,101852
movie_info,101853
movie_info,101854
movie_info,101855
movie_info,101857
movie_info,101858
movie_info,101859
movie_info,101860
movie_info,101861
movie_info,101862
movie_info,101863
movie_info,101864
movie_info,101866
movie_info,101867
movie_info,101868
movie_info,101869
movie_info,101870
movie_info,101872
movie_info,101874
movie_info,101875
movie_info,101876
movie_info,101877
movie_info,101878
movie_info,101883
movie_info,101884
movie_info,101885
movie_info,101888
movie_info,101889
movie_info,101890
movie_info,101891
movie_info,101892
movie_info,101896
movie_info,101899
movie_info,101900
movie_info,101903
movie_info,101904
movie_info,101905
movie_info,101908
movie_info,101909
movie_info,101910
movie_info,101911
movie_info,101912
movie_info,101913
movie_info,101915
movie_info,101916
movie_info,101917
movie_info,101918
movie_info,101919
movie_info,101924
movie_info,101925
movie_info,101926
movie_info,101928
movie_info,101929
movie_info,101931
movie_info,101932
movie_info,101935
movie_info,101937
movie_info,101938
movie_info,101940
movie_info,101942
movie_info,101943
movie_info,101947
movie_info,101948
movie_info,101949
movie_info,101952
movie_info,101953
movie_info,101954
movie_info,101956
movie_info,101957
movie_info,101958
movie_info,101960
movie_info,101961
movie_info,101963
movie_info,101965
movie_info,101966
movie_info,101968
movie_info,101972
movie_info,101973
movie_info,101974
movie_info,101975
movie_info,101976
movie_info,101977
movie_info,101978
movie_info,101980
movie_info,101985
movie_info,101986
movie_info,101988
movie_info,101989
movie_info,101990
movie_info,101993
movie_info,101998
movie_info,102001
movie_info,102003
movie_info,102005
movie_info,102006
movie_info,102007
movie_info,102008
movie_info,102009
movie_info,102010
movie_info,102011
movie_info,102012
movie_info,102013
movie_info,102014
movie_info,102015
movie_info,102016
movie_info,102017
movie_info,102019
movie_info,102020
movie_info,102021
movie_info,102022
movie_info,102023
movie_info,102026
movie_info,102027
movie_info,102029
movie_info,102030
movie_info,102032
movie_info,102033
movie_info,102034
movie_info,102035
movie_info,102038
movie_info,102039
movie_info,102041
movie_info,102042
movie_info,102043
movie_info,102045
movie_info,102047
movie_info,102050
movie_info,102055
movie_info,102056
movie_info,102057
movie_info,102059
movie_info,102060
movie_info,102062
movie_info,102063
movie_info,102064
movie_info,102065
movie_info,102066
movie_info,102068
movie_info,102069
movie_info,102070
movie_info,102071
movie_info,102072
movie_info,102073
movie_info,102074
movie_info,102076
movie_info,102080
movie_info,102081
movie_info,102082
movie_info,102083
movie_info,102084
movie_info,102087
movie_info,102088
movie_info,102089
movie_info,102090
movie_info,102091
movie_info,102092
movie_info,102093
movie_info,102096
movie_info,102098
movie_info,102099
movie_info,102100
movie_info,102101
movie_info,102104
movie_info,102105
movie_info,102107
movie_info,102108
movie_info,102109
movie_info,102110
movie_info,102113
movie_info,102114
movie_info,102115
movie_info,102116
movie_info,102117
movie_info,102118
movie_info,102119
movie_info,102121
movie_info,102122
movie_info,102123
movie_info,102124
movie_info,102125
movie_info,102126
movie_info,102127
movie_info,102129
movie_info,102130
movie_info,102134
movie_info,102135
movie_info,102136
movie_info,102137
movie_info,102138
movie_info,102139
movie_info,102141
movie_info,102143
movie_info,102145
movie_info,102146
movie_info,102147
movie_info,102149
movie_info,102150
movie_info,102152
movie_info,102153
movie_info,102156
movie_info,102157
movie_info,102159
movie_info,102160
movie_info,102162
movie_info,102163
movie_info,102165
movie_info,102166
movie_info,102167
movie_info,102168
movie_info,102170
movie_info,102172
movie_info,102173
movie_info,102175
movie_info,102176
movie_info,102178
movie_info,102179
movie_info,102180
movie_info,102181
movie_info,102182
movie_info,102183
movie_info,102184
movie_info,102185
movie_info,102186
movie_info,102188
movie_info,102189
movie_info,102190
movie_info,102191
movie_info,102192
movie_info,102193
movie_info,102194
movie_info,102196
movie_info,102197
movie_info,102198
movie_info,102199
movie_info,102200
movie_info,102202
movie_info,102203
movie_info,102204
movie_info,102205
movie_info,102207
movie_info,102208
movie_info,102210
movie_info,102212
movie_info,102213
movie_info,102214
movie_info,102215
movie_info,102217
movie_info,102218
movie_info,102219
movie_info,102220
movie_info,102224
movie_info,102225
movie_info,102228
movie_info,102229
movie_info,102232
movie_info,102234
movie_info,102235
movie_info,102237
movie_info,102238
movie_info,102239
movie_info,102240
movie_info,102241
movie_info,102243
movie_info,102244
movie_info,102245
movie_info,102246
movie_info,102247
movie_info,102248
movie_info,102250
movie_info,102252
movie_info,102253
movie_info,102255
movie_info,102257
movie_info,102258
movie_info,102259
movie_info,102260
movie_info,102261
movie_info,102262
movie_info,102263
movie_info,102264
movie_info,102266
movie_info,102267
movie_info,102269
movie_info,102271
movie_info,102273
movie_info,102275
movie_info,102278
movie_info,102280
movie_info,102281
movie_info,102282
movie_info,102283
movie_info,102285
movie_info,102286
movie_info,102287
movie_info,102288
movie_info,102289
movie_info,102290
movie_info,102292
movie_info,102295
movie_info,102296
movie_info,102297
movie_info,102298
movie_info,102299
movie_info,102300
movie_info,102301
movie_info,102303
movie_info,102304
movie_info,102308
movie_info,102309
movie_info,102310
movie_info,102311
movie_info,102312
movie_info,102313
movie_info,102314
movie_info,102315
movie_info,102319
movie_info,102320
movie_info,102321
movie_info,102322
movie_info,102323
movie_info,102324
movie_info,102325
movie_info,102326
movie_info,102327
movie_info,102328
movie_info,102329
movie_info,102330
movie_info,102332
movie_info,102334
movie_info,102337
movie_info,102338
movie_info,102339
movie_info,102340
movie_info,102341
movie_info,102342
movie_info,102343
movie_info,102345
movie_info,102346
movie_info,102347
movie_info,102348
movie_info,102349
movie_info,102351
movie_info,102352
movie_info,102353
movie_info,102354
movie_info,102355
movie_info,102356
movie_info,102357
movie_info,102359
movie_info,102360
movie_info,102361
movie_info,102362
movie_info,102363
movie_info,102364
movie_info,102365
movie_info,102366
movie_info,102367
movie_info,102368
movie_info,102369
movie_info,102370
movie_info,102371
movie_info,102372
movie_info,102374
movie_info,102375
movie_info,102376
movie_info,102377
movie_info,102378
movie_info,102379
movie_info,102380
movie_info,102381
movie_info,102382
movie_info,102385
movie_info,102387
movie_info,102388
movie_info,102389
movie_info,102390
movie_info,102391
movie_info,102393
movie_info,102394
movie_info,102395
movie_info,102396
movie_info,102397
movie_info,102398
movie_info,102399
movie_info,102400
movie_info,102401
movie_info,102404
movie_info,102405
movie_info,102407
movie_info,102408
movie_info,102409
movie_info,102410
movie_info,102412
movie_info,102413
movie_info,102415
movie_info,102417
movie_info,102418
movie_info,102419
movie_info,102420
movie_info,102421
movie_info,102422
movie_info,102423
movie_info,102424
movie_info,102426
movie_info,102427
movie_info,102429
movie_info,102430
movie_info,102431
movie_info,102432
movie_info,102435
movie_info,102436
movie_info,102439
movie_info,102446
movie_info,102454
movie_info,102456
movie_info,102463
movie_info,102464
movie_info,102465
movie_info,102466
movie_info,103779
movie_info,103783
movie_info,103786
movie_info,103789
movie_info,103790
movie_info,103796
movie_info,103797
movie_info,103798
movie_info,103802
movie_info,103804
movie_info,103805
movie_info,103808
movie_info,103810
movie_info,103815
movie_info,103819
movie_info,103820
movie_info,103829
movie_info,103830
movie_info,103831
movie_info,103834
movie_info,103836
movie_info,103839
movie_info,103840
movie_info,103841
movie_info,103846
movie_info,103847
movie_info,103853
movie_info,103854
movie_info,103856
movie_info,103859
movie_info,103864
movie_info,103865
movie_info,103874
movie_info,103876
movie_info,103877
movie_info,103885
movie_info,103891
movie_info,103892
movie_info,103893
movie_info,103894
movie_info,103895
movie_info,103900
movie_info,103909
movie_info,103916
movie_info,103919
movie_info,103921
movie_info,103925
movie_info,103930
movie_info,103943
movie_info,103944
movie_info,103959
movie_info,103974
movie_info,104091
movie_info,104146
movie_info,104191
movie_info,104230
movie_info,104274
movie_info,104326
movie_info,104356
movie_info,104381
movie_info,104410
movie_info,104430
movie_info,104447
movie_info,104451
movie_info,104479
movie_info,104490
movie_info,104534
movie_info,104564
movie_info,104568
movie_info,104575
movie_info,104581
movie_info,104592
movie_info,104593
movie_info,104621
movie_info,104640
movie_info,104685
movie_info,104689
movie_info,104691
movie_info,104695
movie_info,104696
movie_info,104710
movie_info,104718
movie_info,104725
movie_info,104938
movie_info,104962
movie_info,104966
movie_info,104981
movie_info,105002
movie_info,105021
movie_info,105102
movie_info,105135
movie_info,105170
movie_info,105256
movie_info,105258
movie_info,105259
movie_info,105290
movie_info,105297
movie_info,105313
movie_info,105331
movie_info,105336
movie_info,105344
movie_info,105351
movie_info,105373
movie_info,105381
movie_info,105382
movie_info,105422
movie_info,105423
movie_info,105442
movie_info,105495
movie_info,105496
movie_info,105498
movie_info,105522
movie_info,105538
movie_info,105539
movie_info,105544
movie_info,105545
movie_info,105574
movie_info,105600
movie_info,105622
movie_info,105628
movie_info,105655
movie_info,105656
movie_info,105662
movie_info,105670
movie_info,105695
movie_info,105744
movie_info,105753
movie_info,105771
movie_info,105793
movie_info,105798
movie_info,105840
movie_info,105841
movie_info,105879
movie_info,105890
movie_info,105893
movie_info,105896
movie_info,105922
movie_info,105936
movie_info,106005
movie_info,106020
movie_info,106044
movie_info,106056
movie_info,106059
movie_info,106063
movie_info,106067
movie_info,106068
movie_info,106070
movie_info,106095
movie_info,106110
movie_info,106112
movie_info,106117
movie_info,106128
movie_info,106132
movie_info,106139
movie_info,106140
movie_info,106144
movie_info,106159
movie_info,106161
movie_info,106167
movie_info,106215
movie_info,106216
movie_info,106222
movie_info,106223
movie_info,106224
movie_info,106225
movie_info,106226
movie_info,106227
movie_info,106228
movie_info,106305
movie_info,106307
movie_info,106333
movie_info,106341
movie_info,106358
movie_info,106381
movie_info,106383
movie_info,106445
movie_info,106558
movie_info,106559
movie_info,106560
movie_info,106565
movie_info,106566
movie_info,106567
movie_info,106571
movie_info,106592
movie_info,106593
movie_info,106650
movie_info,106679
movie_info,106680
movie_info,106681
movie_info,106708
movie_info,106709
movie_info,106748
movie_info,106749
movie_info,106750
movie_info,106752
movie_info,106753
movie_info,106799
movie_info,106816
movie_info,106817
movie_info,106818
movie_info,106819
movie_info,106820
movie_info,106822
movie_info,106824
movie_info,106825
movie_info,106827
movie_info,106869
movie_info,106874
movie_info,106875
movie_info,106885
movie_info,106892
movie_info,106893
movie_info,106894
movie_info,106895
movie_info,106918
movie_info,106975
movie_info,107000
movie_info,107040
movie_info,107041
movie_info,107042
movie_info,107047
movie_info,107070
movie_info,107071
movie_info,107072
movie_info,107073
movie_info,107074
movie_info,107075
movie_info,107076
movie_info,107077
movie_info,107078
movie_info,107079
movie_info,107080
movie_info,107082
movie_info,107083
movie_info,107084
movie_info,107085
movie_info,107086
movie_info,107087
movie_info,107100
movie_info,107105
movie_info,107107
movie_info,107115
movie_info,107121
movie_info,107122
movie_info,107124
movie_info,107125
movie_info,107126
movie_info,107127
movie_info,107128
movie_info,107129
movie_info,107130
movie_info,107131
movie_info,107146
movie_info,107147
movie_info,107148
movie_info,107149
movie_info,107154
movie_info,107156
movie_info,107161
movie_info,107169
movie_info,107171
movie_info,107172
movie_info,107173
movie_info,107176
movie_info,107182
movie_info,107184
movie_info,107188
movie_info,107190
movie_info,107191
movie_info,107192
movie_info,107193
movie_info,107194
movie_info,107195
movie_info,107196
movie_info,107197
movie_info,107198
movie_info,107199
movie_info,107200
movie_info,107203
movie_info,107204
movie_info,107205
movie_info,107213
movie_info,107214
movie_info,107217
movie_info,107218
movie_info,107219
movie_info,107220
movie_info,107221
movie_info,107223
movie_info,107224
movie_info,107227
movie_info,107228
movie_info,107229
movie_info,107230
movie_info,107231
movie_info,107233
movie_info,107235
movie_info,107236
movie_info,107238
movie_info,107239
movie_info,107241
movie_info,107243
movie_info,107254
movie_info,107258
movie_info,107260
movie_info,107261
movie_info,107263
movie_info,107269
movie_info,107271
movie_info,107275
movie_info,107276
movie_info,107278
movie_info,107284
movie_info,107285
movie_info,107286
movie_info,107287
movie_info,107288
movie_info,107289
movie_info,107290
movie_info,107291
movie_info,107292
movie_info,107293
movie_info,107294
movie_info,107295
movie_info,107296
movie_info,107297
movie_info,107299
movie_info,107301
movie_info,107304
movie_info,107305
movie_info,107306
movie_info,107314
movie_info,107315
movie_info,107325
movie_info,107434
movie_info,107449
movie_info,107450
movie_info,107451
movie_info,107452
movie_info,107509
movie_info,107510
movie_info,107511
movie_info,107588
movie_info,107589
movie_info,107590
movie_info,107601
movie_info,107629
movie_info,107641
movie_info,107654
movie_info,107676
movie_info,107677
movie_info,107678
movie_info,107680
movie_info,107681
movie_info,107682
movie_info,107683
movie_info,107684
movie_info,107685
movie_info,107686
movie_info,107688
movie_info,107689
movie_info,107690
movie_info,107691
movie_info,107692
movie_info,107693
movie_info,107694
movie_info,107695
movie_info,107696
movie_info,107697
movie_info,107698
movie_info,107702
movie_info,107703
movie_info,107704
movie_info,107705
movie_info,107706
movie_info,107707
movie_info,107708
movie_info,107709
movie_info,107710
movie_info,107711
movie_info,107713
movie_info,107715
movie_info,107718
movie_info,107723
movie_info,107727
movie_info,107728
movie_info,107729
movie_info,107730
movie_info,107731
movie_info,107732
movie_info,107733
movie_info,107734
movie_info,107735
movie_info,107736
movie_info,107737
movie_info,107738
movie_info,107739
movie_info,107740
movie_info,107742
movie_info,107743
movie_info,107744
movie_info,107745
movie_info,107746
movie_info,107747
movie_info,107749
movie_info,107751
movie_info,107752
movie_info,107753
movie_info,107754
movie_info,107755
movie_info,107756
movie_info,107757
movie_info,107758
movie_info,107759
movie_info,107762
movie_info,107763
movie_info,107764
movie_info,107765
movie_info,107766
movie_info,107767
movie_info,107771
movie_info,107772
movie_info,107773
movie_info,107781
movie_info,107782
movie_info,107817
movie_info,107818
movie_info,107820
movie_info,107824
movie_info,107825
movie_info,107826
movie_info,107827
movie_info,107828
movie_info,107829
movie_info,107873
movie_info,107896
movie_info,107917
movie_info,107918
movie_info,107920
movie_info,107929
movie_info,107930
movie_info,107933
movie_info,107944
movie_info,107961
movie_info,107966
movie_info,107969
movie_info,107974
movie_info,107980
movie_info,108137
movie_info,108139
movie_info,108140
movie_info,108142
movie_info,108143
movie_info,108147
movie_info,108149
movie_info,108151
movie_info,108152
movie_info,108153
movie_info,108155
movie_info,108156
movie_info,108157
movie_info,108158
movie_info,108159
movie_info,108160
movie_info,108161
movie_info,108162
movie_info,108163
movie_info,108164
movie_info,108165
movie_info,108167
movie_info,108170
movie_info,108172
movie_info,108183
movie_info,108191
movie_info,108192
movie_info,108193
movie_info,108194
movie_info,108195
movie_info,108196
movie_info,108197
movie_info,108198
movie_info,108199
movie_info,108200
movie_info,108203
movie_info,108204
movie_info,108208
movie_info,108209
movie_info,108210
movie_info,108212
movie_info,108213
movie_info,108214
movie_info,108216
movie_info,108218
movie_info,108226
movie_info,108227
movie_info,108228
movie_info,108229
movie_info,108230
movie_info,108231
movie_info,108232
movie_info,108233
movie_info,108234
movie_info,108235
movie_info,108236
movie_info,108237
movie_info,108238
movie_info,108239
movie_info,108240
movie_info,108241
movie_info,108242
movie_info,108320
movie_info,108350
movie_info,108351
movie_info,108352
movie_info,108353
movie_info,108354
movie_info,108355
movie_info,108356
movie_info,108357
movie_info,108358
movie_info,108359
movie_info,108360
movie_info,108361
movie_info,108362
movie_info,108417
movie_info,108418
movie_info,108419
movie_info,108429
movie_info,108430
movie_info,108431
movie_info,108432
movie_info,108433
movie_info,108434
movie_info,108435
movie_info,108440
movie_info,108451
movie_info,108452
movie_info,108453
movie_info,108456
movie_info,108458
movie_info,108459
movie_info,108461
movie_info,108462
movie_info,108464
movie_info,108465
movie_info,108466
movie_info,108468
movie_info,108470
movie_info,108471
movie_info,108472
movie_info,108474
movie_info,108477
movie_info,108480
movie_info,108481
movie_info,108482
movie_info,108484
movie_info,108488
movie_info,108489
movie_info,108491
movie_info,108495
movie_info,108496
movie_info,108497
movie_info,108498
movie_info,108500
movie_info,108501
movie_info,108503
movie_info,108505
movie_info,108506
movie_info,108507
movie_info,108521
movie_info,108554
movie_info,108569
movie_info,108573
movie_info,108574
movie_info,108592
movie_info,108597
movie_info,108601
movie_info,108602
movie_info,108605
movie_info,108610
movie_info,108612
movie_info,108614
movie_info,108615
movie_info,108618
movie_info,108619
movie_info,108623
movie_info,108701
movie_info,108797
movie_info,108798
movie_info,108800
movie_info,108803
movie_info,108805
movie_info,108806
movie_info,108810
movie_info,108811
movie_info,108813
movie_info,108814
movie_info,108845
movie_info,108858
movie_info,108861
movie_info,108862
movie_info,108863
movie_info,108864
movie_info,108885
movie_info,108890
movie_info,108891
movie_info,108892
movie_info,108893
movie_info,108894
movie_info,108897
movie_info,108911
movie_info,108912
movie_info,108915
movie_info,108916
movie_info,108919
movie_info,108922
movie_info,108924
movie_info,108929
movie_info,108930
movie_info,108931
movie_info,108932
movie_info,108934
movie_info,108940
movie_info,108941
movie_info,108946
movie_info,108948
movie_info,108952
movie_info,108953
movie_info,108957
movie_info,108965
movie_info,108966
movie_info,108967
movie_info,108968
movie_info,108969
movie_info,108970
movie_info,108971
movie_info,108972
movie_info,108973
movie_info,108981
movie_info,108992
movie_info,109005
movie_info,109007
movie_info,109008
movie_info,109009
movie_info,109029
movie_info,109036
movie_info,109037
movie_info,109038
movie_info,109039
movie_info,109046
movie_info,109048
movie_info,109049
movie_info,109055
movie_info,109063
movie_info,109066
movie_info,109067
movie_info,109077
movie_info,109078
movie_info,109079
movie_info,109080
movie_info,109081
movie_info,109082
movie_info,109083
movie_info,109084
movie_info,109085
movie_info,109107
movie_info,109109
movie_info,109110
movie_info,109121
movie_info,109127
movie_info,109128
movie_info,109129
movie_info,109145
movie_info,109146
movie_info,109160
movie_info,109162
movie_info,109178
movie_info,109182
movie_info,109184
movie_info,109188
movie_info,109189
movie_info,109191
movie_info,109195
movie_info,109197
movie_info,109198
movie_info,109199
movie_info,109202
movie_info,109203
movie_info,109204
movie_info,109205
movie_info,109206
movie_info,109207
movie_info,109208
movie_info,109209
movie_info,109210
movie_info,109215
movie_info,109216
movie_info,109217
movie_info,109218
movie_info,109225
movie_info,109227
movie_info,109229
movie_info,109292
movie_info,109293
movie_info,109294
movie_info,109297
movie_info,109305
movie_info,109306
movie_info,109307
movie_info,109308
movie_info,109309
movie_info,109375
movie_info,109391
movie_info,109394
movie_info,109401
movie_info,109543
movie_info,109544
movie_info,109545
movie_info,109546
movie_info,109548
movie_info,109550
movie_info,109551
movie_info,109553
movie_info,109555
movie_info,109556
movie_info,109558
movie_info,109561
movie_info,109565
movie_info,109569
movie_info,109570
movie_info,109573
movie_info,109574
movie_info,109575
movie_info,109576
movie_info,109577
movie_info,109578
movie_info,109579
movie_info,109581
movie_info,109582
movie_info,109583
movie_info,109585
movie_info,109586
movie_info,109587
movie_info,109589
movie_info,109591
movie_info,109593
movie_info,109596
movie_info,109599
movie_info,109632
movie_info,109633
movie_info,109634
movie_info,109635
movie_info,109636
movie_info,109637
movie_info,109686
movie_info,109695
movie_info,109696
movie_info,109697
movie_info,109698
movie_info,109699
movie_info,109700
movie_info,109701
movie_info,109702
movie_info,109703
movie_info,109704
movie_info,109705
movie_info,109708
movie_info,109711
movie_info,109713
movie_info,109714
movie_info,109715
movie_info,109716
movie_info,109717
movie_info,109718
movie_info,109719
movie_info,109720
movie_info,109721
movie_info,109722
movie_info,109723
movie_info,109724
movie_info,109725
movie_info,109727
movie_info,109729
movie_info,109730
movie_info,109731
movie_info,109732
movie_info,109733
movie_info,109734
movie_info,109735
movie_info,109736
movie_info,109737
movie_info,109738
movie_info,109739
movie_info,109740
movie_info,109748
movie_info,109749
movie_info,109750
movie_info,109751
movie_info,109756
movie_info,109760
movie_info,109764
movie_info,109765
movie_info,109864
movie_info,109872
movie_info,109884
movie_info,109902
movie_info,109903
movie_info,109928
movie_info,109942
movie_info,109961
movie_info,109980
movie_info,109982
movie_info,109983
movie_info,109985
movie_info,109987
movie_info,109996
movie_info,109997
movie_info,110003
movie_info,110004
movie_info,110006
movie_info,110007
movie_info,110008
movie_info,110011
movie_info,110012
movie_info,110015
movie_info,110017
movie_info,110018
movie_info,110021
movie_info,110022
movie_info,110023
movie_info,110024
movie_info,110028
movie_info,110029
movie_info,110031
movie_info,110037
movie_info,110038
movie_info,110039
movie_info,110040
movie_info,110041
movie_info,110042
movie_info,110046
movie_info,110048
movie_info,110052
movie_info,110056
movie_info,110058
movie_info,110061
movie_info,110070
movie_info,110071
movie_info,110073
movie_info,110076
movie_info,110077
movie_info,110079
movie_info,110083
movie_info,110085
movie_info,110088
movie_info,110090
movie_info,110091
movie_info,110094
movie_info,110118
movie_info,110120
movie_info,110123
movie_info,110202
movie_info,110227
movie_info,110235
movie_info,110236
movie_info,110237
movie_info,110239
movie_info,110240
movie_info,110241
movie_info,110242
movie_info,110243
movie_info,110244
movie_info,110245
movie_info,110246
movie_info,110247
movie_info,110248
movie_info,110313
movie_info,110327
movie_info,110331
movie_info,110332
movie_info,110333
movie_info,110334
movie_info,110336
movie_info,110337
movie_info,110341
movie_info,110357
movie_info,110358
movie_info,110363
movie_info,110368
movie_info,110369
movie_info,110370
movie_info,110371
movie_info,110388
movie_info,110389
movie_info,110390
movie_info,110450
movie_info,110466
movie_info,110467
movie_info,110468
movie_info,110472
movie_info,110473
movie_info,110474
movie_info,110475
movie_info,110476
movie_info,110477
movie_info,110478
movie_info,110479
movie_info,110480
movie_info,110482
movie_info,110483
movie_info,110484
movie_info,110485
movie_info,110486
movie_info,110487
movie_info,110488
movie_info,110489
movie_info,110490
movie_info,110491
movie_info,110492
movie_info,110493
movie_info,110495
movie_info,110499
movie_info,110500
movie_info,110517
movie_info,110520
movie_info,110565
movie_info,110566
movie_info,110567
movie_info,110568
movie_info,110569
movie_info,110570
movie_info,110571
movie_info,110572
movie_info,110573
movie_info,110574
movie_info,110575
movie_info,110576
movie_info,110577
movie_info,110578
movie_info,110579
movie_info,110580
movie_info,110581
movie_info,110582
movie_info,110583
movie_info,110584
movie_info,110649
movie_info,110783
movie_info,110785
movie_info,110793
movie_info,110794
movie_info,110878
movie_info,110881
movie_info,110884
movie_info,110885
movie_info,110886
movie_info,110887
movie_info,110888
movie_info,110889
movie_info,110890
movie_info,110891
movie_info,110892
movie_info,110894
movie_info,110962
movie_info,110963
movie_info,110964
movie_info,110965
movie_info,110998
movie_info,111002
movie_info,111003
movie_info,111004
movie_info,111005
movie_info,111024
movie_info,111027
movie_info,111029
movie_info,111137
movie_info,111138
movie_info,111140
movie_info,111141
movie_info,111142
movie_info,111144
movie_info,111147
movie_info,111168
movie_info,111169
movie_info,111172
movie_info,111180
movie_info,111185
movie_info,111186
movie_info,111187
movie_info,111190
movie_info,111191
movie_info,111192
movie_info,111193
movie_info,111206
movie_info,111207
movie_info,111208
movie_info,111209
movie_info,111219
movie_info,111220
movie_info,111221
movie_info,111223
movie_info,111231
movie_info,111236
movie_info,111245
movie_info,111246
movie_info,111247
movie_info,111248
movie_info,111249
movie_info,111250
movie_info,111251
movie_info,111252
movie_info,111253
movie_info,111254
movie_info,111255
movie_info,111256
movie_info,111257
movie_info,111258
movie_info,111260
movie_info,111261
movie_info,111262
movie_info,111263
movie_info,111264
movie_info,111265
movie_info,111266
movie_info,111267
movie_info,111268
movie_info,111269
movie_info,111270
movie_info,111271
movie_info,111272
movie_info,111273
movie_info,111274
movie_info,111276
movie_info,111277
movie_info,111278
movie_info,111289
movie_info,111292
movie_info,111293
movie_info,111296
movie_info,111297
movie_info,111301
movie_info,111302
movie_info,111308
movie_info,111309
movie_info,111312
movie_info,111315
movie_info,111322
movie_info,111338
movie_info,111340
movie_info,111354
movie_info,111356
movie_info,111368
movie_info,111407
movie_info,111419
movie_info,111420
movie_info,111425
movie_info,111426
movie_info,111429
movie_info,111431
movie_info,111432
movie_info,111434
movie_info,111435
movie_info,111436
movie_info,111437
movie_info,111439
movie_info,111441
movie_info,111442
movie_info,111443
movie_info,111445
movie_info,111446
movie_info,111447
movie_info,111448
movie_info,111450
movie_info,111456
movie_info,111457
movie_info,111458
movie_info,111459
movie_info,111460
movie_info,111462
movie_info,111463
movie_info,111464
movie_info,111467
movie_info,111468
movie_info,111469
movie_info,111470
movie_info,111472
movie_info,111476
movie_info,111482
movie_info,111484
movie_info,111486
movie_info,111493
movie_info,111498
movie_info,111499
movie_info,111507
movie_info,111509
movie_info,111510
movie_info,111511
movie_info,111513
movie_info,111514
movie_info,111516
movie_info,111522
movie_info,111524
movie_info,111527
movie_info,111528
movie_info,111531
movie_info,111534
movie_info,111539
movie_info,111540
movie_info,111545
movie_info,111546
movie_info,111547
movie_info,111555
movie_info,111558
movie_info,111559
movie_info,111560
movie_info,111561
movie_info,111562
movie_info,111563
movie_info,111564
movie_info,111565
movie_info,111566
movie_info,111567
movie_info,111568
movie_info,111569
movie_info,111570
movie_info,111571
movie_info,111572
movie_info,111573
movie_info,111574
movie_info,111575
movie_info,111577
movie_info,111578
movie_info,111579
movie_info,111580
movie_info,111581
movie_info,111588
movie_info,111590
movie_info,111609
movie_info,111676
movie_info,111687
movie_info,111688
movie_info,111695
movie_info,111696
movie_info,111699
movie_info,111727
movie_info,111728
movie_info,111779
movie_info,111780
movie_info,111781
movie_info,111782
movie_info,111783
movie_info,111784
movie_info,111785
movie_info,111786
movie_info,111787
movie_info,111788
movie_info,111858
movie_info,111875
movie_info,111909
movie_info,111922
movie_info,111927
movie_info,111930
movie_info,111970
movie_info,111971
movie_info,111972
movie_info,111973
movie_info,111974
movie_info,111980
movie_info,111983
movie_info,111985
movie_info,111986
movie_info,111987
movie_info,111988
movie_info,111989
movie_info,111990
movie_info,111992
movie_info,111993
movie_info,111994
movie_info,111995
movie_info,111996
movie_info,111997
movie_info,111998
movie_info,112009
movie_info,112011
movie_info,112012
movie_info,112037
movie_info,112046
movie_info,112047
movie_info,112086
movie_info,112113
movie_info,112114
movie_info,112115
movie_info,112166
movie_info,112176
movie_info,112182
movie_info,112230
movie_info,112231
movie_info,112232
movie_info,112233
movie_info,112241
movie_info,112242
movie_info,112248
movie_info,112249
movie_info,112250
movie_info,112258
movie_info,112259
movie_info,112260
movie_info,112261
movie_info,112314
movie_info,112315
movie_info,112319
movie_info,112426
movie_info,112464
movie_info,112509
movie_info,112599
movie_info,112600
movie_info,112601
movie_info,112602
movie_info,112603
movie_info,112614
movie_info,112619
movie_info,112624
movie_info,112634
movie_info,112635
movie_info,112640
movie_info,112641
movie_info,112652
movie_info,112699
movie_info,112700
movie_info,112701
movie_info,112705
movie_info,112706
movie_info,112707
movie_info,112716
movie_info,112717
movie_info,112718
movie_info,112721
movie_info,112722
movie_info,112723
movie_info,112724
movie_info,112729
movie_info,112730
movie_info,112731
movie_info,112732
movie_info,112733
movie_info,112745
movie_info,112746
movie_info,112747
movie_info,112748
movie_info,112749
movie_info,112750
movie_info,112751
movie_info,112752
movie_info,112754
movie_info,112756
movie_info,112757
movie_info,112758
movie_info,112759
movie_info,112760
movie_info,112761
movie_info,112762
movie_info,112763
movie_info,112764
movie_info,112765
movie_info,112766
movie_info,112768
movie_info,112769
movie_info,112770
movie_info,112774
movie_info,112775
movie_info,112779
movie_info,112782
movie_info,112810
movie_info,112828
movie_info,112829
movie_info,112832
movie_info,112834
movie_info,112837
movie_info,112838
movie_info,112839
movie_info,112848
movie_info,112849
movie_info,112850
movie_info,112898
movie_info,112904
movie_info,112905
movie_info,112906
movie_info,112914
movie_info,112916
movie_info,112918
movie_info,112919
movie_info,112920
movie_info,112921
movie_info,112925
movie_info,112927
movie_info,112933
movie_info,112993
movie_info,112994
movie_info,113018
movie_info,113019
movie_info,113021
movie_info,113029
movie_info,113030
movie_info,113031
movie_info,113034
movie_info,113037
movie_info,113038
movie_info,113039
movie_info,113040
movie_info,113041
movie_info,113043
movie_info,113115
movie_info,113116
movie_info,113129
movie_info,113130
movie_info,113150
movie_info,113153
movie_info,113154
movie_info,113156
movie_info,113157
movie_info,113158
movie_info,113159
movie_info,113160
movie_info,113161
movie_info,113162
movie_info,113163
movie_info,113164
movie_info,113165
movie_info,113166
movie_info,113167
movie_info,113168
movie_info,113169
movie_info,113170
movie_info,113171
movie_info,113172
movie_info,113173
movie_info,113174
movie_info,113184
movie_info,113202
movie_info,113203
movie_info,113205
movie_info,113218
movie_info,113270
movie_info,113271
movie_info,113282
movie_info,113284
movie_info,113286
movie_info,113301
movie_info,113396
movie_info,113404
movie_info,113405
movie_info,113406
movie_info,113408
movie_info,113413
movie_info,113414
movie_info,113415
movie_info,113418
movie_info,113441
movie_info,113448
movie_info,113449
movie_info,113450
movie_info,113453
movie_info,113454
movie_info,113455
movie_info,113490
movie_info,113491
movie_info,113492
movie_info,113493
movie_info,113494
movie_info,113495
movie_info,113496
movie_info,113497
movie_info,113498
movie_info,113499
movie_info,113500
movie_info,113501
movie_info,113502
movie_info,113503
movie_info,113504
movie_info,113505
movie_info,113506
movie_info,113507
movie_info,113509
movie_info,113510
movie_info,113622
movie_info,113626
movie_info,113627
movie_info,113628
movie_info,113667
movie_info,113668
movie_info,113669
movie_info,113672
movie_info,113673
movie_info,113679
movie_info,113684
movie_info,113685
movie_info,113688
movie_info,113693
movie_info,113694
movie_info,113695
movie_info,113696
movie_info,113697
movie_info,113698
movie_info,113699
movie_info,113700
movie_info,113701
movie_info,113702
movie_info,113703
movie_info,113704
movie_info,113705
movie_info,113856
movie_info,113857
movie_info,113870
movie_info,113884
movie_info,113925
movie_info,113936
movie_info,113937
movie_info,113938
movie_info,113939
movie_info,113940
movie_info,113941
movie_info,113942
movie_info,113943
movie_info,113944
movie_info,113945
movie_info,113946
movie_info,113947
movie_info,114016
movie_info,114020
movie_info,114028
movie_info,114029
movie_info,114030
movie_info,114031
movie_info,114048
movie_info,114079
movie_info,114081
movie_info,114082
movie_info,114083
movie_info,114097
movie_info,114098
movie_info,114099
movie_info,114100
movie_info,114113
movie_info,114114
movie_info,114122
movie_info,114123
movie_info,114174
movie_info,114194
movie_info,114195
movie_info,114196
movie_info,114197
movie_info,114198
movie_info,114199
movie_info,114200
movie_info,114201
movie_info,114202
movie_info,114203
movie_info,114204
movie_info,114294
movie_info,114295
movie_info,114300
movie_info,114303
movie_info,114322
movie_info,114323
movie_info,114324
movie_info,114344
movie_info,114346
movie_info,114364
movie_info,114412
movie_info,114460
movie_info,114464
movie_info,114468
movie_info,114470
movie_info,114471
movie_info,114474
movie_info,114475
movie_info,114491
movie_info,114504
movie_info,114542
movie_info,114597
movie_info,114598
movie_info,114599
movie_info,114600
movie_info,114601
movie_info,114603
movie_info,114604
movie_info,114615
movie_info,114617
movie_info,114620
movie_info,114621
movie_info,114647
movie_info,114648
movie_info,114649
movie_info,114650
movie_info,114651
movie_info,114652
movie_info,114653
movie_info,114682
movie_info,114683
movie_info,114684
movie_info,114685
movie_info,114686
movie_info,114687
movie_info,114688
movie_info,114689
movie_info,114795
movie_info,114804
movie_info,114813
movie_info,115068
movie_info,115069
movie_info,115070
movie_info,115073
movie_info,115077
movie_info,115078
movie_info,115079
movie_info,115080
movie_info,115090
movie_info,115091
movie_info,115095
movie_info,115156
movie_info,115157
movie_info,115159
movie_info,115160
movie_info,115161
movie_info,115162
movie_info,115163
movie_info,115164
movie_info,115165
movie_info,115166
movie_info,115167
movie_info,115168
movie_info,115169
movie_info,115192
movie_info,115195
movie_info,115196
movie_info,115197
movie_info,115201
movie_info,115202
movie_info,115203
movie_info,115221
movie_info,115222
movie_info,115223
movie_info,115224
movie_info,115251
movie_info,115252
movie_info,115298
movie_info,115319
movie_info,115385
movie_info,115389
movie_info,115392
movie_info,115474
movie_info,115475
movie_info,115506
movie_info,115551
movie_info,115553
movie_info,115554
movie_info,115555
movie_info,115556
movie_info,115560
movie_info,115561
movie_info,115675
movie_info,115684
movie_info,115686
movie_info,115689
movie_info,115691
movie_info,115693
movie_info,115694
movie_info,115695
movie_info,115697
movie_info,115699
movie_info,115700
movie_info,115702
movie_info,115703
movie_info,115706
movie_info,115708
movie_info,115709
movie_info,115713
movie_info,115714
movie_info,115716
movie_info,115717
movie_info,115719
movie_info,115721
movie_info,115723
movie_info,115725
movie_info,115727
movie_info,115730
movie_info,115731
movie_info,115732
movie_info,115733
movie_info,115734
movie_info,115735
movie_info,115736
movie_info,115737
movie_info,115738
movie_info,115739
movie_info,115742
movie_info,115745
movie_info,115768
movie_info,115773
movie_info,115775
movie_info,115796
movie_info,115805
movie_info,115809
movie_info,115815
movie_info,115818
movie_info,115898
movie_info,115922
movie_info,115929
movie_info,115948
movie_info,116010
movie_info,116024
movie_info,116047
movie_info,116049
movie_info,116050
movie_info,116052
movie_info,116054
movie_info,116057
movie_info,116060
movie_info,116064
movie_info,116065
movie_info,116066
movie_info,116067
movie_info,116068
movie_info,116071
movie_info,116072
movie_info,116074
movie_info,116079
movie_info,116080
movie_info,116082
movie_info,116083
movie_info,116084
movie_info,116085
movie_info,116086
movie_info,116087
movie_info,116090
movie_info,116092
movie_info,116094
movie_info,116097
movie_info,116100
movie_info,116101
movie_info,116102
movie_info,116104
movie_info,116105
movie_info,116106
movie_info,116107
movie_info,116108
movie_info,116110
movie_info,116111
movie_info,116112
movie_info,116113
movie_info,116115
movie_info,116116
movie_info,116117
movie_info,116118
movie_info,116119
movie_info,116120
movie_info,116121
movie_info,116123
movie_info,116152
movie_info,116164
movie_info,116228
movie_info,116229
movie_info,116230
movie_info,116231
movie_info,116236
movie_info,116244
movie_info,116245
movie_info,116249
movie_info,116319
movie_info,116321
movie_info,116344
movie_info,116363
movie_info,116374
movie_info,116391
movie_info,116395
movie_info,116399
movie_info,116426
movie_info,116495
movie_info,116496
movie_info,116499
movie_info,116512
movie_info,116592
movie_info,116638
movie_info,116640
movie_info,116730
movie_info,116731
movie_info,116766
movie_info,116770
movie_info,116805
movie_info,116825
movie_info,116833
movie_info,116834
movie_info,116837
movie_info,116838
movie_info,116839
movie_info,116841
movie_info,116842
movie_info,116843
movie_info,116844
movie_info,116845
movie_info,116847
movie_info,116850
movie_info,116851
movie_info,116854
movie_info,116855
movie_info,116858
movie_info,116859
movie_info,116861
movie_info,116863
movie_info,116864
movie_info,116866
movie_info,116871
movie_info,116872
movie_info,116876
movie_info,116890
movie_info,116892
movie_info,116900
movie_info,116902
movie_info,116908
movie_info,116918
movie_info,116933
movie_info,116946
movie_info,116994
movie_info,117027
movie_info,117030
movie_info,117034
movie_info,117047
movie_info,117051
movie_info,117095
movie_info,117099
movie_info,117101
movie_info,117102
movie_info,117105
movie_info,117106
movie_info,117107
movie_info,117108
movie_info,117111
movie_info,117112
movie_info,117115
movie_info,117116
movie_info,117118
movie_info,117119
movie_info,117122
movie_info,117123
movie_info,117124
movie_info,117128
movie_info,117129
movie_info,117132
movie_info,117133
movie_info,117137
movie_info,117141
movie_info,117145
movie_info,117150
movie_info,117151
movie_info,117154
movie_info,117155
movie_info,117158
movie_info,117160
movie_info,117163
movie_info,117165
movie_info,117167
movie_info,117169
movie_info,117188
movie_info,117231
movie_info,117240
movie_info,117306
movie_info,117313
movie_info,117329
movie_info,117370
movie_info,117371
movie_info,117372
movie_info,117375
movie_info,117377
movie_info,117381
movie_info,117382
movie_info,117384
movie_info,117389
movie_info,117390
movie_info,117392
movie_info,117396
movie_info,117398
movie_info,117399
movie_info,117400
movie_info,117401
movie_info,117402
movie_info,117405
movie_info,117406
movie_info,117407
movie_info,117408
movie_info,117411
movie_info,117412
movie_info,117414
movie_info,117415
movie_info,117417
movie_info,117418
movie_info,117420
movie_info,117421
movie_info,117422
movie_info,117423
movie_info,117424
movie_info,117425
movie_info,117426
movie_info,117427
movie_info,117429
movie_info,117431
movie_info,117432
movie_info,117436
movie_info,117438
movie_info,117439
movie_info,117441
movie_info,117442
movie_info,117443
movie_info,117449
movie_info,117450
movie_info,117451
movie_info,117452
movie_info,117455
movie_info,117457
movie_info,117463
movie_info,117464
movie_info,117465
movie_info,117467
movie_info,117469
movie_info,117471
movie_info,117472
movie_info,117473
movie_info,117474
movie_info,117476
movie_info,117478
movie_info,117479
movie_info,117480
movie_info,117482
movie_info,117483
movie_info,117485
movie_info,117486
movie_info,117487
movie_info,117489
movie_info,117490
movie_info,117491
movie_info,117492
movie_info,117494
movie_info,117495
movie_info,117496
movie_info,117499
movie_info,117500
movie_info,117501
movie_info,117503
movie_info,117504
movie_info,117505
movie_info,117507
movie_info,117509
movie_info,117511
movie_info,117517
movie_info,117526
movie_info,117527
movie_info,117528
movie_info,117530
movie_info,117531
movie_info,117533
movie_info,117592
movie_info,117596
movie_info,117603
movie_info,117615
movie_info,117640
movie_info,117654
movie_info,117670
movie_info,117672
movie_info,117680
movie_info,117681
movie_info,117683
movie_info,117690
movie_info,117695
movie_info,117706
movie_info,117717
movie_info,117760
movie_info,117793
movie_info,117807
movie_info,117822
movie_info,117856
movie_info,117863
movie_info,117897
movie_info,117901
movie_info,117912
movie_info,118023
movie_info,118025
movie_info,118065
movie_info,118075
movie_info,118096
movie_info,118099
movie_info,118108
movie_info,118109
movie_info,118110
movie_info,118111
movie_info,118113
movie_info,118115
movie_info,118117
movie_info,118118
movie_info,118120
movie_info,118121
movie_info,118127
movie_info,118128
movie_info,118134
movie_info,118142
movie_info,118145
movie_info,118155
movie_info,118157
movie_info,118160
movie_info,118161
movie_info,118163
movie_info,118164
movie_info,118166
movie_info,118172
movie_info,118174
movie_info,118175
movie_info,118183
movie_info,118184
movie_info,118188
movie_info,118245
movie_info,118249
movie_info,118269
movie_info,118277
movie_info,118279
movie_info,118302
movie_info,118308
movie_info,118334
movie_info,118344
movie_info,118353
movie_info,118406
movie_info,118422
movie_info,118459
movie_info,118476
movie_info,118487
movie_info,118510
movie_info,118554
movie_info,118584
movie_info,118630
movie_info,118726
movie_info,118731
movie_info,118740
movie_info,118748
movie_info,118749
movie_info,118751
movie_info,118753
movie_info,118757
movie_info,118760
movie_info,118766
movie_info,118774
movie_info,118811
movie_info,118844
movie_info,118845
movie_info,118857
movie_info,118865
movie_info,118890
movie_info,118896
movie_info,118897
movie_info,118919
movie_info,118957
movie_info,118973
movie_info,118974
movie_info,118982
movie_info,119014
movie_info,119090
movie_info,119127
movie_info,119128
movie_info,119148
movie_info,119149
movie_info,119264
movie_info,119283
movie_info,119284
movie_info,119292
movie_info,119322
movie_info,119365
movie_info,119378
movie_info,119390
movie_info,119408
movie_info,119409
movie_info,119410
movie_info,119411
movie_info,119413
movie_info,119442
movie_info,119496
movie_info,119499
movie_info,119510
movie_info,119514
movie_info,119522
movie_info,119556
movie_info,119571
movie_info,119579
movie_info,119581
movie_info,119583
movie_info,119588
movie_info,119593
movie_info,119594
movie_info,119595
movie_info,119599
movie_info,119609
movie_info,119610
movie_info,119611
movie_info,119612
movie_info,119615
movie_info,119624
movie_info,119625
movie_info,119627
movie_info,119628
movie_info,119632
movie_info,119635
movie_info,119636
movie_info,119637
movie_info,119638
movie_info,119640
movie_info,119641
movie_info,119648
movie_info,119649
movie_info,119650
movie_info,119654
movie_info,119656
movie_info,119657
movie_info,119658
movie_info,119661
movie_info,119663
movie_info,119667
movie_info,119668
movie_info,119670
movie_info,119671
movie_info,119672
movie_info,119685
movie_info,119686
movie_info,119688
movie_info,119692
movie_info,119693
movie_info,119696
movie_info,119698
movie_info,119699
movie_info,119700
movie_info,119701
movie_info,119703
movie_info,119704
movie_info,119706
movie_info,119746
movie_info,119753
movie_info,119754
movie_info,119758
movie_info,119759
movie_info,119761
movie_info,119764
movie_info,119765
movie_info,119766
movie_info,119767
movie_info,119771
movie_info,119772
movie_info,119777
movie_info,119778
movie_info,119780
movie_info,119781
movie_info,119782
movie_info,119785
movie_info,119789
movie_info,119790
movie_info,119792
movie_info,119801
movie_info,119817
movie_info,119819
movie_info,119838
movie_info,119869
movie_info,119870
movie_info,119871
movie_info,119872
movie_info,119873
movie_info,119875
movie_info,119878
movie_info,119880
movie_info,119881
movie_info,119888
movie_info,119891
movie_info,119893
movie_info,119929
movie_info,119945
movie_info,119946
movie_info,119999
movie_info,120022
movie_info,120025
movie_info,120098
movie_info,120132
movie_info,120189
movie_info,120217
movie_info,120243
movie_info,120257
movie_info,120297
movie_info,120394
movie_info,120400
movie_info,120435
movie_info,120442
movie_info,120455
movie_info,120473
movie_info,120477
movie_info,120526
movie_info,120536
movie_info,120556
movie_info,120562
movie_info,120563
movie_info,120567
movie_info,120568
movie_info,120602
movie_info,120622
movie_info,120676
movie_info,120686
movie_info,120718
movie_info,120724
movie_info,120741
movie_info,120746
movie_info,120747
movie_info,120779
movie_info,120787
movie_info,120836
movie_info,120853
movie_info,120861
movie_info,120865
movie_info,120874
movie_info,120900
movie_info,120902
movie_info,120903
movie_info,120918
movie_info,120921
movie_info,120949
movie_info,120967
movie_info,120988
movie_info,120991
movie_info,120992
movie_info,120994
movie_info,120997
movie_info,121048
movie_info,121054
movie_info,121058
movie_info,121137
movie_info,121165
movie_info,121172
movie_info,121173
movie_info,121180
movie_info,121184
movie_info,121191
movie_info,121204
movie_info,121222
movie_info,121223
movie_info,121225
movie_info,121244
movie_info,121249
movie_info,121260
movie_info,121272
movie_info,121281
movie_info,121354
movie_info,121359
movie_info,121372
movie_info,121383
movie_info,121438
movie_info,121452
movie_info,121453
movie_info,121478
movie_info,121504
movie_info,121505
movie_info,121506
movie_info,121528
movie_info,121535
movie_info,121559
movie_info,121583
movie_info,121597
movie_info,121598
movie_info,121599
movie_info,121600
movie_info,121612
movie_info,121645
movie_info,121650
movie_info,121692
movie_info,121696
movie_info,121726
movie_info,121728
movie_info,121739
movie_info,121743
movie_info,121779
movie_info,121810
movie_info,121815
movie_info,121821
movie_info,121824
movie_info,121825
movie_info,121872
movie_info,121917
movie_info,121971
movie_info,121979
movie_info,121981
movie_info,121985
movie_info,121986
movie_info,121989
movie_info,121991
movie_info,121995
movie_info,122038
movie_info,122044
movie_info,122084
movie_info,122097
movie_info,122281
movie_info,122333
movie_info,122422
movie_info,122426
movie_info,122444
movie_info,122471
movie_info,122488
movie_info,122491
movie_info,122492
movie_info,122497
movie_info,122498
movie_info,122503
movie_info,122506
movie_info,122519
movie_info,122521
movie_info,122522
movie_info,122527
movie_info,122559
movie_info,122578
movie_info,122621
movie_info,122699
movie_info,122706
movie_info,122726
movie_info,122727
movie_info,122784
movie_info,122840
movie_info,122857
movie_info,122862
movie_info,122874
movie_info,122915
movie_info,122936
movie_info,122959
movie_info,122971
movie_info,122994
movie_info,123016
movie_info,123034
movie_info,123047
movie_info,123052
movie_info,123086
movie_info,123087
movie_info,123095
movie_info,123107
movie_info,123109
movie_info,123112
movie_info,123116
movie_info,123117
movie_info,123124
movie_info,123152
movie_info,123153
movie_info,123168
movie_info,123183
movie_info,123187
movie_info,123188
movie_info,123190
movie_info,123198
movie_info,123206
movie_info,123209
movie_info,123213
movie_info,123214
movie_info,123245
movie_info,123256
movie_info,123262
movie_info,123267
movie_info,123272
movie_info,123275
movie_info,123295
movie_info,123311
movie_info,123312
movie_info,123313
movie_info,123314
movie_info,123318
movie_info,123319
movie_info,123320
movie_info,123324
movie_info,123327
movie_info,123333
movie_info,123337
movie_info,123340
movie_info,123341
movie_info,123342
movie_info,123343
movie_info,123344
movie_info,123345
movie_info,123347
movie_info,123350
movie_info,123352
movie_info,123354
movie_info,123356
movie_info,123358
movie_info,123359
movie_info,123364
movie_info,123367
movie_info,123369
movie_info,123371
movie_info,123372
movie_info,123377
movie_info,123379
movie_info,123380
movie_info,123382
movie_info,123385
movie_info,123386
movie_info,123387
movie_info,123392
movie_info,123394
movie_info,123395
movie_info,123398
movie_info,123399
movie_info,123401
movie_info,123403
movie_info,123407
movie_info,123409
movie_info,123415
movie_info,123423
movie_info,123457
movie_info,123474
movie_info,123476
movie_info,123488
movie_info,123494
movie_info,123504
movie_info,123517
movie_info,123521
movie_info,123532
movie_info,123533
movie_info,123536
movie_info,123538
movie_info,123542
movie_info,123576
movie_info,123577
movie_info,123581
movie_info,123613
movie_info,123615
movie_info,123646
movie_info,123652
movie_info,123667
movie_info,123668
movie_info,123673
movie_info,123674
movie_info,123676
movie_info,123678
movie_info,123679
movie_info,123680
movie_info,123681
movie_info,123683
movie_info,123684
movie_info,123685
movie_info,123686
movie_info,123701
movie_info,123760
movie_info,123817
movie_info,123820
movie_info,123823
movie_info,123883
movie_info,123913
movie_info,123914
movie_info,123947
movie_info,123952
movie_info,123973
movie_info,123987
movie_info,124013
movie_info,124022
movie_info,124025
movie_info,124026
movie_info,124027
movie_info,124028
movie_info,124030
movie_info,124031
movie_info,124034
movie_info,124035
movie_info,124044
movie_info,124045
movie_info,124046
movie_info,124048
movie_info,124050
movie_info,124053
movie_info,124054
movie_info,124056
movie_info,124057
movie_info,124059
movie_info,124065
movie_info,124075
movie_info,124089
movie_info,124092
movie_info,124093
movie_info,124101
movie_info,124102
movie_info,124104
movie_info,124118
movie_info,124131
movie_info,124135
movie_info,124138
movie_info,124142
movie_info,124143
movie_info,124144
movie_info,124156
movie_info,124158
movie_info,124159
movie_info,124172
movie_info,124176
movie_info,124178
movie_info,124188
movie_info,124200
movie_info,124213
movie_info,124218
movie_info,124219
movie_info,124220
movie_info,124221
movie_info,124222
movie_info,124224
movie_info,124226
movie_info,124229
movie_info,124234
movie_info,124238
movie_info,124241
movie_info,124243
movie_info,124244
movie_info,124245
movie_info,124247
movie_info,124248
movie_info,124262
movie_info,124275
movie_info,124276
movie_info,124277
movie_info,124278
movie_info,124280
movie_info,124283
movie_info,124284
movie_info,124286
movie_info,124288
movie_info,124289
movie_info,124290
movie_info,124308
movie_info,124311
movie_info,124323
movie_info,124418
movie_info,124447
movie_info,124509
movie_info,124538
movie_info,124544
movie_info,124554
movie_info,124571
movie_info,124572
movie_info,124577
movie_info,124578
movie_info,124580
movie_info,124581
movie_info,124583
movie_info,124585
movie_info,124587
movie_info,124591
movie_info,124632
movie_info,124634
movie_info,124663
movie_info,124672
movie_info,124683
movie_info,124688
movie_info,124707
movie_info,124829
movie_info,124847
movie_info,124861
movie_info,124863
movie_info,124868
movie_info,124882
movie_info,124883
movie_info,124890
movie_info,124891
movie_info,124892
movie_info,124897
movie_info,124910
movie_info,124911
movie_info,124913
movie_info,124916
movie_info,124918
movie_info,124920
movie_info,124926
movie_info,124927
movie_info,124928
movie_info,124930
movie_info,124931
movie_info,124932
movie_info,124935
movie_info,124937
movie_info,124940
movie_info,124941
movie_info,124944
movie_info,124976
movie_info,124978
movie_info,124983
movie_info,125011
movie_info,125018
movie_info,125040
movie_info,125076
movie_info,125084
movie_info,125088
movie_info,125104
movie_info,125182
movie_info,125209
movie_info,125251
movie_info,125287
movie_info,125310
movie_info,125321
movie_info,125325
movie_info,125326
movie_info,125357
movie_info,125367
movie_info,125373
movie_info,125417
movie_info,125441
movie_info,125463
movie_info,125485
movie_info,125520
movie_info,125577
movie_info,125582
movie_info,125651
movie_info,125673
movie_info,125716
movie_info,125717
movie_info,125729
movie_info,125733
movie_info,125763
movie_info,125788
movie_info,125798
movie_info,125799
movie_info,125801
movie_info,125817
movie_info,125892
movie_info,125908
movie_info,125914
movie_info,125924
movie_info,125958
movie_info,125980
movie_info,125986
movie_info,125988
movie_info,125994
movie_info,126010
movie_info,126025
movie_info,126044
movie_info,126047
movie_info,126049
movie_info,126051
movie_info,126052
movie_info,126054
movie_info,126056
movie_info,126058
movie_info,126061
movie_info,126062
movie_info,126064
movie_info,126083
movie_info,126105
movie_info,126157
movie_info,126210
movie_info,126221
movie_info,126260
movie_info,126281
movie_info,126286
movie_info,126289
movie_info,126345
movie_info,126354
movie_info,126356
movie_info,126413
movie_info,126465
movie_info,126475
movie_info,126490
movie_info,126492
movie_info,126493
movie_info,126496
movie_info,126497
movie_info,126498
movie_info,126518
movie_info,126552
movie_info,126557
movie_info,126564
movie_info,126565
movie_info,126566
movie_info,126567
movie_info,126570
movie_info,126571
movie_info,126574
movie_info,126575
movie_info,126576
movie_info,126579
movie_info,126581
movie_info,126585
movie_info,126588
movie_info,126593
movie_info,126600
movie_info,126604
movie_info,126605
movie_info,126606
movie_info,126608
movie_info,126612
movie_info,126613
movie_info,126633
movie_info,126648
movie_info,126649
movie_info,126655
movie_info,126666
movie_info,126676
movie_info,126677
movie_info,126685
movie_info,126687
movie_info,126689
movie_info,126695
movie_info,126701
movie_info,126702
movie_info,126707
movie_info,126708
movie_info,126722
movie_info,126761
movie_info,126783
movie_info,126847
movie_info,126857
movie_info,126899
movie_info,126929
movie_info,126986
movie_info,127009
movie_info,127071
movie_info,127105
movie_info,127112
movie_info,127241
movie_info,127264
movie_info,127265
movie_info,127274
movie_info,127276
movie_info,127313
movie_info,127317
movie_info,127331
movie_info,127347
movie_info,127361
movie_info,127408
movie_info,127416
movie_info,127421
movie_info,127428
movie_info,127438
movie_info,127464
movie_info,127493
movie_info,127504
movie_info,127512
movie_info,127533
movie_info,127549
movie_info,127574
movie_info,127589
movie_info,127611
movie_info,127622
movie_info,127665
movie_info,127685
movie_info,127695
movie_info,127705
movie_info,127707
movie_info,127724
movie_info,127725
movie_info,127739
movie_info,127751
movie_info,127753
movie_info,127795
movie_info,127804
movie_info,127805
movie_info,127807
movie_info,127808
movie_info,127814
movie_info,127815
movie_info,127816
movie_info,127817
movie_info,127818
movie_info,127819
movie_info,127822
movie_info,127823
movie_info,127824
movie_info,127825
movie_info,127827
movie_info,127828
movie_info,127829
movie_info,127830
movie_info,127831
movie_info,127832
movie_info,127833
movie_info,127837
movie_info,127838
movie_info,127839
movie_info,127841
movie_info,127842
movie_info,127844
movie_info,127845
movie_info,127860
movie_info,127861
movie_info,127863
movie_info,127865
movie_info,127870
movie_info,127874
movie_info,127875
movie_info,127876
movie_info,127877
movie_info,127878
movie_info,127881
movie_info,127884
movie_info,127889
movie_info,127890
movie_info,127891
movie_info,127892
movie_info,127894
movie_info,127896
movie_info,127897
movie_info,127898
movie_info,127899
movie_info,127900
movie_info,127908
movie_info,127910
movie_info,127911
movie_info,127915
movie_info,127916
movie_info,127917
movie_info,127920
movie_info,127923
movie_info,127925
movie_info,127926
movie_info,127930
movie_info,127932
movie_info,127941
movie_info,127942
movie_info,127949
movie_info,127960
movie_info,127995
movie_info,127997
movie_info,128071
movie_info,128077
movie_info,128091
movie_info,128095
movie_info,128120
movie_info,128142
movie_info,128144
movie_info,128159
movie_info,128170
movie_info,128204
movie_info,128275
movie_info,128276
movie_info,128307
movie_info,128331
movie_info,128361
movie_info,128397
movie_info,128416
movie_info,128418
movie_info,128455
movie_info,128458
movie_info,128459
movie_info,128460
movie_info,128461
movie_info,128462
movie_info,128464
movie_info,128465
movie_info,128466
movie_info,128467
movie_info,128469
movie_info,128471
movie_info,128476
movie_info,128477
movie_info,128479
movie_info,128480
movie_info,128481
movie_info,128482
movie_info,128483
movie_info,128485
movie_info,128486
movie_info,128489
movie_info,128490
movie_info,128525
movie_info,128529
movie_info,128542
movie_info,128544
movie_info,128554
movie_info,128562
movie_info,128575
movie_info,128577
movie_info,128579
movie_info,128591
movie_info,128593
movie_info,128628
movie_info,128657
movie_info,128668
movie_info,128689
movie_info,128700
movie_info,128708
movie_info,128728
movie_info,128747
movie_info,128748
movie_info,128759
movie_info,128777
movie_info,128815
movie_info,128850
movie_info,128878
movie_info,128912
movie_info,128914
movie_info,128916
movie_info,128917
movie_info,128929
movie_info,128971
movie_info,128987
movie_info,129001
movie_info,129026
movie_info,129050
movie_info,129121
movie_info,129141
movie_info,129207
movie_info,129229
movie_info,129255
movie_info,129265
movie_info,129286
movie_info,129356
movie_info,129402
movie_info,129406
movie_info,129421
movie_info,129444
movie_info,129468
movie_info,129517
movie_info,129518
movie_info,129520
movie_info,129522
movie_info,129525
movie_info,129527
movie_info,129530
movie_info,129534
movie_info,129537
movie_info,129540
movie_info,129558
movie_info,129586
movie_info,129609
movie_info,129611
movie_info,129679
movie_info,129704
movie_info,129729
movie_info,129734
movie_info,129773
movie_info,129783
movie_info,129800
movie_info,129811
movie_info,129822
movie_info,129827
movie_info,129845
movie_info,129887
movie_info,129894
movie_info,129912
movie_info,129919
movie_info,129921
movie_info,129927
movie_info,129935
movie_info,130031
movie_info,130037
movie_info,130050
movie_info,130071
movie_info,130078
movie_info,130080
movie_info,130083
movie_info,130084
movie_info,130086
movie_info,130087
movie_info,130088
movie_info,130099
movie_info,130142
movie_info,130151
movie_info,130166
movie_info,130167
movie_info,130168
movie_info,130174
movie_info,130177
movie_info,130178
movie_info,130180
movie_info,130181
movie_info,130184
movie_info,130185
movie_info,130191
movie_info,130192
movie_info,130195
movie_info,130196
movie_info,130198
movie_info,130200
movie_info,130201
movie_info,130203
movie_info,130244
movie_info,130277
movie_info,130310
movie_info,130313
movie_info,130318
movie_info,130384
movie_info,130437
movie_info,130444
movie_info,130447
movie_info,130455
movie_info,130499
movie_info,130552
movie_info,130573
movie_info,130574
movie_info,130575
movie_info,130635
movie_info,130636
movie_info,130642
movie_info,130672
movie_info,130684
movie_info,130692
movie_info,130719
movie_info,130720
movie_info,130730
movie_info,130732
movie_info,130734
movie_info,130735
movie_info,130736
movie_info,130737
movie_info,130738
movie_info,130739
movie_info,130740
movie_info,130743
movie_info,130744
movie_info,130745
movie_info,130746
movie_info,130747
movie_info,130748
movie_info,130754
movie_info,130757
movie_info,130758
movie_info,130759
movie_info,130766
movie_info,130767
movie_info,130768
movie_info,130769
movie_info,130770
movie_info,130773
movie_info,130776
movie_info,130780
movie_info,130781
movie_info,130782
movie_info,130791
movie_info,130794
movie_info,130801
movie_info,130803
movie_info,130808
movie_info,130809
movie_info,130810
movie_info,130813
movie_info,130815
movie_info,130816
movie_info,130817
movie_info,130821
movie_info,130827
movie_info,130828
movie_info,130834
movie_info,130835
movie_info,130836
movie_info,130838
movie_info,130839
movie_info,130844
movie_info,130849
movie_info,130850
movie_info,130851
movie_info,130852
movie_info,130854
movie_info,130858
movie_info,130859
movie_info,130864
movie_info,130869
movie_info,130870
movie_info,130875
movie_info,130877
movie_info,130879
movie_info,130880
movie_info,130883
movie_info,130884
movie_info,130888
movie_info,130890
movie_info,130891
movie_info,130895
movie_info,130897
movie_info,130910
movie_info,130911
movie_info,130912
movie_info,130913
movie_info,130914
movie_info,130915
movie_info,130916
movie_info,130921
movie_info,130923
movie_info,130924
movie_info,130928
movie_info,130929
movie_info,130931
movie_info,130932
movie_info,130933
movie_info,130935
movie_info,130936
movie_info,130937
movie_info,130939
movie_info,130940
movie_info,130947
movie_info,130949
movie_info,130951
movie_info,130953
movie_info,130955
movie_info,130956
movie_info,130961
movie_info,130963
movie_info,130983
movie_info,130989
movie_info,131002
movie_info,131004
movie_info,131006
movie_info,131010
movie_info,131032
movie_info,131069
movie_info,131094
movie_info,131131
movie_info,131134
movie_info,131149
movie_info,131152
movie_info,131162
movie_info,131179
movie_info,131184
movie_info,131199
movie_info,131205
movie_info,131208
movie_info,131233
movie_info,131252
movie_info,131263
movie_info,131295
movie_info,131328
movie_info,131345
movie_info,131352
movie_info,131461
movie_info,131486
movie_info,131496
movie_info,131516
movie_info,131526
movie_info,131537
movie_info,131540
movie_info,131545
movie_info,131554
movie_info,131587
movie_info,131616
movie_info,131646
movie_info,131652
movie_info,131658
movie_info,131667
movie_info,131685
movie_info,131693
movie_info,131697
movie_info,131742
movie_info,131743
movie_info,131749
movie_info,131755
movie_info,131774
movie_info,131819
movie_info,131847
movie_info,131848
movie_info,131853
movie_info,131882
movie_info,131893
movie_info,131899
movie_info,131900
movie_info,131901
movie_info,131923
movie_info,131931
movie_info,131936
movie_info,131942
movie_info,131946
movie_info,131958
movie_info,131960
movie_info,131961
movie_info,131992
movie_info,131998
movie_info,132000
movie_info,132024
movie_info,132025
movie_info,132040
movie_info,132080
movie_info,132082
movie_info,132085
movie_info,132091
movie_info,132096
movie_info,132102
movie_info,132103
movie_info,132113
movie_info,132119
movie_info,132125
movie_info,132142
movie_info,132146
movie_info,132155
movie_info,132166
movie_info,132177
movie_info,132203
movie_info,132241
movie_info,132291
movie_info,132293
movie_info,132297
movie_info,132324
movie_info,132357
movie_info,132378
movie_info,132391
movie_info,132397
movie_info,132413
movie_info,132424
movie_info,132456
movie_info,132458
movie_info,132463
movie_info,132480
movie_info,132485
movie_info,132486
movie_info,132504
movie_info,132541
movie_info,132591
movie_info,132592
movie_info,132632
movie_info,132648
movie_info,132663
movie_info,132684
movie_info,132695
movie_info,132696
movie_info,132704
movie_info,132711
movie_info,132713
movie_info,132723
movie_info,132747
movie_info,132765
movie_info,132772
movie_info,132775
movie_info,132783
movie_info,132784
movie_info,132834
movie_info,132836
movie_info,132853
movie_info,132888
movie_info,132913
movie_info,132918
movie_info,132952
movie_info,132962
movie_info,132968
movie_info,132976
movie_info,133002
movie_info,133039
movie_info,133075
movie_info,133076
movie_info,133092
movie_info,133094
movie_info,133098
movie_info,133119
movie_info,133142
movie_info,133159
movie_info,133189
movie_info,133191
movie_info,133204
movie_info,133218
movie_info,133222
movie_info,133224
movie_info,133269
movie_info,133270
movie_info,133280
movie_info,133289
movie_info,133309
movie_info,133310
movie_info,133311
movie_info,133334
movie_info,133369
movie_info,133396
movie_info,133397
movie_info,133405
movie_info,133406
movie_info,133451
movie_info,133481
movie_info,133483
movie_info,133512
movie_info,133536
movie_info,133548
movie_info,133566
movie_info,133614
movie_info,133621
movie_info,133642
movie_info,133651
movie_info,133657
movie_info,133674
movie_info,133709
movie_info,133716
movie_info,133725
movie_info,133732
movie_info,133742
movie_info,133750
movie_info,133767
movie_info,133772
movie_info,133780
movie_info,133787
movie_info,133804
movie_info,133831
movie_info,133859
movie_info,133860
movie_info,133875
movie_info,133909
movie_info,133910
movie_info,133912
movie_info,133913
movie_info,133934
movie_info,133951
movie_info,133987
movie_info,133995
movie_info,133997
movie_info,134035
movie_info,134037
movie_info,134044
movie_info,134048
movie_info,134057
movie_info,134069
movie_info,134077
movie_info,134083
movie_info,134084
movie_info,134085
movie_info,134088
movie_info,134098
movie_info,134109
movie_info,134119
movie_info,134128
movie_info,134129
movie_info,134130
movie_info,134131
movie_info,134132
movie_info,134136
movie_info,134137
movie_info,134138
movie_info,134151
movie_info,134152
movie_info,134156
movie_info,134159
movie_info,134165
movie_info,134166
movie_info,134172
movie_info,134173
movie_info,134174
movie_info,134175
movie_info,134176
movie_info,134180
movie_info,134181
movie_info,134199
movie_info,134200
movie_info,134225
movie_info,134238
movie_info,134239
movie_info,134282
movie_info,134284
movie_info,134295
movie_info,134303
movie_info,134319
movie_info,134355
movie_info,134360
movie_info,134361
movie_info,134362
movie_info,134374
movie_info,134380
movie_info,134381
movie_info,134412
movie_info,134426
movie_info,134427
movie_info,134429
movie_info,134430
movie_info,134460
movie_info,134466
movie_info,134482
movie_info,134490
movie_info,134491
movie_info,134498
movie_info,134513
movie_info,134514
movie_info,134542
movie_info,134550
movie_info,134557
movie_info,134580
movie_info,134588
movie_info,134589
movie_info,134604
movie_info,134607
movie_info,134630
movie_info,134632
movie_info,134645
movie_info,134651
movie_info,134652
movie_info,134657
movie_info,134661
movie_info,134666
movie_info,134671
movie_info,134672
movie_info,134681
movie_info,134695
movie_info,134696
movie_info,134697
movie_info,134723
movie_info,134724
movie_info,134734
movie_info,134736
movie_info,134738
movie_info,134739
movie_info,134740
movie_info,134753
movie_info,134759
movie_info,134764
movie_info,134769
movie_info,134770
movie_info,134773
movie_info,134778
movie_info,134779
movie_info,134792
movie_info,134794
movie_info,134863
movie_info,134871
movie_info,134872
movie_info,134873
movie_info,134874
movie_info,134875
movie_info,134888
movie_info,134889
movie_info,134947
movie_info,134950
movie_info,134959
movie_info,134978
movie_info,134989
movie_info,134994
movie_info,135011
movie_info,135039
movie_info,135040
movie_info,135063
movie_info,135066
movie_info,135107
movie_info,135141
movie_info,135143
movie_info,135144
movie_info,135145
movie_info,135146
movie_info,135147
movie_info,135155
movie_info,135168
movie_info,135169
movie_info,135170
movie_info,135171
movie_info,135172
movie_info,135177
movie_info,135199
movie_info,135229
movie_info,135230
movie_info,135231
movie_info,135233
movie_info,135240
movie_info,135254
movie_info,135255
movie_info,135310
movie_info,135320
movie_info,135321
movie_info,135331
movie_info,135335
movie_info,135342
movie_info,135343
movie_info,135346
movie_info,135347
movie_info,135377
movie_info,135395
movie_info,135396
movie_info,135397
movie_info,135407
movie_info,135410
movie_info,135455
movie_info,135465
movie_info,135467
movie_info,135469
movie_info,135479
movie_info,135480
movie_info,135489
movie_info,135499
movie_info,135502
movie_info,135503
movie_info,135538
movie_info,135541
movie_info,135542
movie_info,135571
movie_info,135581
movie_info,135602
movie_info,135619
movie_info,135620
movie_info,135622
movie_info,135627
movie_info,135628
movie_info,135636
movie_info,135640
movie_info,135668
movie_info,135670
movie_info,135675
movie_info,135677
movie_info,135687
movie_info,135688
movie_info,135691
movie_info,135694
movie_info,135698
movie_info,135705
movie_info,135723
movie_info,135747
movie_info,135748
movie_info,135760
movie_info,135770
movie_info,135771
movie_info,135792
movie_info,135796
movie_info,135814
movie_info,135818
movie_info,135819
movie_info,135820
movie_info,135841
movie_info,135847
movie_info,135848
movie_info,135849
movie_info,135854
movie_info,135855
movie_info,135871
movie_info,135872
movie_info,135889
movie_info,135898
movie_info,135900
movie_info,135905
movie_info,135906
movie_info,135907
movie_info,135911
movie_info,135920
movie_info,135929
movie_info,135958
movie_info,135959
movie_info,135983
movie_info,135987
movie_info,135991
movie_info,135999
movie_info,136000
movie_info,136059
movie_info,136086
movie_info,136089
movie_info,136090
movie_info,136152
movie_info,136159
movie_info,136164
movie_info,136183
movie_info,136184
movie_info,136194
movie_info,136199
movie_info,136200
movie_info,136216
movie_info,136217
movie_info,136235
movie_info,136236
movie_info,136258
movie_info,136259
movie_info,136279
movie_info,136327
movie_info,136332
movie_info,136333
movie_info,136336
movie_info,136346
movie_info,136364
movie_info,136382
movie_info,136384
movie_info,136385
movie_info,136388
movie_info,136389
movie_info,136393
movie_info,136394
movie_info,136435
movie_info,136439
movie_info,136443
movie_info,136449
movie_info,136458
movie_info,136481
movie_info,136484
movie_info,136522
movie_info,136523
movie_info,136524
movie_info,136525
movie_info,136534
movie_info,136537
movie_info,136545
movie_info,136546
movie_info,136547
movie_info,136552
movie_info,136561
movie_info,136562
movie_info,136568
movie_info,136571
movie_info,136577
movie_info,136600
movie_info,136618
movie_info,136665
movie_info,136666
movie_info,136673
movie_info,136684
movie_info,136685
movie_info,136709
movie_info,136716
movie_info,136735
movie_info,136740
movie_info,136741
movie_info,136742
movie_info,136744
movie_info,136746
movie_info,136753
movie_info,136759
movie_info,136769
movie_info,136781
movie_info,136785
movie_info,136790
movie_info,136792
movie_info,136793
movie_info,136799
movie_info,136808
movie_info,136813
movie_info,136820
movie_info,136821
movie_info,136826
movie_info,136828
movie_info,136833
movie_info,136845
movie_info,136846
movie_info,136850
movie_info,136857
movie_info,136859
movie_info,136864
movie_info,136871
movie_info,136875
movie_info,136880
movie_info,136885
movie_info,136887
movie_info,136905
movie_info,136906
movie_info,136907
movie_info,136910
movie_info,136911
movie_info,136912
movie_info,136933
movie_info,136939
movie_info,136948
movie_info,136949
movie_info,136955
movie_info,136958
movie_info,136959
movie_info,136965
movie_info,136966
movie_info,136968
movie_info,136971
movie_info,136975
movie_info,136977
movie_info,136995
movie_info,136997
movie_info,137002
movie_info,137005
movie_info,137006
movie_info,137009
movie_info,137012
movie_info,137014
movie_info,137016
movie_info,137032
movie_info,137040
movie_info,137042
movie_info,137043
movie_info,137055
movie_info,137057
movie_info,137070
movie_info,137074
movie_info,137075
movie_info,137080
movie_info,137081
movie_info,137087
movie_info,137093
movie_info,137095
movie_info,137096
movie_info,137103
movie_info,137106
movie_info,137107
movie_info,137111
movie_info,137113
movie_info,137118
movie_info,137120
movie_info,137128
movie_info,137139
movie_info,137144
movie_info,137153
movie_info,137162
movie_info,137166
movie_info,137169
movie_info,137171
movie_info,137175
movie_info,137176
movie_info,137177
movie_info,137182
movie_info,137191
movie_info,137192
movie_info,137197
movie_info,137198
movie_info,137199
movie_info,137204
movie_info,137216
movie_info,137217
movie_info,137218
movie_info,137219
movie_info,137224
movie_info,137225
movie_info,137227
movie_info,137240
movie_info,137254
movie_info,137261
movie_info,137264
movie_info,137267
movie_info,137271
movie_info,137274
movie_info,137278
movie_info,137280
movie_info,137281
movie_info,137284
movie_info,137292
movie_info,137294
movie_info,137295
movie_info,137303
movie_info,137307
movie_info,137309
movie_info,137315
movie_info,137325
movie_info,137341
movie_info,137343
movie_info,137354
movie_info,137358
movie_info,137362
movie_info,137364
movie_info,137370
movie_info,137371
movie_info,137373
movie_info,137374
movie_info,137381
movie_info,137383
movie_info,137386
movie_info,137391
movie_info,137393
movie_info,137394
movie_info,137395
movie_info,137398
movie_info,137399
movie_info,137400
movie_info,137407
movie_info,137422
movie_info,137424
movie_info,137425
movie_info,137427
movie_info,137430
movie_info,137432
movie_info,137438
movie_info,137439
movie_info,137443
movie_info,137444
movie_info,137449
movie_info,137450
movie_info,137451
movie_info,137452
movie_info,137461
movie_info,137463
movie_info,137464
movie_info,137466
movie_info,137467
movie_info,137471
movie_info,137476
movie_info,137477
movie_info,137482
movie_info,137486
movie_info,137501
movie_info,137504
movie_info,137506
movie_info,137507
movie_info,137510
movie_info,137512
movie_info,137513
movie_info,137518
movie_info,137520
movie_info,137523
movie_info,137526
movie_info,137527
movie_info,137528
movie_info,137529
movie_info,137545
movie_info,137551
movie_info,137569
movie_info,137570
movie_info,137574
movie_info,137585
movie_info,137587
movie_info,137588
movie_info,137600
movie_info,137602
movie_info,137604
movie_info,137611
movie_info,137612
movie_info,137620
movie_info,137634
movie_info,137656
movie_info,137665
movie_info,137668
movie_info,137674
movie_info,137676
movie_info,137677
movie_info,137680
movie_info,137683
movie_info,137686
movie_info,137687
movie_info,137689
movie_info,137692
movie_info,137696
movie_info,137698
movie_info,137700
movie_info,137702
movie_info,137703
movie_info,137718
movie_info,137723
movie_info,137724
movie_info,137727
movie_info,137728
movie_info,137739
movie_info,137743
movie_info,137744
movie_info,137745
movie_info,137749
movie_info,137752
movie_info,137756
movie_info,137761
movie_info,137771
movie_info,137775
movie_info,137782
movie_info,137790
movie_info,137792
movie_info,137795
movie_info,137801
movie_info,137810
movie_info,137813
movie_info,137815
movie_info,137816
movie_info,137822
movie_info,137832
movie_info,137841
movie_info,137844
movie_info,137856
movie_info,137857
movie_info,137858
movie_info,137860
movie_info,137874
movie_info,137877
movie_info,137879
movie_info,137882
movie_info,137883
movie_info,137884
movie_info,137885
movie_info,137887
movie_info,137891
movie_info,137893
movie_info,137897
movie_info,137898
movie_info,137900
movie_info,137904
movie_info,137912
movie_info,137913
movie_info,137914
movie_info,137931
movie_info,137948
movie_info,137950
movie_info,137958
movie_info,137959
movie_info,137965
movie_info,137967
movie_info,137970
movie_info,137974
movie_info,137977
movie_info,137979
movie_info,138001
movie_info,138018
movie_info,138020
movie_info,138023
movie_info,138025
movie_info,138027
movie_info,138032
movie_info,138033
movie_info,138035
movie_info,138038
movie_info,138040
movie_info,138041
movie_info,138044
movie_info,138045
movie_info,138048
movie_info,138067
movie_info,138068
movie_info,138083
movie_info,138084
movie_info,138088
movie_info,138089
movie_info,138095
movie_info,138098
movie_info,138103
movie_info,138105
movie_info,138106
movie_info,138109
movie_info,138110
movie_info,138115
movie_info,138116
movie_info,138124
movie_info,138131
movie_info,138132
movie_info,138141
movie_info,138148
movie_info,138151
movie_info,138163
movie_info,138176
movie_info,138183
movie_info,138191
movie_info,138195
movie_info,138196
movie_info,138202
movie_info,138205
movie_info,138213
movie_info,138214
movie_info,138217
movie_info,138218
movie_info,138219
movie_info,138223
movie_info,138228
movie_info,138229
movie_info,138230
movie_info,138233
movie_info,138239
movie_info,138241
movie_info,138244
movie_info,138257
movie_info,138268
movie_info,138269
movie_info,138292
movie_info,138294
movie_info,138297
movie_info,138302
movie_info,138305
movie_info,138308
movie_info,138314
movie_info,138316
movie_info,138318
movie_info,138321
movie_info,138326
movie_info,138328
movie_info,138332
movie_info,138333
movie_info,138338
movie_info,138345
movie_info,138348
movie_info,138352
movie_info,138354
movie_info,138356
movie_info,138364
movie_info,138369
movie_info,138380
movie_info,138382
movie_info,138387
movie_info,138391
movie_info,138393
movie_info,138394
movie_info,138396
movie_info,138399
movie_info,138404
movie_info,138405
movie_info,138406
movie_info,138411
movie_info,138413
movie_info,138417
movie_info,138429
movie_info,138436
movie_info,138445
movie_info,138446
movie_info,138447
movie_info,138448
movie_info,138453
movie_info,138454
movie_info,138461
movie_info,138464
movie_info,138465
movie_info,138467
movie_info,138468
movie_info,138476
movie_info,138477
movie_info,138487
movie_info,138488
movie_info,138492
movie_info,138494
movie_info,138501
movie_info,138513
movie_info,138514
movie_info,138519
movie_info,138524
movie_info,138536
movie_info,138539
movie_info,138547
movie_info,138548
movie_info,138550
movie_info,138551
movie_info,138553
movie_info,138557
movie_info,138568
movie_info,138569
movie_info,138570
movie_info,138572
movie_info,138576
movie_info,138578
movie_info,138579
movie_info,138581
movie_info,138582
movie_info,138583
movie_info,138591
movie_info,138595
movie_info,138598
movie_info,138599
movie_info,138600
movie_info,138608
movie_info,138610
movie_info,138612
movie_info,138614
movie_info,138619
movie_info,138624
movie_info,138629
movie_info,138631
movie_info,138634
movie_info,138638
movie_info,138648
movie_info,138653
movie_info,138656
movie_info,138657
movie_info,138664
movie_info,138667
movie_info,138669
movie_info,138670
movie_info,138679
movie_info,138687
movie_info,138690
movie_info,138692
movie_info,138694
movie_info,138701
movie_info,138709
movie_info,138710
movie_info,138714
movie_info,138716
movie_info,138717
movie_info,138722
movie_info,138725
movie_info,138727
movie_info,138729
movie_info,138741
movie_info,138745
movie_info,138754
movie_info,138755
movie_info,138758
movie_info,138760
movie_info,138767
movie_info,138781
movie_info,138783
movie_info,138790
movie_info,138795
movie_info,138796
movie_info,138797
movie_info,138799
movie_info,138800
movie_info,138803
movie_info,138829
movie_info,138835
movie_info,138837
movie_info,138838
movie_info,138840
movie_info,138842
movie_info,138843
movie_info,138847
movie_info,138850
movie_info,138855
movie_info,138858
movie_info,138866
movie_info,138867
movie_info,138868
movie_info,138869
movie_info,138870
movie_info,138871
movie_info,138872
movie_info,138873
movie_info,138876
movie_info,138883
movie_info,138898
movie_info,138907
movie_info,138909
movie_info,138911
movie_info,138912
movie_info,138917
movie_info,138922
movie_info,138942
movie_info,138955
movie_info,138957
movie_info,138963
movie_info,138964
movie_info,138968
movie_info,138970
movie_info,138976
movie_info,138977
movie_info,138983
movie_info,138985
movie_info,138987
movie_info,138992
movie_info,138995
movie_info,138996
movie_info,138997
movie_info,138999
movie_info,139005
movie_info,139006
movie_info,139009
movie_info,139010
movie_info,139011
movie_info,139014
movie_info,139026
movie_info,139030
movie_info,139031
movie_info,139033
movie_info,139034
movie_info,139035
movie_info,139044
movie_info,139046
movie_info,139052
movie_info,139054
movie_info,139057
movie_info,139059
movie_info,139061
movie_info,139063
movie_info,139068
movie_info,139073
movie_info,139078
movie_info,139081
movie_info,139082
movie_info,139089
movie_info,139092
movie_info,139093
movie_info,139095
movie_info,139097
movie_info,139101
movie_info,139113
movie_info,139122
movie_info,139130
movie_info,139134
movie_info,139136
movie_info,139140
movie_info,139150
movie_info,139153
movie_info,139159
movie_info,139163
movie_info,139166
movie_info,139168
movie_info,139180
movie_info,139183
movie_info,139188
movie_info,139191
movie_info,139194
movie_info,139198
movie_info,139208
movie_info,139214
movie_info,139222
movie_info,139243
movie_info,139250
movie_info,139296
movie_info,139301
movie_info,139307
movie_info,139319
movie_info,139325
movie_info,139351
movie_info,139354
movie_info,139355
movie_info,139362
movie_info,139380
movie_info,139404
movie_info,139406
movie_info,139408
movie_info,139412
movie_info,139415
movie_info,139421
movie_info,139428
movie_info,139429
movie_info,139430
movie_info,139432
movie_info,139434
movie_info,139436
movie_info,139439
movie_info,139459
movie_info,139469
movie_info,139480
movie_info,139486
movie_info,139487
movie_info,139491
movie_info,139497
movie_info,139498
movie_info,139499
movie_info,139505
movie_info,139527
movie_info,139532
movie_info,139538
movie_info,139541
movie_info,139543
movie_info,139544
movie_info,139547
movie_info,139549
movie_info,139550
movie_info,139552
movie_info,139553
movie_info,139560
movie_info,139564
movie_info,139567
movie_info,139571
movie_info,139573
movie_info,139574
movie_info,139592
movie_info,139593
movie_info,139595
movie_info,139596
movie_info,139598
movie_info,139599
movie_info,139605
movie_info,139619
movie_info,139621
movie_info,139622
movie_info,139627
movie_info,139628
movie_info,139632
movie_info,139633
movie_info,139634
movie_info,139635
movie_info,139636
movie_info,139638
movie_info,139639
movie_info,139642
movie_info,139649
movie_info,139657
movie_info,139658
movie_info,139666
movie_info,139675
movie_info,139677
movie_info,139681
movie_info,139687
movie_info,139688
movie_info,139690
movie_info,139691
movie_info,139695
movie_info,139700
movie_info,139706
movie_info,139718
movie_info,139721
movie_info,139728
movie_info,139733
movie_info,139736
movie_info,139751
movie_info,139756
movie_info,139757
movie_info,139761
movie_info,139765
movie_info,139766
movie_info,139769
movie_info,139770
movie_info,139773
movie_info,139775
movie_info,139777
movie_info,139791
movie_info,139792
movie_info,139803
movie_info,139807
movie_info,139808
movie_info,139811
movie_info,139812
movie_info,139814
movie_info,139817
movie_info,139818
movie_info,139819
movie_info,139821
movie_info,139832
movie_info,139834
movie_info,139843
movie_info,139847
movie_info,139848
movie_info,139850
movie_info,139852
movie_info,139856
movie_info,139858
movie_info,139860
movie_info,139867
movie_info,139873
movie_info,139883
movie_info,139895
movie_info,139898
movie_info,139899
movie_info,139900
movie_info,139908
movie_info,139910
movie_info,139913
movie_info,139920
movie_info,139927
movie_info,139928
movie_info,139930
movie_info,139935
movie_info,139943
movie_info,139944
movie_info,139945
movie_info,139959
movie_info,139963
movie_info,139964
movie_info,139965
movie_info,139967
movie_info,139970
movie_info,139981
movie_info,139984
movie_info,139994
movie_info,140004
movie_info,140007
movie_info,140008
movie_info,140025
movie_info,140033
movie_info,140035
movie_info,140036
movie_info,140040
movie_info,140044
movie_info,140050
movie_info,140051
movie_info,140062
movie_info,140071
movie_info,140074
movie_info,140075
movie_info,140079
movie_info,140081
movie_info,140085
movie_info,140091
movie_info,140101
movie_info,140103
movie_info,140106
movie_info,140110
movie_info,140112
movie_info,140113
movie_info,140118
movie_info,140128
movie_info,140134
movie_info,140140
movie_info,140141
movie_info,140149
movie_info,140152
movie_info,140163
movie_info,140170
movie_info,140175
movie_info,140189
movie_info,140192
movie_info,140202
movie_info,140203
movie_info,140208
movie_info,140216
movie_info,140217
movie_info,140223
movie_info,140231
movie_info,140234
movie_info,140237
movie_info,140244
movie_info,140246
movie_info,140247
movie_info,140251
movie_info,140252
movie_info,140253
movie_info,140260
movie_info,140267
movie_info,140269
movie_info,140273
movie_info,140275
movie_info,140277
movie_info,140285
movie_info,140286
movie_info,140290
movie_info,140291
movie_info,140292
movie_info,140303
movie_info,140304
movie_info,140310
movie_info,140315
movie_info,140319
movie_info,140322
movie_info,140323
movie_info,140324
movie_info,140325
movie_info,140332
movie_info,140333
movie_info,140341
movie_info,140345
movie_info,140347
movie_info,140349
movie_info,140354
movie_info,140367
movie_info,140376
movie_info,140380
movie_info,140387
movie_info,140391
movie_info,140392
movie_info,140393
movie_info,140407
movie_info,140412
movie_info,140419
movie_info,140420
movie_info,140423
movie_info,140428
movie_info,140429
movie_info,140437
movie_info,140443
movie_info,140445
movie_info,140446
movie_info,140448
movie_info,140455
movie_info,140458
movie_info,140464
movie_info,140466
movie_info,140467
movie_info,140469
movie_info,140471
movie_info,140482
movie_info,140485
movie_info,140488
movie_info,140491
movie_info,140492
movie_info,140494
movie_info,140499
movie_info,140521
movie_info,140524
movie_info,140526
movie_info,140530
movie_info,140531
movie_info,140532
movie_info,140533
movie_info,140535
movie_info,140537
movie_info,140540
movie_info,140543
movie_info,140546
movie_info,140552
movie_info,140563
movie_info,140565
movie_info,140569
movie_info,140573
movie_info,140574
movie_info,140575
movie_info,140576
movie_info,140578
movie_info,140579
movie_info,140581
movie_info,140583
movie_info,140589
movie_info,140592
movie_info,140593
movie_info,140594
movie_info,140595
movie_info,140596
movie_info,140604
movie_info,140606
movie_info,140610
movie_info,140616
movie_info,140617
movie_info,140625
movie_info,140632
movie_info,140644
movie_info,140645
movie_info,140650
movie_info,140660
movie_info,140663
movie_info,140664
movie_info,140668
movie_info,140675
movie_info,140679
movie_info,140689
movie_info,140692
movie_info,140695
movie_info,140716
movie_info,140718
movie_info,140720
movie_info,140728
movie_info,140730
movie_info,140732
movie_info,140741
movie_info,140747
movie_info,140752
movie_info,140761
movie_info,140766
movie_info,140767
movie_info,140768
movie_info,140781
movie_info,140787
movie_info,140789
movie_info,140792
movie_info,140794
movie_info,140802
movie_info,140803
movie_info,140814
movie_info,140816
movie_info,140818
movie_info,140820
movie_info,140821
movie_info,140822
movie_info,140828
movie_info,140832
movie_info,140833
movie_info,140836
movie_info,140840
movie_info,140842
movie_info,140844
movie_info,140845
movie_info,140846
movie_info,140848
movie_info,140854
movie_info,140858
movie_info,140860
movie_info,140865
movie_info,140877
movie_info,140879
movie_info,140881
movie_info,140884
movie_info,140888
movie_info,140891
movie_info,140899
movie_info,140903
movie_info,140913
movie_info,140917
movie_info,140920
movie_info,140924
movie_info,140926
movie_info,140927
movie_info,140930
movie_info,140931
movie_info,140936
movie_info,140937
movie_info,140939
movie_info,140944
movie_info,140946
movie_info,140947
movie_info,140949
movie_info,140950
movie_info,140951
movie_info,140954
movie_info,140958
movie_info,140960
movie_info,140964
movie_info,140966
movie_info,140968
movie_info,140979
movie_info,140984
movie_info,140988
movie_info,140991
movie_info,140996
movie_info,140998
movie_info,141000
movie_info,141005
movie_info,141007
movie_info,141015
movie_info,141016
movie_info,141017
movie_info,141022
movie_info,141033
movie_info,141035
movie_info,141038
movie_info,141042
movie_info,141046
movie_info,141051
movie_info,141053
movie_info,141056
movie_info,141059
movie_info,141060
movie_info,141064
movie_info,141073
movie_info,141075
movie_info,141076
movie_info,141083
movie_info,141088
movie_info,141090
movie_info,141092
movie_info,141093
movie_info,141095
movie_info,141098
movie_info,141100
movie_info,141104
movie_info,141107
movie_info,141108
movie_info,141112
movie_info,141116
movie_info,141120
movie_info,141125
movie_info,141128
movie_info,141130
movie_info,141135
movie_info,141137
movie_info,141146
movie_info,141148
movie_info,141159
movie_info,141173
movie_info,141181
movie_info,141182
movie_info,141188
movie_info,141201
movie_info,141205
movie_info,141206
movie_info,141207
movie_info,141209
movie_info,141210
movie_info,141221
movie_info,141224
movie_info,141226
movie_info,141237
movie_info,141249
movie_info,141270
movie_info,141271
movie_info,141273
movie_info,141275
movie_info,141276
movie_info,141277
movie_info,141280
movie_info,141281
movie_info,141282
movie_info,141283
movie_info,141288
movie_info,141294
movie_info,141295
movie_info,141296
movie_info,141302
movie_info,141307
movie_info,141309
movie_info,141311
movie_info,141321
movie_info,141324
movie_info,141326
movie_info,141328
movie_info,141330
movie_info,141333
movie_info,141334
movie_info,141336
movie_info,141337
movie_info,141341
movie_info,141346
movie_info,141348
movie_info,141349
movie_info,141351
movie_info,141352
movie_info,141354
movie_info,141355
movie_info,141363
movie_info,141365
movie_info,141366
movie_info,141368
movie_info,141374
movie_info,141378
movie_info,141379
movie_info,141380
movie_info,141384
movie_info,141387
movie_info,141393
movie_info,141399
movie_info,141403
movie_info,141404
movie_info,141405
movie_info,141407
movie_info,141409
movie_info,141410
movie_info,141411
movie_info,141412
movie_info,141413
movie_info,141416
movie_info,141419
movie_info,141421
movie_info,141422
movie_info,141423
movie_info,141425
movie_info,141438
movie_info,141444
movie_info,141445
movie_info,141447
movie_info,141460
movie_info,141462
movie_info,141466
movie_info,141467
movie_info,141471
movie_info,141476
movie_info,141481
movie_info,141484
movie_info,141485
movie_info,141489
movie_info,141491
movie_info,141494
movie_info,141495
movie_info,141500
movie_info,141502
movie_info,141506
movie_info,141513
movie_info,141515
movie_info,141528
movie_info,141531
movie_info,141532
movie_info,141534
movie_info,141535
movie_info,141538
movie_info,141540
movie_info,141549
movie_info,141569
movie_info,141570
movie_info,141571
movie_info,141582
movie_info,141588
movie_info,141591
movie_info,141595
movie_info,141597
movie_info,141606
movie_info,141608
movie_info,141609
movie_info,141613
movie_info,141616
movie_info,141617
movie_info,141619
movie_info,141622
movie_info,141634
movie_info,141640
movie_info,141647
movie_info,141648
movie_info,141651
movie_info,141653
movie_info,141654
movie_info,141656
movie_info,141657
movie_info,141658
movie_info,141659
movie_info,141662
movie_info,141663
movie_info,141664
movie_info,141665
movie_info,141671
movie_info,141672
movie_info,141673
movie_info,141679
movie_info,141681
movie_info,141682
movie_info,141685
movie_info,141686
movie_info,141689
movie_info,141690
movie_info,141694
movie_info,141696
movie_info,141697
movie_info,141701
movie_info,141704
movie_info,141706
movie_info,141711
movie_info,141715
movie_info,141721
movie_info,141725
movie_info,141726
movie_info,141728
movie_info,141730
movie_info,141736
movie_info,141737
movie_info,141741
movie_info,141745
movie_info,141750
movie_info,141753
movie_info,141763
movie_info,141767
movie_info,141769
movie_info,141771
movie_info,141772
movie_info,141776
movie_info,141777
movie_info,141780
movie_info,141782
movie_info,141786
movie_info,141788
movie_info,141789
movie_info,141792
movie_info,141795
movie_info,141796
movie_info,141808
movie_info,141812
movie_info,141823
movie_info,141831
movie_info,141845
movie_info,141851
movie_info,141855
movie_info,141856
movie_info,141857
movie_info,141859
movie_info,141860
movie_info,141861
movie_info,141862
movie_info,141863
movie_info,141864
movie_info,141866
movie_info,141869
movie_info,141870
movie_info,141875
movie_info,141883
movie_info,141885
movie_info,141893
movie_info,141897
movie_info,141898
movie_info,141915
movie_info,141916
movie_info,141921
movie_info,141922
movie_info,141932
movie_info,141940
movie_info,141941
movie_info,141950
movie_info,141956
movie_info,141962
movie_info,141966
movie_info,141967
movie_info,141976
movie_info,141985
movie_info,141987
movie_info,141991
movie_info,141996
movie_info,141997
movie_info,142002
movie_info,142013
movie_info,142024
movie_info,142027
movie_info,142032
movie_info,142037
movie_info,142038
movie_info,142040
movie_info,142043
movie_info,142048
movie_info,142056
movie_info,142058
movie_info,142059
movie_info,142063
movie_info,142068
movie_info,142073
movie_info,142075
movie_info,142076
movie_info,142081
movie_info,142085
movie_info,142087
movie_info,142089
movie_info,142091
movie_info,142098
movie_info,142104
movie_info,142114
movie_info,142117
movie_info,142118
movie_info,142121
movie_info,142124
movie_info,142127
movie_info,142128
movie_info,142130
movie_info,142131
movie_info,142136
movie_info,142142
movie_info,142144
movie_info,142157
movie_info,142160
movie_info,142167
movie_info,142174
movie_info,142176
movie_info,142186
movie_info,142188
movie_info,142194
movie_info,142195
movie_info,142197
movie_info,142200
movie_info,142205
movie_info,142209
movie_info,142210
movie_info,142216
movie_info,142223
movie_info,142226
movie_info,142232
movie_info,142233
movie_info,142254
movie_info,142260
movie_info,142262
movie_info,142267
movie_info,142270
movie_info,142271
movie_info,142276
movie_info,142279
movie_info,142280
movie_info,142282
movie_info,142284
movie_info,142297
movie_info,142303
movie_info,142306
movie_info,142307
movie_info,142312
movie_info,142315
movie_info,142316
movie_info,142324
movie_info,142325
movie_info,142326
movie_info,142329
movie_info,142331
movie_info,142333
movie_info,142338
movie_info,142345
movie_info,142350
movie_info,142356
movie_info,142364
movie_info,142368
movie_info,142373
movie_info,142374
movie_info,142375
movie_info,142393
movie_info,142399
movie_info,142420
movie_info,142424
movie_info,142426
movie_info,142428
movie_info,142433
movie_info,142436
movie_info,142442
movie_info,142446
movie_info,142460
movie_info,142462
movie_info,142484
movie_info,142496
movie_info,142497
movie_info,142515
movie_info,142543
movie_info,142549
movie_info,142551
movie_info,142552
movie_info,142556
movie_info,142589
movie_info,142591
movie_info,142594
movie_info,142597
movie_info,142605
movie_info,142606
movie_info,142618
movie_info,142621
movie_info,142627
movie_info,142629
movie_info,142632
movie_info,142640
movie_info,142648
movie_info,142656
movie_info,142663
movie_info,142664
movie_info,142665
movie_info,142666
movie_info,142670
movie_info,142671
movie_info,142681
movie_info,142684
movie_info,142685
movie_info,142690
movie_info,142695
movie_info,142696
movie_info,142697
movie_info,142701
movie_info,142716
movie_info,142747
movie_info,142785
movie_info,142786
movie_info,142788
movie_info,142796
movie_info,142803
movie_info,142818
movie_info,142849
movie_info,142852
movie_info,142853
movie_info,142863
movie_info,142866
movie_info,142867
movie_info,142896
movie_info,142908
movie_info,142909
movie_info,142911
movie_info,142912
movie_info,142939
movie_info,142944
movie_info,142958
movie_info,142964
movie_info,142965
movie_info,142966
movie_info,142980
movie_info,143004
movie_info,143011
movie_info,143018
movie_info,143037
movie_info,143045
movie_info,143058
movie_info,143060
movie_info,143073
movie_info,143074
movie_info,143075
movie_info,143083
movie_info,143089
movie_info,143093
movie_info,143094
movie_info,143096
movie_info,143100
movie_info,143105
movie_info,143111
movie_info,143121
movie_info,143122
movie_info,143144
movie_info,143145
movie_info,143153
movie_info,143154
movie_info,143155
movie_info,143156
movie_info,143157
movie_info,143158
movie_info,143168
movie_info,143173
movie_info,143179
movie_info,143185
movie_info,143186
movie_info,143196
movie_info,143198
movie_info,143258
movie_info,143263
movie_info,143264
movie_info,143265
movie_info,143266
movie_info,143277
movie_info,143278
movie_info,143327
movie_info,143328
movie_info,143334
movie_info,143345
movie_info,143354
movie_info,143358
movie_info,143359
movie_info,143371
movie_info,143372
movie_info,143397
movie_info,143415
movie_info,143416
movie_info,143418
movie_info,143456
movie_info,143484
movie_info,143485
movie_info,143486
movie_info,143487
movie_info,143495
movie_info,143507
movie_info,143508
movie_info,143509
movie_info,143510
movie_info,143514
movie_info,143532
movie_info,143560
movie_info,143561
movie_info,143567
movie_info,143576
movie_info,143577
movie_info,143611
movie_info,143618
movie_info,143619
movie_info,143627
movie_info,143631
movie_info,143635
movie_info,143636
movie_info,143638
movie_info,143639
movie_info,143674
movie_info,143675
movie_info,143683
movie_info,143686
movie_info,143736
movie_info,143738
movie_info,143740
movie_info,143747
movie_info,143748
movie_info,143757
movie_info,143765
movie_info,143766
movie_info,143767
movie_info,143796
movie_info,143798
movie_info,143824
movie_info,143831
movie_info,143850
movie_info,143865
movie_info,143867
movie_info,143872
movie_info,143879
movie_info,143882
movie_info,143905
movie_info,143906
movie_info,143911
movie_info,143912
movie_info,143920
movie_info,143922
movie_info,143924
movie_info,143926
movie_info,143932
movie_info,143946
movie_info,143970
movie_info,143980
movie_info,143986
movie_info,143987
movie_info,144006
movie_info,144008
movie_info,144022
movie_info,144025
movie_info,144026
movie_info,144027
movie_info,144044
movie_info,144045
movie_info,144050
movie_info,144051
movie_info,144054
movie_info,144055
movie_info,144069
movie_info,144083
movie_info,144088
movie_info,144093
movie_info,144094
movie_info,144098
movie_info,144103
movie_info,144110
movie_info,144131
movie_info,144132
movie_info,144144
movie_info,144146
movie_info,144148
movie_info,144151
movie_info,144152
movie_info,144197
movie_info,144215
movie_info,144217
movie_info,144259
movie_info,144265
movie_info,144273
movie_info,144274
movie_info,144278
movie_info,144282
movie_info,144290
movie_info,144292
movie_info,144307
movie_info,144316
movie_info,144317
movie_info,144367
movie_info,144370
movie_info,144371
movie_info,144374
movie_info,144391
movie_info,144392
movie_info,144393
movie_info,144397
movie_info,144398
movie_info,144426
movie_info,144428
movie_info,144430
movie_info,144431
movie_info,144433
movie_info,144439
movie_info,144457
movie_info,144490
movie_info,144491
movie_info,144492
movie_info,144494
movie_info,144500
movie_info,144503
movie_info,144510
movie_info,144511
movie_info,144516
movie_info,144525
movie_info,144530
movie_info,144533
movie_info,144539
movie_info,144563
movie_info,144578
movie_info,144610
movie_info,144611
movie_info,144616
movie_info,144625
movie_info,144626
movie_info,144650
movie_info,144655
movie_info,144671
movie_info,144674
movie_info,144676
movie_info,144679
movie_info,144680
movie_info,144688
movie_info,144694
movie_info,144703
movie_info,144715
movie_info,144719
movie_info,144723
movie_info,144725
movie_info,144726
movie_info,144732
movie_info,144740
movie_info,144745
movie_info,144750
movie_info,144751
movie_info,144756
movie_info,144758
movie_info,144762
movie_info,144772
movie_info,144773
movie_info,144776
movie_info,144782
movie_info,144785
movie_info,144789
movie_info,144795
movie_info,144799
movie_info,144803
movie_info,144807
movie_info,144809
movie_info,144825
movie_info,144826
movie_info,144827
movie_info,144829
movie_info,144831
movie_info,144853
movie_info,144859
movie_info,144860
movie_info,144868
movie_info,144869
movie_info,144876
movie_info,144878
movie_info,144880
movie_info,144885
movie_info,144887
movie_info,144888
movie_info,144891
movie_info,144896
movie_info,144898
movie_info,144918
movie_info,144920
movie_info,144925
movie_info,144927
movie_info,144928
movie_info,144929
movie_info,144932
movie_info,144935
movie_info,144937
movie_info,144938
movie_info,144953
movie_info,144962
movie_info,144964
movie_info,144965
movie_info,144976
movie_info,144979
movie_info,144990
movie_info,144994
movie_info,144995
movie_info,145000
movie_info,145002
movie_info,145007
movie_info,145013
movie_info,145015
movie_info,145016
movie_info,145017
movie_info,145024
movie_info,145027
movie_info,145028
movie_info,145032
movie_info,145034
movie_info,145039
movie_info,145041
movie_info,145049
movie_info,145060
movie_info,145066
movie_info,145074
movie_info,145075
movie_info,145083
movie_info,145086
movie_info,145087
movie_info,145090
movie_info,145092
movie_info,145096
movie_info,145097
movie_info,145103
movie_info,145112
movie_info,145114
movie_info,145119
movie_info,145120
movie_info,145121
movie_info,145126
movie_info,145138
movie_info,145139
movie_info,145141
movie_info,145145
movie_info,145146
movie_info,145148
movie_info,145163
movie_info,145177
movie_info,145184
movie_info,145186
movie_info,145189
movie_info,145193
movie_info,145200
movie_info,145201
movie_info,145203
movie_info,145205
movie_info,145213
movie_info,145214
movie_info,145215
movie_info,145224
movie_info,145228
movie_info,145230
movie_info,145235
movie_info,145245
movie_info,145262
movie_info,145263
movie_info,145264
movie_info,145274
movie_info,145277
movie_info,145282
movie_info,145284
movie_info,145289
movie_info,145290
movie_info,145292
movie_info,145293
movie_info,145300
movie_info,145301
movie_info,145304
movie_info,145309
movie_info,145311
movie_info,145312
movie_info,145313
movie_info,145316
movie_info,145317
movie_info,145318
movie_info,145324
movie_info,145339
movie_info,145341
movie_info,145342
movie_info,145344
movie_info,145347
movie_info,145349
movie_info,145355
movie_info,145356
movie_info,145359
movie_info,145360
movie_info,145361
movie_info,145365
movie_info,145366
movie_info,145367
movie_info,145368
movie_info,145376
movie_info,145378
movie_info,145380
movie_info,145381
movie_info,145385
movie_info,145390
movie_info,145391
movie_info,145396
movie_info,145400
movie_info,145414
movie_info,145416
movie_info,145417
movie_info,145419
movie_info,145423
movie_info,145425
movie_info,145426
movie_info,145431
movie_info,145433
movie_info,145436
movie_info,145438
movie_info,145440
movie_info,145442
movie_info,145458
movie_info,145463
movie_info,145481
movie_info,145485
movie_info,145496
movie_info,145498
movie_info,145499
movie_info,145512
movie_info,145513
movie_info,145516
movie_info,145522
movie_info,145524
movie_info,145532
movie_info,145545
movie_info,145568
movie_info,145577
movie_info,145578
movie_info,145580
movie_info,145586
movie_info,145587
movie_info,145589
movie_info,145591
movie_info,145594
movie_info,145597
movie_info,145598
movie_info,145600
movie_info,145603
movie_info,145607
movie_info,145608
movie_info,145610
movie_info,145612
movie_info,145613
movie_info,145628
movie_info,145633
movie_info,145634
movie_info,145637
movie_info,145638
movie_info,145648
movie_info,145653
movie_info,145654
movie_info,145655
movie_info,145658
movie_info,145661
movie_info,145664
movie_info,145669
movie_info,145678
movie_info,145683
movie_info,145690
movie_info,145697
movie_info,145699
movie_info,145702
movie_info,145709
movie_info,145718
movie_info,145720
movie_info,145721
movie_info,145723
movie_info,145724
movie_info,145729
movie_info,145730
movie_info,145739
movie_info,145749
movie_info,145751
movie_info,145765
movie_info,145766
movie_info,145768
movie_info,145783
movie_info,145784
movie_info,145785
movie_info,145786
movie_info,145788
movie_info,145790
movie_info,145791
movie_info,145792
movie_info,145793
movie_info,145795
movie_info,145798
movie_info,145800
movie_info,145801
movie_info,145805
movie_info,145806
movie_info,145808
movie_info,145811
movie_info,145819
movie_info,145820
movie_info,145821
movie_info,145841
movie_info,145859
movie_info,145861
movie_info,145869
movie_info,145870
movie_info,145876
movie_info,145878
movie_info,145882
movie_info,145886
movie_info,145888
movie_info,145891
movie_info,145915
movie_info,145933
movie_info,145934
movie_info,145935
movie_info,145938
movie_info,145940
movie_info,145942
movie_info,145946
movie_info,145947
movie_info,145949
movie_info,145952
movie_info,145954
movie_info,145955
movie_info,145959
movie_info,145962
movie_info,145980
movie_info,145982
movie_info,145996
movie_info,145997
movie_info,146001
movie_info,146002
movie_info,146008
movie_info,146011
movie_info,146016
movie_info,146018
movie_info,146019
movie_info,146022
movie_info,146023
movie_info,146024
movie_info,146028
movie_info,146029
movie_info,146038
movie_info,146045
movie_info,146046
movie_info,146054
movie_info,146061
movie_info,146064
movie_info,146078
movie_info,146092
movie_info,146099
movie_info,146108
movie_info,146112
movie_info,146113
movie_info,146119
movie_info,146122
movie_info,146131
movie_info,146132
movie_info,146135
movie_info,146136
movie_info,146137
movie_info,146141
movie_info,146146
movie_info,146147
movie_info,146148
movie_info,146151
movie_info,146157
movie_info,146160
movie_info,146162
movie_info,146176
movie_info,146188
movie_info,146212
movie_info,146213
movie_info,146217
movie_info,146221
movie_info,146224
movie_info,146227
movie_info,146233
movie_info,146235
movie_info,146237
movie_info,146240
movie_info,146245
movie_info,146247
movie_info,146251
movie_info,146256
movie_info,146263
movie_info,146266
movie_info,146270
movie_info,146272
movie_info,146274
movie_info,146282
movie_info,146286
movie_info,146287
movie_info,146297
movie_info,146300
movie_info,146304
movie_info,146308
movie_info,146309
movie_info,146310
movie_info,146312
movie_info,146315
movie_info,146320
movie_info,146321
movie_info,146322
movie_info,146327
movie_info,146333
movie_info,146344
movie_info,146349
movie_info,146350
movie_info,146358
movie_info,146359
movie_info,146361
movie_info,146366
movie_info,146367
movie_info,146374
movie_info,146375
movie_info,146377
movie_info,146378
movie_info,146380
movie_info,146388
movie_info,146390
movie_info,146399
movie_info,146400
movie_info,146404
movie_info,146406
movie_info,146413
movie_info,146425
movie_info,146426
movie_info,146431
movie_info,146436
movie_info,146448
movie_info,146451
movie_info,146458
movie_info,146460
movie_info,146462
movie_info,146463
movie_info,146465
movie_info,146468
movie_info,146478
movie_info,146480
movie_info,146481
movie_info,146482
movie_info,146487
movie_info,146488
movie_info,146490
movie_info,146492
movie_info,146493
movie_info,146494
movie_info,146502
movie_info,146506
movie_info,146509
movie_info,146510
movie_info,146518
movie_info,146520
movie_info,146522
movie_info,146524
movie_info,146529
movie_info,146534
movie_info,146538
movie_info,146540
movie_info,146544
movie_info,146548
movie_info,146557
movie_info,146562
movie_info,146566
movie_info,146567
movie_info,146574
movie_info,146576
movie_info,146579
movie_info,146580
movie_info,146589
movie_info,146597
movie_info,146600
movie_info,146601
movie_info,146603
movie_info,146610
movie_info,146618
movie_info,146623
movie_info,146624
movie_info,146625
movie_info,146630
movie_info,146633
movie_info,146635
movie_info,146636
movie_info,146647
movie_info,146651
movie_info,146660
movie_info,146664
movie_info,146665
movie_info,146673
movie_info,146685
movie_info,146687
movie_info,146694
movie_info,146698
movie_info,146699
movie_info,146700
movie_info,146702
movie_info,146705
movie_info,146730
movie_info,146736
movie_info,146737
movie_info,146739
movie_info,146740
movie_info,146742
movie_info,146743
movie_info,146748
movie_info,146750
movie_info,146755
movie_info,146767
movie_info,146768
movie_info,146769
movie_info,146770
movie_info,146771
movie_info,146772
movie_info,146773
movie_info,146776
movie_info,146782
movie_info,146797
movie_info,146807
movie_info,146808
movie_info,146809
movie_info,146811
movie_info,146812
movie_info,146817
movie_info,146822
movie_info,146843
movie_info,146856
movie_info,146858
movie_info,146864
movie_info,146865
movie_info,146868
movie_info,146870
movie_info,146876
movie_info,146882
movie_info,146884
movie_info,146886
movie_info,146891
movie_info,146894
movie_info,146895
movie_info,146896
movie_info,146898
movie_info,146903
movie_info,146905
movie_info,146908
movie_info,146909
movie_info,146910
movie_info,146912
movie_info,146913
movie_info,146925
movie_info,146928
movie_info,146929
movie_info,146930
movie_info,146931
movie_info,146933
movie_info,146934
movie_info,146943
movie_info,146945
movie_info,146951
movie_info,146953
movie_info,146956
movie_info,146958
movie_info,146961
movie_info,146962
movie_info,146967
movie_info,146968
movie_info,146973
movie_info,146978
movie_info,146981
movie_info,146982
movie_info,146989
movie_info,146992
movie_info,146993
movie_info,146995
movie_info,146997
movie_info,147001
movie_info,147012
movie_info,147022
movie_info,147030
movie_info,147033
movie_info,147035
movie_info,147039
movie_info,147050
movie_info,147054
movie_info,147061
movie_info,147065
movie_info,147068
movie_info,147070
movie_info,147083
movie_info,147087
movie_info,147092
movie_info,147095
movie_info,147097
movie_info,147102
movie_info,147112
movie_info,147118
movie_info,147126
movie_info,147147
movie_info,147156
movie_info,147206
movie_info,147212
movie_info,147219
movie_info,147230
movie_info,147237
movie_info,147265
movie_info,147268
movie_info,147269
movie_info,147277
movie_info,147297
movie_info,147323
movie_info,147326
movie_info,147327
movie_info,147331
movie_info,147334
movie_info,147341
movie_info,147348
movie_info,147349
movie_info,147350
movie_info,147352
movie_info,147354
movie_info,147355
movie_info,147359
movie_info,147380
movie_info,147393
movie_info,147405
movie_info,147412
movie_info,147413
movie_info,147417
movie_info,147423
movie_info,147424
movie_info,147431
movie_info,147456
movie_info,147461
movie_info,147467
movie_info,147470
movie_info,147472
movie_info,147473
movie_info,147477
movie_info,147479
movie_info,147481
movie_info,147482
movie_info,147488
movie_info,147492
movie_info,147495
movie_info,147499
movie_info,147500
movie_info,147502
movie_info,147519
movie_info,147520
movie_info,147522
movie_info,147523
movie_info,147525
movie_info,147526
movie_info,147532
movie_info,147546
movie_info,147548
movie_info,147553
movie_info,147555
movie_info,147558
movie_info,147559
movie_info,147560
movie_info,147561
movie_info,147563
movie_info,147564
movie_info,147567
movie_info,147574
movie_info,147582
movie_info,147591
movie_info,147599
movie_info,147601
movie_info,147606
movie_info,147611
movie_info,147613
movie_info,147615
movie_info,147616
movie_info,147620
movie_info,147625
movie_info,147631
movie_info,147644
movie_info,147647
movie_info,147655
movie_info,147660
movie_info,147663
movie_info,147678
movie_info,147683
movie_info,147684
movie_info,147688
movie_info,147692
movie_info,147693
movie_info,147696
movie_info,147697
movie_info,147700
movie_info,147702
movie_info,147704
movie_info,147718
movie_info,147719
movie_info,147731
movie_info,147735
movie_info,147736
movie_info,147738
movie_info,147739
movie_info,147742
movie_info,147744
movie_info,147745
movie_info,147746
movie_info,147747
movie_info,147748
movie_info,147760
movie_info,147761
movie_info,147770
movie_info,147774
movie_info,147775
movie_info,147777
movie_info,147779
movie_info,147783
movie_info,147786
movie_info,147787
movie_info,147795
movie_info,147801
movie_info,147812
movie_info,147824
movie_info,147827
movie_info,147828
movie_info,147836
movie_info,147837
movie_info,147838
movie_info,147842
movie_info,147847
movie_info,147854
movie_info,147855
movie_info,147857
movie_info,147862
movie_info,147871
movie_info,147872
movie_info,147886
movie_info,147889
movie_info,147890
movie_info,147891
movie_info,147892
movie_info,147893
movie_info,147897
movie_info,147907
movie_info,147911
movie_info,147921
movie_info,147932
movie_info,147935
movie_info,147936
movie_info,147953
movie_info,147962
movie_info,147964
movie_info,147969
movie_info,147972
movie_info,147978
movie_info,147980
movie_info,147990
movie_info,148000
movie_info,148003
movie_info,148004
movie_info,148007
movie_info,148010
movie_info,148014
movie_info,148020
movie_info,148029
movie_info,148031
movie_info,148034
movie_info,148038
movie_info,148040
movie_info,148041
movie_info,148046
movie_info,148047
movie_info,148057
movie_info,148063
movie_info,148069
movie_info,148070
movie_info,148078
movie_info,148081
movie_info,148086
movie_info,148092
movie_info,148099
movie_info,148104
movie_info,148117
movie_info,148120
movie_info,148130
movie_info,148135
movie_info,148143
movie_info,148145
movie_info,148150
movie_info,148159
movie_info,148162
movie_info,148165
movie_info,148172
movie_info,148174
movie_info,148175
movie_info,148178
movie_info,148179
movie_info,148180
movie_info,148187
movie_info,148194
movie_info,148196
movie_info,148200
movie_info,148202
movie_info,148205
movie_info,148212
movie_info,148213
movie_info,148217
movie_info,148218
movie_info,148219
movie_info,148230
movie_info,148231
movie_info,148237
movie_info,148242
movie_info,148246
movie_info,148249
movie_info,148250
movie_info,148252
movie_info,148260
movie_info,148261
movie_info,148268
movie_info,148273
movie_info,148275
movie_info,148276
movie_info,148281
movie_info,148295
movie_info,148303
movie_info,148307
movie_info,148314
movie_info,148318
movie_info,148319
movie_info,148320
movie_info,148333
movie_info,148338
movie_info,148346
movie_info,148347
movie_info,148350
movie_info,148355
movie_info,148356
movie_info,148364
movie_info,148370
movie_info,148373
movie_info,148376
movie_info,148383
movie_info,148386
movie_info,148392
movie_info,148394
movie_info,148397
movie_info,148399
movie_info,148410
movie_info,148413
movie_info,148416
movie_info,148420
movie_info,148421
movie_info,148422
movie_info,148425
movie_info,148427
movie_info,148451
movie_info,148454
movie_info,148456
movie_info,148460
movie_info,148461
movie_info,148462
movie_info,148463
movie_info,148466
movie_info,148467
movie_info,148470
movie_info,148473
movie_info,148476
movie_info,148483
movie_info,148494
movie_info,148495
movie_info,148497
movie_info,148500
movie_info,148503
movie_info,148504
movie_info,148505
movie_info,148507
movie_info,148508
movie_info,148509
movie_info,148510
movie_info,148511
movie_info,148513
movie_info,148519
movie_info,148522
movie_info,148523
movie_info,148524
movie_info,148525
movie_info,148526
movie_info,148534
movie_info,148536
movie_info,148537
movie_info,148540
movie_info,148545
movie_info,148546
movie_info,148555
movie_info,148562
movie_info,148572
movie_info,148573
movie_info,148578
movie_info,148588
movie_info,148590
movie_info,148591
movie_info,148592
movie_info,148596
movie_info,148602
movie_info,148606
movie_info,148616
movie_info,148617
movie_info,148619
movie_info,148623
movie_info,148644
movie_info,148647
movie_info,148648
movie_info,148657
movie_info,148659
movie_info,148660
movie_info,148661
movie_info,148671
movie_info,148677
movie_info,148683
movie_info,148692
movie_info,148696
movie_info,148697
movie_info,148698
movie_info,148711
movie_info,148716
movie_info,148719
movie_info,148721
movie_info,148723
movie_info,148731
movie_info,148743
movie_info,148746
movie_info,148747
movie_info,148750
movie_info,148752
movie_info,148757
movie_info,148761
movie_info,148762
movie_info,148765
movie_info,148769
movie_info,148771
movie_info,148773
movie_info,148774
movie_info,148775
movie_info,148777
movie_info,148783
movie_info,148787
movie_info,148789
movie_info,148794
movie_info,148807
movie_info,148808
movie_info,148810
movie_info,148813
movie_info,148817
movie_info,148820
movie_info,148828
movie_info,148829
movie_info,148833
movie_info,148843
movie_info,148846
movie_info,148847
movie_info,148850
movie_info,148854
movie_info,148855
movie_info,148856
movie_info,148857
movie_info,148859
movie_info,148860
movie_info,148866
movie_info,148867
movie_info,148869
movie_info,148873
movie_info,148875
movie_info,148876
movie_info,148878
movie_info,148879
movie_info,148883
movie_info,148886
movie_info,148888
movie_info,148892
movie_info,148894
movie_info,148896
movie_info,148907
movie_info,148912
movie_info,148915
movie_info,148918
movie_info,148923
movie_info,148925
movie_info,148927
movie_info,148933
movie_info,148934
movie_info,148942
movie_info,148943
movie_info,148944
movie_info,148949
movie_info,148959
movie_info,148961
movie_info,148964
movie_info,148968
movie_info,148971
movie_info,148976
movie_info,148977
movie_info,148981
movie_info,148984
movie_info,148985
movie_info,148989
movie_info,148997
movie_info,149000
movie_info,149007
movie_info,149011
movie_info,149013
movie_info,149015
movie_info,149016
movie_info,149018
movie_info,149021
movie_info,149023
movie_info,149027
movie_info,149030
movie_info,149031
movie_info,149035
movie_info,149039
movie_info,149043
movie_info,149048
movie_info,149051
movie_info,149053
movie_info,149057
movie_info,149058
movie_info,149059
movie_info,149069
movie_info,149071
movie_info,149095
movie_info,149103
movie_info,149105
movie_info,149110
movie_info,149124
movie_info,149128
movie_info,149129
movie_info,149130
movie_info,149131
movie_info,149132
movie_info,149133
movie_info,149144
movie_info,149146
movie_info,149147
movie_info,149149
movie_info,149160
movie_info,149172
movie_info,149191
movie_info,149193
movie_info,149195
movie_info,149196
movie_info,149199
movie_info,149200
movie_info,149201
movie_info,149202
movie_info,149206
movie_info,149211
movie_info,149212
movie_info,149213
movie_info,149219
movie_info,149223
movie_info,149224
movie_info,149226
movie_info,149235
movie_info,149238
movie_info,149239
movie_info,149241
movie_info,149243
movie_info,149246
movie_info,149247
movie_info,149248
movie_info,149249
movie_info,149253
movie_info,149257
movie_info,149258
movie_info,149260
movie_info,149261
movie_info,149262
movie_info,149264
movie_info,149265
movie_info,149272
movie_info,149274
movie_info,149275
movie_info,149276
movie_info,149281
movie_info,149285
movie_info,149286
movie_info,149287
movie_info,149290
movie_info,149291
movie_info,149293
movie_info,149298
movie_info,149304
movie_info,149308
movie_info,149309
movie_info,149311
movie_info,149312
movie_info,149313
movie_info,149314
movie_info,149315
movie_info,149316
movie_info,149319
movie_info,149321
movie_info,149324
movie_info,149325
movie_info,149326
movie_info,149327
movie_info,149338
movie_info,149343
movie_info,149345
movie_info,149346
movie_info,149357
movie_info,149359
movie_info,149362
movie_info,149363
movie_info,149367
movie_info,149371
movie_info,149375
movie_info,149377
movie_info,149379
movie_info,149382
movie_info,149384
movie_info,149386
movie_info,149387
movie_info,149391
movie_info,149392
movie_info,149393
movie_info,149397
movie_info,149403
movie_info,149405
movie_info,149413
movie_info,149416
movie_info,149419
movie_info,149420
movie_info,149422
movie_info,149425
movie_info,149427
movie_info,149436
movie_info,149453
movie_info,149454
movie_info,149464
movie_info,149469
movie_info,149472
movie_info,149475
movie_info,149477
movie_info,149485
movie_info,149486
movie_info,149487
movie_info,149488
movie_info,149491
movie_info,149493
movie_info,149494
movie_info,149496
movie_info,149499
movie_info,149509
movie_info,149514
movie_info,149515
movie_info,149522
movie_info,149525
movie_info,149526
movie_info,149527
movie_info,149529
movie_info,149530
movie_info,149531
movie_info,149532
movie_info,149534
movie_info,149535
movie_info,149536
movie_info,149537
movie_info,149543
movie_info,149544
movie_info,149549
movie_info,149551
movie_info,149552
movie_info,149554
movie_info,149555
movie_info,149556
movie_info,149558
movie_info,149559
movie_info,149562
movie_info,149564
movie_info,149565
movie_info,149568
movie_info,149569
movie_info,149571
movie_info,149572
movie_info,149573
movie_info,149577
movie_info,149581
movie_info,149586
movie_info,149590
movie_info,149591
movie_info,149592
movie_info,149594
movie_info,149599
movie_info,149600
movie_info,149604
movie_info,149607
movie_info,149611
movie_info,149614
movie_info,149622
movie_info,149626
movie_info,149628
movie_info,149630
movie_info,149634
movie_info,149635
movie_info,149637
movie_info,149639
movie_info,149643
movie_info,149644
movie_info,149645
movie_info,149648
movie_info,149651
movie_info,149662
movie_info,149665
movie_info,149675
movie_info,149682
movie_info,149695
movie_info,149700
movie_info,149704
movie_info,149705
movie_info,149706
movie_info,149708
movie_info,149709
movie_info,149711
movie_info,149712
movie_info,149714
movie_info,149715
movie_info,149717
movie_info,149718
movie_info,149723
movie_info,149731
movie_info,149733
movie_info,149740
movie_info,149745
movie_info,149746
movie_info,149763
movie_info,149764
movie_info,149769
movie_info,149779
movie_info,149787
movie_info,149788
movie_info,149797
movie_info,149802
movie_info,149809
movie_info,149813
movie_info,149814
movie_info,149823
movie_info,149832
movie_info,149834
movie_info,149838
movie_info,149843
movie_info,149844
movie_info,149849
movie_info,149859
movie_info,149870
movie_info,149873
movie_info,149878
movie_info,149883
movie_info,149884
movie_info,149887
movie_info,149890
movie_info,149896
movie_info,149904
movie_info,149906
movie_info,149907
movie_info,149910
movie_info,149915
movie_info,149921
movie_info,149923
movie_info,149924
movie_info,149929
movie_info,149933
movie_info,149937
movie_info,149939
movie_info,149940
movie_info,149947
movie_info,149954
movie_info,149964
movie_info,149965
movie_info,149967
movie_info,149968
movie_info,149972
movie_info,149975
movie_info,149979
movie_info,149980
movie_info,149982
movie_info,149983
movie_info,149988
movie_info,149989
movie_info,149994
movie_info,149996
movie_info,150009
movie_info,150013
movie_info,150020
movie_info,150028
movie_info,150030
movie_info,150041
movie_info,150042
movie_info,150048
movie_info,150050
movie_info,150051
movie_info,150059
movie_info,150063
movie_info,150064
movie_info,150070
movie_info,150077
movie_info,150079
movie_info,150085
movie_info,150086
movie_info,150106
movie_info,150110
movie_info,150112
movie_info,150117
movie_info,150119
movie_info,150120
movie_info,150125
movie_info,150128
movie_info,150129
movie_info,150130
movie_info,150132
movie_info,150145
movie_info,150150
movie_info,150153
movie_info,150154
movie_info,150158
movie_info,150161
movie_info,150162
movie_info,150169
movie_info,150171
movie_info,150174
movie_info,150175
movie_info,150176
movie_info,150178
movie_info,150183
movie_info,150191
movie_info,150196
movie_info,150203
movie_info,150211
movie_info,150215
movie_info,150220
movie_info,150222
movie_info,150240
movie_info,150247
movie_info,150269
movie_info,150274
movie_info,150276
movie_info,150278
movie_info,150283
movie_info,150286
movie_info,150293
movie_info,150297
movie_info,150306
movie_info,150321
movie_info,150322
movie_info,150335
movie_info,150337
movie_info,150339
movie_info,150345
movie_info,150346
movie_info,150349
movie_info,150369
movie_info,150384
movie_info,150387
movie_info,150393
movie_info,150399
movie_info,150411
movie_info,150430
movie_info,150437
movie_info,150450
movie_info,150489
movie_info,150490
movie_info,150499
movie_info,150503
movie_info,150536
movie_info,150543
movie_info,150545
movie_info,150550
movie_info,150553
movie_info,150559
movie_info,150566
movie_info,150573
movie_info,150574
movie_info,150576
movie_info,150582
movie_info,150594
movie_info,150597
movie_info,150598
movie_info,150600
movie_info,150615
movie_info,150623
movie_info,150631
movie_info,150636
movie_info,150659
movie_info,150684
movie_info,150685
movie_info,150695
movie_info,150696
movie_info,150699
movie_info,150729
movie_info,150732
movie_info,150754
movie_info,150776
movie_info,150788
movie_info,150789
movie_info,150794
movie_info,150802
movie_info,150825
movie_info,150827
movie_info,150829
movie_info,150834
movie_info,150867
movie_info,150869
movie_info,150883
movie_info,150885
movie_info,150886
movie_info,150902
movie_info,150906
movie_info,150914
movie_info,150930
movie_info,150962
movie_info,150963
movie_info,150968
movie_info,150969
movie_info,150977
movie_info,150979
movie_info,150980
movie_info,150990
movie_info,150998
movie_info,151008
movie_info,151046
movie_info,151060
movie_info,151062
movie_info,151067
movie_info,151068
movie_info,151073
movie_info,151076
movie_info,151088
movie_info,151095
movie_info,151098
movie_info,151099
movie_info,151103
movie_info,151105
movie_info,151116
movie_info,151126
movie_info,151140
movie_info,151157
movie_info,151164
movie_info,151171
movie_info,151174
movie_info,151176
movie_info,151185
movie_info,151199
movie_info,151209
movie_info,151220
movie_info,151223
movie_info,151232
movie_info,151236
movie_info,151245
movie_info,151266
movie_info,151267
movie_info,151274
movie_info,151287
movie_info,151292
movie_info,151300
movie_info,151311
movie_info,151319
movie_info,151327
movie_info,151336
movie_info,151341
movie_info,151372
movie_info,151374
movie_info,151375
movie_info,151380
movie_info,151383
movie_info,151413
movie_info,151422
movie_info,151423
movie_info,151437
movie_info,151438
movie_info,151448
movie_info,151452
movie_info,151454
movie_info,151462
movie_info,151465
movie_info,151468
movie_info,151473
movie_info,151480
movie_info,151483
movie_info,151508
movie_info,151510
movie_info,151511
movie_info,151518
movie_info,151523
movie_info,151524
movie_info,151526
movie_info,151532
movie_info,151537
movie_info,151540
movie_info,151544
movie_info,151568
movie_info,151580
movie_info,151584
movie_info,151585
movie_info,151603
movie_info,151606
movie_info,151628
movie_info,151633
movie_info,151634
movie_info,151641
movie_info,151644
movie_info,151652
movie_info,151660
movie_info,151664
movie_info,151665
movie_info,151666
movie_info,151676
movie_info,151682
movie_info,151683
movie_info,151689
movie_info,151690
movie_info,151692
movie_info,151700
movie_info,151703
movie_info,151715
movie_info,151733
movie_info,151742
movie_info,151755
movie_info,151756
movie_info,151767
movie_info,151772
movie_info,151777
movie_info,151782
movie_info,151788
movie_info,151789
movie_info,151791
movie_info,151799
movie_info,151811
movie_info,151814
movie_info,151821
movie_info,151823
movie_info,151824
movie_info,151825
movie_info,151831
movie_info,151850
movie_info,151851
movie_info,151853
movie_info,151855
movie_info,151862
movie_info,151864
movie_info,151868
movie_info,151887
movie_info,151907
movie_info,151918
movie_info,151923
movie_info,151928
movie_info,151933
movie_info,151940
movie_info,151947
movie_info,151949
movie_info,151952
movie_info,151957
movie_info,151970
movie_info,151973
movie_info,151974
movie_info,151987
movie_info,151993
movie_info,151995
movie_info,152004
movie_info,152022
movie_info,152044
movie_info,152045
movie_info,152046
movie_info,152062
movie_info,152063
movie_info,152068
movie_info,152076
movie_info,152079
movie_info,152087
movie_info,152089
movie_info,152091
movie_info,152093
movie_info,152105
movie_info,152108
movie_info,152114
movie_info,152122
movie_info,152125
movie_info,152126
movie_info,152127
movie_info,152129
movie_info,152130
movie_info,152135
movie_info,152136
movie_info,152138
movie_info,152148
movie_info,152172
movie_info,152175
movie_info,152177
movie_info,152180
movie_info,152185
movie_info,152189
movie_info,152199
movie_info,152200
movie_info,152206
movie_info,152207
movie_info,152208
movie_info,152216
movie_info,152217
movie_info,152218
movie_info,152219
movie_info,152220
movie_info,152222
movie_info,152236
movie_info,152239
movie_info,152242
movie_info,152245
movie_info,152246
movie_info,152253
movie_info,152261
movie_info,152263
movie_info,152270
movie_info,152277
movie_info,152302
movie_info,152305
movie_info,152307
movie_info,152310
movie_info,152311
movie_info,152316
movie_info,152318
movie_info,152320
movie_info,152327
movie_info,152330
movie_info,152336
movie_info,152340
movie_info,152342
movie_info,152344
movie_info,152346
movie_info,152373
movie_info,152382
movie_info,152410
movie_info,152411
movie_info,152412
movie_info,152419
movie_info,152436
movie_info,152439
movie_info,152440
movie_info,152460
movie_info,152463
movie_info,152467
movie_info,152478
movie_info,152480
movie_info,152491
movie_info,152511
movie_info,152547
movie_info,152562
movie_info,152564
movie_info,152566
movie_info,152577
movie_info,152581
movie_info,152583
movie_info,152587
movie_info,152593
movie_info,152597
movie_info,152600
movie_info,152603
movie_info,152608
movie_info,152615
movie_info,152618
movie_info,152621
movie_info,152625
movie_info,152626
movie_info,152651
movie_info,152659
movie_info,152661
movie_info,152667
movie_info,152669
movie_info,152687
movie_info,152694
movie_info,152695
movie_info,152697
movie_info,152704
movie_info,152709
movie_info,152715
movie_info,152724
movie_info,152741
movie_info,152748
movie_info,152757
movie_info,152772
movie_info,152774
movie_info,152779
movie_info,152787
movie_info,152800
movie_info,152804
movie_info,152808
movie_info,152810
movie_info,152818
movie_info,152819
movie_info,152835
movie_info,152844
movie_info,152846
movie_info,152862
movie_info,152864
movie_info,152868
movie_info,152887
movie_info,152890
movie_info,152892
movie_info,152893
movie_info,152898
movie_info,152903
movie_info,152904
movie_info,152906
movie_info,152908
movie_info,152912
movie_info,152919
movie_info,152922
movie_info,152923
movie_info,152929
movie_info,152931
movie_info,152934
movie_info,152940
movie_info,152952
movie_info,152953
movie_info,152955
movie_info,152972
movie_info,152989
movie_info,152993
movie_info,153005
movie_info,153007
movie_info,153014
movie_info,153015
movie_info,153018
movie_info,153023
movie_info,153029
movie_info,153033
movie_info,153036
movie_info,153056
movie_info,153076
movie_info,153077
movie_info,153080
movie_info,153086
movie_info,153088
movie_info,153091
movie_info,153099
movie_info,153101
movie_info,153104
movie_info,153108
movie_info,153112
movie_info,153114
movie_info,153119
movie_info,153120
movie_info,153124
movie_info,153154
movie_info,153157
movie_info,153179
movie_info,153181
movie_info,153182
movie_info,153189
movie_info,153191
movie_info,153201
movie_info,153205
movie_info,153214
movie_info,153218
movie_info,153219
movie_info,153223
movie_info,153224
movie_info,153225
movie_info,153233
movie_info,153234
movie_info,153247
movie_info,153256
movie_info,153257
movie_info,153271
movie_info,153283
movie_info,153287
movie_info,153302
movie_info,153321
movie_info,153330
movie_info,153342
movie_info,153347
movie_info,153348
movie_info,153357
movie_info,153360
movie_info,153371
movie_info,153373
movie_info,153378
movie_info,153380
movie_info,153382
movie_info,153388
movie_info,153396
movie_info,153398
movie_info,153399
movie_info,153404
movie_info,153412
movie_info,153416
movie_info,153420
movie_info,153441
movie_info,153456
movie_info,153458
movie_info,153492
movie_info,153495
movie_info,153501
movie_info,153509
movie_info,153514
movie_info,153519
movie_info,153520
movie_info,153529
movie_info,153532
movie_info,153534
movie_info,153540
movie_info,153549
movie_info,153553
movie_info,153559
movie_info,153560
movie_info,153569
movie_info,153579
movie_info,153585
movie_info,153590
movie_info,153595
movie_info,153598
movie_info,153610
movie_info,153617
movie_info,153618
movie_info,153635
movie_info,153639
movie_info,153648
movie_info,153654
movie_info,153657
movie_info,153658
movie_info,153663
movie_info,153668
movie_info,153676
movie_info,153678
movie_info,153680
movie_info,153689
movie_info,153691
movie_info,153699
movie_info,153719
movie_info,153730
movie_info,153732
movie_info,153746
movie_info,153748
movie_info,153750
movie_info,153751
movie_info,153759
movie_info,153761
movie_info,153771
movie_info,153772
movie_info,153773
movie_info,153776
movie_info,153778
movie_info,153780
movie_info,153782
movie_info,153796
movie_info,153798
movie_info,153812
movie_info,153814
movie_info,153819
movie_info,153823
movie_info,153832
movie_info,153849
movie_info,153850
movie_info,153859
movie_info,153866
movie_info,153883
movie_info,153888
movie_info,153900
movie_info,153902
movie_info,153905
movie_info,153907
movie_info,153910
movie_info,153916
movie_info,153930
movie_info,153932
movie_info,153933
movie_info,153936
movie_info,153943
movie_info,153945
movie_info,153947
movie_info,153950
movie_info,153952
movie_info,153953
movie_info,153954
movie_info,153967
movie_info,153973
movie_info,153974
movie_info,153975
movie_info,153980
movie_info,153981
movie_info,153983
movie_info,153997
movie_info,153999
movie_info,154000
movie_info,154003
movie_info,154006
movie_info,154015
movie_info,154024
movie_info,154032
movie_info,154035
movie_info,154040
movie_info,154046
movie_info,154061
movie_info,154068
movie_info,154073
movie_info,154074
movie_info,154085
movie_info,154090
movie_info,154094
movie_info,154108
movie_info,154122
movie_info,154126
movie_info,154129
movie_info,154132
movie_info,154143
movie_info,154157
movie_info,154158
movie_info,154167
movie_info,154170
movie_info,154171
movie_info,154172
movie_info,154179
movie_info,154183
movie_info,154184
movie_info,154187
movie_info,154188
movie_info,154190
movie_info,154210
movie_info,154211
movie_info,154217
movie_info,154230
movie_info,154231
movie_info,154237
movie_info,154240
movie_info,154251
movie_info,154273
movie_info,154276
movie_info,154286
movie_info,154294
movie_info,154295
movie_info,154297
movie_info,154300
movie_info,154302
movie_info,154307
movie_info,154347
movie_info,154358
movie_info,154361
movie_info,154363
movie_info,154366
movie_info,154370
movie_info,154372
movie_info,154378
movie_info,154381
movie_info,154390
movie_info,154394
movie_info,154406
movie_info,154407
movie_info,154408
movie_info,154410
movie_info,154412
movie_info,154413
movie_info,154414
movie_info,154417
movie_info,154418
movie_info,154423
movie_info,154424
movie_info,154435
movie_info,154436
movie_info,154457
movie_info,154470
movie_info,154472
movie_info,154473
movie_info,154476
movie_info,154478
movie_info,154485
movie_info,154489
movie_info,154512
movie_info,154533
movie_info,154536
movie_info,154547
movie_info,154548
movie_info,154549
movie_info,154553
movie_info,154557
movie_info,154569
movie_info,154570
movie_info,154579
movie_info,154582
movie_info,154583
movie_info,154586
movie_info,154594
movie_info,154598
movie_info,154600
movie_info,154601
movie_info,154602
movie_info,154604
movie_info,154605
movie_info,154614
movie_info,154615
movie_info,154617
movie_info,154621
movie_info,154624
movie_info,154626
movie_info,154630
movie_info,154631
movie_info,154649
movie_info,154653
movie_info,154654
movie_info,154657
movie_info,154659
movie_info,154662
movie_info,154664
movie_info,154677
movie_info,154680
movie_info,154681
movie_info,154690
movie_info,154692
movie_info,154697
movie_info,154700
movie_info,154704
movie_info,154706
movie_info,154714
movie_info,154720
movie_info,154727
movie_info,154733
movie_info,154734
movie_info,154745
movie_info,154748
movie_info,154751
movie_info,154754
movie_info,154757
movie_info,154764
movie_info,154780
movie_info,154781
movie_info,154796
movie_info,154809
movie_info,154814
movie_info,154819
movie_info,154823
movie_info,154824
movie_info,154837
movie_info,154838
movie_info,154841
movie_info,154849
movie_info,154854
movie_info,154857
movie_info,154860
movie_info,154877
movie_info,154883
movie_info,154889
movie_info,154893
movie_info,154896
movie_info,154904
movie_info,154921
movie_info,154943
movie_info,154972
movie_info,154983
movie_info,155041
movie_info,155047
movie_info,155054
movie_info,155071
movie_info,155079
movie_info,155109
movie_info,155113
movie_info,155114
movie_info,155123
movie_info,155145
movie_info,155175
movie_info,155179
movie_info,155181
movie_info,155182
movie_info,155188
movie_info,155192
movie_info,155202
movie_info,155212
movie_info,155214
movie_info,155216
movie_info,155220
movie_info,155221
movie_info,155223
movie_info,155226
movie_info,155232
movie_info,155258
movie_info,155271
movie_info,155285
movie_info,155292
movie_info,155294
movie_info,155300
movie_info,155310
movie_info,155312
movie_info,155322
movie_info,155349
movie_info,155358
movie_info,155366
movie_info,155371
movie_info,155374
movie_info,155376
movie_info,155379
movie_info,155383
movie_info,155385
movie_info,155389
movie_info,155390
movie_info,155402
movie_info,155409
movie_info,155414
movie_info,155419
movie_info,155423
movie_info,155425
movie_info,155454
movie_info,155455
movie_info,155459
movie_info,155460
movie_info,155465
movie_info,155466
movie_info,155477
movie_info,155498
movie_info,155502
movie_info,155503
movie_info,155511
movie_info,155513
movie_info,155520
movie_info,155523
movie_info,155524
movie_info,155526
movie_info,155527
movie_info,155531
movie_info,155532
movie_info,155533
movie_info,155538
movie_info,155539
movie_info,155551
movie_info,155565
movie_info,155578
movie_info,155588
movie_info,155590
movie_info,155598
movie_info,155605
movie_info,155607
movie_info,155611
movie_info,155612
movie_info,155618
movie_info,155625
movie_info,155634
movie_info,155652
movie_info,155657
movie_info,155668
movie_info,155676
movie_info,155680
movie_info,155701
movie_info,155710
movie_info,155711
movie_info,155717
movie_info,155722
movie_info,155725
movie_info,155729
movie_info,155730
movie_info,155734
movie_info,155737
movie_info,155741
movie_info,155765
movie_info,155766
movie_info,155767
movie_info,155782
movie_info,155789
movie_info,155790
movie_info,155794
movie_info,155795
movie_info,155799
movie_info,155800
movie_info,155803
movie_info,155805
movie_info,155806
movie_info,155807
movie_info,155808
movie_info,155810
movie_info,155828
movie_info,155831
movie_info,155845
movie_info,155851
movie_info,155852
movie_info,155855
movie_info,155859
movie_info,155865
movie_info,155869
movie_info,155871
movie_info,155883
movie_info,155891
movie_info,155906
movie_info,155925
movie_info,155930
movie_info,155931
movie_info,155932
movie_info,155946
movie_info,155949
movie_info,155955
movie_info,155965
movie_info,155977
movie_info,155980
movie_info,155983
movie_info,155992
movie_info,156005
movie_info,156006
movie_info,156008
movie_info,156032
movie_info,156037
movie_info,156039
movie_info,156040
movie_info,156042
movie_info,156044
movie_info,156050
movie_info,156065
movie_info,156070
movie_info,156083
movie_info,156095
movie_info,156100
movie_info,156101
movie_info,156124
movie_info,156136
movie_info,156138
movie_info,156140
movie_info,156147
movie_info,156148
movie_info,156154
movie_info,156163
movie_info,156165
movie_info,156182
movie_info,156196
movie_info,156200
movie_info,156202
movie_info,156208
movie_info,156212
movie_info,156219
movie_info,156228
movie_info,156243
movie_info,156246
movie_info,156252
movie_info,156257
movie_info,156261
movie_info,156262
movie_info,156270
movie_info,156271
movie_info,156284
movie_info,156292
movie_info,156299
movie_info,156301
movie_info,156312
movie_info,156317
movie_info,156324
movie_info,156334
movie_info,156345
movie_info,156353
movie_info,156375
movie_info,156380
movie_info,156400
movie_info,156401
movie_info,156410
movie_info,156421
movie_info,156423
movie_info,156432
movie_info,156444
movie_info,156448
movie_info,156453
movie_info,156464
movie_info,156467
movie_info,156469
movie_info,156476
movie_info,156478
movie_info,156479
movie_info,156480
movie_info,156491
movie_info,156501
movie_info,156504
movie_info,156510
movie_info,156513
movie_info,156517
movie_info,156530
movie_info,156532
movie_info,156538
movie_info,156540
movie_info,156541
movie_info,156557
movie_info,156558
movie_info,156559
movie_info,156567
movie_info,156576
movie_info,156582
movie_info,156583
movie_info,156588
movie_info,156589
movie_info,156591
movie_info,156592
movie_info,156604
movie_info,156606
movie_info,156617
movie_info,156624
movie_info,156627
movie_info,156630
movie_info,156637
movie_info,156660
movie_info,156674
movie_info,156681
movie_info,156692
movie_info,156693
movie_info,156700
movie_info,156702
movie_info,156703
movie_info,156723
movie_info,156732
movie_info,156744
movie_info,156745
movie_info,156751
movie_info,156759
movie_info,156760
movie_info,156773
movie_info,156782
movie_info,156786
movie_info,156789
movie_info,156800
movie_info,156805
movie_info,156815
movie_info,156818
movie_info,156822
movie_info,156824
movie_info,156840
movie_info,156845
movie_info,156850
movie_info,156855
movie_info,156856
movie_info,156857
movie_info,156859
movie_info,156864
movie_info,156867
movie_info,156900
movie_info,156904
movie_info,156908
movie_info,156913
movie_info,156915
movie_info,156916
movie_info,156917
movie_info,156918
movie_info,156923
movie_info,156926
movie_info,156930
movie_info,156935
movie_info,156940
movie_info,156948
movie_info,156965
movie_info,156966
movie_info,156969
movie_info,156975
movie_info,156981
movie_info,156982
movie_info,156983
movie_info,156984
movie_info,156988
movie_info,156990
movie_info,156992
movie_info,156993
movie_info,156996
movie_info,156999
movie_info,157010
movie_info,157015
movie_info,157016
movie_info,157017
movie_info,157019
movie_info,157020
movie_info,157022
movie_info,157036
movie_info,157038
movie_info,157040
movie_info,157046
movie_info,157056
movie_info,157057
movie_info,157058
movie_info,157072
movie_info,157084
movie_info,157102
movie_info,157104
movie_info,157113
movie_info,157129
movie_info,157134
movie_info,157136
movie_info,157142
movie_info,157153
movie_info,157159
movie_info,157174
movie_info,157175
movie_info,157176
movie_info,157180
movie_info,157187
movie_info,157217
movie_info,157221
movie_info,157224
movie_info,157237
movie_info,157239
movie_info,157240
movie_info,157242
movie_info,157255
movie_info,157264
movie_info,157271
movie_info,157285
movie_info,157294
movie_info,157295
movie_info,157296
movie_info,157297
movie_info,157316
movie_info,157325
movie_info,157326
movie_info,157329
movie_info,157334
movie_info,157338
movie_info,157350
movie_info,157351
movie_info,157367
movie_info,157370
movie_info,157373
movie_info,157376
movie_info,157377
movie_info,157379
movie_info,157387
movie_info,157394
movie_info,157395
movie_info,157399
movie_info,157404
movie_info,157406
movie_info,157409
movie_info,157410
movie_info,157412
movie_info,157413
movie_info,157416
movie_info,157417
movie_info,157426
movie_info,157432
movie_info,157435
movie_info,157436
movie_info,157443
movie_info,157462
movie_info,157464
movie_info,157466
movie_info,157471
movie_info,157478
movie_info,157484
movie_info,157495
movie_info,157496
movie_info,157502
movie_info,157518
movie_info,157524
movie_info,157530
movie_info,157536
movie_info,157538
movie_info,157539
movie_info,157540
movie_info,157541
movie_info,157545
movie_info,157547
movie_info,157555
movie_info,157556
movie_info,157560
movie_info,157569
movie_info,157572
movie_info,157574
movie_info,157578
movie_info,157579
movie_info,157586
movie_info,157593
movie_info,157596
movie_info,157604
movie_info,157607
movie_info,157611
movie_info,157628
movie_info,157636
movie_info,157642
movie_info,157647
movie_info,157656
movie_info,157659
movie_info,157662
movie_info,157671
movie_info,157673
movie_info,157687
movie_info,157690
movie_info,157691
movie_info,157699
movie_info,157717
movie_info,157721
movie_info,157725
movie_info,157731
movie_info,157738
movie_info,157746
movie_info,157750
movie_info,157756
movie_info,157762
movie_info,157764
movie_info,157770
movie_info,157784
movie_info,157789
movie_info,157791
movie_info,157802
movie_info,157809
movie_info,157813
movie_info,157815
movie_info,157817
movie_info,157821
movie_info,157826
movie_info,157830
movie_info,157835
movie_info,157840
movie_info,157842
movie_info,157848
movie_info,157854
movie_info,157860
movie_info,157861
movie_info,157869
movie_info,157874
movie_info,157878
movie_info,157885
movie_info,157886
movie_info,157889
movie_info,157902
movie_info,157906
movie_info,157924
movie_info,157942
movie_info,157954
movie_info,157956
movie_info,157966
movie_info,157985
movie_info,157992
movie_info,157993
movie_info,157994
movie_info,157995
movie_info,157997
movie_info,157998
movie_info,158015
movie_info,158018
movie_info,158019
movie_info,158023
movie_info,158040
movie_info,158059
movie_info,158091
movie_info,158094
movie_info,158099
movie_info,158100
movie_info,158102
movie_info,158107
movie_info,158109
movie_info,158112
movie_info,158113
movie_info,158122
movie_info,158133
movie_info,158136
movie_info,158137
movie_info,158147
movie_info,158154
movie_info,158158
movie_info,158162
movie_info,158180
movie_info,158185
movie_info,158189
movie_info,158192
movie_info,158196
movie_info,158203
movie_info,158204
movie_info,158208
movie_info,158217
movie_info,158226
movie_info,158229
movie_info,158232
movie_info,158234
movie_info,158237
movie_info,158240
movie_info,158242
movie_info,158257
movie_info,158261
movie_info,158263
movie_info,158266
movie_info,158277
movie_info,158284
movie_info,158286
movie_info,158288
movie_info,158296
movie_info,158300
movie_info,158301
movie_info,158312
movie_info,158323
movie_info,158332
movie_info,158333
movie_info,158334
movie_info,158339
movie_info,158342
movie_info,158344
movie_info,158345
movie_info,158347
movie_info,158350
movie_info,158355
movie_info,158359
movie_info,158364
movie_info,158366
movie_info,158370
movie_info,158371
movie_info,158394
movie_info,158395
movie_info,158405
movie_info,158408
movie_info,158411
movie_info,158434
movie_info,158438
movie_info,158444
movie_info,158446
movie_info,158454
movie_info,158462
movie_info,158471
movie_info,158476
movie_info,158479
movie_info,158485
movie_info,158490
movie_info,158495
movie_info,158496
movie_info,158505
movie_info,158507
movie_info,158509
movie_info,158517
movie_info,158529
movie_info,158530
movie_info,158534
movie_info,158549
movie_info,158556
movie_info,158562
movie_info,158564
movie_info,158568
movie_info,158569
movie_info,158575
movie_info,158579
movie_info,158597
movie_info,158634
movie_info,158635
movie_info,158636
movie_info,158654
movie_info,158664
movie_info,158670
movie_info,158677
movie_info,158680
movie_info,158697
movie_info,158700
movie_info,158703
movie_info,158709
movie_info,158711
movie_info,158716
movie_info,158718
movie_info,158720
movie_info,158727
movie_info,158747
movie_info,158758
movie_info,158760
movie_info,158772
movie_info,158773
movie_info,158774
movie_info,158779
movie_info,158783
movie_info,158784
movie_info,158785
movie_info,158788
movie_info,158790
movie_info,158792
movie_info,158795
movie_info,158799
movie_info,158800
movie_info,158802
movie_info,158803
movie_info,158804
movie_info,158806
movie_info,158817
movie_info,158819
movie_info,158820
movie_info,158821
movie_info,158831
movie_info,158834
movie_info,158835
movie_info,158836
movie_info,158841
movie_info,158842
movie_info,158843
movie_info,158848
movie_info,158851
movie_info,158857
movie_info,158861
movie_info,158863
movie_info,158864
movie_info,158870
movie_info,158876
movie_info,158879
movie_info,158888
movie_info,158896
movie_info,158905
movie_info,158913
movie_info,158915
movie_info,158918
movie_info,158922
movie_info,158933
movie_info,158934
movie_info,158942
movie_info,158948
movie_info,158957
movie_info,158958
movie_info,158963
movie_info,158981
movie_info,158989
movie_info,158993
movie_info,158997
movie_info,158998
movie_info,159005
movie_info,159006
movie_info,159008
movie_info,159013
movie_info,159016
movie_info,159024
movie_info,159027
movie_info,159029
movie_info,159034
movie_info,159035
movie_info,159040
movie_info,159041
movie_info,159063
movie_info,159069
movie_info,159090
movie_info,159103
movie_info,159128
movie_info,159138
movie_info,159139
movie_info,159145
movie_info,159148
movie_info,159150
movie_info,159154
movie_info,159155
movie_info,159156
movie_info,159158
movie_info,159160
movie_info,159162
movie_info,159165
movie_info,159166
movie_info,159171
movie_info,159172
movie_info,159181
movie_info,159192
movie_info,159196
movie_info,159209
movie_info,159217
movie_info,159218
movie_info,159245
movie_info,159246
movie_info,159255
movie_info,159271
movie_info,159284
movie_info,159299
movie_info,159309
movie_info,159319
movie_info,159326
movie_info,159327
movie_info,159340
movie_info,159355
movie_info,159357
movie_info,159363
movie_info,159364
movie_info,159372
movie_info,159373
movie_info,159374
movie_info,159381
movie_info,159402
movie_info,159417
movie_info,159421
movie_info,159427
movie_info,159433
movie_info,159435
movie_info,159438
movie_info,159441
movie_info,159448
movie_info,159458
movie_info,159461
movie_info,159464
movie_info,159469
movie_info,159478
movie_info,159485
movie_info,159488
movie_info,159491
movie_info,159500
movie_info,159505
movie_info,159513
movie_info,159515
movie_info,159518
movie_info,159529
movie_info,159538
movie_info,159553
movie_info,159554
movie_info,159558
movie_info,159559
movie_info,159564
movie_info,159569
movie_info,159574
movie_info,159575
movie_info,159578
movie_info,159580
movie_info,159585
movie_info,159586
movie_info,159594
movie_info,159597
movie_info,159616
movie_info,159621
movie_info,159631
movie_info,159632
movie_info,159642
movie_info,159646
movie_info,159659
movie_info,159661
movie_info,159670
movie_info,159672
movie_info,159674
movie_info,159680
movie_info,159688
movie_info,159697
movie_info,159706
movie_info,159719
movie_info,159724
movie_info,159734
movie_info,159736
movie_info,159770
movie_info,159779
movie_info,159783
movie_info,159792
movie_info,159797
movie_info,159799
movie_info,159808
movie_info,159814
movie_info,159815
movie_info,159818
movie_info,159821
movie_info,159843
movie_info,159852
movie_info,159858
movie_info,159859
movie_info,159867
movie_info,159873
movie_info,159874
movie_info,159887
movie_info,159890
movie_info,159891
movie_info,159896
movie_info,159898
movie_info,159899
movie_info,159903
movie_info,159911
movie_info,159921
movie_info,159928
movie_info,159937
movie_info,159949
movie_info,159954
movie_info,159963
movie_info,159964
movie_info,159967
movie_info,159992
movie_info,160001
movie_info,160031
movie_info,160036
movie_info,160039
movie_info,160043
movie_info,160050
movie_info,160053
movie_info,160061
movie_info,160066
movie_info,160083
movie_info,160086
movie_info,160100
movie_info,160106
movie_info,160121
movie_info,160125
movie_info,160142
movie_info,160178
movie_info,160186
movie_info,160189
movie_info,160194
movie_info,160231
movie_info,160232
movie_info,160233
movie_info,160240
movie_info,160245
movie_info,160254
movie_info,160255
movie_info,160272
movie_info,160280
movie_info,160287
movie_info,160288
movie_info,160291
movie_info,160292
movie_info,160301
movie_info,160302
movie_info,160312
movie_info,160313
movie_info,160323
movie_info,160332
movie_info,160333
movie_info,160334
movie_info,160335
movie_info,160336
movie_info,160340
movie_info,160341
movie_info,160343
movie_info,160355
movie_info,160356
movie_info,160360
movie_info,160363
movie_info,160369
movie_info,160370
movie_info,160376
movie_info,160377
movie_info,160378
movie_info,160379
movie_info,160380
movie_info,160385
movie_info,160404
movie_info,160405
movie_info,160430
movie_info,160444
movie_info,160488
movie_info,160490
movie_info,160502
movie_info,160509
movie_info,160525
movie_info,160562
movie_info,160568
movie_info,160569
movie_info,160581
movie_info,160587
movie_info,160588
movie_info,160628
movie_info,160643
movie_info,160644
movie_info,160646
movie_info,160647
movie_info,160679
movie_info,160685
movie_info,160700
movie_info,160708
movie_info,160709
movie_info,160715
movie_info,160731
movie_info,160732
movie_info,160733
movie_info,160762
movie_info,160770
movie_info,160777
movie_info,160802
movie_info,160810
movie_info,160827
movie_info,160829
movie_info,160830
movie_info,160852
movie_info,160854
movie_info,160867
movie_info,160874
movie_info,160875
movie_info,160879
movie_info,160880
movie_info,160883
movie_info,160889
movie_info,160894
movie_info,160903
movie_info,160917
movie_info,160918
movie_info,160920
movie_info,160946
movie_info,160956
movie_info,160957
movie_info,160958
movie_info,160960
movie_info,160961
movie_info,160962
movie_info,160963
movie_info,160975
movie_info,160981
movie_info,160986
movie_info,160991
movie_info,160992
movie_info,160995
movie_info,161000
movie_info,161013
movie_info,161015
movie_info,161086
movie_info,161094
movie_info,161095
movie_info,161096
movie_info,161097
movie_info,161098
movie_info,161111
movie_info,161112
movie_info,161170
movie_info,161173
movie_info,161182
movie_info,161197
movie_info,161208
movie_info,161214
movie_info,161230
movie_info,161231
movie_info,161258
movie_info,161259
movie_info,161284
movie_info,161285
movie_info,161287
movie_info,161329
movie_info,161363
movie_info,161365
movie_info,161366
movie_info,161367
movie_info,161368
movie_info,161369
movie_info,161378
movie_info,161391
movie_info,161392
movie_info,161393
movie_info,161394
movie_info,161395
movie_info,161396
movie_info,161401
movie_info,161424
movie_info,161454
movie_info,161455
movie_info,161456
movie_info,161457
movie_info,161458
movie_info,161465
movie_info,161466
movie_info,161480
movie_info,161481
movie_info,161534
movie_info,161535
movie_info,161544
movie_info,161545
movie_info,161546
movie_info,161556
movie_info,161560
movie_info,161567
movie_info,161568
movie_info,161571
movie_info,161572
movie_info,161602
movie_info,161619
movie_info,161620
movie_info,161621
movie_info,161631
movie_info,161634
movie_info_idx,0
movie_info_idx,0
movie_info_idx,1
movie_info_idx,2
movie_info_idx,3
movie_info_idx,4
movie_info_idx,5
movie_info_idx,6
movie_info_idx,7
movie_info_idx,8
movie_info_idx,9
movie_info_idx,10
movie_info_idx,11
movie_info_idx,12
movie_info_idx,13
movie_info_idx,14
movie_info_idx,15
movie_info_idx,16
movie_info_idx,17
movie_info_idx,18
movie_info_idx,19
movie_info_idx,20
movie_info_idx,21
movie_info_idx,22
movie_info_idx,23
movie_info_idx,24
movie_info_idx,25
movie_info_idx,26
movie_info_idx,27
movie_info_idx,28
movie_info_idx,29
movie_info_idx,30
movie_info_idx,31
movie_info_idx,32
movie_info_idx,33
movie_info_idx,34
movie_info_idx,35
movie_info_idx,36
movie_info_idx,37
movie_info_idx,38
movie_info_idx,39
movie_info_idx,40
movie_info_idx,41
movie_info_idx,42
movie_info_idx,43
movie_info_idx,44
movie_info_idx,45
movie_info_idx,46
movie_info_idx,47
movie_info_idx,48
movie_info_idx,49
movie_info_idx,50
movie_info_idx,51
movie_info_idx,52
movie_info_idx,53
movie_info_idx,54
movie_info_idx,55
movie_info_idx,56
movie_info_idx,57
movie_info_idx,58
movie_info_idx,59
movie_info_idx,60
movie_info_idx,61
movie_info_idx,62
movie_info_idx,63
movie_info_idx,64
movie_info_idx,65
movie_info_idx,66
movie_info_idx,67
movie_info_idx,68
movie_info_idx,69
movie_info_idx,70
movie_info_idx,71
movie_info_idx,72
movie_info_idx,73
movie_info_idx,74
movie_info_idx,75
movie_info_idx,76
movie_info_idx,77
movie_info_idx,78
movie_info_idx,79
movie_info_idx,80
movie_info_idx,81
movie_info_idx,82
movie_info_idx,83
movie_info_idx,84
movie_info_idx,85
movie_info_idx,86
movie_info_idx,87
movie_info_idx,88
movie_info_idx,89
movie_info_idx,90
movie_info_idx,91
movie_info_idx,92
movie_info_idx,93
movie_info_idx,94
movie_info_idx,95
movie_info_idx,96
movie_info_idx,97
movie_info_idx,98
movie_info_idx,99
movie_info_idx,100
movie_info_idx,101
movie_info_idx,102
movie_info_idx,103
movie_info_idx,104
movie_info_idx,105
movie_info_idx,106
movie_info_idx,107
movie_info_idx,108
movie_info_idx,109
movie_info_idx,110
movie_info_idx,111
movie_info_idx,112
movie_info_idx,113
movie_info_idx,114
movie_info_idx,115
movie_info_idx,116
movie_info_idx,117
movie_info_idx,118
movie_info_idx,119
movie_info_idx,120
movie_info_idx,121
movie_info_idx,122
movie_info_idx,123
movie_info_idx,124
movie_info_idx,125
movie_info_idx,126
movie_info_idx,127
movie_info_idx,128
movie_info_idx,129
movie_info_idx,130
movie_info_idx,131
movie_info_idx,132
movie_info_idx,133
movie_info_idx,134
movie_info_idx,135
movie_info_idx,136
movie_info_idx,137
movie_info_idx,138
movie_info_idx,139
movie_info_idx,140
movie_info_idx,141
movie_info_idx,142
movie_info_idx,143
movie_info_idx,144
movie_info_idx,145
movie_info_idx,146
movie_info_idx,147
movie_info_idx,148
movie_info_idx,149
movie_info_idx,150
movie_info_idx,151
movie_info_idx,152
movie_info_idx,153
movie_info_idx,154
movie_info_idx,155
movie_info_idx,156
movie_info_idx,157
movie_info_idx,158
movie_info_idx,159
movie_info_idx,160
movie_info_idx,161
movie_info_idx,162
movie_info_idx,163
movie_info_idx,164
movie_info_idx,165
movie_info_idx,166
movie_info_idx,167
movie_info_idx,168
movie_info_idx,169
movie_info_idx,170
movie_info_idx,171
movie_info_idx,172
movie_info_idx,173
movie_info_idx,174
movie_info_idx,175
movie_info_idx,176
movie_info_idx,177
movie_info_idx,178
movie_info_idx,179
movie_info_idx,180
movie_info_idx,181
movie_info_idx,182
movie_info_idx,183
movie_info_idx,184
movie_info_idx,185
movie_info_idx,186
movie_info_idx,187
movie_info_idx,188
movie_info_idx,189
movie_info_idx,190
movie_info_idx,191
movie_info_idx,192
movie_info_idx,193
movie_info_idx,194
movie_info_idx,195
movie_info_idx,196
movie_info_idx,197
movie_info_idx,198
movie_info_idx,199
movie_info_idx,200
movie_info_idx,201
movie_info_idx,202
movie_info_idx,203
movie_info_idx,204
movie_info_idx,205
movie_info_idx,206
movie_info_idx,207
movie_info_idx,208
movie_info_idx,209
movie_info_idx,210
movie_info_idx,211
movie_info_idx,212
movie_info_idx,213
movie_info_idx,214
movie_info_idx,215
movie_info_idx,216
movie_info_idx,217
movie_info_idx,218
movie_info_idx,219
movie_info_idx,220
movie_info_idx,221
movie_info_idx,222
movie_info_idx,223
movie_info_idx,224
movie_info_idx,225
movie_info_idx,226
movie_info_idx,227
movie_info_idx,228
movie_info_idx,229
movie_info_idx,230
movie_info_idx,231
movie_info_idx,232
movie_info_idx,233
movie_info_idx,234
movie_info_idx,235
movie_info_idx,236
movie_info_idx,237
movie_info_idx,238
movie_info_idx,239
movie_info_idx,240
movie_info_idx,241
movie_info_idx,242
movie_info_idx,243
movie_info_idx,244
movie_info_idx,245
movie_info_idx,246
movie_info_idx,247
movie_info_idx,248
movie_info_idx,249
movie_info_idx,250
movie_info_idx,251
movie_info_idx,252
movie_info_idx,253
movie_info_idx,254
movie_info_idx,255
movie_info_idx,256
movie_info_idx,257
movie_info_idx,258
movie_info_idx,259
movie_info_idx,260
movie_info_idx,261
movie_info_idx,262
movie_info_idx,263
movie_info_idx,264
movie_info_idx,265
movie_info_idx,266
movie_info_idx,267
movie_info_idx,268
movie_info_idx,269
movie_info_idx,270
movie_info_idx,271
movie_info_idx,272
movie_info_idx,273
movie_info_idx,274
movie_info_idx,275
movie_info_idx,276
movie_info_idx,277
movie_info_idx,278
movie_info_idx,279
movie_info_idx,280
movie_info_idx,281
movie_info_idx,282
movie_info_idx,283
movie_info_idx,284
movie_info_idx,285
movie_info_idx,286
movie_info_idx,287
movie_info_idx,288
movie_info_idx,289
movie_info_idx,290
movie_info_idx,291
movie_info_idx,292
movie_info_idx,293
movie_info_idx,294
movie_info_idx,295
movie_info_idx,296
movie_info_idx,297
movie_info_idx,298
movie_info_idx,299
movie_info_idx,300
movie_info_idx,301
movie_info_idx,302
movie_info_idx,303
movie_info_idx,304
movie_info_idx,305
movie_info_idx,306
movie_info_idx,307
movie_info_idx,308
movie_info_idx,309
movie_info_idx,310
movie_info_idx,311
movie_info_idx,312
movie_info_idx,313
movie_info_idx,314
movie_info_idx,315
movie_info_idx,316
movie_info_idx,317
movie_info_idx,318
movie_info_idx,319
movie_info_idx,320
movie_info_idx,321
movie_info_idx,322
movie_info_idx,323
movie_info_idx,324
movie_info_idx,325
movie_info_idx,326
movie_info_idx,327
movie_info_idx,328
movie_info_idx,329
movie_info_idx,330
movie_info_idx,331
movie_info_idx,332
movie_info_idx,333
movie_info_idx,334
movie_info_idx,335
movie_info_idx,336
movie_info_idx,337
movie_info_idx,338
movie_info_idx,339
movie_info_idx,340
movie_info_idx,341
movie_info_idx,342
movie_info_idx,343
movie_info_idx,344
movie_info_idx,345
movie_info_idx,346
movie_info_idx,347
movie_info_idx,348
movie_info_idx,349
movie_info_idx,350
movie_info_idx,351
movie_info_idx,352
movie_info_idx,353
movie_info_idx,354
movie_info_idx,355
movie_info_idx,356
movie_info_idx,357
movie_info_idx,358
movie_info_idx,359
movie_info_idx,360
movie_info_idx,361
movie_info_idx,362
movie_info_idx,363
movie_info_idx,364
movie_info_idx,365
movie_info_idx,366
movie_info_idx,367
movie_info_idx,368
movie_info_idx,369
movie_info_idx,370
movie_info_idx,371
movie_info_idx,372
movie_info_idx,373
movie_info_idx,374
movie_info_idx,375
movie_info_idx,376
movie_info_idx,377
movie_info_idx,378
movie_info_idx,379
movie_info_idx,380
movie_info_idx,381
movie_info_idx,382
movie_info_idx,383
movie_info_idx,384
movie_info_idx,385
movie_info_idx,386
movie_info_idx,387
movie_info_idx,388
movie_info_idx,389
movie_info_idx,390
movie_info_idx,391
movie_info_idx,392
movie_info_idx,393
movie_info_idx,394
movie_info_idx,395
movie_info_idx,396
movie_info_idx,397
movie_info_idx,398
movie_info_idx,399
movie_info_idx,400
movie_info_idx,401
movie_info_idx,402
movie_info_idx,403
movie_info_idx,404
movie_info_idx,405
movie_info_idx,406
movie_info_idx,407
movie_info_idx,408
movie_info_idx,409
movie_info_idx,410
movie_info_idx,411
movie_info_idx,412
movie_info_idx,413
movie_info_idx,414
movie_info_idx,415
movie_info_idx,416
movie_info_idx,417
movie_info_idx,418
movie_info_idx,419
movie_info_idx,420
movie_info_idx,421
movie_info_idx,422
movie_info_idx,423
movie_info_idx,424
movie_info_idx,425
movie_info_idx,426
movie_info_idx,427
movie_info_idx,428
movie_info_idx,429
movie_info_idx,430
movie_info_idx,431
movie_info_idx,432
movie_info_idx,433
movie_info_idx,434
movie_info_idx,435
movie_info_idx,436
movie_info_idx,437
movie_info_idx,438
movie_info_idx,439
movie_info_idx,440
movie_info_idx,441
movie_info_idx,442
movie_info_idx,443
movie_info_idx,444
movie_info_idx,445
movie_info_idx,446
movie_info_idx,447
movie_info_idx,448
movie_info_idx,449
movie_info_idx,450
movie_info_idx,451
movie_info_idx,452
movie_info_idx,453
movie_info_idx,454
movie_info_idx,455
movie_info_idx,456
movie_info_idx,457
movie_info_idx,458
movie_info_idx,459
movie_info_idx,460
movie_info_idx,461
movie_info_idx,462
movie_info_idx,463
movie_info_idx,464
movie_info_idx,465
movie_info_idx,466
movie_info_idx,467
movie_info_idx,468
movie_info_idx,469
movie_info_idx,470
movie_info_idx,471
movie_info_idx,472
movie_info_idx,473
movie_info_idx,474
movie_info_idx,475
movie_info_idx,476
movie_info_idx,477
movie_info_idx,478
movie_info_idx,479
movie_info_idx,480
movie_info_idx,481
movie_info_idx,482
movie_info_idx,483
movie_info_idx,484
movie_info_idx,485
movie_info_idx,486
movie_info_idx,487
movie_info_idx,488
movie_info_idx,489
movie_info_idx,490
movie_info_idx,491
movie_info_idx,492
movie_info_idx,493
movie_info_idx,494
movie_info_idx,495
movie_info_idx,496
movie_info_idx,497
movie_info_idx,498
movie_info_idx,499
movie_info_idx,500
movie_info_idx,501
movie_info_idx,502
movie_info_idx,503
movie_info_idx,504
movie_info_idx,505
movie_info_idx,506
movie_info_idx,507
movie_info_idx,508
movie_info_idx,509
movie_info_idx,510
movie_info_idx,511
movie_info_idx,512
movie_info_idx,513
movie_info_idx,514
movie_info_idx,515
movie_info_idx,516
movie_info_idx,517
movie_info_idx,518
movie_info_idx,519
movie_info_idx,520
movie_info_idx,521
movie_info_idx,522
movie_info_idx,523
movie_info_idx,524
movie_info_idx,525
movie_info_idx,526
movie_info_idx,527
movie_info_idx,528
movie_info_idx,529
movie_info_idx,530
movie_info_idx,531
movie_info_idx,532
movie_info_idx,533
movie_info_idx,534
movie_info_idx,535
movie_info_idx,536
movie_info_idx,537
movie_info_idx,538
movie_info_idx,539
movie_info_idx,540
movie_info_idx,541
movie_info_idx,542
movie_info_idx,543
movie_info_idx,544
movie_info_idx,545
movie_info_idx,546
movie_info_idx,547
movie_info_idx,548
movie_info_idx,549
movie_info_idx,550
movie_info_idx,551
movie_info_idx,552
movie_info_idx,553
movie_info_idx,554
movie_info_idx,555
movie_info_idx,556
movie_info_idx,557
movie_info_idx,558
movie_info_idx,559
movie_info_idx,560
movie_info_idx,561
movie_info_idx,562
movie_info_idx,563
movie_info_idx,564
movie_info_idx,565
movie_info_idx,566
movie_info_idx,567
movie_info_idx,568
movie_info_idx,569
movie_info_idx,570
movie_info_idx,571
movie_info_idx,572
movie_info_idx,573
movie_info_idx,574
movie_info_idx,575
movie_info_idx,576
movie_info_idx,577
movie_info_idx,578
movie_info_idx,579
movie_info_idx,580
movie_info_idx,581
movie_info_idx,582
movie_info_idx,583
movie_info_idx,584
movie_info_idx,585
movie_info_idx,586
movie_info_idx,587
movie_info_idx,588
movie_info_idx,589
movie_info_idx,590
movie_info_idx,591
movie_info_idx,592
movie_info_idx,593
movie_info_idx,594
movie_info_idx,595
movie_info_idx,596
movie_info_idx,597
movie_info_idx,598
movie_info_idx,599
movie_info_idx,600
movie_info_idx,601
movie_info_idx,602
movie_info_idx,603
movie_info_idx,604
movie_info_idx,605
movie_info_idx,606
movie_info_idx,607
movie_info_idx,608
movie_info_idx,609
movie_info_idx,610
movie_info_idx,611
movie_info_idx,612
movie_info_idx,613
movie_info_idx,614
movie_info_idx,615
movie_info_idx,616
movie_info_idx,617
movie_info_idx,618
movie_info_idx,619
movie_info_idx,620
movie_info_idx,621
movie_info_idx,622
movie_info_idx,623
movie_info_idx,624
movie_info_idx,625
movie_info_idx,626
movie_info_idx,627
movie_info_idx,628
movie_info_idx,629
movie_info_idx,630
movie_info_idx,631
movie_info_idx,632
movie_info_idx,633
movie_info_idx,634
movie_info_idx,635
movie_info_idx,636
movie_info_idx,637
movie_info_idx,638
movie_info_idx,639
movie_info_idx,640
movie_info_idx,641
movie_info_idx,642
movie_info_idx,643
movie_info_idx,644
movie_info_idx,645
movie_info_idx,646
movie_info_idx,647
movie_info_idx,648
movie_info_idx,649
movie_info_idx,650
movie_info_idx,651
movie_info_idx,652
movie_info_idx,653
movie_info_idx,654
movie_info_idx,655
movie_info_idx,656
movie_info_idx,657
movie_info_idx,658
movie_info_idx,659
movie_info_idx,660
movie_info_idx,661
movie_info_idx,662
movie_info_idx,663
movie_info_idx,664
movie_info_idx,665
movie_info_idx,666
movie_info_idx,667
movie_info_idx,668
movie_info_idx,669
movie_info_idx,670
movie_info_idx,671
movie_info_idx,672
movie_info_idx,673
movie_info_idx,674
movie_info_idx,675
movie_info_idx,676
movie_info_idx,677
movie_info_idx,678
movie_info_idx,679
movie_info_idx,680
movie_info_idx,681
movie_info_idx,682
movie_info_idx,683
movie_info_idx,684
movie_info_idx,685
movie_info_idx,686
movie_info_idx,687
movie_info_idx,688
movie_info_idx,689
movie_info_idx,690
movie_info_idx,691
movie_info_idx,692
movie_info_idx,693
movie_info_idx,694
movie_info_idx,695
movie_info_idx,696
movie_info_idx,697
movie_info_idx,698
movie_info_idx,699
movie_info_idx,700
movie_info_idx,701
movie_info_idx,702
movie_info_idx,703
movie_info_idx,704
movie_info_idx,705
movie_info_idx,706
movie_info_idx,707
movie_info_idx,708
movie_info_idx,709
movie_info_idx,710
movie_info_idx,711
movie_info_idx,712
movie_info_idx,713
movie_info_idx,714
movie_info_idx,715
movie_info_idx,716
movie_info_idx,717
movie_info_idx,718
movie_info_idx,719
movie_info_idx,720
movie_info_idx,721
movie_info_idx,722
movie_info_idx,723
movie_info_idx,724
movie_info_idx,725
movie_info_idx,726
movie_info_idx,727
movie_info_idx,728
movie_info_idx,729
movie_info_idx,730
movie_info_idx,731
movie_info_idx,732
movie_info_idx,733
movie_info_idx,734
movie_info_idx,735
movie_info_idx,736
movie_info_idx,737
movie_info_idx,738
movie_info_idx,739
movie_info_idx,740
movie_info_idx,741
movie_info_idx,742
movie_info_idx,743
movie_info_idx,744
movie_info_idx,745
movie_info_idx,746
movie_info_idx,747
movie_info_idx,748
movie_info_idx,749
movie_info_idx,750
movie_info_idx,751
movie_info_idx,752
movie_info_idx,753
movie_info_idx,754
movie_info_idx,755
movie_info_idx,756
movie_info_idx,757
movie_info_idx,758
movie_info_idx,759
movie_info_idx,760
movie_info_idx,761
movie_info_idx,762
movie_info_idx,763
movie_info_idx,764
movie_info_idx,765
movie_info_idx,766
movie_info_idx,767
movie_info_idx,768
movie_info_idx,769
movie_info_idx,770
movie_info_idx,771
movie_info_idx,772
movie_info_idx,773
movie_info_idx,774
movie_info_idx,775
movie_info_idx,776
movie_info_idx,777
movie_info_idx,778
movie_info_idx,779
movie_info_idx,780
movie_info_idx,781
movie_info_idx,782
movie_info_idx,783
movie_info_idx,784
movie_info_idx,785
movie_info_idx,786
movie_info_idx,787
movie_info_idx,788
movie_info_idx,789
movie_info_idx,790
movie_info_idx,791
movie_info_idx,792
movie_info_idx,793
movie_info_idx,794
movie_info_idx,795
movie_info_idx,796
movie_info_idx,797
movie_info_idx,798
movie_info_idx,799
movie_info_idx,800
movie_info_idx,801
movie_info_idx,802
movie_info_idx,803
movie_info_idx,804
movie_info_idx,805
movie_info_idx,806
movie_info_idx,807
movie_info_idx,808
movie_info_idx,809
movie_info_idx,810
movie_info_idx,811
movie_info_idx,812
movie_info_idx,813
movie_info_idx,814
movie_info_idx,815
movie_info_idx,816
movie_info_idx,817
movie_info_idx,818
movie_info_idx,819
movie_info_idx,820
movie_info_idx,821
movie_info_idx,822
movie_info_idx,823
movie_info_idx,824
movie_info_idx,825
movie_info_idx,826
movie_info_idx,827
movie_info_idx,828
movie_info_idx,829
movie_info_idx,830
movie_info_idx,831
movie_info_idx,832
movie_info_idx,833
movie_info_idx,834
movie_info_idx,835
movie_info_idx,836
movie_info_idx,837
movie_info_idx,838
movie_info_idx,839
movie_info_idx,840
movie_info_idx,841
movie_info_idx,842
movie_info_idx,843
movie_info_idx,844
movie_info_idx,845
movie_info_idx,846
movie_info_idx,847
movie_info_idx,848
movie_info_idx,849
movie_info_idx,850
movie_info_idx,851
movie_info_idx,852
movie_info_idx,853
movie_info_idx,854
movie_info_idx,855
movie_info_idx,856
movie_info_idx,857
movie_info_idx,858
movie_info_idx,859
movie_info_idx,860
movie_info_idx,861
movie_info_idx,862
movie_info_idx,863
movie_info_idx,864
movie_info_idx,865
movie_info_idx,866
movie_info_idx,867
movie_info_idx,868
movie_info_idx,869
movie_info_idx,870
movie_info_idx,871
movie_info_idx,872
movie_info_idx,873
movie_info_idx,874
movie_info_idx,875
movie_info_idx,876
movie_info_idx,877
movie_info_idx,878
movie_info_idx,879
movie_info_idx,880
movie_info_idx,881
movie_info_idx,882
movie_info_idx,883
movie_info_idx,884
movie_info_idx,885
movie_info_idx,886
movie_info_idx,887
movie_info_idx,888
movie_info_idx,889
movie_info_idx,890
movie_info_idx,891
movie_info_idx,892
movie_info_idx,893
movie_info_idx,894
movie_info_idx,895
movie_info_idx,896
movie_info_idx,897
movie_info_idx,898
movie_info_idx,899
movie_info_idx,900
movie_info_idx,901
movie_info_idx,902
movie_info_idx,903
movie_info_idx,904
movie_info_idx,905
movie_info_idx,906
movie_info_idx,907
movie_info_idx,908
movie_info_idx,909
movie_info_idx,910
movie_info_idx,911
movie_info_idx,912
movie_info_idx,913
movie_info_idx,914
movie_info_idx,915
movie_info_idx,916
movie_info_idx,917
movie_info_idx,918
movie_info_idx,919
movie_info_idx,920
movie_info_idx,921
movie_info_idx,922
movie_info_idx,923
movie_info_idx,924
movie_info_idx,925
movie_info_idx,926
movie_info_idx,927
movie_info_idx,928
movie_info_idx,929
movie_info_idx,930
movie_info_idx,931
movie_info_idx,932
movie_info_idx,933
movie_info_idx,934
movie_info_idx,935
movie_info_idx,936
movie_info_idx,937
movie_info_idx,938
movie_info_idx,939
movie_info_idx,940
movie_info_idx,941
movie_info_idx,942
movie_info_idx,943
movie_info_idx,944
movie_info_idx,945
movie_info_idx,946
movie_info_idx,947
movie_info_idx,948
movie_info_idx,949
movie_info_idx,950
movie_info_idx,951
movie_info_idx,952
movie_info_idx,953
movie_info_idx,954
movie_info_idx,955
movie_info_idx,956
movie_info_idx,957
movie_info_idx,958
movie_info_idx,959
movie_info_idx,960
movie_info_idx,961
movie_info_idx,962
movie_info_idx,963
movie_info_idx,964
movie_info_idx,965
movie_info_idx,966
movie_info_idx,967
movie_info_idx,968
movie_info_idx,969
movie_info_idx,970
movie_info_idx,971
movie_info_idx,972
movie_info_idx,973
movie_info_idx,974
movie_info_idx,975
movie_info_idx,976
movie_info_idx,977
movie_info_idx,978
movie_info_idx,979
movie_info_idx,980
movie_info_idx,981
movie_info_idx,982
movie_info_idx,983
movie_info_idx,984
movie_info_idx,985
movie_info_idx,986
movie_info_idx,987
movie_info_idx,988
movie_info_idx,989
movie_info_idx,990
movie_info_idx,991
movie_info_idx,992
movie_info_idx,993
movie_info_idx,994
movie_info_idx,995
movie_info_idx,996
movie_info_idx,997
movie_info_idx,998
movie_info_idx,999
movie_info_idx,1000
movie_info_idx,1001
movie_info_idx,1002
movie_info_idx,1003
movie_info_idx,1004
movie_info_idx,1005
movie_info_idx,1006
movie_info_idx,1007
movie_info_idx,1008
movie_info_idx,1009
movie_info_idx,1010
movie_info_idx,1011
movie_info_idx,1012
movie_info_idx,1013
movie_info_idx,1014
movie_info_idx,1015
movie_info_idx,1016
movie_info_idx,1017
movie_info_idx,1018
movie_info_idx,1019
movie_info_idx,1020
movie_info_idx,1021
movie_info_idx,1022
movie_info_idx,1023
movie_info_idx,1024
movie_info_idx,1025
movie_info_idx,1026
movie_info_idx,1027
movie_info_idx,1028
movie_info_idx,1029
movie_info_idx,1030
movie_info_idx,1031
movie_info_idx,1032
movie_info_idx,1033
movie_info_idx,1034
movie_info_idx,1035
movie_info_idx,1036
movie_info_idx,1037
movie_info_idx,1038
movie_info_idx,1039
movie_info_idx,1040
movie_info_idx,1041
movie_info_idx,1042
movie_info_idx,1043
movie_info_idx,1044
movie_info_idx,1045
movie_info_idx,1046
movie_info_idx,1047
movie_info_idx,1048
movie_info_idx,1049
movie_info_idx,1050
movie_info_idx,1051
movie_info_idx,1052
movie_info_idx,1053
movie_info_idx,1054
movie_info_idx,1055
movie_info_idx,1056
movie_info_idx,1057
movie_info_idx,1058
movie_info_idx,1059
movie_info_idx,1060
movie_info_idx,1061
movie_info_idx,1062
movie_info_idx,1063
movie_info_idx,1064
movie_info_idx,1065
movie_info_idx,1066
movie_info_idx,1067
movie_info_idx,1068
movie_info_idx,1069
movie_info_idx,1070
movie_info_idx,1071
movie_info_idx,1072
movie_info_idx,1073
movie_info_idx,1074
movie_info_idx,1075
movie_info_idx,1076
movie_info_idx,1077
movie_info_idx,1078
movie_info_idx,1079
movie_info_idx,1080
movie_info_idx,1081
movie_info_idx,1082
movie_info_idx,1083
movie_info_idx,1084
movie_info_idx,1085
movie_info_idx,1086
movie_info_idx,1087
movie_info_idx,1088
movie_info_idx,1089
movie_info_idx,1090
movie_info_idx,1091
movie_info_idx,1092
movie_info_idx,1093
movie_info_idx,1094
movie_info_idx,1095
movie_info_idx,1096
movie_info_idx,1097
movie_info_idx,1098
movie_info_idx,1099
movie_info_idx,1100
movie_info_idx,1101
movie_info_idx,1102
movie_info_idx,1103
movie_info_idx,1104
movie_info_idx,1105
movie_info_idx,1106
movie_info_idx,1107
movie_info_idx,1108
movie_info_idx,1109
movie_info_idx,1110
movie_info_idx,1111
movie_info_idx,1112
movie_info_idx,1113
movie_info_idx,1114
movie_info_idx,1115
movie_info_idx,1116
movie_info_idx,1117
movie_info_idx,1118
movie_info_idx,1119
movie_info_idx,1120
movie_info_idx,1121
movie_info_idx,1122
movie_info_idx,1123
movie_info_idx,1124
movie_info_idx,1125
movie_info_idx,1126
movie_info_idx,1127
movie_info_idx,1128
movie_info_idx,1129
movie_info_idx,1130
movie_info_idx,1131
movie_info_idx,1132
movie_info_idx,1133
movie_info_idx,1134
movie_info_idx,1135
movie_info_idx,1136
movie_info_idx,1137
movie_info_idx,1138
movie_info_idx,1139
movie_info_idx,1140
movie_info_idx,1141
movie_info_idx,1142
movie_info_idx,1143
movie_info_idx,1144
movie_info_idx,1145
movie_info_idx,1146
movie_info_idx,1147
movie_info_idx,1148
movie_info_idx,1149
movie_info_idx,1150
movie_info_idx,1151
movie_info_idx,1152
movie_info_idx,1153
movie_info_idx,1154
movie_info_idx,1155
movie_info_idx,1156
movie_info_idx,1157
movie_info_idx,1158
movie_info_idx,1159
movie_info_idx,1160
movie_info_idx,1161
movie_info_idx,1162
movie_info_idx,1163
movie_info_idx,1164
movie_info_idx,1165
movie_info_idx,1166
movie_info_idx,1167
movie_info_idx,1168
movie_info_idx,1169
movie_info_idx,1170
movie_info_idx,1171
movie_info_idx,1172
movie_info_idx,1173
movie_info_idx,1174
movie_info_idx,1175
movie_info_idx,1176
movie_info_idx,1177
movie_info_idx,1178
movie_info_idx,1179
movie_info_idx,1180
movie_info_idx,1181
movie_info_idx,1182
movie_info_idx,1183
movie_info_idx,1184
movie_info_idx,1185
movie_info_idx,1186
movie_info_idx,1187
movie_info_idx,1188
movie_info_idx,1189
movie_info_idx,1190
movie_info_idx,1191
movie_info_idx,1192
movie_info_idx,1193
movie_info_idx,1194
movie_info_idx,1195
movie_info_idx,1196
movie_info_idx,1197
movie_info_idx,1198
movie_info_idx,1199
movie_info_idx,1200
movie_info_idx,1201
movie_info_idx,1202
movie_info_idx,1203
movie_info_idx,1204
movie_info_idx,1205
movie_info_idx,1206
movie_info_idx,1207
movie_info_idx,1208
movie_info_idx,1209
movie_info_idx,1210
movie_info_idx,1211
movie_info_idx,1212
movie_info_idx,1213
movie_info_idx,1214
movie_info_idx,1215
movie_info_idx,1216
movie_info_idx,1217
movie_info_idx,1218
movie_info_idx,1219
movie_info_idx,1220
movie_info_idx,1221
movie_info_idx,1222
movie_info_idx,1223
movie_info_idx,1224
movie_info_idx,1225
movie_info_idx,1226
movie_info_idx,1227
movie_info_idx,1228
movie_info_idx,1229
movie_info_idx,1230
movie_info_idx,1231
movie_info_idx,1232
movie_info_idx,1233
movie_info_idx,1234
movie_info_idx,1235
movie_info_idx,1236
movie_info_idx,1237
movie_info_idx,1238
movie_info_idx,1239
movie_info_idx,1240
movie_info_idx,1241
movie_info_idx,1242
movie_info_idx,1243
movie_info_idx,1244
movie_info_idx,1245
movie_info_idx,1246
movie_info_idx,1247
movie_info_idx,1248
movie_info_idx,1249
movie_info_idx,1250
movie_info_idx,1251
movie_info_idx,1252
movie_info_idx,1253
movie_info_idx,1254
movie_info_idx,1255
movie_info_idx,1256
movie_info_idx,1257
movie_info_idx,1258
movie_info_idx,1259
movie_info_idx,1260
movie_info_idx,1261
movie_info_idx,1262
movie_info_idx,1263
movie_info_idx,1264
movie_info_idx,1265
movie_info_idx,1266
movie_info_idx,1267
movie_info_idx,1268
movie_info_idx,1269
movie_info_idx,1270
movie_info_idx,1271
movie_info_idx,1272
movie_info_idx,1273
movie_info_idx,1274
movie_info_idx,1275
movie_info_idx,1276
movie_info_idx,1277
movie_info_idx,1278
movie_info_idx,1279
movie_info_idx,1280
movie_info_idx,1281
movie_info_idx,1282
movie_info_idx,1283
movie_info_idx,1284
movie_info_idx,1285
movie_info_idx,1286
movie_info_idx,1287
movie_info_idx,1288
movie_info_idx,1289
movie_info_idx,1290
movie_info_idx,1291
movie_info_idx,1292
movie_info_idx,1293
movie_info_idx,1294
movie_info_idx,1295
movie_info_idx,1296
movie_info_idx,1297
movie_info_idx,1298
movie_info_idx,1299
movie_info_idx,1300
movie_info_idx,1301
movie_info_idx,1302
movie_info_idx,1303
movie_info_idx,1304
movie_info_idx,1305
movie_info_idx,1306
movie_info_idx,1307
movie_info_idx,1308
movie_info_idx,1309
movie_info_idx,1310
movie_info_idx,1311
movie_info_idx,1312
movie_info_idx,1313
movie_info_idx,1314
movie_info_idx,1315
movie_info_idx,1316
movie_info_idx,1317
movie_info_idx,1318
movie_info_idx,1319
movie_info_idx,1320
movie_info_idx,1321
movie_info_idx,1322
movie_info_idx,1323
movie_info_idx,1324
movie_info_idx,1325
movie_info_idx,1326
movie_info_idx,1327
movie_info_idx,1328
movie_info_idx,1329
movie_info_idx,1330
movie_info_idx,1331
movie_info_idx,1332
movie_info_idx,1333
movie_info_idx,1334
movie_info_idx,1335
movie_info_idx,1336
movie_info_idx,1337
movie_info_idx,1338
movie_info_idx,1339
movie_info_idx,1340
movie_info_idx,1341
movie_info_idx,1342
movie_info_idx,1343
movie_info_idx,1344
movie_info_idx,1345
movie_info_idx,1346
movie_info_idx,1347
movie_info_idx,1348
movie_info_idx,1349
movie_info_idx,1350
movie_info_idx,1351
movie_info_idx,1352
movie_info_idx,1353
movie_info_idx,1354
movie_info_idx,1355
movie_info_idx,1356
movie_info_idx,1357
movie_info_idx,1358
movie_info_idx,1359
movie_info_idx,1360
movie_info_idx,1361
movie_info_idx,1362
movie_info_idx,1363
movie_info_idx,1364
movie_info_idx,1365
movie_info_idx,1366
movie_info_idx,1367
movie_info_idx,1368
movie_info_idx,1369
movie_info_idx,1370
movie_info_idx,1371
movie_info_idx,1372
movie_info_idx,1373
movie_info_idx,1374
movie_info_idx,1375
movie_info_idx,1376
movie_info_idx,1377
movie_info_idx,1378
movie_info_idx,1379
movie_info_idx,1380
movie_info_idx,1381
movie_info_idx,1382
movie_info_idx,1383
movie_info_idx,1384
movie_info_idx,1385
movie_info_idx,1386
movie_info_idx,1387
movie_info_idx,1388
movie_info_idx,1389
movie_info_idx,1390
movie_info_idx,1391
movie_info_idx,1392
movie_info_idx,1393
movie_info_idx,1394
movie_info_idx,1395
movie_info_idx,1396
movie_info_idx,1397
movie_info_idx,1398
movie_info_idx,1399
movie_info_idx,1400
movie_info_idx,1401
movie_info_idx,1402
movie_info_idx,1403
movie_info_idx,1404
movie_info_idx,1405
movie_info_idx,1406
movie_info_idx,1407
movie_info_idx,1408
movie_info_idx,1409
movie_info_idx,1410
movie_info_idx,1411
movie_info_idx,1412
movie_info_idx,1413
movie_info_idx,1414
movie_info_idx,1415
movie_info_idx,1416
movie_info_idx,1417
movie_info_idx,1418
movie_info_idx,1419
movie_info_idx,1420
movie_info_idx,1421
movie_info_idx,1422
movie_info_idx,1423
movie_info_idx,1424
movie_info_idx,1425
movie_info_idx,1426
movie_info_idx,1427
movie_info_idx,1428
movie_info_idx,1429
movie_info_idx,1430
movie_info_idx,1431
movie_info_idx,1432
movie_info_idx,1433
movie_info_idx,1434
movie_info_idx,1435
movie_info_idx,1436
movie_info_idx,1437
movie_info_idx,1438
movie_info_idx,1439
movie_info_idx,1440
movie_info_idx,1441
movie_info_idx,1442
movie_info_idx,1443
movie_info_idx,1444
movie_info_idx,1445
movie_info_idx,1446
movie_info_idx,1447
movie_info_idx,1448
movie_info_idx,1449
movie_info_idx,1450
movie_info_idx,1451
movie_info_idx,1452
movie_info_idx,1453
movie_info_idx,1454
movie_info_idx,1455
movie_info_idx,1456
movie_info_idx,1457
movie_info_idx,1458
movie_info_idx,1459
movie_info_idx,1460
movie_info_idx,1461
movie_info_idx,1462
movie_info_idx,1463
movie_info_idx,1464
movie_info_idx,1465
movie_info_idx,1466
movie_info_idx,1467
movie_info_idx,1468
movie_info_idx,1469
movie_info_idx,1470
movie_info_idx,1471
movie_info_idx,1472
movie_info_idx,1473
movie_info_idx,1474
movie_info_idx,1475
movie_info_idx,1476
movie_info_idx,1477
movie_info_idx,1478
movie_info_idx,1479
movie_info_idx,1480
movie_info_idx,1481
movie_info_idx,1482
movie_info_idx,1483
movie_info_idx,1484
movie_info_idx,1485
movie_info_idx,1486
movie_info_idx,1487
movie_info_idx,1488
movie_info_idx,1489
movie_info_idx,1490
movie_info_idx,1491
movie_info_idx,1492
movie_info_idx,1493
movie_info_idx,1494
movie_info_idx,1495
movie_info_idx,1496
movie_info_idx,1497
movie_info_idx,1498
movie_info_idx,1499
movie_info_idx,1500
movie_info_idx,1501
movie_info_idx,1502
movie_info_idx,1503
movie_info_idx,1504
movie_info_idx,1505
movie_info_idx,1506
movie_info_idx,1507
movie_info_idx,1508
movie_info_idx,1509
movie_info_idx,1510
movie_info_idx,1511
movie_info_idx,1512
movie_info_idx,1513
movie_info_idx,1514
movie_info_idx,1515
movie_info_idx,1516
movie_info_idx,1517
movie_info_idx,1518
movie_info_idx,1519
movie_info_idx,1520
movie_info_idx,1521
movie_info_idx,1522
movie_info_idx,1523
movie_info_idx,1524
movie_info_idx,1525
movie_info_idx,1526
movie_info_idx,1527
movie_info_idx,1528
movie_info_idx,1529
movie_info_idx,1530
movie_info_idx,1531
movie_info_idx,1532
movie_info_idx,1533
movie_info_idx,1534
movie_info_idx,1535
movie_info_idx,1536
movie_info_idx,1537
movie_info_idx,1538
movie_info_idx,1539
movie_info_idx,1540
movie_info_idx,1541
movie_info_idx,1542
movie_info_idx,1543
movie_info_idx,1544
movie_info_idx,1545
movie_info_idx,1546
movie_info_idx,1547
movie_info_idx,1548
movie_info_idx,1549
movie_info_idx,1550
movie_info_idx,1551
movie_info_idx,1552
movie_info_idx,1553
movie_info_idx,1554
movie_info_idx,1555
movie_info_idx,1556
movie_info_idx,1557
movie_info_idx,1558
movie_info_idx,1559
movie_info_idx,1560
movie_info_idx,1561
movie_info_idx,1562
movie_info_idx,1563
movie_info_idx,1564
movie_info_idx,1565
movie_info_idx,1566
movie_info_idx,1567
movie_info_idx,1568
movie_info_idx,1569
movie_info_idx,1570
movie_info_idx,1571
movie_info_idx,1572
movie_info_idx,1573
movie_info_idx,1574
movie_info_idx,1575
movie_info_idx,1576
movie_info_idx,1577
movie_info_idx,1578
movie_info_idx,1579
movie_info_idx,1580
movie_info_idx,1581
movie_info_idx,1582
movie_info_idx,1583
movie_info_idx,1584
movie_info_idx,1585
movie_info_idx,1586
movie_info_idx,1587
movie_info_idx,1588
movie_info_idx,1589
movie_info_idx,1590
movie_info_idx,1591
movie_info_idx,1592
movie_info_idx,1593
movie_info_idx,1594
movie_info_idx,1595
movie_info_idx,1596
movie_info_idx,1597
movie_info_idx,1598
movie_info_idx,1599
movie_info_idx,1600
movie_info_idx,1601
movie_info_idx,1602
movie_info_idx,1603
movie_info_idx,1604
movie_info_idx,1605
movie_info_idx,1606
movie_info_idx,1607
movie_info_idx,1608
movie_info_idx,1609
movie_info_idx,1610
movie_info_idx,1611
movie_info_idx,1612
movie_info_idx,1613
movie_info_idx,1614
movie_info_idx,1615
movie_info_idx,1616
movie_info_idx,1617
movie_info_idx,1618
movie_info_idx,1619
movie_info_idx,1620
movie_info_idx,1621
movie_info_idx,1622
movie_info_idx,1623
movie_info_idx,1624
movie_info_idx,1625
movie_info_idx,1626
movie_info_idx,1627
movie_info_idx,1628
movie_info_idx,1629
movie_info_idx,1630
movie_info_idx,1631
movie_info_idx,1632
movie_info_idx,1633
movie_info_idx,1634
movie_info_idx,1635
movie_info_idx,1636
movie_info_idx,1637
movie_info_idx,1638
movie_info_idx,1639
movie_info_idx,1640
movie_info_idx,1641
movie_info_idx,1642
movie_info_idx,1643
movie_info_idx,1644
movie_info_idx,1645
movie_info_idx,1646
movie_info_idx,1647
movie_info_idx,1648
movie_info_idx,1649
movie_info_idx,1650
movie_info_idx,1651
movie_info_idx,1652
movie_info_idx,1653
movie_info_idx,1654
movie_info_idx,1655
movie_info_idx,1656
movie_info_idx,1657
movie_info_idx,1658
movie_info_idx,1659
movie_info_idx,1660
movie_info_idx,1661
movie_info_idx,1662
movie_info_idx,1663
movie_info_idx,1664
movie_info_idx,1665
movie_info_idx,1666
movie_info_idx,1667
movie_info_idx,1668
movie_info_idx,1669
movie_info_idx,1670
movie_info_idx,1671
movie_info_idx,1672
movie_info_idx,1673
movie_info_idx,1674
movie_info_idx,1675
movie_info_idx,1676
movie_info_idx,1677
movie_info_idx,1678
movie_info_idx,1679
movie_info_idx,1680
movie_info_idx,1681
movie_info_idx,1682
movie_info_idx,1683
movie_info_idx,1684
movie_info_idx,1685
movie_info_idx,1686
movie_info_idx,1687
movie_info_idx,1688
movie_info_idx,1689
movie_info_idx,1690
movie_info_idx,1691
movie_info_idx,1692
movie_info_idx,1693
movie_info_idx,1694
movie_info_idx,1695
movie_info_idx,1696
movie_info_idx,1697
movie_info_idx,1698
movie_info_idx,1699
movie_info_idx,1700
movie_info_idx,1701
movie_info_idx,1702
movie_info_idx,1703
movie_info_idx,1704
movie_info_idx,1705
movie_info_idx,1706
movie_info_idx,1707
movie_info_idx,1708
movie_info_idx,1709
movie_info_idx,1710
movie_info_idx,1711
movie_info_idx,1712
movie_info_idx,1713
movie_info_idx,1714
movie_info_idx,1715
movie_info_idx,1716
movie_info_idx,1717
movie_info_idx,1718
movie_info_idx,1719
movie_info_idx,1720
movie_info_idx,1721
movie_info_idx,1722
movie_info_idx,1723
movie_info_idx,1724
movie_info_idx,1725
movie_info_idx,1726
movie_info_idx,1727
movie_info_idx,1728
movie_info_idx,1729
movie_info_idx,1730
movie_info_idx,1731
movie_info_idx,1732
movie_info_idx,1733
movie_info_idx,1734
movie_info_idx,1735
movie_info_idx,1736
movie_info_idx,1737
movie_info_idx,1738
movie_info_idx,1739
movie_info_idx,1740
movie_info_idx,1741
movie_info_idx,1742
movie_info_idx,1743
movie_info_idx,1744
movie_info_idx,1745
movie_info_idx,1746
movie_info_idx,1747
movie_info_idx,1748
movie_info_idx,1749
movie_info_idx,1750
movie_info_idx,1751
movie_info_idx,1752
movie_info_idx,1753
movie_info_idx,1754
movie_info_idx,1755
movie_info_idx,1756
movie_info_idx,1757
movie_info_idx,1758
movie_info_idx,1759
movie_info_idx,1760
movie_info_idx,1761
movie_info_idx,1762
movie_info_idx,1763
movie_info_idx,1764
movie_info_idx,1765
movie_info_idx,1766
movie_info_idx,1767
movie_info_idx,1768
movie_info_idx,1769
movie_info_idx,1770
movie_info_idx,1771
movie_info_idx,1772
movie_info_idx,1773
movie_info_idx,1774
movie_info_idx,1775
movie_info_idx,1776
movie_info_idx,1777
movie_info_idx,1778
movie_info_idx,1779
movie_info_idx,1780
movie_info_idx,1781
movie_info_idx,1782
movie_info_idx,1783
movie_info_idx,1784
movie_info_idx,1785
movie_info_idx,1786
movie_info_idx,1787
movie_info_idx,1788
movie_info_idx,1789
movie_info_idx,1790
movie_info_idx,1791
movie_info_idx,1792
movie_info_idx,1793
movie_info_idx,1794
movie_info_idx,1795
movie_info_idx,1796
movie_info_idx,1797
movie_info_idx,1798
movie_info_idx,1799
movie_info_idx,1800
movie_info_idx,1801
movie_info_idx,1802
movie_info_idx,1803
movie_info_idx,1804
movie_info_idx,1805
movie_info_idx,1806
movie_info_idx,1807
movie_info_idx,1808
movie_info_idx,1809
movie_info_idx,1810
movie_info_idx,1811
movie_info_idx,1812
movie_info_idx,1813
movie_info_idx,1814
movie_info_idx,1815
movie_info_idx,1816
movie_info_idx,1817
movie_info_idx,1818
movie_info_idx,1819
movie_info_idx,1820
movie_info_idx,1821
movie_info_idx,1822
movie_info_idx,1823
movie_info_idx,1824
movie_info_idx,1825
movie_info_idx,1826
movie_info_idx,1827
movie_info_idx,1828
movie_info_idx,1829
movie_info_idx,1830
movie_info_idx,1831
movie_info_idx,1832
movie_info_idx,1833
movie_info_idx,1834
movie_info_idx,1835
movie_info_idx,1836
movie_info_idx,1837
movie_info_idx,1838
movie_info_idx,1839
movie_info_idx,1840
movie_info_idx,1841
movie_info_idx,1842
movie_info_idx,1843
movie_info_idx,1844
movie_info_idx,1845
movie_info_idx,1846
movie_info_idx,1847
movie_info_idx,1848
movie_info_idx,1849
movie_info_idx,1850
movie_info_idx,1851
movie_info_idx,1852
movie_info_idx,1853
movie_info_idx,1854
movie_info_idx,1855
movie_info_idx,1856
movie_info_idx,1857
movie_info_idx,1858
movie_info_idx,1859
movie_info_idx,1860
movie_info_idx,1861
movie_info_idx,1862
movie_info_idx,1863
movie_info_idx,1864
movie_info_idx,1865
movie_info_idx,1866
movie_info_idx,1867
movie_info_idx,1868
movie_info_idx,1869
movie_info_idx,1870
movie_info_idx,1871
movie_info_idx,1872
movie_info_idx,1873
movie_info_idx,1874
movie_info_idx,1875
movie_info_idx,1876
movie_info_idx,1877
movie_info_idx,1878
movie_info_idx,1879
movie_info_idx,1880
movie_info_idx,1881
movie_info_idx,1882
movie_info_idx,1883
movie_info_idx,1884
movie_info_idx,1885
movie_info_idx,1886
movie_info_idx,1887
movie_info_idx,1888
movie_info_idx,1889
movie_info_idx,1890
movie_info_idx,1891
movie_info_idx,1892
movie_info_idx,1893
movie_info_idx,1894
movie_info_idx,1895
movie_info_idx,1896
movie_info_idx,1897
movie_info_idx,1898
movie_info_idx,1899
movie_info_idx,1900
movie_info_idx,1901
movie_info_idx,1902
movie_info_idx,1903
movie_info_idx,1904
movie_info_idx,1905
movie_info_idx,1906
movie_info_idx,1907
movie_info_idx,1908
movie_info_idx,1909
movie_info_idx,1910
movie_info_idx,1911
movie_info_idx,1912
movie_info_idx,1913
movie_info_idx,1914
movie_info_idx,1915
movie_info_idx,1916
movie_info_idx,1917
movie_info_idx,1918
movie_info_idx,1919
movie_info_idx,1920
movie_info_idx,1921
movie_info_idx,1922
movie_info_idx,1923
movie_info_idx,1924
movie_info_idx,1925
movie_info_idx,1926
movie_info_idx,1927
movie_info_idx,1928
movie_info_idx,1929
movie_info_idx,1930
movie_info_idx,1931
movie_info_idx,1932
movie_info_idx,1933
movie_info_idx,1934
movie_info_idx,1935
movie_info_idx,1936
movie_info_idx,1937
movie_info_idx,1938
movie_info_idx,1939
movie_info_idx,1940
movie_info_idx,1941
movie_info_idx,1942
movie_info_idx,1943
movie_info_idx,1944
movie_info_idx,1945
movie_info_idx,1946
movie_info_idx,1947
movie_info_idx,1948
movie_info_idx,1949
movie_info_idx,1950
movie_info_idx,1951
movie_info_idx,1952
movie_info_idx,1953
movie_info_idx,1954
movie_info_idx,1955
movie_info_idx,1956
movie_info_idx,1957
movie_info_idx,1958
movie_info_idx,1959
movie_info_idx,1960
movie_info_idx,1961
movie_info_idx,1962
movie_info_idx,1963
movie_info_idx,1964
movie_info_idx,1965
movie_info_idx,1966
movie_info_idx,1967
movie_info_idx,1968
movie_info_idx,1969
movie_info_idx,1970
movie_info_idx,1971
movie_info_idx,1972
movie_info_idx,1973
movie_info_idx,1974
movie_info_idx,1975
movie_info_idx,1976
movie_info_idx,1977
movie_info_idx,1978
movie_info_idx,1979
movie_info_idx,1980
movie_info_idx,1981
movie_info_idx,1982
movie_info_idx,1983
movie_info_idx,1984
movie_info_idx,1985
movie_info_idx,1986
movie_info_idx,1987
movie_info_idx,1988
movie_info_idx,1989
movie_info_idx,1990
movie_info_idx,1991
movie_info_idx,1992
movie_info_idx,1993
movie_info_idx,1994
movie_info_idx,1995
movie_info_idx,1996
movie_info_idx,1997
movie_info_idx,1998
movie_info_idx,1999
movie_info_idx,2000
movie_info_idx,2001
movie_info_idx,2002
movie_info_idx,2003
movie_info_idx,2004
movie_info_idx,2005
movie_info_idx,2006
movie_info_idx,2007
movie_info_idx,2008
movie_info_idx,2009
movie_info_idx,2010
movie_info_idx,2011
movie_info_idx,2012
movie_info_idx,2013
movie_info_idx,2014
movie_info_idx,2015
movie_info_idx,2016
movie_info_idx,2017
movie_info_idx,2018
movie_info_idx,2019
movie_info_idx,2020
movie_info_idx,2021
movie_info_idx,2022
movie_info_idx,2023
movie_info_idx,2024
movie_info_idx,2025
movie_info_idx,2026
movie_info_idx,2027
movie_info_idx,2028
movie_info_idx,2029
movie_info_idx,2030
movie_info_idx,2031
movie_info_idx,2032
movie_info_idx,2033
movie_info_idx,2034
movie_info_idx,2035
movie_info_idx,2036
movie_info_idx,2037
movie_info_idx,2038
movie_info_idx,2039
movie_info_idx,2040
movie_info_idx,2041
movie_info_idx,2042
movie_info_idx,2043
movie_info_idx,2044
movie_info_idx,2045
movie_info_idx,2046
movie_info_idx,2047
movie_info_idx,2048
movie_info_idx,2049
movie_info_idx,2050
movie_info_idx,2051
movie_info_idx,2052
movie_info_idx,2053
movie_info_idx,2054
movie_info_idx,2055
movie_info_idx,2056
movie_info_idx,2057
movie_info_idx,2058
movie_info_idx,2059
movie_info_idx,2060
movie_info_idx,2061
movie_info_idx,2062
movie_info_idx,2063
movie_info_idx,2064
movie_info_idx,2065
movie_info_idx,2066
movie_info_idx,2067
movie_info_idx,2068
movie_info_idx,2069
movie_info_idx,2070
movie_info_idx,2071
movie_info_idx,2072
movie_info_idx,2073
movie_info_idx,2074
movie_info_idx,2075
movie_info_idx,2076
movie_info_idx,2077
movie_info_idx,2078
movie_info_idx,2079
movie_info_idx,2080
movie_info_idx,2081
movie_info_idx,2082
movie_info_idx,2083
movie_info_idx,2084
movie_info_idx,2085
movie_info_idx,2086
movie_info_idx,2087
movie_info_idx,2088
movie_info_idx,2089
movie_info_idx,2090
movie_info_idx,2091
movie_info_idx,2092
movie_info_idx,2093
movie_info_idx,2094
movie_info_idx,2095
movie_info_idx,2096
movie_info_idx,2097
movie_info_idx,2098
movie_info_idx,2099
movie_info_idx,2100
movie_info_idx,2101
movie_info_idx,2102
movie_info_idx,2103
movie_info_idx,2104
movie_info_idx,2105
movie_info_idx,2106
movie_info_idx,2107
movie_info_idx,2108
movie_info_idx,2109
movie_info_idx,2110
movie_info_idx,2111
movie_info_idx,2112
movie_info_idx,2113
movie_info_idx,2114
movie_info_idx,2115
movie_info_idx,2116
movie_info_idx,2117
movie_info_idx,2118
movie_info_idx,2119
movie_info_idx,2120
movie_info_idx,2121
movie_info_idx,2122
movie_info_idx,2123
movie_info_idx,2124
movie_info_idx,2125
movie_info_idx,2126
movie_info_idx,2127
movie_info_idx,2128
movie_info_idx,2129
movie_info_idx,2130
movie_info_idx,2131
movie_info_idx,2132
movie_info_idx,2133
movie_info_idx,2134
movie_info_idx,2135
movie_info_idx,2136
movie_info_idx,2137
movie_info_idx,2138
movie_info_idx,2139
movie_info_idx,2140
movie_info_idx,2141
movie_info_idx,2142
movie_info_idx,2143
movie_info_idx,2144
movie_info_idx,2145
movie_info_idx,2146
movie_info_idx,2147
movie_info_idx,2148
movie_info_idx,2149
movie_info_idx,2150
movie_info_idx,2151
movie_info_idx,2152
movie_info_idx,2153
movie_info_idx,2154
movie_info_idx,2155
movie_info_idx,2156
movie_info_idx,2157
movie_info_idx,2158
movie_info_idx,2159
movie_info_idx,2160
movie_info_idx,2161
movie_info_idx,2162
movie_info_idx,2163
movie_info_idx,2164
movie_info_idx,2165
movie_info_idx,2166
movie_info_idx,2167
movie_info_idx,2168
movie_info_idx,2169
movie_info_idx,2170
movie_info_idx,2171
movie_info_idx,2172
movie_info_idx,2173
movie_info_idx,2174
movie_info_idx,2175
movie_info_idx,2176
movie_info_idx,2177
movie_info_idx,2178
movie_info_idx,2179
movie_info_idx,2180
movie_info_idx,2181
movie_info_idx,2182
movie_info_idx,2183
movie_info_idx,2184
movie_info_idx,2185
movie_info_idx,2186
movie_info_idx,2187
movie_info_idx,2188
movie_info_idx,2189
movie_info_idx,2190
movie_info_idx,2191
movie_info_idx,2192
movie_info_idx,2193
movie_info_idx,2194
movie_info_idx,2195
movie_info_idx,2196
movie_info_idx,2197
movie_info_idx,2198
movie_info_idx,2199
movie_info_idx,2200
movie_info_idx,2201
movie_info_idx,2202
movie_info_idx,2203
movie_info_idx,2204
movie_info_idx,2205
movie_info_idx,2206
movie_info_idx,2207
movie_info_idx,2208
movie_info_idx,2209
movie_info_idx,2210
movie_info_idx,2211
movie_info_idx,2212
movie_info_idx,2213
movie_info_idx,2214
movie_info_idx,2215
movie_info_idx,2216
movie_info_idx,2217
movie_info_idx,2218
movie_info_idx,2219
movie_info_idx,2220
movie_info_idx,2221
movie_info_idx,2222
movie_info_idx,2223
movie_info_idx,2224
movie_info_idx,2225
movie_info_idx,2226
movie_info_idx,2227
movie_info_idx,2228
movie_info_idx,2229
movie_info_idx,2230
movie_info_idx,2231
movie_info_idx,2232
movie_info_idx,2233
movie_info_idx,2234
movie_info_idx,2235
movie_info_idx,2236
movie_info_idx,2237
movie_info_idx,2238
movie_info_idx,2239
movie_info_idx,2240
movie_info_idx,2241
movie_info_idx,2242
movie_info_idx,2243
movie_info_idx,2244
movie_info_idx,2245
movie_info_idx,2246
movie_info_idx,2247
movie_info_idx,2248
movie_info_idx,2249
movie_info_idx,2250
movie_info_idx,2251
movie_info_idx,2252
movie_info_idx,2253
movie_info_idx,2254
movie_info_idx,2255
movie_info_idx,2256
movie_info_idx,2257
movie_info_idx,2258
movie_info_idx,2259
movie_info_idx,2260
movie_info_idx,2261
movie_info_idx,2262
movie_info_idx,2263
movie_info_idx,2264
movie_info_idx,2265
movie_info_idx,2266
movie_info_idx,2267
movie_info_idx,2268
movie_info_idx,2269
movie_info_idx,2270
movie_info_idx,2271
movie_info_idx,2272
movie_info_idx,2273
movie_info_idx,2274
movie_info_idx,2275
movie_info_idx,2276
movie_info_idx,2277
movie_info_idx,2278
movie_info_idx,2279
movie_info_idx,2280
movie_info_idx,2281
movie_info_idx,2282
movie_info_idx,2283
movie_info_idx,2284
movie_info_idx,2285
movie_info_idx,2286
movie_info_idx,2287
movie_info_idx,2288
movie_info_idx,2289
movie_info_idx,2290
movie_info_idx,2291
movie_info_idx,2292
movie_info_idx,2293
movie_info_idx,2294
movie_info_idx,2295
movie_info_idx,2296
movie_info_idx,2297
movie_info_idx,2298
movie_info_idx,2299
movie_info_idx,2300
movie_info_idx,2301
movie_info_idx,2302
movie_info_idx,2303
movie_info_idx,2304
movie_info_idx,2305
movie_info_idx,2306
movie_info_idx,2307
movie_info_idx,2308
movie_info_idx,2309
movie_info_idx,2310
movie_info_idx,2311
movie_info_idx,2312
movie_info_idx,2313
movie_info_idx,2314
movie_info_idx,2315
movie_info_idx,2316
movie_info_idx,2317
movie_info_idx,2318
movie_info_idx,2319
movie_info_idx,2320
movie_info_idx,2321
movie_info_idx,2322
movie_info_idx,2323
movie_info_idx,2324
movie_info_idx,2325
movie_info_idx,2326
movie_info_idx,2327
movie_info_idx,2328
movie_info_idx,2329
movie_info_idx,2330
movie_info_idx,2331
movie_info_idx,2332
movie_info_idx,2333
movie_info_idx,2334
movie_info_idx,2335
movie_info_idx,2336
movie_info_idx,2337
movie_info_idx,2338
movie_info_idx,2339
movie_info_idx,2340
movie_info_idx,2341
movie_info_idx,2342
movie_info_idx,2343
movie_info_idx,2344
movie_info_idx,2345
movie_info_idx,2346
movie_info_idx,2347
movie_info_idx,2348
movie_info_idx,2349
movie_info_idx,2350
movie_info_idx,2351
movie_info_idx,2352
movie_info_idx,2353
movie_info_idx,2354
movie_info_idx,2355
movie_info_idx,2356
movie_info_idx,2357
movie_info_idx,2358
movie_info_idx,2359
movie_info_idx,2360
movie_info_idx,2361
movie_info_idx,2362
movie_info_idx,2363
movie_info_idx,2364
movie_info_idx,2365
movie_info_idx,2366
movie_info_idx,2367
movie_info_idx,2368
movie_info_idx,2369
movie_info_idx,2370
movie_info_idx,2371
movie_info_idx,2372
movie_info_idx,2373
movie_info_idx,2374
movie_info_idx,2375
movie_info_idx,2376
movie_info_idx,2377
movie_info_idx,2378
movie_info_idx,2379
movie_info_idx,2380
movie_info_idx,2381
movie_info_idx,2382
movie_info_idx,2383
movie_info_idx,2384
movie_info_idx,2385
movie_info_idx,2386
movie_info_idx,2387
movie_info_idx,2388
movie_info_idx,2389
movie_info_idx,2390
movie_info_idx,2391
movie_info_idx,2392
movie_info_idx,2393
movie_info_idx,2394
movie_info_idx,2395
movie_info_idx,2396
movie_info_idx,2397
movie_info_idx,2398
movie_info_idx,2399
movie_info_idx,2400
movie_info_idx,2401
movie_info_idx,2402
movie_info_idx,2403
movie_info_idx,2404
movie_info_idx,2405
movie_info_idx,2406
movie_info_idx,2407
movie_info_idx,2408
movie_info_idx,2409
movie_info_idx,2410
movie_info_idx,2411
movie_info_idx,2412
movie_info_idx,2413
movie_info_idx,2414
movie_info_idx,2415
movie_info_idx,2416
movie_info_idx,2417
movie_info_idx,2418
movie_info_idx,2419
movie_info_idx,2420
movie_info_idx,2421
movie_info_idx,2422
movie_info_idx,2423
movie_info_idx,2424
movie_info_idx,2425
movie_info_idx,2426
movie_info_idx,2427
movie_info_idx,2428
movie_info_idx,2429
movie_info_idx,2430
movie_info_idx,2431
movie_info_idx,2432
movie_info_idx,2433
movie_info_idx,2434
movie_info_idx,2435
movie_info_idx,2436
movie_info_idx,2437
movie_info_idx,2438
movie_info_idx,2439
movie_info_idx,2440
movie_info_idx,2441
movie_info_idx,2442
movie_info_idx,2443
movie_info_idx,2444
movie_info_idx,2445
movie_info_idx,2446
movie_info_idx,2447
movie_info_idx,2448
movie_info_idx,2449
movie_info_idx,2450
movie_info_idx,2451
movie_info_idx,2452
movie_info_idx,2453
movie_info_idx,2454
movie_info_idx,2455
movie_info_idx,2456
movie_info_idx,2457
movie_info_idx,2458
movie_info_idx,2459
movie_info_idx,2460
movie_info_idx,2461
movie_info_idx,2462
movie_info_idx,2463
movie_info_idx,2464
movie_info_idx,2465
movie_info_idx,2466
movie_info_idx,2467
movie_info_idx,2468
movie_info_idx,2469
movie_info_idx,2470
movie_info_idx,2471
movie_info_idx,2472
movie_info_idx,2473
movie_info_idx,2474
movie_info_idx,2475
movie_info_idx,2476
movie_info_idx,2477
movie_info_idx,2478
movie_info_idx,2479
movie_info_idx,2480
movie_info_idx,2481
movie_info_idx,2482
movie_info_idx,2483
movie_info_idx,2484
movie_info_idx,2485
movie_info_idx,2486
movie_info_idx,2487
movie_info_idx,2488
movie_info_idx,2489
movie_info_idx,2490
movie_info_idx,2491
movie_info_idx,2492
movie_info_idx,2493
movie_info_idx,2494
movie_info_idx,2495
movie_info_idx,2496
movie_info_idx,2497
movie_info_idx,2498
movie_info_idx,2499
movie_info_idx,2500
movie_info_idx,2501
movie_info_idx,2502
movie_info_idx,2503
movie_info_idx,2504
movie_info_idx,2505
movie_info_idx,2506
movie_info_idx,2507
movie_info_idx,2508
movie_info_idx,2509
movie_info_idx,2510
movie_info_idx,2511
movie_info_idx,2512
movie_info_idx,2513
movie_info_idx,2514
movie_info_idx,2515
movie_info_idx,2516
movie_info_idx,2517
movie_info_idx,2518
movie_info_idx,2519
movie_info_idx,2520
movie_info_idx,2521
movie_info_idx,2522
movie_info_idx,2523
movie_info_idx,2524
movie_info_idx,2525
movie_info_idx,2526
movie_info_idx,2527
movie_info_idx,2528
movie_info_idx,2529
movie_info_idx,2530
movie_info_idx,2531
movie_info_idx,2532
movie_info_idx,2533
movie_info_idx,2534
movie_info_idx,2535
movie_info_idx,2536
movie_info_idx,2537
movie_info_idx,2538
movie_info_idx,2539
movie_info_idx,2540
movie_info_idx,2541
movie_info_idx,2542
movie_info_idx,2543
movie_info_idx,2544
movie_info_idx,2545
movie_info_idx,2546
movie_info_idx,2547
movie_info_idx,2548
movie_info_idx,2549
movie_info_idx,2550
movie_info_idx,2551
movie_info_idx,2552
movie_info_idx,2553
movie_info_idx,2554
movie_info_idx,2555
movie_info_idx,2556
movie_info_idx,2557
movie_info_idx,2558
movie_info_idx,2559
movie_info_idx,2560
movie_info_idx,2561
movie_info_idx,2562
movie_info_idx,2563
movie_info_idx,2564
movie_info_idx,2565
movie_info_idx,2566
movie_info_idx,2567
movie_info_idx,2568
movie_info_idx,2569
movie_info_idx,2570
movie_info_idx,2571
movie_info_idx,2572
movie_info_idx,2573
movie_info_idx,2574
movie_info_idx,2575
movie_info_idx,2576
movie_info_idx,2577
movie_info_idx,2578
movie_info_idx,2579
movie_info_idx,2580
movie_info_idx,2581
movie_info_idx,2582
movie_info_idx,2583
movie_info_idx,2584
movie_info_idx,2585
movie_info_idx,2586
movie_info_idx,2587
movie_info_idx,2588
movie_info_idx,2589
movie_info_idx,2590
movie_info_idx,2591
movie_info_idx,2592
movie_info_idx,2593
movie_info_idx,2594
movie_info_idx,2595
movie_info_idx,2596
movie_info_idx,2597
movie_info_idx,2598
movie_info_idx,2599
movie_info_idx,2600
movie_info_idx,2601
movie_info_idx,2602
movie_info_idx,2603
movie_info_idx,2604
movie_info_idx,2605
movie_info_idx,2606
movie_info_idx,2607
movie_info_idx,2608
movie_info_idx,2609
movie_info_idx,2610
movie_info_idx,2611
movie_info_idx,2612
movie_info_idx,2613
movie_info_idx,2614
movie_info_idx,2615
movie_info_idx,2616
movie_info_idx,2617
movie_info_idx,2618
movie_info_idx,2619
movie_info_idx,2620
movie_info_idx,2621
movie_info_idx,2622
movie_info_idx,2623
movie_info_idx,2624
movie_info_idx,2625
movie_info_idx,2626
movie_info_idx,2627
movie_info_idx,2628
movie_info_idx,2629
movie_info_idx,2630
movie_info_idx,2631
movie_info_idx,2632
movie_info_idx,2633
movie_info_idx,2634
movie_info_idx,2635
movie_info_idx,2636
movie_info_idx,2637
movie_info_idx,2638
movie_info_idx,2639
movie_info_idx,2640
movie_info_idx,2641
movie_info_idx,2642
movie_info_idx,2643
movie_info_idx,2644
movie_info_idx,2645
movie_info_idx,2646
movie_info_idx,2647
movie_info_idx,2648
movie_info_idx,2649
movie_info_idx,2650
movie_info_idx,2651
movie_info_idx,2652
movie_info_idx,2653
movie_info_idx,2654
movie_info_idx,2655
movie_info_idx,2656
movie_info_idx,2657
movie_info_idx,2658
movie_info_idx,2659
movie_info_idx,2660
movie_info_idx,2661
movie_info_idx,2662
movie_info_idx,2663
movie_info_idx,2664
movie_info_idx,2665
movie_info_idx,2666
movie_info_idx,2667
movie_info_idx,2668
movie_info_idx,2669
movie_info_idx,2670
movie_info_idx,2671
movie_info_idx,2672
movie_info_idx,2673
movie_info_idx,2674
movie_info_idx,2675
movie_info_idx,2676
movie_info_idx,2677
movie_info_idx,2678
movie_info_idx,2679
movie_info_idx,2680
movie_info_idx,2681
movie_info_idx,2682
movie_info_idx,2683
movie_info_idx,2684
movie_info_idx,2685
movie_info_idx,2686
movie_info_idx,2687
movie_info_idx,2688
movie_info_idx,2689
movie_info_idx,2690
movie_info_idx,2691
movie_info_idx,2692
movie_info_idx,2693
movie_info_idx,2694
movie_info_idx,2695
movie_info_idx,2696
movie_info_idx,2697
movie_info_idx,2698
movie_info_idx,2699
movie_info_idx,2700
movie_info_idx,2701
movie_info_idx,2702
movie_info_idx,2703
movie_info_idx,2704
movie_info_idx,2705
movie_info_idx,2706
movie_info_idx,2707
movie_info_idx,2708
movie_info_idx,2709
movie_info_idx,2710
movie_info_idx,2711
movie_info_idx,2712
movie_info_idx,2713
movie_info_idx,2714
movie_info_idx,2715
movie_info_idx,2716
movie_info_idx,2717
movie_info_idx,2718
movie_info_idx,2719
movie_info_idx,2720
movie_info_idx,2721
movie_info_idx,2722
movie_info_idx,2723
movie_info_idx,2724
movie_info_idx,2725
movie_info_idx,2726
movie_info_idx,2727
movie_info_idx,2728
movie_info_idx,2729
movie_info_idx,2730
movie_info_idx,2731
movie_info_idx,2732
movie_info_idx,2733
movie_info_idx,2734
movie_info_idx,2735
movie_info_idx,2736
movie_info_idx,2737
movie_info_idx,2738
movie_info_idx,2739
movie_info_idx,2740
movie_info_idx,2741
movie_info_idx,2742
movie_info_idx,2743
movie_info_idx,2744
movie_info_idx,2745
movie_info_idx,2746
movie_info_idx,2747
movie_info_idx,2748
movie_info_idx,2749
movie_info_idx,2750
movie_info_idx,2751
movie_info_idx,2752
movie_info_idx,2753
movie_info_idx,2754
movie_info_idx,2755
movie_info_idx,2756
movie_info_idx,2757
movie_info_idx,2758
movie_info_idx,2759
movie_info_idx,2760
movie_info_idx,2761
movie_info_idx,2762
movie_info_idx,2763
movie_info_idx,2764
movie_info_idx,2765
movie_info_idx,2766
movie_info_idx,2767
movie_info_idx,2768
movie_info_idx,2769
movie_info_idx,2770
movie_info_idx,2771
movie_info_idx,2772
movie_info_idx,2773
movie_info_idx,2774
movie_info_idx,2775
movie_info_idx,2776
movie_info_idx,2777
movie_info_idx,2778
movie_info_idx,2779
movie_info_idx,2780
movie_info_idx,2781
movie_info_idx,2782
movie_info_idx,2783
movie_info_idx,2784
movie_info_idx,2785
movie_info_idx,2786
movie_info_idx,2787
movie_info_idx,2788
movie_info_idx,2789
movie_info_idx,2790
movie_info_idx,2791
movie_info_idx,2792
movie_info_idx,2793
movie_info_idx,2794
movie_info_idx,2795
movie_info_idx,2796
movie_info_idx,2797
movie_info_idx,2798
movie_info_idx,2799
movie_info_idx,2800
movie_info_idx,2801
movie_info_idx,2802
movie_info_idx,2803
movie_info_idx,2804
movie_info_idx,2805
movie_info_idx,2806
movie_info_idx,2807
movie_info_idx,2808
movie_info_idx,2809
movie_info_idx,2810
movie_info_idx,2811
movie_info_idx,2812
movie_info_idx,2813
movie_info_idx,2814
movie_info_idx,2815
movie_info_idx,2816
movie_info_idx,2817
movie_info_idx,2818
movie_info_idx,2819
movie_info_idx,2820
movie_info_idx,2821
movie_info_idx,2822
movie_info_idx,2823
movie_info_idx,2824
movie_info_idx,2825
movie_info_idx,2826
movie_info_idx,2827
movie_info_idx,2828
movie_info_idx,2829
movie_info_idx,2830
movie_info_idx,2831
movie_info_idx,2832
movie_info_idx,2833
movie_info_idx,2834
movie_info_idx,2835
movie_info_idx,2836
movie_info_idx,2837
movie_info_idx,2838
movie_info_idx,2839
movie_info_idx,2840
movie_info_idx,2841
movie_info_idx,2842
movie_info_idx,2843
movie_info_idx,2844
movie_info_idx,2845
movie_info_idx,2846
movie_info_idx,2847
movie_info_idx,2848
movie_info_idx,2849
movie_info_idx,2850
movie_info_idx,2851
movie_info_idx,2852
movie_info_idx,2853
movie_info_idx,2854
movie_info_idx,2855
movie_info_idx,2856
movie_info_idx,2857
movie_info_idx,2858
movie_info_idx,2859
movie_info_idx,2860
movie_info_idx,2861
movie_info_idx,2862
movie_info_idx,2863
movie_info_idx,2864
movie_info_idx,2865
movie_info_idx,2866
movie_info_idx,2867
movie_info_idx,2868
movie_info_idx,2869
movie_info_idx,2870
movie_info_idx,2871
movie_info_idx,2872
movie_info_idx,2873
movie_info_idx,2874
movie_info_idx,2875
movie_info_idx,2876
movie_info_idx,2877
movie_info_idx,2878
movie_info_idx,2879
movie_info_idx,2880
movie_info_idx,2881
movie_info_idx,2882
movie_info_idx,2883
movie_info_idx,2884
movie_info_idx,2885
movie_info_idx,2886
movie_info_idx,2887
movie_info_idx,2888
movie_info_idx,2889
movie_info_idx,2890
movie_info_idx,2891
movie_info_idx,2892
movie_info_idx,2893
movie_info_idx,2894
movie_info_idx,2895
movie_info_idx,2896
movie_info_idx,2897
movie_info_idx,2898
movie_info_idx,2899
movie_info_idx,2900
movie_info_idx,2901
movie_info_idx,2902
movie_info_idx,2903
movie_info_idx,2904
movie_info_idx,2905
movie_info_idx,2906
movie_info_idx,2907
movie_info_idx,2908
movie_info_idx,2909
movie_info_idx,2910
movie_info_idx,2911
movie_info_idx,2912
movie_info_idx,2913
movie_info_idx,2914
movie_info_idx,2915
movie_info_idx,2916
movie_info_idx,2917
movie_info_idx,2918
movie_info_idx,2919
movie_info_idx,2920
movie_info_idx,2921
movie_info_idx,2922
movie_info_idx,2923
movie_info_idx,2924
movie_info_idx,2925
movie_info_idx,2926
movie_info_idx,2927
movie_info_idx,2928
movie_info_idx,2929
movie_info_idx,2930
movie_info_idx,2931
movie_info_idx,2932
movie_info_idx,2933
movie_info_idx,2934
movie_info_idx,2935
movie_info_idx,2936
movie_info_idx,2937
movie_info_idx,2938
movie_info_idx,2939
movie_info_idx,2940
movie_info_idx,2941
movie_info_idx,2942
movie_info_idx,2943
movie_info_idx,2944
movie_info_idx,2945
movie_info_idx,2946
movie_info_idx,2947
movie_info_idx,2948
movie_info_idx,2949
movie_info_idx,2950
movie_info_idx,2951
movie_info_idx,2952
movie_info_idx,2953
movie_info_idx,2954
movie_info_idx,2955
movie_info_idx,2956
movie_info_idx,2957
movie_info_idx,2958
movie_info_idx,2959
movie_info_idx,2960
movie_info_idx,2961
movie_info_idx,2962
movie_info_idx,2963
movie_info_idx,2964
movie_info_idx,2965
movie_info_idx,2966
movie_info_idx,2967
movie_info_idx,2968
movie_info_idx,2969
movie_info_idx,2970
movie_info_idx,2971
movie_info_idx,2972
movie_info_idx,2973
movie_info_idx,2974
movie_info_idx,2975
movie_info_idx,2976
movie_info_idx,2977
movie_info_idx,2978
movie_info_idx,2979
movie_info_idx,2980
movie_info_idx,2981
movie_info_idx,2982
movie_info_idx,2983
movie_info_idx,2984
movie_info_idx,2985
movie_info_idx,2986
movie_info_idx,2987
movie_info_idx,2988
movie_info_idx,2989
movie_info_idx,2990
movie_info_idx,2991
movie_info_idx,2992
movie_info_idx,2993
movie_info_idx,2994
movie_info_idx,2995
movie_info_idx,2996
movie_info_idx,2997
movie_info_idx,2998
movie_info_idx,2999
movie_info_idx,3000
movie_info_idx,3001
movie_info_idx,3002
movie_info_idx,3003
movie_info_idx,3004
movie_info_idx,3005
movie_info_idx,3006
movie_info_idx,3007
movie_info_idx,3008
movie_info_idx,3009
movie_info_idx,3010
movie_info_idx,3011
movie_info_idx,3012
movie_info_idx,3013
movie_info_idx,3014
movie_info_idx,3015
movie_info_idx,3016
movie_info_idx,3017
movie_info_idx,3018
movie_info_idx,3019
movie_info_idx,3020
movie_info_idx,3021
movie_info_idx,3022
movie_info_idx,3023
movie_info_idx,3024
movie_info_idx,3025
movie_info_idx,3026
movie_info_idx,3027
movie_info_idx,3028
movie_info_idx,3029
movie_info_idx,3030
movie_info_idx,3031
movie_info_idx,3032
movie_info_idx,3033
movie_info_idx,3034
movie_info_idx,3035
movie_info_idx,3036
movie_info_idx,3037
movie_info_idx,3038
movie_info_idx,3039
movie_info_idx,3040
movie_info_idx,3041
movie_info_idx,3042
movie_info_idx,3043
movie_info_idx,3044
movie_info_idx,3045
movie_info_idx,3046
movie_info_idx,3047
movie_info_idx,3048
movie_info_idx,3049
movie_info_idx,3050
movie_info_idx,3051
movie_info_idx,3052
movie_info_idx,3053
movie_info_idx,3054
movie_info_idx,3055
movie_info_idx,3056
movie_info_idx,3057
movie_info_idx,3058
movie_info_idx,3059
movie_info_idx,3060
movie_info_idx,3061
movie_info_idx,3062
movie_info_idx,3063
movie_info_idx,3064
movie_info_idx,3065
movie_info_idx,3066
movie_info_idx,3067
movie_info_idx,3068
movie_info_idx,3069
movie_info_idx,3070
movie_info_idx,3071
movie_info_idx,3072
movie_info_idx,3073
movie_info_idx,3074
movie_info_idx,3075
movie_info_idx,3076
movie_info_idx,3077
movie_info_idx,3078
movie_info_idx,3079
movie_info_idx,3080
movie_info_idx,3081
movie_info_idx,3082
movie_info_idx,3083
movie_info_idx,3084
movie_info_idx,3085
movie_info_idx,3086
movie_info_idx,3087
movie_info_idx,3088
movie_info_idx,3089
movie_info_idx,3090
movie_info_idx,3091
movie_info_idx,3092
movie_info_idx,3093
movie_info_idx,3094
movie_info_idx,3095
movie_info_idx,3096
movie_info_idx,3097
movie_info_idx,3098
movie_info_idx,3099
movie_info_idx,3100
movie_info_idx,3101
movie_info_idx,3102
movie_info_idx,3103
movie_info_idx,3104
movie_info_idx,3105
movie_info_idx,3106
movie_info_idx,3107
movie_info_idx,3108
movie_info_idx,3109
movie_info_idx,3110
movie_info_idx,3111
movie_info_idx,3112
movie_info_idx,3113
movie_info_idx,3114
movie_info_idx,3115
movie_info_idx,3116
movie_info_idx,3117
movie_info_idx,3118
movie_info_idx,3119
movie_info_idx,3120
movie_info_idx,3121
movie_info_idx,3122
movie_info_idx,3123
movie_info_idx,3124
movie_info_idx,3125
movie_info_idx,3126
movie_info_idx,3127
movie_info_idx,3128
movie_info_idx,3129
movie_info_idx,3130
movie_info_idx,3131
movie_info_idx,3132
movie_info_idx,3133
movie_info_idx,3134
movie_info_idx,3135
movie_info_idx,3136
movie_info_idx,3137
movie_info_idx,3138
movie_info_idx,3139
movie_info_idx,3140
movie_info_idx,3141
movie_info_idx,3142
movie_info_idx,3143
movie_info_idx,3144
movie_info_idx,3145
movie_info_idx,3146
movie_info_idx,3147
movie_info_idx,3148
movie_info_idx,3149
movie_info_idx,3150
movie_info_idx,3151
movie_info_idx,3152
movie_info_idx,3153
movie_info_idx,3154
movie_info_idx,3155
movie_info_idx,3156
movie_info_idx,3157
movie_info_idx,3158
movie_info_idx,3159
movie_info_idx,3160
movie_info_idx,3161
movie_info_idx,3162
movie_info_idx,3163
movie_info_idx,3164
movie_info_idx,3165
movie_info_idx,3166
movie_info_idx,3167
movie_info_idx,3168
movie_info_idx,3169
movie_info_idx,3170
movie_info_idx,3171
movie_info_idx,3172
movie_info_idx,3173
movie_info_idx,3174
movie_info_idx,3175
movie_info_idx,3176
movie_info_idx,3177
movie_info_idx,3178
movie_info_idx,3179
movie_info_idx,3180
movie_info_idx,3181
movie_info_idx,3182
movie_info_idx,3183
movie_info_idx,3184
movie_info_idx,3185
movie_info_idx,3186
movie_info_idx,3187
movie_info_idx,3188
movie_info_idx,3189
movie_info_idx,3190
movie_info_idx,3191
movie_info_idx,3192
movie_info_idx,3193
movie_info_idx,3194
movie_info_idx,3195
movie_info_idx,3196
movie_info_idx,3197
movie_info_idx,3198
movie_info_idx,3199
movie_info_idx,3200
movie_info_idx,3201
movie_info_idx,3202
movie_info_idx,3203
movie_info_idx,3204
movie_info_idx,3205
movie_info_idx,3206
movie_info_idx,3207
movie_info_idx,3208
movie_info_idx,3209
movie_info_idx,3210
movie_info_idx,3211
movie_info_idx,3212
movie_info_idx,3213
movie_info_idx,3214
movie_info_idx,3215
movie_info_idx,3216
movie_info_idx,3217
movie_info_idx,3218
movie_info_idx,3219
movie_info_idx,3220
movie_info_idx,3221
movie_info_idx,3222
movie_info_idx,3223
movie_info_idx,3224
movie_info_idx,3225
movie_info_idx,3226
movie_info_idx,3227
movie_info_idx,3228
movie_info_idx,3229
movie_info_idx,3230
movie_info_idx,3231
movie_info_idx,3232
movie_info_idx,3233
movie_info_idx,3234
movie_info_idx,3235
movie_info_idx,3236
movie_info_idx,3237
movie_info_idx,3238
movie_info_idx,3239
movie_info_idx,3240
movie_info_idx,3241
movie_info_idx,3242
movie_info_idx,3243
movie_info_idx,3244
movie_info_idx,3245
movie_info_idx,3246
movie_info_idx,3247
movie_info_idx,3248
movie_info_idx,3249
movie_info_idx,3250
movie_info_idx,3251
movie_info_idx,3252
movie_info_idx,3253
movie_info_idx,3254
movie_info_idx,3255
movie_info_idx,3256
movie_info_idx,3257
movie_info_idx,3258
movie_info_idx,3259
movie_info_idx,3260
movie_info_idx,3261
movie_info_idx,3262
movie_info_idx,3263
movie_info_idx,3264
movie_info_idx,3265
movie_info_idx,3266
movie_info_idx,3267
movie_info_idx,3268
movie_info_idx,3269
movie_info_idx,3270
movie_info_idx,3271
movie_info_idx,3272
movie_info_idx,3273
movie_info_idx,3274
movie_info_idx,3275
movie_info_idx,3276
movie_info_idx,3277
movie_info_idx,3278
movie_info_idx,3279
movie_info_idx,3280
movie_info_idx,3281
movie_info_idx,3282
movie_info_idx,3283
movie_info_idx,3284
movie_info_idx,3285
movie_info_idx,3286
movie_info_idx,3287
movie_info_idx,3288
movie_info_idx,3289
movie_info_idx,3290
movie_info_idx,3291
movie_info_idx,3292
movie_info_idx,3293
movie_info_idx,3294
movie_info_idx,3295
movie_info_idx,3296
movie_info_idx,3297
movie_info_idx,3298
movie_info_idx,3299
movie_info_idx,3300
movie_info_idx,3301
movie_info_idx,3302
movie_info_idx,3303
movie_info_idx,3304
movie_info_idx,3305
movie_info_idx,3306
movie_info_idx,3307
movie_info_idx,3308
movie_info_idx,3309
movie_info_idx,3310
movie_info_idx,3311
movie_info_idx,3312
movie_info_idx,3313
movie_info_idx,3314
movie_info_idx,3315
movie_info_idx,3316
movie_info_idx,3317
movie_info_idx,3318
movie_info_idx,3319
movie_info_idx,3320
movie_info_idx,3321
movie_info_idx,3322
movie_info_idx,3323
movie_info_idx,3324
movie_info_idx,3325
movie_info_idx,3326
movie_info_idx,3327
movie_info_idx,3328
movie_info_idx,3329
movie_info_idx,3330
movie_info_idx,3331
movie_info_idx,3332
movie_info_idx,3333
movie_info_idx,3334
movie_info_idx,3335
movie_info_idx,3336
movie_info_idx,3337
movie_info_idx,3338
movie_info_idx,3339
movie_info_idx,3340
movie_info_idx,3341
movie_info_idx,3342
movie_info_idx,3343
movie_info_idx,3344
movie_info_idx,3345
movie_info_idx,3346
movie_info_idx,3347
movie_info_idx,3348
movie_info_idx,3349
movie_info_idx,3350
movie_info_idx,3351
movie_info_idx,3352
movie_info_idx,3353
movie_info_idx,3354
movie_info_idx,3355
movie_info_idx,3356
movie_info_idx,3357
movie_info_idx,3358
movie_info_idx,3359
movie_info_idx,3360
movie_info_idx,3361
movie_info_idx,3362
movie_info_idx,3363
movie_info_idx,3364
movie_info_idx,3365
movie_info_idx,3366
movie_info_idx,3367
movie_info_idx,3368
movie_info_idx,3369
movie_info_idx,3370
movie_info_idx,3371
movie_info_idx,3372
movie_info_idx,3373
movie_info_idx,3374
movie_info_idx,3375
movie_info_idx,3376
movie_info_idx,3377
movie_info_idx,3378
movie_info_idx,3379
movie_info_idx,3380
movie_info_idx,3381
movie_info_idx,3382
movie_info_idx,3383
movie_info_idx,3384
movie_info_idx,3385
movie_info_idx,3386
movie_info_idx,3387
movie_info_idx,3388
movie_info_idx,3389
movie_info_idx,3390
movie_info_idx,3391
movie_info_idx,3392
movie_info_idx,3393
movie_info_idx,3394
movie_info_idx,3395
movie_info_idx,3396
movie_info_idx,3397
movie_info_idx,3398
movie_info_idx,3399
movie_info_idx,3400
movie_info_idx,3401
movie_info_idx,3402
movie_info_idx,3403
movie_info_idx,3404
movie_info_idx,3405
movie_info_idx,3406
movie_info_idx,3407
movie_info_idx,3408
movie_info_idx,3409
movie_info_idx,3410
movie_info_idx,3411
movie_info_idx,3412
movie_info_idx,3413
movie_info_idx,3414
movie_info_idx,3415
movie_info_idx,3416
movie_info_idx,3417
movie_info_idx,3418
movie_info_idx,3419
movie_info_idx,3420
movie_info_idx,3421
movie_info_idx,3422
movie_info_idx,3423
movie_info_idx,3424
movie_info_idx,3425
movie_info_idx,3426
movie_info_idx,3427
movie_info_idx,3428
movie_info_idx,3429
movie_info_idx,3430
movie_info_idx,3431
movie_info_idx,3432
movie_info_idx,3433
movie_info_idx,3434
movie_info_idx,3435
movie_info_idx,3436
movie_info_idx,3437
movie_info_idx,3438
movie_info_idx,3439
movie_info_idx,3440
movie_info_idx,3441
movie_info_idx,3442
movie_info_idx,3443
movie_info_idx,3444
movie_info_idx,3445
movie_info_idx,3446
movie_info_idx,3447
movie_info_idx,3448
movie_info_idx,3449
movie_info_idx,3450
movie_info_idx,3451
movie_info_idx,3452
movie_info_idx,3453
movie_info_idx,3454
movie_info_idx,3455
movie_info_idx,3456
movie_info_idx,3457
movie_info_idx,3458
movie_info_idx,3459
movie_info_idx,3460
movie_info_idx,3461
movie_info_idx,3462
movie_info_idx,3463
movie_info_idx,3464
movie_info_idx,3465
movie_info_idx,3466
movie_info_idx,3467
movie_info_idx,3468
movie_info_idx,3469
movie_info_idx,3470
movie_info_idx,3471
movie_info_idx,3472
movie_info_idx,3473
movie_info_idx,3474
movie_info_idx,3475
movie_info_idx,3476
movie_info_idx,3477
movie_info_idx,3478
movie_info_idx,3479
movie_info_idx,3480
movie_info_idx,3481
movie_info_idx,3482
movie_info_idx,3483
movie_info_idx,3484
movie_info_idx,3485
movie_info_idx,3486
movie_info_idx,3487
movie_info_idx,3488
movie_info_idx,3489
movie_info_idx,3490
movie_info_idx,3491
movie_info_idx,3492
movie_info_idx,3493
movie_info_idx,3494
movie_info_idx,3495
movie_info_idx,3496
movie_info_idx,3497
movie_info_idx,3498
movie_info_idx,3499
movie_info_idx,3500
movie_info_idx,3501
movie_info_idx,3502
movie_info_idx,3503
movie_info_idx,3504
movie_info_idx,3505
movie_info_idx,3506
movie_info_idx,3507
movie_info_idx,3508
movie_info_idx,3509
movie_info_idx,3510
movie_info_idx,3511
movie_info_idx,3512
movie_info_idx,3513
movie_info_idx,3514
movie_info_idx,3515
movie_info_idx,3516
movie_info_idx,3517
movie_info_idx,3518
movie_info_idx,3519
movie_info_idx,3520
movie_info_idx,3521
movie_info_idx,3522
movie_info_idx,3523
movie_info_idx,3524
movie_info_idx,3525
movie_info_idx,3526
movie_info_idx,3527
movie_info_idx,3528
movie_info_idx,3529
movie_info_idx,3530
movie_info_idx,3531
movie_info_idx,3532
movie_info_idx,3533
movie_info_idx,3534
movie_info_idx,3535
movie_info_idx,3536
movie_info_idx,3537
movie_info_idx,3538
movie_info_idx,3539
movie_info_idx,3540
movie_info_idx,3541
movie_info_idx,3542
movie_info_idx,3543
movie_info_idx,3544
movie_info_idx,3545
movie_info_idx,3546
movie_info_idx,3547
movie_info_idx,3548
movie_info_idx,3549
movie_info_idx,3550
movie_info_idx,3551
movie_info_idx,3552
movie_info_idx,3553
movie_info_idx,3554
movie_info_idx,3555
movie_info_idx,3556
movie_info_idx,3557
movie_info_idx,3558
movie_info_idx,3559
movie_info_idx,3560
movie_info_idx,3561
movie_info_idx,3562
movie_info_idx,3563
movie_info_idx,3564
movie_info_idx,3565
movie_info_idx,3566
movie_info_idx,3567
movie_info_idx,3568
movie_info_idx,3569
movie_info_idx,3570
movie_info_idx,3571
movie_info_idx,3572
movie_info_idx,3573
movie_info_idx,3574
movie_info_idx,3575
movie_info_idx,3576
movie_info_idx,3577
movie_info_idx,3578
movie_info_idx,3579
movie_info_idx,3580
movie_info_idx,3581
movie_info_idx,3582
movie_info_idx,3583
movie_info_idx,3584
movie_info_idx,3585
movie_info_idx,3586
movie_info_idx,3587
movie_info_idx,3588
movie_info_idx,3589
movie_info_idx,3590
movie_info_idx,3591
movie_info_idx,3592
movie_info_idx,3593
movie_info_idx,3594
movie_info_idx,3595
movie_info_idx,3596
movie_info_idx,3597
movie_info_idx,3598
movie_info_idx,3599
movie_info_idx,3600
movie_info_idx,3601
movie_info_idx,3602
movie_info_idx,3603
movie_info_idx,3604
movie_info_idx,3605
movie_info_idx,3606
movie_info_idx,3607
movie_info_idx,3608
movie_info_idx,3609
movie_info_idx,3610
movie_info_idx,3611
movie_info_idx,3612
movie_info_idx,3613
movie_info_idx,3614
movie_info_idx,3615
movie_info_idx,3616
movie_info_idx,3617
movie_info_idx,3618
movie_info_idx,3619
movie_info_idx,3620
movie_info_idx,3621
movie_info_idx,3622
movie_info_idx,3623
movie_info_idx,3624
movie_info_idx,3625
movie_info_idx,3626
movie_info_idx,3627
movie_info_idx,3628
movie_info_idx,3629
movie_info_idx,3630
movie_info_idx,3631
movie_info_idx,3632
movie_info_idx,3633
movie_info_idx,3634
movie_info_idx,3635
movie_info_idx,3636
movie_info_idx,3637
movie_info_idx,3638
movie_info_idx,3639
movie_info_idx,3640
movie_info_idx,3641
movie_info_idx,3642
movie_info_idx,3643
movie_info_idx,3644
movie_info_idx,3645
movie_info_idx,3646
movie_info_idx,3647
movie_info_idx,3648
movie_info_idx,3649
movie_info_idx,3650
movie_info_idx,3651
movie_info_idx,3652
movie_info_idx,3653
movie_info_idx,3654
movie_info_idx,3655
movie_info_idx,3656
movie_info_idx,3657
movie_info_idx,3658
movie_info_idx,3659
movie_info_idx,3660
movie_info_idx,3661
movie_info_idx,3662
movie_info_idx,3663
movie_info_idx,3664
movie_info_idx,3665
movie_info_idx,3666
movie_info_idx,3667
movie_info_idx,3668
movie_info_idx,3669
movie_info_idx,3670
movie_info_idx,3671
movie_info_idx,3672
movie_info_idx,3673
movie_info_idx,3674
movie_info_idx,3675
movie_info_idx,3676
movie_info_idx,3677
movie_info_idx,3678
movie_info_idx,3679
movie_info_idx,3680
movie_info_idx,3681
movie_info_idx,3682
movie_info_idx,3683
movie_info_idx,3684
movie_info_idx,3685
movie_info_idx,3686
movie_info_idx,3687
movie_info_idx,3688
movie_info_idx,3689
movie_info_idx,3690
movie_info_idx,3691
movie_info_idx,3692
movie_info_idx,3693
movie_info_idx,3694
movie_info_idx,3695
movie_info_idx,3696
movie_info_idx,3697
movie_info_idx,3698
movie_info_idx,3699
movie_info_idx,3700
movie_info_idx,3701
movie_info_idx,3702
movie_info_idx,3703
movie_info_idx,3704
movie_info_idx,3705
movie_info_idx,3706
movie_info_idx,3707
movie_info_idx,3708
movie_info_idx,3709
movie_info_idx,3710
movie_info_idx,3711
movie_info_idx,3712
movie_info_idx,3713
movie_info_idx,3714
movie_info_idx,3715
movie_info_idx,3716
movie_info_idx,3717
movie_info_idx,3718
movie_info_idx,3719
movie_info_idx,3720
movie_info_idx,3721
movie_info_idx,3722
movie_info_idx,3723
movie_info_idx,3724
movie_info_idx,3725
movie_info_idx,3726
movie_info_idx,3727
movie_info_idx,3728
movie_info_idx,3729
movie_info_idx,3730
movie_info_idx,3731
movie_info_idx,3732
movie_info_idx,3733
movie_info_idx,3734
movie_info_idx,3735
movie_info_idx,3736
movie_info_idx,3737
movie_info_idx,3738
movie_info_idx,3739
movie_info_idx,3740
movie_info_idx,3741
movie_info_idx,3742
movie_info_idx,3743
movie_info_idx,3744
movie_info_idx,3745
movie_info_idx,3746
movie_info_idx,3747
movie_info_idx,3748
movie_info_idx,3749
movie_info_idx,3750
movie_info_idx,3751
movie_info_idx,3752
movie_info_idx,3753
movie_info_idx,3754
movie_info_idx,3755
movie_info_idx,3756
movie_info_idx,3757
movie_info_idx,3758
movie_info_idx,3759
movie_info_idx,3760
movie_info_idx,3761
movie_info_idx,3762
movie_info_idx,3763
movie_info_idx,3764
movie_info_idx,3765
movie_info_idx,3766
movie_info_idx,3767
movie_info_idx,3768
movie_info_idx,3769
movie_info_idx,3770
movie_info_idx,3771
movie_info_idx,3772
movie_info_idx,3773
movie_info_idx,3774
movie_info_idx,3775
movie_info_idx,3776
movie_info_idx,3777
movie_info_idx,3778
movie_info_idx,3779
movie_info_idx,3780
movie_info_idx,3781
movie_info_idx,3782
movie_info_idx,3783
movie_info_idx,3784
movie_info_idx,3785
movie_info_idx,3786
movie_info_idx,3787
movie_info_idx,3788
movie_info_idx,3789
movie_info_idx,3790
movie_info_idx,3791
movie_info_idx,3792
movie_info_idx,3793
movie_info_idx,3794
movie_info_idx,3795
movie_info_idx,3796
movie_info_idx,3797
movie_info_idx,3798
movie_info_idx,3799
movie_info_idx,3800
movie_info_idx,3801
movie_info_idx,3802
movie_info_idx,3803
movie_info_idx,3804
movie_info_idx,3805
movie_info_idx,3806
movie_info_idx,3807
movie_info_idx,3808
movie_info_idx,3809
movie_info_idx,3810
movie_info_idx,3811
movie_info_idx,3812
movie_info_idx,3813
movie_info_idx,3814
movie_info_idx,3815
movie_info_idx,3816
movie_info_idx,3817
movie_info_idx,3818
movie_info_idx,3819
movie_info_idx,3820
movie_info_idx,3821
movie_info_idx,3822
movie_info_idx,3823
movie_info_idx,3824
movie_info_idx,3825
movie_info_idx,3826
movie_info_idx,3827
movie_info_idx,3828
movie_info_idx,3829
movie_info_idx,3830
movie_info_idx,3831
movie_info_idx,3832
movie_info_idx,3833
movie_info_idx,3834
movie_info_idx,3835
movie_info_idx,3836
movie_info_idx,3837
movie_info_idx,3838
movie_info_idx,3839
movie_info_idx,3840
movie_info_idx,3841
movie_info_idx,3842
movie_info_idx,3843
movie_info_idx,3844
movie_info_idx,3845
movie_info_idx,3846
movie_info_idx,3847
movie_info_idx,3848
movie_info_idx,3849
movie_info_idx,3850
movie_info_idx,3851
movie_info_idx,3852
movie_info_idx,3853
movie_info_idx,3854
movie_info_idx,3855
movie_info_idx,3856
movie_info_idx,3857
movie_info_idx,3858
movie_info_idx,3859
movie_info_idx,3860
movie_info_idx,3861
movie_info_idx,3862
movie_info_idx,3863
movie_info_idx,3864
movie_info_idx,3865
movie_info_idx,3866
movie_info_idx,3867
movie_info_idx,3868
movie_info_idx,3869
movie_info_idx,3870
movie_info_idx,3871
movie_info_idx,3872
movie_info_idx,3873
movie_info_idx,3874
movie_info_idx,3875
movie_info_idx,3876
movie_info_idx,3877
movie_info_idx,3878
movie_info_idx,3879
movie_info_idx,3880
movie_info_idx,3881
movie_info_idx,3882
movie_info_idx,3883
movie_info_idx,3884
movie_info_idx,3885
movie_info_idx,3886
movie_info_idx,3887
movie_info_idx,3888
movie_info_idx,3889
movie_info_idx,3890
movie_info_idx,3891
movie_info_idx,3892
movie_info_idx,3893
movie_info_idx,3894
movie_info_idx,3895
movie_info_idx,3896
movie_info_idx,3897
movie_info_idx,3898
movie_info_idx,3899
movie_info_idx,3900
movie_info_idx,3901
movie_info_idx,3902
movie_info_idx,3903
movie_info_idx,3904
movie_info_idx,3905
movie_info_idx,3906
movie_info_idx,3907
movie_info_idx,3908
movie_info_idx,3909
movie_info_idx,3910
movie_info_idx,3911
movie_info_idx,3912
movie_info_idx,3913
movie_info_idx,3914
movie_info_idx,3915
movie_info_idx,3916
movie_info_idx,3917
movie_info_idx,3918
movie_info_idx,3919
movie_info_idx,3920
movie_info_idx,3921
movie_info_idx,3922
movie_info_idx,3923
movie_info_idx,3924
movie_info_idx,3925
movie_info_idx,3926
movie_info_idx,3927
movie_info_idx,3928
movie_info_idx,3929
movie_info_idx,3930
movie_info_idx,3931
movie_info_idx,3932
movie_info_idx,3933
movie_info_idx,3934
movie_info_idx,3935
movie_info_idx,3936
movie_info_idx,3937
movie_info_idx,3938
movie_info_idx,3939
movie_info_idx,3940
movie_info_idx,3941
movie_info_idx,3942
movie_info_idx,3943
movie_info_idx,3944
movie_info_idx,3945
movie_info_idx,3946
movie_info_idx,3947
movie_info_idx,3948
movie_info_idx,3949
movie_info_idx,3950
movie_info_idx,3951
movie_info_idx,3952
movie_info_idx,3953
movie_info_idx,3954
movie_info_idx,3955
movie_info_idx,3956
movie_info_idx,3957
movie_info_idx,3958
movie_info_idx,3959
movie_info_idx,3960
movie_info_idx,3961
movie_info_idx,3962
movie_info_idx,3963
movie_info_idx,3964
movie_info_idx,3965
movie_info_idx,3966
movie_info_idx,3967
movie_info_idx,3968
movie_info_idx,3969
movie_info_idx,3970
movie_info_idx,3971
movie_info_idx,3972
movie_info_idx,3973
movie_info_idx,3974
movie_info_idx,3975
movie_info_idx,3976
movie_info_idx,3977
movie_info_idx,3978
movie_info_idx,3979
movie_info_idx,3980
movie_info_idx,3981
movie_info_idx,3982
movie_info_idx,3983
movie_info_idx,3984
movie_info_idx,3985
movie_info_idx,3986
movie_info_idx,3987
movie_info_idx,3988
movie_info_idx,3989
movie_info_idx,3990
movie_info_idx,3991
movie_info_idx,3992
movie_info_idx,3993
movie_info_idx,3994
movie_info_idx,3995
movie_info_idx,3996
movie_info_idx,3997
movie_info_idx,3998
movie_info_idx,3999
movie_info_idx,4000
movie_info_idx,4001
movie_info_idx,4002
movie_info_idx,4003
movie_info_idx,4004
movie_info_idx,4005
movie_info_idx,4006
movie_info_idx,4007
movie_info_idx,4008
movie_info_idx,4009
movie_info_idx,4010
movie_info_idx,4011
movie_info_idx,4012
movie_info_idx,4013
movie_info_idx,4014
movie_info_idx,4015
movie_info_idx,4016
movie_info_idx,4017
movie_info_idx,4018
movie_info_idx,4019
movie_info_idx,4020
movie_info_idx,4021
movie_info_idx,4022
movie_info_idx,4023
movie_info_idx,4024
movie_info_idx,4025
movie_info_idx,4026
movie_info_idx,4027
movie_info_idx,4028
movie_info_idx,4029
movie_info_idx,4030
movie_info_idx,4031
movie_info_idx,4032
movie_info_idx,4033
movie_info_idx,4034
movie_info_idx,4035
movie_info_idx,4036
movie_info_idx,4037
movie_info_idx,4038
movie_info_idx,4039
movie_info_idx,4040
movie_info_idx,4041
movie_info_idx,4042
movie_info_idx,4043
movie_info_idx,4044
movie_info_idx,4045
movie_info_idx,4046
movie_info_idx,4047
movie_info_idx,4048
movie_info_idx,4049
movie_info_idx,4050
movie_info_idx,4051
movie_info_idx,4052
movie_info_idx,4053
movie_info_idx,4054
movie_info_idx,4055
movie_info_idx,4056
movie_info_idx,4057
movie_info_idx,4058
movie_info_idx,4059
movie_info_idx,4060
movie_info_idx,4061
movie_info_idx,4062
movie_info_idx,4063
movie_info_idx,4064
movie_info_idx,4065
movie_info_idx,4066
movie_info_idx,4067
movie_info_idx,4068
movie_info_idx,4069
movie_info_idx,4070
movie_info_idx,4071
movie_info_idx,4072
movie_info_idx,4073
movie_info_idx,4074
movie_info_idx,4075
movie_info_idx,4076
movie_info_idx,4077
movie_info_idx,4078
movie_info_idx,4079
movie_info_idx,4080
movie_info_idx,4081
movie_info_idx,4082
movie_info_idx,4083
movie_info_idx,4084
movie_info_idx,4085
movie_info_idx,4086
movie_info_idx,4087
movie_info_idx,4088
movie_info_idx,4089
movie_info_idx,4090
movie_info_idx,4091
movie_info_idx,4092
movie_info_idx,4093
movie_info_idx,4094
movie_info_idx,4095
movie_info_idx,4096
movie_info_idx,4097
movie_info_idx,4098
movie_info_idx,4099
movie_info_idx,4100
movie_info_idx,4101
movie_info_idx,4102
movie_info_idx,4103
movie_info_idx,4104
movie_info_idx,4105
movie_info_idx,4106
movie_info_idx,4107
movie_info_idx,4108
movie_info_idx,4109
movie_info_idx,4110
movie_info_idx,4111
movie_info_idx,4112
movie_info_idx,4113
movie_info_idx,4114
movie_info_idx,4115
movie_info_idx,4116
movie_info_idx,4117
movie_info_idx,4118
movie_info_idx,4119
movie_info_idx,4120
movie_info_idx,4121
movie_info_idx,4122
movie_info_idx,4123
movie_info_idx,4124
movie_info_idx,4125
movie_info_idx,4126
movie_info_idx,4127
movie_info_idx,4128
movie_info_idx,4129
movie_info_idx,4130
movie_info_idx,4131
movie_info_idx,4132
movie_info_idx,4133
movie_info_idx,4134
movie_info_idx,4135
movie_info_idx,4136
movie_info_idx,4137
movie_info_idx,4138
movie_info_idx,4139
movie_info_idx,4140
movie_info_idx,4141
movie_info_idx,4142
movie_info_idx,4143
movie_info_idx,4144
movie_info_idx,4145
movie_info_idx,4146
movie_info_idx,4147
movie_info_idx,4148
movie_info_idx,4149
movie_info_idx,4150
movie_info_idx,4151
movie_info_idx,4152
movie_info_idx,4153
movie_info_idx,4154
movie_info_idx,4155
movie_info_idx,4156
movie_info_idx,4157
movie_info_idx,4158
movie_info_idx,4159
movie_info_idx,4160
movie_info_idx,4161
movie_info_idx,4162
movie_info_idx,4163
movie_info_idx,4164
movie_info_idx,4165
movie_info_idx,4166
movie_info_idx,4167
movie_info_idx,4168
movie_info_idx,4169
movie_info_idx,4170
movie_info_idx,4171
movie_info_idx,4172
movie_info_idx,4173
movie_info_idx,4174
movie_info_idx,4175
movie_info_idx,4176
movie_info_idx,4177
movie_info_idx,4178
movie_info_idx,4179
movie_info_idx,4180
movie_info_idx,4181
movie_info_idx,4182
movie_info_idx,4183
movie_info_idx,4184
movie_info_idx,4185
movie_info_idx,4186
movie_info_idx,4187
movie_info_idx,4188
movie_info_idx,4189
movie_info_idx,4190
movie_info_idx,4191
movie_info_idx,4192
movie_info_idx,4193
movie_info_idx,4194
movie_info_idx,4195
movie_info_idx,4196
movie_info_idx,4197
movie_info_idx,4198
movie_info_idx,4199
movie_info_idx,4200
movie_info_idx,4201
movie_info_idx,4202
movie_info_idx,4203
movie_info_idx,4204
movie_info_idx,4205
movie_info_idx,4206
movie_info_idx,4207
movie_info_idx,4208
movie_info_idx,4209
movie_info_idx,4210
movie_info_idx,4211
movie_info_idx,4212
movie_info_idx,4213
movie_info_idx,4214
movie_info_idx,4215
movie_info_idx,4216
movie_info_idx,4217
movie_info_idx,4218
movie_info_idx,4219
movie_info_idx,4220
movie_info_idx,4221
movie_info_idx,4222
movie_info_idx,4223
movie_info_idx,4224
movie_info_idx,4225
movie_info_idx,4226
movie_info_idx,4227
movie_info_idx,4228
movie_info_idx,4229
movie_info_idx,4230
movie_info_idx,4231
movie_info_idx,4232
movie_info_idx,4233
movie_info_idx,4234
movie_info_idx,4235
movie_info_idx,4236
movie_info_idx,4237
movie_info_idx,4238
movie_info_idx,4239
movie_info_idx,4240
movie_info_idx,4241
movie_info_idx,4242
movie_info_idx,4243
movie_info_idx,4244
movie_info_idx,4245
movie_info_idx,4246
movie_info_idx,4247
movie_info_idx,4248
movie_info_idx,4249
movie_info_idx,4250
movie_info_idx,4251
movie_info_idx,4252
movie_info_idx,4253
movie_info_idx,4254
movie_info_idx,4255
movie_info_idx,4256
movie_info_idx,4257
movie_info_idx,4258
movie_info_idx,4259
movie_info_idx,4260
movie_info_idx,4261
movie_info_idx,4262
movie_info_idx,4263
movie_info_idx,4264
movie_info_idx,4265
movie_info_idx,4266
movie_info_idx,4267
movie_info_idx,4268
movie_info_idx,4269
movie_info_idx,4270
movie_info_idx,4271
movie_info_idx,4272
movie_info_idx,4273
movie_info_idx,4274
movie_info_idx,4275
movie_info_idx,4276
movie_info_idx,4277
movie_info_idx,4278
movie_info_idx,4279
movie_info_idx,4280
movie_info_idx,4281
movie_info_idx,4282
movie_info_idx,4283
movie_info_idx,4284
movie_info_idx,4285
movie_info_idx,4286
movie_info_idx,4287
movie_info_idx,4288
movie_info_idx,4289
movie_info_idx,4290
movie_info_idx,4291
movie_info_idx,4292
movie_info_idx,4293
movie_info_idx,4294
movie_info_idx,4295
movie_info_idx,4296
movie_info_idx,4297
movie_info_idx,4298
movie_info_idx,4299
movie_info_idx,4300
movie_info_idx,4301
movie_info_idx,4302
movie_info_idx,4303
movie_info_idx,4304
movie_info_idx,4305
movie_info_idx,4306
movie_info_idx,4307
movie_info_idx,4308
movie_info_idx,4309
movie_info_idx,4310
movie_info_idx,4311
movie_info_idx,4312
movie_info_idx,4313
movie_info_idx,4314
movie_info_idx,4315
movie_info_idx,4316
movie_info_idx,4317
movie_info_idx,4318
movie_info_idx,4319
movie_info_idx,4320
movie_info_idx,4321
movie_info_idx,4322
movie_info_idx,4323
movie_info_idx,4324
movie_info_idx,4325
movie_info_idx,4326
movie_info_idx,4327
movie_info_idx,4328
movie_info_idx,4329
movie_info_idx,4330
movie_info_idx,4331
movie_info_idx,4332
movie_info_idx,4333
movie_info_idx,4334
movie_info_idx,4335
movie_info_idx,4336
movie_info_idx,4337
movie_info_idx,4338
movie_info_idx,4339
movie_info_idx,4340
movie_info_idx,4341
movie_info_idx,4342
movie_info_idx,4343
movie_info_idx,4344
movie_info_idx,4345
movie_info_idx,4346
movie_info_idx,4347
movie_info_idx,4348
movie_info_idx,4349
movie_info_idx,4350
movie_info_idx,4351
movie_info_idx,4352
movie_info_idx,4353
movie_info_idx,4354
movie_info_idx,4355
movie_info_idx,4356
movie_info_idx,4357
movie_info_idx,4358
movie_info_idx,4359
movie_info_idx,4360
movie_info_idx,4361
movie_info_idx,4362
movie_info_idx,4363
movie_info_idx,4364
movie_info_idx,4365
movie_info_idx,4366
movie_info_idx,4367
movie_info_idx,4368
movie_info_idx,4369
movie_info_idx,4370
movie_info_idx,4371
movie_info_idx,4372
movie_info_idx,4373
movie_info_idx,4374
movie_info_idx,4375
movie_info_idx,4376
movie_info_idx,4377
movie_info_idx,4378
movie_info_idx,4379
movie_info_idx,4380
movie_info_idx,4381
movie_info_idx,4382
movie_info_idx,4383
movie_info_idx,4384
movie_info_idx,4385
movie_info_idx,4386
movie_info_idx,4387
movie_info_idx,4388
movie_info_idx,4389
movie_info_idx,4390
movie_info_idx,4391
movie_info_idx,4392
movie_info_idx,4393
movie_info_idx,4394
movie_info_idx,4395
movie_info_idx,4396
movie_info_idx,4397
movie_info_idx,4398
movie_info_idx,4399
movie_info_idx,4400
movie_info_idx,4401
movie_info_idx,4402
movie_info_idx,4403
movie_info_idx,4404
movie_info_idx,4405
movie_info_idx,4406
movie_info_idx,4407
movie_info_idx,4408
movie_info_idx,4409
movie_info_idx,4410
movie_info_idx,4411
movie_info_idx,4412
movie_info_idx,4413
movie_info_idx,4414
movie_info_idx,4415
movie_info_idx,4416
movie_info_idx,4417
movie_info_idx,4418
movie_info_idx,4419
movie_info_idx,4420
movie_info_idx,4421
movie_info_idx,4422
movie_info_idx,4423
movie_info_idx,4424
movie_info_idx,4425
movie_info_idx,4426
movie_info_idx,4427
movie_info_idx,4428
movie_info_idx,4429
movie_info_idx,4430
movie_info_idx,4431
movie_info_idx,4432
movie_info_idx,4433
movie_info_idx,4434
movie_info_idx,4435
movie_info_idx,4436
movie_info_idx,4437
movie_info_idx,4438
movie_info_idx,4439
movie_info_idx,4440
movie_info_idx,4441
movie_info_idx,4442
movie_info_idx,4443
movie_info_idx,4444
movie_info_idx,4445
movie_info_idx,4446
movie_info_idx,4447
movie_info_idx,4448
movie_info_idx,4449
movie_info_idx,4450
movie_info_idx,4451
movie_info_idx,4452
movie_info_idx,4453
movie_info_idx,4454
movie_info_idx,4455
movie_info_idx,4456
movie_info_idx,4457
movie_info_idx,4458
movie_info_idx,4459
movie_info_idx,4460
movie_info_idx,4461
movie_info_idx,4462
movie_info_idx,4463
movie_info_idx,4464
movie_info_idx,4465
movie_info_idx,4466
movie_info_idx,4467
movie_info_idx,4468
movie_info_idx,4469
movie_info_idx,4470
movie_info_idx,4471
movie_info_idx,4472
movie_info_idx,4473
movie_info_idx,4474
movie_info_idx,4475
movie_info_idx,4476
movie_info_idx,4477
movie_info_idx,4478
movie_info_idx,4479
movie_info_idx,4480
movie_info_idx,4481
movie_info_idx,4482
movie_info_idx,4483
movie_info_idx,4484
movie_info_idx,4485
movie_info_idx,4486
movie_info_idx,4487
movie_info_idx,4488
movie_info_idx,4489
movie_info_idx,4490
movie_info_idx,4491
movie_info_idx,4492
movie_info_idx,4493
movie_info_idx,4494
movie_info_idx,4495
movie_info_idx,4496
movie_info_idx,4497
movie_info_idx,4498
movie_info_idx,4499
movie_info_idx,4500
movie_info_idx,4501
movie_info_idx,4502
movie_info_idx,4503
movie_info_idx,4504
movie_info_idx,4505
movie_info_idx,4506
movie_info_idx,4507
movie_info_idx,4508
movie_info_idx,4509
movie_info_idx,4510
movie_info_idx,4511
movie_info_idx,4512
movie_info_idx,4513
movie_info_idx,4514
movie_info_idx,4515
movie_info_idx,4516
movie_info_idx,4517
movie_info_idx,4518
movie_info_idx,4519
movie_info_idx,4520
movie_info_idx,4521
movie_info_idx,4522
movie_info_idx,4523
movie_info_idx,4524
movie_info_idx,4525
movie_info_idx,4526
movie_info_idx,4527
movie_info_idx,4528
movie_info_idx,4529
movie_info_idx,4530
movie_info_idx,4531
movie_info_idx,4532
movie_info_idx,4533
movie_info_idx,4534
movie_info_idx,4535
movie_info_idx,4536
movie_info_idx,4537
movie_info_idx,4538
movie_info_idx,4539
movie_info_idx,4540
movie_info_idx,4541
movie_info_idx,4542
movie_info_idx,4543
movie_info_idx,4544
movie_info_idx,4545
movie_info_idx,4546
movie_info_idx,4547
movie_info_idx,4548
movie_info_idx,4549
movie_info_idx,4550
movie_info_idx,4551
movie_info_idx,4552
movie_info_idx,4553
movie_info_idx,4554
movie_info_idx,4555
movie_info_idx,4556
movie_info_idx,4557
movie_info_idx,4558
movie_info_idx,4559
movie_info_idx,4560
movie_info_idx,4561
movie_info_idx,4562
movie_info_idx,4563
movie_info_idx,4564
movie_info_idx,4565
movie_info_idx,4566
movie_info_idx,4567
movie_info_idx,4568
movie_info_idx,4569
movie_info_idx,4570
movie_info_idx,4571
movie_info_idx,4572
movie_info_idx,4573
movie_info_idx,4574
movie_info_idx,4575
movie_info_idx,4576
movie_info_idx,4577
movie_info_idx,4578
movie_info_idx,4579
movie_info_idx,4580
movie_info_idx,4581
movie_info_idx,4582
movie_info_idx,4583
movie_info_idx,4584
movie_info_idx,4585
movie_info_idx,4586
movie_info_idx,4587
movie_info_idx,4588
movie_info_idx,4589
movie_info_idx,4590
movie_info_idx,4591
movie_info_idx,4592
movie_info_idx,4593
movie_info_idx,4594
movie_info_idx,4595
movie_info_idx,4596
movie_info_idx,4597
movie_info_idx,4598
movie_info_idx,4599
movie_info_idx,4600
movie_info_idx,4601
movie_info_idx,4602
movie_info_idx,4603
movie_info_idx,4604
movie_info_idx,4605
movie_info_idx,4606
movie_info_idx,4607
movie_info_idx,4608
movie_info_idx,4609
movie_info_idx,4610
movie_info_idx,4611
movie_info_idx,4612
movie_info_idx,4613
movie_info_idx,4614
movie_info_idx,4615
movie_info_idx,4616
movie_info_idx,4617
movie_info_idx,4618
movie_info_idx,4619
movie_info_idx,4620
movie_info_idx,4621
movie_info_idx,4622
movie_info_idx,4623
movie_info_idx,4624
movie_info_idx,4625
movie_info_idx,4626
movie_info_idx,4627
movie_info_idx,4628
movie_info_idx,4629
movie_info_idx,4630
movie_info_idx,4631
movie_info_idx,4632
movie_info_idx,4633
movie_info_idx,4634
movie_info_idx,4635
movie_info_idx,4636
movie_info_idx,4637
movie_info_idx,4638
movie_info_idx,4639
movie_info_idx,4640
movie_info_idx,4641
movie_info_idx,4642
movie_info_idx,4643
movie_info_idx,4644
movie_info_idx,4645
movie_info_idx,4646
movie_info_idx,4647
movie_info_idx,4648
movie_info_idx,4649
movie_info_idx,4650
movie_info_idx,4651
movie_info_idx,4652
movie_info_idx,4653
movie_info_idx,4654
movie_info_idx,4655
movie_info_idx,4656
movie_info_idx,4657
movie_info_idx,4658
movie_info_idx,4659
movie_info_idx,4660
movie_info_idx,4661
movie_info_idx,4662
movie_info_idx,4663
movie_info_idx,4664
movie_info_idx,4665
movie_info_idx,4666
movie_info_idx,4667
movie_info_idx,4668
movie_info_idx,4669
movie_info_idx,4670
movie_info_idx,4671
movie_info_idx,4672
movie_info_idx,4673
movie_info_idx,4674
movie_info_idx,4675
movie_info_idx,4676
movie_info_idx,4677
movie_info_idx,4678
movie_info_idx,4679
movie_info_idx,4680
movie_info_idx,4681
movie_info_idx,4682
movie_info_idx,4683
movie_info_idx,4684
movie_info_idx,4685
movie_info_idx,4686
movie_info_idx,4687
movie_info_idx,4688
movie_info_idx,4689
movie_info_idx,4690
movie_info_idx,4691
movie_info_idx,4692
movie_info_idx,4693
movie_info_idx,4694
movie_info_idx,4695
movie_info_idx,4696
movie_info_idx,4697
movie_info_idx,4698
movie_info_idx,4699
movie_info_idx,4700
movie_info_idx,4701
movie_info_idx,4702
movie_info_idx,4703
movie_info_idx,4704
movie_info_idx,4705
movie_info_idx,4706
movie_info_idx,4707
movie_info_idx,4708
movie_info_idx,4709
movie_info_idx,4710
movie_info_idx,4711
movie_info_idx,4712
movie_info_idx,4713
movie_info_idx,4714
movie_info_idx,4715
movie_info_idx,4716
movie_info_idx,4717
movie_info_idx,4718
movie_info_idx,4719
movie_info_idx,4720
movie_info_idx,4721
movie_info_idx,4722
movie_info_idx,4723
movie_info_idx,4724
movie_info_idx,4725
movie_info_idx,4726
movie_info_idx,4727
movie_info_idx,4728
movie_info_idx,4729
movie_info_idx,4730
movie_info_idx,4731
movie_info_idx,4732
movie_info_idx,4733
movie_info_idx,4734
movie_info_idx,4735
movie_info_idx,4736
movie_info_idx,4737
movie_info_idx,4738
movie_info_idx,4739
movie_info_idx,4740
movie_info_idx,4741
movie_info_idx,4742
movie_info_idx,4743
movie_info_idx,4744
movie_info_idx,4745
movie_info_idx,4746
movie_info_idx,4747
movie_info_idx,4748
movie_info_idx,4749
movie_info_idx,4750
movie_info_idx,4751
movie_info_idx,4752
movie_info_idx,4753
movie_info_idx,4754
movie_info_idx,4755
movie_info_idx,4756
movie_info_idx,4757
movie_info_idx,4758
movie_info_idx,4759
movie_info_idx,4760
movie_info_idx,4761
movie_info_idx,4762
movie_info_idx,4763
movie_info_idx,4764
movie_info_idx,4765
movie_info_idx,4766
movie_info_idx,4767
movie_info_idx,4768
movie_info_idx,4769
movie_info_idx,4770
movie_info_idx,4771
movie_info_idx,4772
movie_info_idx,4773
movie_info_idx,4774
movie_info_idx,4775
movie_info_idx,4776
movie_info_idx,4777
movie_info_idx,4778
movie_info_idx,4779
movie_info_idx,4780
movie_info_idx,4781
movie_info_idx,4782
movie_info_idx,4783
movie_info_idx,4784
movie_info_idx,4785
movie_info_idx,4786
movie_info_idx,4787
movie_info_idx,4788
movie_info_idx,4789
movie_info_idx,4790
movie_info_idx,4791
movie_info_idx,4792
movie_info_idx,4793
movie_info_idx,4794
movie_info_idx,4795
movie_info_idx,4796
movie_info_idx,4797
movie_info_idx,4798
movie_info_idx,4799
movie_info_idx,4800
movie_info_idx,4801
movie_info_idx,4802
movie_info_idx,4803
movie_info_idx,4804
movie_info_idx,4805
movie_info_idx,4806
movie_info_idx,4807
movie_info_idx,4808
movie_info_idx,4809
movie_info_idx,4810
movie_info_idx,4811
movie_info_idx,4812
movie_info_idx,4813
movie_info_idx,4814
movie_info_idx,4815
movie_info_idx,4816
movie_info_idx,4817
movie_info_idx,4818
movie_info_idx,4819
movie_info_idx,4820
movie_info_idx,4821
movie_info_idx,4822
movie_info_idx,4823
movie_info_idx,4824
movie_info_idx,4825
movie_info_idx,4826
movie_info_idx,4827
movie_info_idx,4828
movie_info_idx,4829
movie_info_idx,4830
movie_info_idx,4831
movie_info_idx,4832
movie_info_idx,4833
movie_info_idx,4834
movie_info_idx,4835
movie_info_idx,4836
movie_info_idx,4837
movie_info_idx,4838
movie_info_idx,4839
movie_info_idx,4840
movie_info_idx,4841
movie_info_idx,4842
movie_info_idx,4843
movie_info_idx,4844
movie_info_idx,4845
movie_info_idx,4846
movie_info_idx,4847
movie_info_idx,4848
movie_info_idx,4849
movie_info_idx,4850
movie_info_idx,4851
movie_info_idx,4852
movie_info_idx,4853
movie_info_idx,4854
movie_info_idx,4855
movie_info_idx,4856
movie_info_idx,4857
movie_info_idx,4858
movie_info_idx,4859
movie_info_idx,4860
movie_info_idx,4861
movie_info_idx,4862
movie_info_idx,4863
movie_info_idx,4864
movie_info_idx,4865
movie_info_idx,4866
movie_info_idx,4867
movie_info_idx,4868
movie_info_idx,4869
movie_info_idx,4870
movie_info_idx,4871
movie_info_idx,4872
movie_info_idx,4873
movie_info_idx,4874
movie_info_idx,4875
movie_info_idx,4876
movie_info_idx,4877
movie_info_idx,4878
movie_info_idx,4879
movie_info_idx,4880
movie_info_idx,4881
movie_info_idx,4882
movie_info_idx,4883
movie_info_idx,4884
movie_info_idx,4885
movie_info_idx,4886
movie_info_idx,4887
movie_info_idx,4888
movie_info_idx,4889
movie_info_idx,4890
movie_info_idx,4891
movie_info_idx,4892
movie_info_idx,4893
movie_info_idx,4894
movie_info_idx,4895
movie_info_idx,4896
movie_info_idx,4897
movie_info_idx,4898
movie_info_idx,4899
movie_info_idx,4900
movie_info_idx,4901
movie_info_idx,4902
movie_info_idx,4903
movie_info_idx,4904
movie_info_idx,4905
movie_info_idx,4906
movie_info_idx,4907
movie_info_idx,4908
movie_info_idx,4909
movie_info_idx,4910
movie_info_idx,4911
movie_info_idx,4912
movie_info_idx,4913
movie_info_idx,4914
movie_info_idx,4915
movie_info_idx,4916
movie_info_idx,4917
movie_info_idx,4918
movie_info_idx,4919
movie_info_idx,4920
movie_info_idx,4921
movie_info_idx,4922
movie_info_idx,4923
movie_info_idx,4924
movie_info_idx,4925
movie_info_idx,4926
movie_info_idx,4927
movie_info_idx,4928
movie_info_idx,4929
movie_info_idx,4930
movie_info_idx,4931
movie_info_idx,4932
movie_info_idx,4933
movie_info_idx,4934
movie_info_idx,4935
movie_info_idx,4936
movie_info_idx,4937
movie_info_idx,4938
movie_info_idx,4939
movie_info_idx,4940
movie_info_idx,4941
movie_info_idx,4942
movie_info_idx,4943
movie_info_idx,4944
movie_info_idx,4945
movie_info_idx,4946
movie_info_idx,4947
movie_info_idx,4948
movie_info_idx,4949
movie_info_idx,4950
movie_info_idx,4951
movie_info_idx,4952
movie_info_idx,4953
movie_info_idx,4954
movie_info_idx,4955
movie_info_idx,4956
movie_info_idx,4957
movie_info_idx,4958
movie_info_idx,4959
movie_info_idx,4960
movie_info_idx,4961
movie_info_idx,4962
movie_info_idx,4963
movie_info_idx,4964
movie_info_idx,4965
movie_info_idx,4966
movie_info_idx,4967
movie_info_idx,4968
movie_info_idx,4969
movie_info_idx,4970
movie_info_idx,4971
movie_info_idx,4972
movie_info_idx,4973
movie_info_idx,4974
movie_info_idx,4975
movie_info_idx,4976
movie_info_idx,4977
movie_info_idx,4978
movie_info_idx,4979
movie_info_idx,4980
movie_info_idx,4981
movie_info_idx,4982
movie_info_idx,4983
movie_info_idx,4984
movie_info_idx,4985
movie_info_idx,4986
movie_info_idx,4987
movie_info_idx,4988
movie_info_idx,4989
movie_info_idx,4990
movie_info_idx,4991
movie_info_idx,4992
movie_info_idx,4993
movie_info_idx,4994
movie_info_idx,4995
movie_info_idx,4996
movie_info_idx,4997
movie_info_idx,4998
movie_info_idx,4999
movie_info_idx,5000
movie_info_idx,5001
movie_info_idx,5002
movie_info_idx,5003
movie_info_idx,5004
movie_info_idx,5005
movie_info_idx,5006
movie_info_idx,5007
movie_info_idx,5008
movie_info_idx,5009
movie_info_idx,5010
movie_info_idx,5011
movie_info_idx,5012
movie_info_idx,5013
movie_info_idx,5014
movie_info_idx,5015
movie_info_idx,5016
movie_info_idx,5017
movie_info_idx,5018
movie_info_idx,5019
movie_info_idx,5020
movie_info_idx,5021
movie_info_idx,5022
movie_info_idx,5023
movie_info_idx,5024
movie_info_idx,5025
movie_info_idx,5026
movie_info_idx,5027
movie_info_idx,5028
movie_info_idx,5029
movie_info_idx,5030
movie_info_idx,5031
movie_info_idx,5032
movie_info_idx,5033
movie_info_idx,5034
movie_info_idx,5035
movie_info_idx,5036
movie_info_idx,5037
movie_info_idx,5038
movie_info_idx,5039
movie_info_idx,5040
movie_info_idx,5041
movie_info_idx,5042
movie_info_idx,5043
movie_info_idx,5044
movie_info_idx,5045
movie_info_idx,5046
movie_info_idx,5047
movie_info_idx,5048
movie_info_idx,5049
movie_info_idx,5050
movie_info_idx,5051
movie_info_idx,5052
movie_info_idx,5053
movie_info_idx,5054
movie_info_idx,5055
movie_info_idx,5056
movie_info_idx,5057
movie_info_idx,5058
movie_info_idx,5059
movie_info_idx,5060
movie_info_idx,5061
movie_info_idx,5062
movie_info_idx,5063
movie_info_idx,5064
movie_info_idx,5065
movie_info_idx,5066
movie_info_idx,5067
movie_info_idx,5068
movie_info_idx,5069
movie_info_idx,5070
movie_info_idx,5071
movie_info_idx,5072
movie_info_idx,5073
movie_info_idx,5074
movie_info_idx,5075
movie_info_idx,5076
movie_info_idx,5077
movie_info_idx,5078
movie_info_idx,5079
movie_info_idx,5080
movie_info_idx,5081
movie_info_idx,5082
movie_info_idx,5083
movie_info_idx,5084
movie_info_idx,5085
movie_info_idx,5086
movie_info_idx,5087
movie_info_idx,5088
movie_info_idx,5089
movie_info_idx,5090
movie_info_idx,5091
movie_info_idx,5092
movie_info_idx,5093
movie_info_idx,5094
movie_info_idx,5095
movie_info_idx,5096
movie_info_idx,5097
movie_info_idx,5098
movie_info_idx,5099
movie_info_idx,5100
movie_info_idx,5101
movie_info_idx,5102
movie_info_idx,5103
movie_info_idx,5104
movie_info_idx,5105
movie_info_idx,5106
movie_info_idx,5107
movie_info_idx,5108
movie_info_idx,5109
movie_info_idx,5110
movie_info_idx,5111
movie_info_idx,5112
movie_info_idx,5113
movie_info_idx,5114
movie_info_idx,5115
movie_info_idx,5116
movie_info_idx,5117
movie_info_idx,5118
movie_info_idx,5119
movie_info_idx,5120
movie_info_idx,5121
movie_info_idx,5122
movie_info_idx,5123
movie_info_idx,5124
movie_info_idx,5125
movie_info_idx,5126
movie_info_idx,5127
movie_info_idx,5128
movie_info_idx,5129
movie_info_idx,5130
movie_info_idx,5131
movie_info_idx,5132
movie_info_idx,5133
movie_info_idx,5134
movie_info_idx,5135
movie_info_idx,5136
movie_info_idx,5137
movie_info_idx,5138
movie_info_idx,5139
movie_info_idx,5140
movie_info_idx,5141
movie_info_idx,5142
movie_info_idx,5143
movie_info_idx,5144
movie_info_idx,5145
movie_info_idx,5146
movie_info_idx,5147
movie_info_idx,5148
movie_info_idx,5149
movie_info_idx,5150
movie_info_idx,5151
movie_info_idx,5152
movie_info_idx,5153
movie_info_idx,5154
movie_info_idx,5155
movie_info_idx,5156
movie_info_idx,5157
movie_info_idx,5158
movie_info_idx,5159
movie_info_idx,5160
movie_info_idx,5161
movie_info_idx,5162
movie_info_idx,5163
movie_info_idx,5164
movie_info_idx,5165
movie_info_idx,5166
movie_info_idx,5167
movie_info_idx,5168
movie_info_idx,5169
movie_info_idx,5170
movie_info_idx,5171
movie_info_idx,5172
movie_info_idx,5173
movie_info_idx,5174
movie_info_idx,5175
movie_info_idx,5176
movie_info_idx,5177
movie_info_idx,5178
movie_info_idx,5179
movie_info_idx,5180
movie_info_idx,5181
movie_info_idx,5182
movie_info_idx,5183
movie_info_idx,5184
movie_info_idx,5185
movie_info_idx,5186
movie_info_idx,5187
movie_info_idx,5188
movie_info_idx,5189
movie_info_idx,5190
movie_info_idx,5191
movie_info_idx,5192
movie_info_idx,5193
movie_info_idx,5194
movie_info_idx,5195
movie_info_idx,5196
movie_info_idx,5197
movie_info_idx,5198
movie_info_idx,5199
movie_info_idx,5200
movie_info_idx,5201
movie_info_idx,5202
movie_info_idx,5203
movie_info_idx,5204
movie_info_idx,5205
movie_info_idx,5206
movie_info_idx,5207
movie_info_idx,5208
movie_info_idx,5209
movie_info_idx,5210
movie_info_idx,5211
movie_info_idx,5212
movie_info_idx,5213
movie_info_idx,5214
movie_info_idx,5215
movie_info_idx,5216
movie_info_idx,5217
movie_info_idx,5218
movie_info_idx,5219
movie_info_idx,5220
movie_info_idx,5221
movie_info_idx,5222
movie_info_idx,5223
movie_info_idx,5224
movie_info_idx,5225
movie_info_idx,5226
movie_info_idx,5227
movie_info_idx,5228
movie_info_idx,5229
movie_info_idx,5230
movie_info_idx,5231
movie_info_idx,5232
movie_info_idx,5233
movie_info_idx,5234
movie_info_idx,5235
movie_info_idx,5236
movie_info_idx,5237
movie_info_idx,5238
movie_info_idx,5239
movie_info_idx,5240
movie_info_idx,5241
movie_info_idx,5242
movie_info_idx,5243
movie_info_idx,5244
movie_info_idx,5245
movie_info_idx,5246
movie_info_idx,5247
movie_info_idx,5248
movie_info_idx,5249
movie_info_idx,5250
movie_info_idx,5251
movie_info_idx,5252
movie_info_idx,5253
movie_info_idx,5254
movie_info_idx,5255
movie_info_idx,5256
movie_info_idx,5257
movie_info_idx,5258
movie_info_idx,5259
movie_info_idx,5260
movie_info_idx,5261
movie_info_idx,5262
movie_info_idx,5263
movie_info_idx,5264
movie_info_idx,5265
movie_info_idx,5266
movie_info_idx,5267
movie_info_idx,5268
movie_info_idx,5269
movie_info_idx,5270
movie_info_idx,5271
movie_info_idx,5272
movie_info_idx,5273
movie_info_idx,5274
movie_info_idx,5275
movie_info_idx,5276
movie_info_idx,5277
movie_info_idx,5278
movie_info_idx,5279
movie_info_idx,5280
movie_info_idx,5281
movie_info_idx,5282
movie_info_idx,5283
movie_info_idx,5284
movie_info_idx,5285
movie_info_idx,5286
movie_info_idx,5287
movie_info_idx,5288
movie_info_idx,5289
movie_info_idx,5290
movie_info_idx,5291
movie_info_idx,5292
movie_info_idx,5293
movie_info_idx,5294
movie_info_idx,5295
movie_info_idx,5296
movie_info_idx,5297
movie_info_idx,5298
movie_info_idx,5299
movie_info_idx,5300
movie_info_idx,5301
movie_info_idx,5302
movie_info_idx,5303
movie_info_idx,5304
movie_info_idx,5305
movie_info_idx,5306
movie_info_idx,5307
movie_info_idx,5308
movie_info_idx,5309
movie_info_idx,5310
movie_info_idx,5311
movie_info_idx,5312
movie_info_idx,5313
movie_info_idx,5314
movie_info_idx,5315
movie_info_idx,5316
movie_info_idx,5317
movie_info_idx,5318
movie_info_idx,5319
movie_info_idx,5320
movie_info_idx,5321
movie_info_idx,5322
movie_info_idx,5323
movie_info_idx,5324
movie_info_idx,5325
movie_info_idx,5326
movie_info_idx,5327
movie_info_idx,5328
movie_info_idx,5329
movie_info_idx,5330
movie_info_idx,5331
movie_info_idx,5332
movie_info_idx,5333
movie_info_idx,5334
movie_info_idx,5335
movie_info_idx,5336
movie_info_idx,5337
movie_info_idx,5338
movie_info_idx,5339
movie_info_idx,5340
movie_info_idx,5341
movie_info_idx,5342
movie_info_idx,5343
movie_info_idx,5344
movie_info_idx,5345
movie_info_idx,5346
movie_info_idx,5347
movie_info_idx,5348
movie_info_idx,5349
movie_info_idx,5350
movie_info_idx,5351
movie_info_idx,5352
movie_info_idx,5353
movie_info_idx,5354
movie_info_idx,5355
movie_info_idx,5356
movie_info_idx,5357
movie_info_idx,5358
movie_info_idx,5359
movie_info_idx,5360
movie_info_idx,5361
movie_info_idx,5362
movie_info_idx,5363
movie_info_idx,5364
movie_info_idx,5365
movie_info_idx,5366
movie_info_idx,5367
movie_info_idx,5368
movie_info_idx,5369
movie_info_idx,5370
movie_info_idx,5371
movie_info_idx,5372
movie_info_idx,5373
movie_info_idx,5374
movie_info_idx,5375
movie_info_idx,5376
movie_info_idx,5377
movie_info_idx,5378
movie_info_idx,5379
movie_info_idx,5380
movie_info_idx,5381
movie_info_idx,5382
movie_info_idx,5383
movie_info_idx,5384
movie_info_idx,5385
movie_info_idx,5386
movie_info_idx,5387
movie_info_idx,5388
movie_info_idx,5389
movie_info_idx,5390
movie_info_idx,5391
movie_info_idx,5392
movie_info_idx,5393
movie_info_idx,5394
movie_info_idx,5395
movie_info_idx,5396
movie_info_idx,5397
movie_info_idx,5398
movie_info_idx,5399
movie_info_idx,5400
movie_info_idx,5401
movie_info_idx,5402
movie_info_idx,5403
movie_info_idx,5404
movie_info_idx,5405
movie_info_idx,5406
movie_info_idx,5407
movie_info_idx,5408
movie_info_idx,5409
movie_info_idx,5410
movie_info_idx,5411
movie_info_idx,5412
movie_info_idx,5413
movie_info_idx,5414
movie_info_idx,5415
movie_info_idx,5416
movie_info_idx,5417
movie_info_idx,5418
movie_info_idx,5419
movie_info_idx,5420
movie_info_idx,5421
movie_info_idx,5422
movie_info_idx,5423
movie_info_idx,5424
movie_info_idx,5425
movie_info_idx,5426
movie_info_idx,5427
movie_info_idx,5428
movie_info_idx,5429
movie_info_idx,5430
movie_info_idx,5431
movie_info_idx,5432
movie_info_idx,5433
movie_info_idx,5434
movie_info_idx,5435
movie_info_idx,5436
movie_info_idx,5437
movie_info_idx,5438
movie_info_idx,5439
movie_info_idx,5440
movie_info_idx,5441
movie_info_idx,5442
movie_info_idx,5443
movie_info_idx,5444
movie_info_idx,5445
movie_info_idx,5446
movie_info_idx,5447
movie_info_idx,5448
movie_info_idx,5449
movie_info_idx,5450
movie_info_idx,5451
movie_info_idx,5452
movie_info_idx,5453
movie_info_idx,5454
movie_info_idx,5455
movie_info_idx,5456
movie_info_idx,5457
movie_info_idx,5458
movie_info_idx,5459
movie_info_idx,5460
movie_info_idx,5461
movie_info_idx,5462
movie_info_idx,5463
movie_info_idx,5464
movie_info_idx,5465
movie_info_idx,5466
movie_info_idx,5467
movie_info_idx,5468
movie_info_idx,5469
movie_info_idx,5470
movie_info_idx,5471
movie_info_idx,5472
movie_info_idx,5473
movie_info_idx,5474
movie_info_idx,5475
movie_info_idx,5476
movie_info_idx,5477
movie_info_idx,5478
movie_info_idx,5479
movie_info_idx,5480
movie_info_idx,5481
movie_info_idx,5482
movie_info_idx,5483
movie_info_idx,5484
movie_info_idx,5485
movie_info_idx,5486
movie_info_idx,5487
movie_info_idx,5488
movie_info_idx,5489
movie_info_idx,5490
movie_info_idx,5491
movie_info_idx,5492
movie_info_idx,5493
movie_info_idx,5494
movie_info_idx,5495
movie_info_idx,5496
movie_info_idx,5497
movie_info_idx,5498
movie_info_idx,5499
movie_info_idx,5500
movie_info_idx,5501
movie_info_idx,5502
movie_info_idx,5503
movie_info_idx,5504
movie_info_idx,5505
movie_info_idx,5506
movie_info_idx,5507
movie_info_idx,5508
movie_info_idx,5509
movie_info_idx,5510
movie_info_idx,5511
movie_info_idx,5512
movie_info_idx,5513
movie_info_idx,5514
movie_info_idx,5515
movie_info_idx,5516
movie_info_idx,5517
movie_info_idx,5518
movie_info_idx,5519
movie_info_idx,5520
movie_info_idx,5521
movie_info_idx,5522
movie_info_idx,5523
movie_info_idx,5524
movie_info_idx,5525
movie_info_idx,5526
movie_info_idx,5527
movie_info_idx,5528
movie_info_idx,5529
movie_info_idx,5530
movie_info_idx,5531
movie_info_idx,5532
movie_info_idx,5533
movie_info_idx,5534
movie_info_idx,5535
movie_info_idx,5536
movie_info_idx,5537
movie_info_idx,5538
movie_info_idx,5539
movie_info_idx,5540
movie_info_idx,5541
movie_info_idx,5542
movie_info_idx,5543
movie_info_idx,5544
movie_info_idx,5545
movie_info_idx,5546
movie_info_idx,5547
movie_info_idx,5548
movie_info_idx,5549
movie_info_idx,5550
movie_info_idx,5551
movie_info_idx,5552
movie_info_idx,5553
movie_info_idx,5554
movie_info_idx,5555
movie_info_idx,5556
movie_info_idx,5557
movie_info_idx,5558
movie_info_idx,5559
movie_info_idx,5560
movie_info_idx,5561
movie_info_idx,5562
movie_info_idx,5563
movie_info_idx,5564
movie_info_idx,5565
movie_info_idx,5566
movie_info_idx,5567
movie_info_idx,5568
movie_info_idx,5569
movie_info_idx,5570
movie_info_idx,5571
movie_info_idx,5572
movie_info_idx,5573
movie_info_idx,5574
movie_info_idx,5575
movie_info_idx,5576
movie_info_idx,5577
movie_info_idx,5578
movie_info_idx,5579
movie_info_idx,5580
movie_info_idx,5581
movie_info_idx,5582
movie_info_idx,5583
movie_info_idx,5584
movie_info_idx,5585
movie_info_idx,5586
movie_info_idx,5587
movie_info_idx,5588
movie_info_idx,5589
movie_info_idx,5590
movie_info_idx,5591
movie_info_idx,5592
movie_info_idx,5593
movie_info_idx,5594
movie_info_idx,5595
movie_info_idx,5596
movie_info_idx,5597
movie_info_idx,5598
movie_info_idx,5599
movie_info_idx,5600
movie_info_idx,5601
movie_info_idx,5602
movie_info_idx,5603
movie_info_idx,5604
movie_info_idx,5605
movie_info_idx,5606
movie_info_idx,5607
movie_info_idx,5608
movie_info_idx,5609
movie_info_idx,5610
movie_info_idx,5611
movie_info_idx,5612
movie_info_idx,5613
movie_info_idx,5614
movie_info_idx,5615
movie_info_idx,5616
movie_info_idx,5617
movie_info_idx,5618
movie_info_idx,5619
movie_info_idx,5620
movie_info_idx,5621
movie_info_idx,5622
movie_info_idx,5623
movie_info_idx,5624
movie_info_idx,5625
movie_info_idx,5626
movie_info_idx,5627
movie_info_idx,5628
movie_info_idx,5629
movie_info_idx,5630
movie_info_idx,5631
movie_info_idx,5632
movie_info_idx,5633
movie_info_idx,5634
movie_info_idx,5635
movie_info_idx,5636
movie_info_idx,5637
movie_info_idx,5638
movie_info_idx,5639
movie_info_idx,5640
movie_info_idx,5641
movie_info_idx,5642
movie_info_idx,5643
movie_info_idx,5644
movie_info_idx,5645
movie_info_idx,5646
movie_info_idx,5647
movie_info_idx,5648
movie_info_idx,5649
movie_info_idx,5650
movie_info_idx,5651
movie_info_idx,5652
movie_info_idx,5653
movie_info_idx,5654
movie_info_idx,5655
movie_info_idx,5656
movie_info_idx,5657
movie_info_idx,5658
movie_info_idx,5659
movie_info_idx,5660
movie_info_idx,5661
movie_info_idx,5662
movie_info_idx,5663
movie_info_idx,5664
movie_info_idx,5665
movie_info_idx,5666
movie_info_idx,5667
movie_info_idx,5668
movie_info_idx,5669
movie_info_idx,5670
movie_info_idx,5671
movie_info_idx,5672
movie_info_idx,5673
movie_info_idx,5674
movie_info_idx,5675
movie_info_idx,5676
movie_info_idx,5677
movie_info_idx,5678
movie_info_idx,5679
movie_info_idx,5680
movie_info_idx,5681
movie_info_idx,5682
movie_info_idx,5683
movie_info_idx,5684
movie_info_idx,5685
movie_info_idx,5686
movie_info_idx,5687
movie_info_idx,5688
movie_info_idx,5689
movie_info_idx,5690
movie_info_idx,5691
movie_info_idx,5692
movie_info_idx,5693
movie_info_idx,5694
movie_info_idx,5695
movie_info_idx,5696
movie_info_idx,5697
movie_info_idx,5698
movie_info_idx,5699
movie_info_idx,5700
movie_info_idx,5701
movie_info_idx,5702
movie_info_idx,5703
movie_info_idx,5704
movie_info_idx,5705
movie_info_idx,5706
movie_info_idx,5707
movie_info_idx,5708
movie_info_idx,5709
movie_info_idx,5710
movie_info_idx,5711
movie_info_idx,5712
movie_info_idx,5713
movie_info_idx,5714
movie_info_idx,5715
movie_info_idx,5716
movie_info_idx,5717
movie_info_idx,5718
movie_info_idx,5719
movie_info_idx,5720
movie_info_idx,5721
movie_info_idx,5722
movie_info_idx,5723
movie_info_idx,5724
movie_info_idx,5725
movie_info_idx,5726
movie_info_idx,5727
movie_info_idx,5728
movie_info_idx,5729
movie_info_idx,5730
movie_info_idx,5731
movie_info_idx,5732
movie_info_idx,5733
movie_info_idx,5734
movie_info_idx,5735
movie_info_idx,5736
movie_info_idx,5737
movie_info_idx,5738
movie_info_idx,5739
movie_info_idx,5740
movie_info_idx,5741
movie_info_idx,5742
movie_info_idx,5743
movie_info_idx,5744
movie_info_idx,5745
movie_info_idx,5746
movie_info_idx,5747
movie_info_idx,5748
movie_info_idx,5749
movie_info_idx,5750
movie_info_idx,5751
movie_info_idx,5752
movie_info_idx,5753
movie_info_idx,5754
movie_info_idx,5755
movie_info_idx,5756
movie_info_idx,5757
movie_info_idx,5758
movie_info_idx,5759
movie_info_idx,5760
movie_info_idx,5761
movie_info_idx,5762
movie_info_idx,5763
movie_info_idx,5764
movie_info_idx,5765
movie_info_idx,5766
movie_info_idx,5767
movie_info_idx,5768
movie_info_idx,5769
movie_info_idx,5770
movie_info_idx,5771
movie_info_idx,5772
movie_info_idx,5773
movie_info_idx,5774
movie_info_idx,5775
movie_info_idx,5776
movie_info_idx,5777
movie_info_idx,5778
movie_info_idx,5779
movie_info_idx,5780
movie_info_idx,5781
movie_info_idx,5782
movie_info_idx,5783
movie_info_idx,5784
movie_info_idx,5785
movie_info_idx,5786
movie_info_idx,5787
movie_info_idx,5788
movie_info_idx,5789
movie_info_idx,5790
movie_info_idx,5791
movie_info_idx,5792
movie_info_idx,5793
movie_info_idx,5794
movie_info_idx,5795
movie_info_idx,5796
movie_info_idx,5797
movie_info_idx,5798
movie_info_idx,5799
movie_info_idx,5800
movie_info_idx,5801
movie_info_idx,5802
movie_info_idx,5803
movie_info_idx,5804
movie_info_idx,5805
movie_info_idx,5806
movie_info_idx,5807
movie_info_idx,5808
movie_info_idx,5809
movie_info_idx,5810
movie_info_idx,5811
movie_info_idx,5812
movie_info_idx,5813
movie_info_idx,5814
movie_info_idx,5815
movie_info_idx,5816
movie_info_idx,5817
movie_info_idx,5818
movie_info_idx,5819
movie_info_idx,5820
movie_info_idx,5821
movie_info_idx,5822
movie_info_idx,5823
movie_info_idx,5824
movie_info_idx,5825
movie_info_idx,5826
movie_info_idx,5827
movie_info_idx,5828
movie_info_idx,5829
movie_info_idx,5830
movie_info_idx,5831
movie_info_idx,5832
movie_info_idx,5833
movie_info_idx,5834
movie_info_idx,5835
movie_info_idx,5836
movie_info_idx,5837
movie_info_idx,5838
movie_info_idx,5839
movie_info_idx,5840
movie_info_idx,5841
movie_info_idx,5842
movie_info_idx,5843
movie_info_idx,5844
movie_info_idx,5845
movie_info_idx,5846
movie_info_idx,5847
movie_info_idx,5848
movie_info_idx,5849
movie_info_idx,5850
movie_info_idx,5851
movie_info_idx,5852
movie_info_idx,5853
movie_info_idx,5854
movie_info_idx,5855
movie_info_idx,5856
movie_info_idx,5857
movie_info_idx,5858
movie_info_idx,5859
movie_info_idx,5860
movie_info_idx,5861
movie_info_idx,5862
movie_info_idx,5863
movie_info_idx,5864
movie_info_idx,5865
movie_info_idx,5866
movie_info_idx,5867
movie_info_idx,5868
movie_info_idx,5869
movie_info_idx,5870
movie_info_idx,5871
movie_info_idx,5872
movie_info_idx,5873
movie_info_idx,5874
movie_info_idx,5875
movie_info_idx,5876
movie_info_idx,5877
movie_info_idx,5878
movie_info_idx,5879
movie_info_idx,5880
movie_info_idx,5881
movie_info_idx,5882
movie_info_idx,5883
movie_info_idx,5884
movie_info_idx,5885
movie_info_idx,5886
movie_info_idx,5887
movie_info_idx,5888
movie_info_idx,5889
movie_info_idx,5890
movie_info_idx,5891
movie_info_idx,5892
movie_info_idx,5893
movie_info_idx,5894
movie_info_idx,5895
movie_info_idx,5896
movie_info_idx,5897
movie_info_idx,5898
movie_info_idx,5899
movie_info_idx,5900
movie_info_idx,5901
movie_info_idx,5902
movie_info_idx,5903
movie_info_idx,5904
movie_info_idx,5905
movie_info_idx,5906
movie_info_idx,5907
movie_info_idx,5908
movie_info_idx,5909
movie_info_idx,5910
movie_info_idx,5911
movie_info_idx,5912
movie_info_idx,5913
movie_info_idx,5914
movie_info_idx,5915
movie_info_idx,5916
movie_info_idx,5917
movie_info_idx,5918
movie_info_idx,5919
movie_info_idx,5920
movie_info_idx,5921
movie_info_idx,5922
movie_info_idx,5923
movie_info_idx,5924
movie_info_idx,5925
movie_info_idx,5926
movie_info_idx,5927
movie_info_idx,5928
movie_info_idx,5929
movie_info_idx,5930
movie_info_idx,5931
movie_info_idx,5932
movie_info_idx,5933
movie_info_idx,5934
movie_info_idx,5935
movie_info_idx,5936
movie_info_idx,5937
movie_info_idx,5938
movie_info_idx,5939
movie_info_idx,5940
movie_info_idx,5941
movie_info_idx,5942
movie_info_idx,5943
movie_info_idx,5944
movie_info_idx,5945
movie_info_idx,5946
movie_info_idx,5947
movie_info_idx,5948
movie_info_idx,5949
movie_info_idx,5950
movie_info_idx,5951
movie_info_idx,5952
movie_info_idx,5953
movie_info_idx,5954
movie_info_idx,5955
movie_info_idx,5956
movie_info_idx,5957
movie_info_idx,5958
movie_info_idx,5959
movie_info_idx,5960
movie_info_idx,5961
movie_info_idx,5962
movie_info_idx,5963
movie_info_idx,5964
movie_info_idx,5965
movie_info_idx,5966
movie_info_idx,5967
movie_info_idx,5968
movie_info_idx,5969
movie_info_idx,5970
movie_info_idx,5971
movie_info_idx,5972
movie_info_idx,5973
movie_info_idx,5974
movie_info_idx,5975
movie_info_idx,5976
movie_info_idx,5977
movie_info_idx,5978
movie_info_idx,5979
movie_info_idx,5980
movie_info_idx,5981
movie_info_idx,5982
movie_info_idx,5983
movie_info_idx,5984
movie_info_idx,5985
movie_info_idx,5986
movie_info_idx,5987
movie_info_idx,5988
movie_info_idx,5989
movie_info_idx,5990
movie_info_idx,5991
movie_info_idx,5992
movie_info_idx,5993
movie_info_idx,5994
movie_info_idx,5995
movie_info_idx,5996
movie_info_idx,5997
movie_info_idx,5998
movie_info_idx,5999
movie_info_idx,6000
movie_info_idx,6001
movie_info_idx,6002
movie_info_idx,6003
movie_info_idx,6004
movie_info_idx,6005
movie_info_idx,6006
movie_info_idx,6007
movie_info_idx,6008
movie_info_idx,6009
movie_info_idx,6010
movie_info_idx,6011
movie_info_idx,6012
movie_info_idx,6013
movie_info_idx,6014
movie_info_idx,6015
movie_info_idx,6016
movie_info_idx,6017
movie_info_idx,6018
movie_info_idx,6019
movie_info_idx,6020
movie_info_idx,6021
movie_info_idx,6022
movie_info_idx,6023
movie_info_idx,6024
movie_info_idx,6025
movie_info_idx,6026
movie_info_idx,6027
movie_info_idx,6028
movie_info_idx,6029
movie_info_idx,6030
movie_info_idx,6031
movie_info_idx,6032
movie_info_idx,6033
movie_info_idx,6034
movie_info_idx,6035
movie_info_idx,6036
movie_info_idx,6037
movie_info_idx,6038
movie_info_idx,6039
movie_info_idx,6040
movie_info_idx,6041
movie_info_idx,6042
movie_info_idx,6043
movie_info_idx,6044
movie_info_idx,6045
movie_info_idx,6046
movie_info_idx,6047
movie_info_idx,6048
movie_info_idx,6049
movie_info_idx,6050
movie_info_idx,6051
movie_info_idx,6052
movie_info_idx,6053
movie_info_idx,6054
movie_info_idx,6055
movie_info_idx,6056
movie_info_idx,6057
movie_info_idx,6058
movie_info_idx,6059
movie_info_idx,6060
movie_info_idx,6061
movie_info_idx,6062
movie_info_idx,6063
movie_info_idx,6064
movie_info_idx,6065
movie_info_idx,6066
movie_info_idx,6067
movie_info_idx,6068
movie_info_idx,6069
movie_info_idx,6070
movie_info_idx,6071
movie_info_idx,6072
movie_info_idx,6073
movie_info_idx,6074
movie_info_idx,6075
movie_info_idx,6076
movie_info_idx,6077
movie_info_idx,6078
movie_info_idx,6079
movie_info_idx,6080
movie_info_idx,6081
movie_info_idx,6082
movie_info_idx,6083
movie_info_idx,6084
movie_info_idx,6085
movie_info_idx,6086
movie_info_idx,6087
movie_info_idx,6088
movie_info_idx,6089
movie_info_idx,6090
movie_info_idx,6091
movie_info_idx,6092
movie_info_idx,6093
movie_info_idx,6094
movie_info_idx,6095
movie_info_idx,6096
movie_info_idx,6097
movie_info_idx,6098
movie_info_idx,6099
movie_info_idx,6100
movie_info_idx,6101
movie_info_idx,6102
movie_info_idx,6103
movie_info_idx,6104
movie_info_idx,6105
movie_info_idx,6106
movie_info_idx,6107
movie_info_idx,6108
movie_info_idx,6109
movie_info_idx,6110
movie_info_idx,6111
movie_info_idx,6112
movie_info_idx,6113
movie_info_idx,6114
movie_info_idx,6115
movie_info_idx,6116
movie_info_idx,6117
movie_info_idx,6118
movie_info_idx,6119
movie_info_idx,6120
movie_info_idx,6121
movie_info_idx,6122
movie_info_idx,6123
movie_info_idx,6124
movie_info_idx,6125
movie_info_idx,6126
movie_info_idx,6127
movie_info_idx,6128
movie_info_idx,6129
movie_info_idx,6130
movie_info_idx,6131
movie_info_idx,6132
movie_info_idx,6133
movie_info_idx,6134
movie_info_idx,6135
movie_info_idx,6136
movie_info_idx,6137
movie_info_idx,6138
movie_info_idx,6139
movie_info_idx,6140
movie_info_idx,6141
movie_info_idx,6142
movie_info_idx,6143
movie_info_idx,6144
movie_info_idx,6145
movie_info_idx,6146
movie_info_idx,6147
movie_info_idx,6148
movie_info_idx,6149
movie_info_idx,6150
movie_info_idx,6151
movie_info_idx,6152
movie_info_idx,6153
movie_info_idx,6154
movie_info_idx,6155
movie_info_idx,6156
movie_info_idx,6157
movie_info_idx,6158
movie_info_idx,6159
movie_info_idx,6160
movie_info_idx,6161
movie_info_idx,6162
movie_info_idx,6163
movie_info_idx,6164
movie_info_idx,6165
movie_info_idx,6166
movie_info_idx,6167
movie_info_idx,6168
movie_info_idx,6169
movie_info_idx,6170
movie_info_idx,6171
movie_info_idx,6172
movie_info_idx,6173
movie_info_idx,6174
movie_info_idx,6175
movie_info_idx,6176
movie_info_idx,6177
movie_info_idx,6178
movie_info_idx,6179
movie_info_idx,6180
movie_info_idx,6181
movie_info_idx,6182
movie_info_idx,6183
movie_info_idx,6184
movie_info_idx,6185
movie_info_idx,6186
movie_info_idx,6187
movie_info_idx,6188
movie_info_idx,6189
movie_info_idx,6190
movie_info_idx,6191
movie_info_idx,6192
movie_info_idx,6193
movie_info_idx,6194
movie_info_idx,6195
movie_info_idx,6196
movie_info_idx,6197
movie_info_idx,6198
movie_info_idx,6199
movie_info_idx,6200
movie_info_idx,6201
movie_info_idx,6202
movie_info_idx,6203
movie_info_idx,6204
movie_info_idx,6205
movie_info_idx,6206
movie_info_idx,6207
movie_info_idx,6208
movie_info_idx,6209
movie_info_idx,6210
movie_info_idx,6211
movie_info_idx,6212
movie_info_idx,6213
movie_info_idx,6214
movie_info_idx,6215
movie_info_idx,6216
movie_info_idx,6217
movie_info_idx,6218
movie_info_idx,6219
movie_info_idx,6220
movie_info_idx,6221
movie_info_idx,6222
movie_info_idx,6223
movie_info_idx,6224
movie_info_idx,6225
movie_info_idx,6226
movie_info_idx,6227
movie_info_idx,6228
movie_info_idx,6229
movie_info_idx,6230
movie_info_idx,6231
movie_info_idx,6232
movie_info_idx,6233
movie_info_idx,6234
movie_info_idx,6235
movie_info_idx,6236
movie_info_idx,6237
movie_info_idx,6238
movie_info_idx,6239
movie_info_idx,6240
movie_info_idx,6241
movie_info_idx,6242
movie_info_idx,6243
movie_info_idx,6244
movie_info_idx,6245
movie_info_idx,6246
movie_info_idx,6247
movie_info_idx,6248
movie_info_idx,6249
movie_info_idx,6250
movie_info_idx,6251
movie_info_idx,6252
movie_info_idx,6253
movie_info_idx,6254
movie_info_idx,6255
movie_info_idx,6256
movie_info_idx,6257
movie_info_idx,6258
movie_info_idx,6259
movie_info_idx,6260
movie_info_idx,6261
movie_info_idx,6262
movie_info_idx,6263
movie_info_idx,6264
movie_info_idx,6265
movie_info_idx,6266
movie_info_idx,6267
movie_info_idx,6268
movie_info_idx,6269
movie_info_idx,6270
movie_info_idx,6271
movie_info_idx,6272
movie_info_idx,6273
movie_info_idx,6274
movie_info_idx,6275
movie_info_idx,6276
movie_info_idx,6277
movie_info_idx,6278
movie_info_idx,6279
movie_info_idx,6280
movie_info_idx,6281
movie_info_idx,6282
movie_info_idx,6283
movie_info_idx,6284
movie_info_idx,6285
movie_info_idx,6286
movie_info_idx,6287
movie_info_idx,6288
movie_info_idx,6289
movie_info_idx,6290
movie_info_idx,6291
movie_info_idx,6292
movie_info_idx,6293
movie_info_idx,6294
movie_info_idx,6295
movie_info_idx,6296
movie_info_idx,6297
movie_info_idx,6298
movie_info_idx,6299
movie_info_idx,6300
movie_info_idx,6301
movie_info_idx,6302
movie_info_idx,6303
movie_info_idx,6304
movie_info_idx,6305
movie_info_idx,6306
movie_info_idx,6307
movie_info_idx,6308
movie_info_idx,6309
movie_info_idx,6310
movie_info_idx,6311
movie_info_idx,6312
movie_info_idx,6313
movie_info_idx,6314
movie_info_idx,6315
movie_info_idx,6316
movie_info_idx,6317
movie_info_idx,6318
movie_info_idx,6319
movie_info_idx,6320
movie_info_idx,6321
movie_info_idx,6322
movie_info_idx,6323
movie_info_idx,6324
movie_info_idx,6325
movie_info_idx,6326
movie_info_idx,6327
movie_info_idx,6328
movie_info_idx,6329
movie_info_idx,6330
movie_info_idx,6331
movie_info_idx,6332
movie_info_idx,6333
movie_info_idx,6334
movie_info_idx,6335
movie_info_idx,6336
movie_info_idx,6337
movie_info_idx,6338
movie_info_idx,6339
movie_info_idx,6340
movie_info_idx,6341
movie_info_idx,6342
movie_info_idx,6343
movie_info_idx,6344
movie_info_idx,6345
movie_info_idx,6346
movie_info_idx,6347
movie_info_idx,6348
movie_info_idx,6349
movie_info_idx,6350
movie_info_idx,6351
movie_info_idx,6352
movie_info_idx,6353
movie_info_idx,6354
movie_info_idx,6355
movie_info_idx,6356
movie_info_idx,6357
movie_info_idx,6358
movie_info_idx,6359
movie_info_idx,6360
movie_info_idx,6361
movie_info_idx,6362
movie_info_idx,6363
movie_info_idx,6364
movie_info_idx,6365
movie_info_idx,6366
movie_info_idx,6367
movie_info_idx,6368
movie_info_idx,6369
movie_info_idx,6370
movie_info_idx,6371
movie_info_idx,6372
movie_info_idx,6373
movie_info_idx,6374
movie_info_idx,6375
movie_info_idx,6376
movie_info_idx,6377
movie_info_idx,6378
movie_info_idx,6379
movie_info_idx,6380
movie_info_idx,6381
movie_info_idx,6382
movie_info_idx,6383
movie_info_idx,6384
movie_info_idx,6385
movie_info_idx,6386
movie_info_idx,6387
movie_info_idx,6388
movie_info_idx,6389
movie_info_idx,6390
movie_info_idx,6391
movie_info_idx,6392
movie_info_idx,6393
movie_info_idx,6394
movie_info_idx,6395
movie_info_idx,6396
movie_info_idx,6397
movie_info_idx,6398
movie_info_idx,6399
movie_info_idx,6400
movie_info_idx,6401
movie_info_idx,6402
movie_info_idx,6403
movie_info_idx,6404
movie_info_idx,6405
movie_info_idx,6406
movie_info_idx,6407
movie_info_idx,6408
movie_info_idx,6409
movie_info_idx,6410
movie_info_idx,6411
movie_info_idx,6412
movie_info_idx,6413
movie_info_idx,6414
movie_info_idx,6415
movie_info_idx,6416
movie_info_idx,6417
movie_info_idx,6418
movie_info_idx,6419
movie_info_idx,6420
movie_info_idx,6421
movie_info_idx,6422
movie_info_idx,6423
movie_info_idx,6424
movie_info_idx,6425
movie_info_idx,6426
movie_info_idx,6427
movie_info_idx,6428
movie_info_idx,6429
movie_info_idx,6430
movie_info_idx,6431
movie_info_idx,6432
movie_info_idx,6433
movie_info_idx,6434
movie_info_idx,6435
movie_info_idx,6436
movie_info_idx,6437
movie_info_idx,6438
movie_info_idx,6439
movie_info_idx,6440
movie_info_idx,6441
movie_info_idx,6442
movie_info_idx,6443
movie_info_idx,6444
movie_info_idx,6445
movie_info_idx,6446
movie_info_idx,6447
movie_info_idx,6448
movie_info_idx,6449
movie_info_idx,6450
movie_info_idx,6451
movie_info_idx,6452
movie_info_idx,6453
movie_info_idx,6454
movie_info_idx,6455
movie_info_idx,6456
movie_info_idx,6457
movie_info_idx,6458
movie_info_idx,6459
movie_info_idx,6460
movie_info_idx,6461
movie_info_idx,6462
movie_info_idx,6463
movie_info_idx,6464
movie_info_idx,6465
movie_info_idx,6466
movie_info_idx,6467
movie_info_idx,6468
movie_info_idx,6469
movie_info_idx,6470
movie_info_idx,6471
movie_info_idx,6472
movie_info_idx,6473
movie_info_idx,6474
movie_info_idx,6475
movie_info_idx,6476
movie_info_idx,6477
movie_info_idx,6478
movie_info_idx,6479
movie_info_idx,6480
movie_info_idx,6481
movie_info_idx,6482
movie_info_idx,6483
movie_info_idx,6484
movie_info_idx,6485
movie_info_idx,6486
movie_info_idx,6487
movie_info_idx,6488
movie_info_idx,6489
movie_info_idx,6490
movie_info_idx,6491
movie_info_idx,6492
movie_info_idx,6493
movie_info_idx,6494
movie_info_idx,6495
movie_info_idx,6496
movie_info_idx,6497
movie_info_idx,6498
movie_info_idx,6499
movie_info_idx,6500
movie_info_idx,6501
movie_info_idx,6502
movie_info_idx,6503
movie_info_idx,6504
movie_info_idx,6505
movie_info_idx,6506
movie_info_idx,6507
movie_info_idx,6508
movie_info_idx,6509
movie_info_idx,6510
movie_info_idx,6511
movie_info_idx,6512
movie_info_idx,6513
movie_info_idx,6514
movie_info_idx,6515
movie_info_idx,6516
movie_info_idx,6517
movie_info_idx,6518
movie_info_idx,6519
movie_info_idx,6520
movie_info_idx,6521
movie_info_idx,6522
movie_info_idx,6523
movie_info_idx,6524
movie_info_idx,6525
movie_info_idx,6526
movie_info_idx,6527
movie_info_idx,6528
movie_info_idx,6529
movie_info_idx,6530
movie_info_idx,6531
movie_info_idx,6532
movie_info_idx,6533
movie_info_idx,6534
movie_info_idx,6535
movie_info_idx,6536
movie_info_idx,6537
movie_info_idx,6538
movie_info_idx,6539
movie_info_idx,6540
movie_info_idx,6541
movie_info_idx,6542
movie_info_idx,6543
movie_info_idx,6544
movie_info_idx,6545
movie_info_idx,6546
movie_info_idx,6547
movie_info_idx,6548
movie_info_idx,6549
movie_info_idx,6550
movie_info_idx,6551
movie_info_idx,6552
movie_info_idx,6553
movie_info_idx,6554
movie_info_idx,6555
movie_info_idx,6556
movie_info_idx,6557
movie_info_idx,6558
movie_info_idx,6559
movie_info_idx,6560
movie_info_idx,6561
movie_info_idx,6562
movie_info_idx,6563
movie_info_idx,6564
movie_info_idx,6565
movie_info_idx,6566
movie_info_idx,6567
movie_info_idx,6568
movie_info_idx,6569
movie_info_idx,6570
movie_info_idx,6571
movie_info_idx,6572
movie_info_idx,6573
movie_info_idx,6574
movie_info_idx,6575
movie_info_idx,6576
movie_info_idx,6577
movie_info_idx,6578
movie_info_idx,6579
movie_info_idx,6580
movie_info_idx,6581
movie_info_idx,6582
movie_info_idx,6583
movie_info_idx,6584
movie_info_idx,6585
movie_info_idx,6586
movie_info_idx,6587
movie_info_idx,6588
movie_info_idx,6589
movie_info_idx,6590
movie_info_idx,6591
movie_info_idx,6592
movie_info_idx,6593
movie_info_idx,6594
movie_info_idx,6595
movie_info_idx,6596
movie_info_idx,6597
movie_info_idx,6598
movie_info_idx,6599
movie_info_idx,6600
movie_info_idx,6601
movie_info_idx,6602
movie_info_idx,6603
movie_info_idx,6604
movie_info_idx,6605
movie_info_idx,6606
movie_info_idx,6607
movie_info_idx,6608
movie_info_idx,6609
movie_info_idx,6610
movie_info_idx,6611
movie_info_idx,6612
movie_info_idx,6613
movie_info_idx,6614
movie_info_idx,6615
movie_info_idx,6616
movie_info_idx,6617
movie_info_idx,6618
movie_info_idx,6619
movie_info_idx,6620
movie_info_idx,6621
movie_info_idx,6622
movie_info_idx,6623
movie_info_idx,6624
movie_info_idx,6625
movie_info_idx,6626
movie_info_idx,6627
movie_info_idx,6628
movie_info_idx,6629
movie_info_idx,6630
movie_info_idx,6631
movie_info_idx,6632
movie_info_idx,6633
movie_info_idx,6634
movie_info_idx,6635
movie_info_idx,6636
movie_info_idx,6637
movie_info_idx,6638
movie_info_idx,6639
movie_info_idx,6640
movie_info_idx,6641
movie_info_idx,6642
movie_info_idx,6643
movie_info_idx,6644
movie_info_idx,6645
movie_info_idx,6646
movie_info_idx,6647
movie_info_idx,6648
movie_info_idx,6649
movie_info_idx,6650
movie_info_idx,6651
movie_info_idx,6652
movie_info_idx,6653
movie_info_idx,6654
movie_info_idx,6655
movie_info_idx,6656
movie_info_idx,6657
movie_info_idx,6658
movie_info_idx,6659
movie_info_idx,6660
movie_info_idx,6661
movie_info_idx,6662
movie_info_idx,6663
movie_info_idx,6664
movie_info_idx,6665
movie_info_idx,6666
movie_info_idx,6667
movie_info_idx,6668
movie_info_idx,6669
movie_info_idx,6670
movie_info_idx,6671
movie_info_idx,6672
movie_info_idx,6673
movie_info_idx,6674
movie_info_idx,6675
movie_info_idx,6676
movie_info_idx,6677
movie_info_idx,6678
movie_info_idx,6679
movie_info_idx,6680
movie_info_idx,6681
movie_info_idx,6682
movie_info_idx,6683
movie_info_idx,6684
movie_info_idx,6685
movie_info_idx,6686
movie_info_idx,6687
movie_info_idx,6688
movie_info_idx,6689
movie_info_idx,6690
movie_info_idx,6691
movie_info_idx,6692
movie_info_idx,6693
movie_info_idx,6694
movie_info_idx,6695
movie_info_idx,6696
movie_info_idx,6697
movie_info_idx,6698
movie_info_idx,6699
movie_info_idx,6700
movie_info_idx,6701
movie_info_idx,6702
movie_info_idx,6703
movie_info_idx,6704
movie_info_idx,6705
movie_info_idx,6706
movie_info_idx,6707
movie_info_idx,6708
movie_info_idx,6709
movie_info_idx,6710
movie_info_idx,6711
movie_info_idx,6712
movie_info_idx,6713
movie_info_idx,6714
movie_info_idx,6715
movie_info_idx,6716
movie_info_idx,6717
movie_info_idx,6718
movie_info_idx,6719
movie_info_idx,6720
movie_info_idx,6721
movie_info_idx,6722
movie_info_idx,6723
movie_info_idx,6724
movie_info_idx,6725
movie_info_idx,6726
movie_info_idx,6727
movie_info_idx,6728
movie_info_idx,6729
movie_info_idx,6730
movie_info_idx,6731
movie_info_idx,6732
movie_info_idx,6733
movie_info_idx,6734
movie_info_idx,6735
movie_info_idx,6736
movie_info_idx,6737
movie_info_idx,6738
movie_info_idx,6739
movie_info_idx,6740
movie_info_idx,6741
movie_info_idx,6742
movie_info_idx,6743
movie_info_idx,6744
movie_info_idx,6745
movie_info_idx,6746
movie_info_idx,6747
movie_info_idx,6748
movie_info_idx,6749
movie_info_idx,6750
movie_info_idx,6751
movie_info_idx,6752
movie_info_idx,6753
movie_info_idx,6754
movie_info_idx,6755
movie_info_idx,6756
movie_info_idx,6757
movie_info_idx,6758
movie_info_idx,6759
movie_info_idx,6760
movie_info_idx,6761
movie_info_idx,6762
movie_info_idx,6763
movie_info_idx,6764
movie_info_idx,6765
movie_info_idx,6766
movie_info_idx,6767
movie_info_idx,6768
movie_info_idx,6769
movie_info_idx,6770
movie_info_idx,6771
movie_info_idx,6772
movie_info_idx,6773
movie_info_idx,6774
movie_info_idx,6775
movie_info_idx,6776
movie_info_idx,6777
movie_info_idx,6778
movie_info_idx,6779
movie_info_idx,6780
movie_info_idx,6781
movie_info_idx,6782
movie_info_idx,6783
movie_info_idx,6784
movie_info_idx,6785
movie_info_idx,6786
movie_info_idx,6787
movie_info_idx,6788
movie_info_idx,6789
movie_info_idx,6790
movie_info_idx,6791
movie_info_idx,6792
movie_info_idx,6793
movie_info_idx,6794
movie_info_idx,6795
movie_info_idx,6796
movie_info_idx,6797
movie_info_idx,6798
movie_info_idx,6799
movie_info_idx,6800
movie_info_idx,6801
movie_info_idx,6802
movie_info_idx,6803
movie_info_idx,6804
movie_info_idx,6805
movie_info_idx,6806
movie_info_idx,6807
movie_info_idx,6808
movie_info_idx,6809
movie_info_idx,6810
movie_info_idx,6811
movie_info_idx,6812
movie_info_idx,6813
movie_info_idx,6814
movie_info_idx,6815
movie_info_idx,6816
movie_info_idx,6817
movie_info_idx,6818
movie_info_idx,6819
movie_info_idx,6820
movie_info_idx,6821
movie_info_idx,6822
movie_info_idx,6823
movie_info_idx,6824
movie_info_idx,6825
movie_info_idx,6826
movie_info_idx,6827
movie_info_idx,6828
movie_info_idx,6829
movie_info_idx,6830
movie_info_idx,6831
movie_info_idx,6832
movie_info_idx,6833
movie_info_idx,6834
movie_info_idx,6835
movie_info_idx,6836
movie_info_idx,6837
movie_info_idx,6838
movie_info_idx,6839
movie_info_idx,6840
movie_info_idx,6841
movie_info_idx,6842
movie_info_idx,6843
movie_info_idx,6844
movie_info_idx,6845
movie_info_idx,6846
movie_info_idx,6847
movie_info_idx,6848
movie_info_idx,6849
movie_info_idx,6850
movie_info_idx,6851
movie_info_idx,6852
movie_info_idx,6853
movie_info_idx,6854
movie_info_idx,6855
movie_info_idx,6856
movie_info_idx,6857
movie_info_idx,6858
movie_info_idx,6859
movie_info_idx,6860
movie_info_idx,6861
movie_info_idx,6862
movie_info_idx,6863
movie_info_idx,6864
movie_info_idx,6865
movie_info_idx,6866
movie_info_idx,6867
movie_info_idx,6868
movie_info_idx,6869
movie_info_idx,6870
movie_info_idx,6871
movie_info_idx,6872
movie_info_idx,6873
movie_info_idx,6874
movie_info_idx,6875
movie_info_idx,6876
movie_info_idx,6877
movie_info_idx,6878
movie_info_idx,6879
movie_info_idx,6880
movie_info_idx,6881
movie_info_idx,6882
movie_info_idx,6883
movie_info_idx,6884
movie_info_idx,6885
movie_info_idx,6886
movie_info_idx,6887
movie_info_idx,6888
movie_info_idx,6889
movie_info_idx,6890
movie_info_idx,6891
movie_info_idx,6892
movie_info_idx,6893
movie_info_idx,6894
movie_info_idx,6895
movie_info_idx,6896
movie_info_idx,6897
movie_info_idx,6898
movie_info_idx,6899
movie_info_idx,6900
movie_info_idx,6901
movie_info_idx,6902
movie_info_idx,6903
movie_info_idx,6904
movie_info_idx,6905
movie_info_idx,6906
movie_info_idx,6907
movie_info_idx,6908
movie_info_idx,6909
movie_info_idx,6910
movie_info_idx,6911
movie_info_idx,6912
movie_info_idx,6913
movie_info_idx,6914
movie_info_idx,6915
movie_info_idx,6916
movie_info_idx,6917
movie_info_idx,6918
movie_info_idx,6919
movie_info_idx,6920
movie_info_idx,6921
movie_info_idx,6922
movie_info_idx,6923
movie_info_idx,6924
movie_info_idx,6925
movie_info_idx,6926
movie_info_idx,6927
movie_info_idx,6928
movie_info_idx,6929
movie_info_idx,6930
movie_info_idx,6931
movie_info_idx,6932
movie_info_idx,6933
movie_info_idx,6934
movie_info_idx,6935
movie_info_idx,6936
movie_info_idx,6937
movie_info_idx,6938
movie_info_idx,6939
movie_info_idx,6940
movie_info_idx,6941
movie_info_idx,6942
movie_info_idx,6943
movie_info_idx,6944
movie_info_idx,6945
movie_info_idx,6946
movie_info_idx,6947
movie_info_idx,6948
movie_info_idx,6949
movie_info_idx,6950
movie_info_idx,6951
movie_info_idx,6952
movie_info_idx,6953
movie_info_idx,6954
movie_info_idx,6955
movie_info_idx,6956
movie_info_idx,6957
movie_info_idx,6958
movie_info_idx,6959
movie_info_idx,6960
movie_info_idx,6961
movie_info_idx,6962
movie_info_idx,6963
movie_info_idx,6964
movie_info_idx,6965
movie_info_idx,6966
movie_info_idx,6967
movie_info_idx,6968
movie_info_idx,6969
movie_info_idx,6970
movie_info_idx,6971
movie_info_idx,6972
movie_info_idx,6973
movie_info_idx,6974
movie_info_idx,6975
movie_info_idx,6976
movie_info_idx,6977
movie_info_idx,6978
movie_info_idx,6979
movie_info_idx,6980
movie_info_idx,6981
movie_info_idx,6982
movie_info_idx,6983
movie_info_idx,6984
movie_info_idx,6985
movie_info_idx,6986
movie_info_idx,6987
movie_info_idx,6988
movie_info_idx,6989
movie_info_idx,6990
movie_info_idx,6991
movie_info_idx,6992
movie_info_idx,6993
movie_info_idx,6994
movie_info_idx,6995
movie_info_idx,6996
movie_info_idx,6997
movie_info_idx,6998
movie_info_idx,6999
movie_info_idx,7000
movie_info_idx,7001
movie_info_idx,7002
movie_info_idx,7003
movie_info_idx,7004
movie_info_idx,7005
movie_info_idx,7006
movie_info_idx,7007
movie_info_idx,7008
movie_info_idx,7009
movie_info_idx,7010
movie_info_idx,7011
movie_info_idx,7012
movie_info_idx,7013
movie_info_idx,7014
movie_info_idx,7015
movie_info_idx,7016
movie_info_idx,7017
movie_info_idx,7018
movie_info_idx,7019
movie_info_idx,7020
movie_info_idx,7021
movie_info_idx,7022
movie_info_idx,7023
movie_info_idx,7024
movie_info_idx,7025
movie_info_idx,7026
movie_info_idx,7027
movie_info_idx,7028
movie_info_idx,7029
movie_info_idx,7030
movie_info_idx,7031
movie_info_idx,7032
movie_info_idx,7033
movie_info_idx,7034
movie_info_idx,7035
movie_info_idx,7036
movie_info_idx,7037
movie_info_idx,7038
movie_info_idx,7039
movie_info_idx,7040
movie_info_idx,7041
movie_info_idx,7042
movie_info_idx,7043
movie_info_idx,7044
movie_info_idx,7045
movie_info_idx,7046
movie_info_idx,7047
movie_info_idx,7048
movie_info_idx,7049
movie_info_idx,7050
movie_info_idx,7051
movie_info_idx,7052
movie_info_idx,7053
movie_info_idx,7054
movie_info_idx,7055
movie_info_idx,7056
movie_info_idx,7057
movie_info_idx,7058
movie_info_idx,7059
movie_info_idx,7060
movie_info_idx,7061
movie_info_idx,7062
movie_info_idx,7063
movie_info_idx,7064
movie_info_idx,7065
movie_info_idx,7066
movie_info_idx,7067
movie_info_idx,7068
movie_info_idx,7069
movie_info_idx,7070
movie_info_idx,7071
movie_info_idx,7072
movie_info_idx,7073
movie_info_idx,7074
movie_info_idx,7075
movie_info_idx,7076
movie_info_idx,7077
movie_info_idx,7078
movie_info_idx,7079
movie_info_idx,7080
movie_info_idx,7081
movie_info_idx,7082
movie_info_idx,7083
movie_info_idx,7084
movie_info_idx,7085
movie_info_idx,7086
movie_info_idx,7087
movie_info_idx,7088
movie_info_idx,7089
movie_info_idx,7090
movie_info_idx,7091
movie_info_idx,7092
movie_info_idx,7093
movie_info_idx,7094
movie_info_idx,7095
movie_info_idx,7096
movie_info_idx,7097
movie_info_idx,7098
movie_info_idx,7099
movie_info_idx,7100
movie_info_idx,7101
movie_info_idx,7102
movie_info_idx,7103
movie_info_idx,7104
movie_info_idx,7105
movie_info_idx,7106
movie_info_idx,7107
movie_info_idx,7108
movie_info_idx,7109
movie_info_idx,7110
movie_info_idx,7111
movie_info_idx,7112
movie_info_idx,7113
movie_info_idx,7114
movie_info_idx,7115
movie_info_idx,7116
movie_info_idx,7117
movie_info_idx,7118
movie_info_idx,7119
movie_info_idx,7120
movie_info_idx,7121
movie_info_idx,7122
movie_info_idx,7123
movie_info_idx,7124
movie_info_idx,7125
movie_info_idx,7126
movie_info_idx,7127
movie_info_idx,7128
movie_info_idx,7129
movie_info_idx,7130
movie_info_idx,7131
movie_info_idx,7132
movie_info_idx,7133
movie_info_idx,7134
movie_info_idx,7135
movie_info_idx,7136
movie_info_idx,7137
movie_info_idx,7138
movie_info_idx,7139
movie_info_idx,7140
movie_info_idx,7141
movie_info_idx,7142
movie_info_idx,7143
movie_info_idx,7144
movie_info_idx,7145
movie_info_idx,7146
movie_info_idx,7147
movie_info_idx,7148
movie_info_idx,7149
movie_info_idx,7150
movie_info_idx,7151
movie_info_idx,7152
movie_info_idx,7153
movie_info_idx,7154
movie_info_idx,7155
movie_info_idx,7156
movie_info_idx,7157
movie_info_idx,7158
movie_info_idx,7159
movie_info_idx,7160
movie_info_idx,7161
movie_info_idx,7162
movie_info_idx,7163
movie_info_idx,7164
movie_info_idx,7165
movie_info_idx,7166
movie_info_idx,7167
movie_info_idx,7168
movie_info_idx,7169
movie_info_idx,7170
movie_info_idx,7171
movie_info_idx,7172
movie_info_idx,7173
movie_info_idx,7174
movie_info_idx,7175
movie_info_idx,7176
movie_info_idx,7177
movie_info_idx,7178
movie_info_idx,7179
movie_info_idx,7180
movie_info_idx,7181
movie_info_idx,7182
movie_info_idx,7183
movie_info_idx,7184
movie_info_idx,7185
movie_info_idx,7186
movie_info_idx,7187
movie_info_idx,7188
movie_info_idx,7189
movie_info_idx,7190
movie_info_idx,7191
movie_info_idx,7192
movie_info_idx,7193
movie_info_idx,7194
movie_info_idx,7195
movie_info_idx,7196
movie_info_idx,7197
movie_info_idx,7198
movie_info_idx,7199
movie_info_idx,7200
movie_info_idx,7201
movie_info_idx,7202
movie_info_idx,7203
movie_info_idx,7204
movie_info_idx,7205
movie_info_idx,7206
movie_info_idx,7207
movie_info_idx,7208
movie_info_idx,7209
movie_info_idx,7210
movie_info_idx,7211
movie_info_idx,7212
movie_info_idx,7213
movie_info_idx,7214
movie_info_idx,7215
movie_info_idx,7216
movie_info_idx,7217
movie_info_idx,7218
movie_info_idx,7219
movie_info_idx,7220
movie_info_idx,7221
movie_info_idx,7222
movie_info_idx,7223
movie_info_idx,7224
movie_info_idx,7225
movie_info_idx,7226
movie_info_idx,7227
movie_info_idx,7228
movie_info_idx,7229
movie_info_idx,7230
movie_info_idx,7231
movie_info_idx,7232
movie_info_idx,7233
movie_info_idx,7234
movie_info_idx,7235
movie_info_idx,7236
movie_info_idx,7237
movie_info_idx,7238
movie_info_idx,7239
movie_info_idx,7240
movie_info_idx,7241
movie_info_idx,7242
movie_info_idx,7243
movie_info_idx,7244
movie_info_idx,7245
movie_info_idx,7246
movie_info_idx,7247
movie_info_idx,7248
movie_info_idx,7249
movie_info_idx,7250
movie_info_idx,7251
movie_info_idx,7252
movie_info_idx,7253
movie_info_idx,7254
movie_info_idx,7255
movie_info_idx,7256
movie_info_idx,7257
movie_info_idx,7258
movie_info_idx,7259
movie_info_idx,7260
movie_info_idx,7261
movie_info_idx,7262
movie_info_idx,7263
movie_info_idx,7264
movie_info_idx,7265
movie_info_idx,7266
movie_info_idx,7267
movie_info_idx,7268
movie_info_idx,7269
movie_info_idx,7270
movie_info_idx,7271
movie_info_idx,7272
movie_info_idx,7273
movie_info_idx,7274
movie_info_idx,7275
movie_info_idx,7276
movie_info_idx,7277
movie_info_idx,7278
movie_info_idx,7279
movie_info_idx,7280
movie_info_idx,7281
movie_info_idx,7282
movie_info_idx,7283
movie_info_idx,7284
movie_info_idx,7285
movie_info_idx,7286
movie_info_idx,7287
movie_info_idx,7288
movie_info_idx,7289
movie_info_idx,7290
movie_info_idx,7291
movie_info_idx,7292
movie_info_idx,7293
movie_info_idx,7294
movie_info_idx,7295
movie_info_idx,7296
movie_info_idx,7297
movie_info_idx,7298
movie_info_idx,7299
movie_info_idx,7300
movie_info_idx,7301
movie_info_idx,7302
movie_info_idx,7303
movie_info_idx,7304
movie_info_idx,7305
movie_info_idx,7306
movie_info_idx,7307
movie_info_idx,7308
movie_info_idx,7309
movie_info_idx,7310
movie_info_idx,7311
movie_info_idx,7312
movie_info_idx,7313
movie_info_idx,7314
movie_info_idx,7315
movie_info_idx,7316
movie_info_idx,7317
movie_info_idx,7318
movie_info_idx,7319
movie_info_idx,7320
movie_info_idx,7321
movie_info_idx,7322
movie_info_idx,7323
movie_info_idx,7324
movie_info_idx,7325
movie_info_idx,7326
movie_info_idx,7327
movie_info_idx,7328
movie_info_idx,7329
movie_info_idx,7330
movie_info_idx,7331
movie_info_idx,7332
movie_info_idx,7333
movie_info_idx,7334
movie_info_idx,7335
movie_info_idx,7336
movie_info_idx,7337
movie_info_idx,7338
movie_info_idx,7339
movie_info_idx,7340
movie_info_idx,7341
movie_info_idx,7342
movie_info_idx,7343
movie_info_idx,7344
movie_info_idx,7345
movie_info_idx,7346
movie_info_idx,7347
movie_info_idx,7348
movie_info_idx,7349
movie_info_idx,7350
movie_info_idx,7351
movie_info_idx,7352
movie_info_idx,7353
movie_info_idx,7354
movie_info_idx,7355
movie_info_idx,7356
movie_info_idx,7357
movie_info_idx,7358
movie_info_idx,7359
movie_info_idx,7360
movie_info_idx,7361
movie_info_idx,7362
movie_info_idx,7363
movie_info_idx,7364
movie_info_idx,7365
movie_info_idx,7366
movie_info_idx,7367
movie_info_idx,7368
movie_info_idx,7369
movie_info_idx,7370
movie_info_idx,7371
movie_info_idx,7372
movie_info_idx,7373
movie_info_idx,7374
movie_info_idx,7375
movie_info_idx,7376
movie_info_idx,7377
movie_info_idx,7378
movie_info_idx,7379
movie_info_idx,7380
movie_info_idx,7381
movie_info_idx,7382
movie_info_idx,7383
movie_info_idx,7384
movie_info_idx,7385
movie_info_idx,7386
movie_info_idx,7387
movie_info_idx,7388
movie_info_idx,7389
movie_info_idx,7390
movie_info_idx,7391
movie_info_idx,7392
movie_info_idx,7393
movie_info_idx,7394
movie_info_idx,7395
movie_info_idx,7396
movie_info_idx,7397
movie_info_idx,7398
movie_info_idx,7399
movie_info_idx,7400
movie_info_idx,7401
movie_info_idx,7402
movie_info_idx,7403
movie_info_idx,7404
movie_info_idx,7405
movie_info_idx,7406
movie_info_idx,7407
movie_info_idx,7408
movie_info_idx,7409
movie_info_idx,7410
movie_info_idx,7411
movie_info_idx,7412
movie_info_idx,7413
movie_info_idx,7414
movie_info_idx,7415
movie_info_idx,7416
movie_info_idx,7417
movie_info_idx,7418
movie_info_idx,7419
movie_info_idx,7420
movie_info_idx,7421
movie_info_idx,7422
movie_info_idx,7423
movie_info_idx,7424
movie_info_idx,7425
movie_info_idx,7426
movie_info_idx,7427
movie_info_idx,7428
movie_info_idx,7429
movie_info_idx,7430
movie_info_idx,7431
movie_info_idx,7432
movie_info_idx,7433
movie_info_idx,7434
movie_info_idx,7435
movie_info_idx,7436
movie_info_idx,7437
movie_info_idx,7438
movie_info_idx,7439
movie_info_idx,7440
movie_info_idx,7441
movie_info_idx,7442
movie_info_idx,7443
movie_info_idx,7444
movie_info_idx,7445
movie_info_idx,7446
movie_info_idx,7447
movie_info_idx,7448
movie_info_idx,7449
movie_info_idx,7450
movie_info_idx,7451
movie_info_idx,7452
movie_info_idx,7453
movie_info_idx,7454
movie_info_idx,7455
movie_info_idx,7456
movie_info_idx,7457
movie_info_idx,7458
movie_info_idx,7459
movie_info_idx,7460
movie_info_idx,7461
movie_info_idx,7462
movie_info_idx,7463
movie_info_idx,7464
movie_info_idx,7465
movie_info_idx,7466
movie_info_idx,7467
movie_info_idx,7468
movie_info_idx,7469
movie_info_idx,7470
movie_info_idx,7471
movie_info_idx,7472
movie_info_idx,7473
movie_info_idx,7474
movie_info_idx,7475
movie_info_idx,7476
movie_info_idx,7477
movie_info_idx,7478
movie_info_idx,7479
movie_info_idx,7480
movie_info_idx,7481
movie_info_idx,7482
movie_info_idx,7483
movie_info_idx,7484
movie_info_idx,7485
movie_info_idx,7486
movie_info_idx,7487
movie_info_idx,7488
movie_info_idx,7489
movie_info_idx,7490
movie_info_idx,7491
movie_info_idx,7492
movie_info_idx,7493
movie_info_idx,7494
movie_info_idx,7495
movie_info_idx,7496
movie_info_idx,7497
movie_info_idx,7498
movie_info_idx,7499
movie_info_idx,7500
movie_info_idx,7501
movie_info_idx,7502
movie_info_idx,7503
movie_info_idx,7504
movie_info_idx,7505
movie_info_idx,7506
movie_info_idx,7507
movie_info_idx,7508
movie_info_idx,7509
movie_info_idx,7510
movie_info_idx,7511
movie_info_idx,7512
movie_info_idx,7513
movie_info_idx,7514
movie_info_idx,7515
movie_info_idx,7516
movie_info_idx,7517
movie_info_idx,7518
movie_info_idx,7519
movie_info_idx,7520
movie_info_idx,7521
movie_info_idx,7522
movie_info_idx,7523
movie_info_idx,7524
movie_info_idx,7525
movie_info_idx,7526
movie_info_idx,7527
movie_info_idx,7528
movie_info_idx,7529
movie_info_idx,7530
movie_info_idx,7531
movie_info_idx,7532
movie_info_idx,7533
movie_info_idx,7534
movie_info_idx,7535
movie_info_idx,7536
movie_info_idx,7537
movie_info_idx,7538
movie_info_idx,7539
movie_info_idx,7540
movie_info_idx,7541
movie_info_idx,7542
movie_info_idx,7543
movie_info_idx,7544
movie_info_idx,7545
movie_info_idx,7546
movie_info_idx,7547
movie_info_idx,7548
movie_info_idx,7549
movie_info_idx,7550
movie_info_idx,7551
movie_info_idx,7552
movie_info_idx,7553
movie_info_idx,7554
movie_info_idx,7555
movie_info_idx,7556
movie_info_idx,7557
movie_info_idx,7558
movie_info_idx,7559
movie_info_idx,7560
movie_info_idx,7561
movie_info_idx,7562
movie_info_idx,7563
movie_info_idx,7564
movie_info_idx,7565
movie_info_idx,7566
movie_info_idx,7567
movie_info_idx,7568
movie_info_idx,7569
movie_info_idx,7570
movie_info_idx,7571
movie_info_idx,7572
movie_info_idx,7573
movie_info_idx,7574
movie_info_idx,7575
movie_info_idx,7576
movie_info_idx,7577
movie_info_idx,7578
movie_info_idx,7579
movie_info_idx,7580
movie_info_idx,7581
movie_info_idx,7582
movie_info_idx,7583
movie_info_idx,7584
movie_info_idx,7585
movie_info_idx,7586
movie_info_idx,7587
movie_info_idx,7588
movie_info_idx,7589
movie_info_idx,7590
movie_info_idx,7591
movie_info_idx,7592
movie_info_idx,7593
movie_info_idx,7594
movie_info_idx,7595
movie_info_idx,7596
movie_info_idx,7597
movie_info_idx,7598
movie_info_idx,7599
movie_info_idx,7600
movie_info_idx,7601
movie_info_idx,7602
movie_info_idx,7603
movie_info_idx,7604
movie_info_idx,7605
movie_info_idx,7606
movie_info_idx,7607
movie_info_idx,7608
movie_info_idx,7609
movie_info_idx,7610
movie_info_idx,7611
movie_info_idx,7612
movie_info_idx,7613
movie_info_idx,7614
movie_info_idx,7615
movie_info_idx,7616
movie_info_idx,7617
movie_info_idx,7618
movie_info_idx,7619
movie_info_idx,7620
movie_info_idx,7621
movie_info_idx,7622
movie_info_idx,7623
movie_info_idx,7624
movie_info_idx,7625
movie_info_idx,7626
movie_info_idx,7627
movie_info_idx,7628
movie_info_idx,7629
movie_info_idx,7630
movie_info_idx,7631
movie_info_idx,7632
movie_info_idx,7633
movie_info_idx,7634
movie_info_idx,7635
movie_info_idx,7636
movie_info_idx,7637
movie_info_idx,7638
movie_info_idx,7639
movie_info_idx,7640
movie_info_idx,7641
movie_info_idx,7642
movie_info_idx,7643
movie_info_idx,7644
movie_info_idx,7645
movie_info_idx,7646
movie_info_idx,7647
movie_info_idx,7648
movie_info_idx,7649
movie_info_idx,7650
movie_info_idx,7651
movie_info_idx,7652
movie_info_idx,7653
movie_info_idx,7654
movie_info_idx,7655
movie_info_idx,7656
movie_info_idx,7657
movie_info_idx,7658
movie_info_idx,7659
movie_info_idx,7660
movie_info_idx,7661
movie_info_idx,7662
movie_info_idx,7663
movie_info_idx,7664
movie_info_idx,7665
movie_info_idx,7666
movie_info_idx,7667
movie_info_idx,7668
movie_info_idx,7669
movie_info_idx,7670
movie_info_idx,7671
movie_info_idx,7672
movie_info_idx,7673
movie_info_idx,7674
movie_info_idx,7675
movie_info_idx,7676
movie_info_idx,7677
movie_info_idx,7678
movie_info_idx,7679
movie_info_idx,7680
movie_info_idx,7681
movie_info_idx,7682
movie_info_idx,7683
movie_info_idx,7684
movie_info_idx,7685
movie_info_idx,7686
movie_info_idx,7687
movie_info_idx,7688
movie_info_idx,7689
movie_info_idx,7690
movie_info_idx,7691
movie_info_idx,7692
movie_info_idx,7693
movie_info_idx,7694
movie_info_idx,7695
movie_info_idx,7696
movie_info_idx,7697
movie_info_idx,7698
movie_info_idx,7699
movie_info_idx,7700
movie_info_idx,7701
movie_info_idx,7702
movie_info_idx,7703
movie_info_idx,7704
movie_info_idx,7705
movie_info_idx,7706
movie_info_idx,7707
movie_info_idx,7708
movie_info_idx,7709
movie_info_idx,7710
movie_info_idx,7711
movie_info_idx,7712
movie_info_idx,7713
movie_info_idx,7714
movie_info_idx,7715
movie_info_idx,7716
movie_info_idx,7717
movie_info_idx,7718
movie_info_idx,7719
movie_info_idx,7720
movie_info_idx,7721
movie_info_idx,7722
movie_info_idx,7723
movie_info_idx,7724
movie_info_idx,7725
movie_info_idx,7726
movie_info_idx,7727
movie_info_idx,7728
movie_info_idx,7729
movie_info_idx,7730
movie_info_idx,7731
movie_info_idx,7732
movie_info_idx,7733
movie_info_idx,7734
movie_info_idx,7735
movie_info_idx,7736
movie_info_idx,7737
movie_info_idx,7738
movie_info_idx,7739
movie_info_idx,7740
movie_info_idx,7741
movie_info_idx,7742
movie_info_idx,7743
movie_info_idx,7744
movie_info_idx,7745
movie_info_idx,7746
movie_info_idx,7747
movie_info_idx,7748
movie_info_idx,7749
movie_info_idx,7750
movie_info_idx,7751
movie_info_idx,7752
movie_info_idx,7753
movie_info_idx,7754
movie_info_idx,7755
movie_info_idx,7756
movie_info_idx,7757
movie_info_idx,7758
movie_info_idx,7759
movie_info_idx,7760
movie_info_idx,7761
movie_info_idx,7762
movie_info_idx,7763
movie_info_idx,7764
movie_info_idx,7765
movie_info_idx,7766
movie_info_idx,7767
movie_info_idx,7768
movie_info_idx,7769
movie_info_idx,7770
movie_info_idx,7771
movie_info_idx,7772
movie_info_idx,7773
movie_info_idx,7774
movie_info_idx,7775
movie_info_idx,7776
movie_info_idx,7777
movie_info_idx,7778
movie_info_idx,7779
movie_info_idx,7780
movie_info_idx,7781
movie_info_idx,7782
movie_info_idx,7783
movie_info_idx,7784
movie_info_idx,7785
movie_info_idx,7786
movie_info_idx,7787
movie_info_idx,7788
movie_info_idx,7789
movie_info_idx,7790
movie_info_idx,7791
movie_info_idx,7792
movie_info_idx,7793
movie_info_idx,7794
movie_info_idx,7795
movie_info_idx,7796
movie_info_idx,7797
movie_info_idx,7798
movie_info_idx,7799
movie_info_idx,7800
movie_info_idx,7801
movie_info_idx,7802
movie_info_idx,7803
movie_info_idx,7804
movie_info_idx,7805
movie_info_idx,7806
movie_info_idx,7807
movie_info_idx,7808
movie_info_idx,7809
movie_info_idx,7810
movie_info_idx,7811
movie_info_idx,7812
movie_info_idx,7813
movie_info_idx,7814
movie_info_idx,7815
movie_info_idx,7816
movie_info_idx,7817
movie_info_idx,7818
movie_info_idx,7819
movie_info_idx,7820
movie_info_idx,7821
movie_info_idx,7822
movie_info_idx,7823
movie_info_idx,7824
movie_info_idx,7825
movie_info_idx,7826
movie_info_idx,7827
movie_info_idx,7828
movie_info_idx,7829
movie_info_idx,7830
movie_info_idx,7831
movie_info_idx,7832
movie_info_idx,7833
movie_info_idx,7834
movie_info_idx,7835
movie_info_idx,7836
movie_info_idx,7837
movie_info_idx,7838
movie_info_idx,7839
movie_info_idx,7840
movie_info_idx,7841
movie_info_idx,7842
movie_info_idx,7843
movie_info_idx,7844
movie_info_idx,7845
movie_info_idx,7846
movie_info_idx,7847
movie_info_idx,7848
movie_info_idx,7849
movie_info_idx,7850
movie_info_idx,7851
movie_info_idx,7852
movie_info_idx,7853
movie_info_idx,7854
movie_info_idx,7855
movie_info_idx,7856
movie_info_idx,7857
movie_info_idx,7858
movie_info_idx,7859
movie_info_idx,7860
movie_info_idx,7861
movie_info_idx,7862
movie_info_idx,7863
movie_info_idx,7864
movie_info_idx,7865
movie_info_idx,7866
movie_info_idx,7867
movie_info_idx,7868
movie_info_idx,7869
movie_info_idx,7870
movie_info_idx,7871
movie_info_idx,7872
movie_info_idx,7873
movie_info_idx,7874
movie_info_idx,7875
movie_info_idx,7876
movie_info_idx,7877
movie_info_idx,7878
movie_info_idx,7879
movie_info_idx,7880
movie_info_idx,7881
movie_info_idx,7882
movie_info_idx,7883
movie_info_idx,7884
movie_info_idx,7885
movie_info_idx,7886
movie_info_idx,7887
movie_info_idx,7888
movie_info_idx,7889
movie_info_idx,7890
movie_info_idx,7891
movie_info_idx,7892
movie_info_idx,7893
movie_info_idx,7894
movie_info_idx,7895
movie_info_idx,7896
movie_info_idx,7897
movie_info_idx,7898
movie_info_idx,7899
movie_info_idx,7900
movie_info_idx,7901
movie_info_idx,7902
movie_info_idx,7903
movie_info_idx,7904
movie_info_idx,7905
movie_info_idx,7906
movie_info_idx,7907
movie_info_idx,7908
movie_info_idx,7909
movie_info_idx,7910
movie_info_idx,7911
movie_info_idx,7912
movie_info_idx,7913
movie_info_idx,7914
movie_info_idx,7915
movie_info_idx,7916
movie_info_idx,7917
movie_info_idx,7918
movie_info_idx,7919
movie_info_idx,7920
movie_info_idx,7921
movie_info_idx,7922
movie_info_idx,7923
movie_info_idx,7924
movie_info_idx,7925
movie_info_idx,7926
movie_info_idx,7927
movie_info_idx,7928
movie_info_idx,7929
movie_info_idx,7930
movie_info_idx,7931
movie_info_idx,7932
movie_info_idx,7933
name,0
name,330
name,839
name,1093
name,1140
name,1274
name,1332
name,1434
name,1472
name,1891
name,2288
name,2298
name,2542
name,2968
name,3064
name,3086
name,3514
name,3533
name,3709
name,3875
name,4040
name,4308
name,5263
name,5347
name,5868
name,6096
name,6531
name,6540
name,7033
name,7152
name,7171
name,7182
name,7530
name,7856
name,8535
name,8646
name,8832
name,9063
name,9180
name,9300
name,9335
name,9344
name,9481
name,10133
name,10245
name,10300
name,10951
name,11123
name,11354
name,11589
name,12459
name,12566
name,12674
name,12902
name,12948
name,13218
name,13849
name,13995
name,14300
name,14996
name,15118
name,15215
name,15224
name,15753
name,15916
name,16017
name,16092
name,16383
name,16487
name,16619
name,16757
name,16930
name,17089
name,17208
name,17325
name,17339
name,17368
name,17409
name,17880
name,17915
name,18072
name,18217
name,18320
name,18425
name,18435
name,18726
name,18848
name,19002
name,19248
name,19547
name,19627
name,19877
name,20043
name,20188
name,20217
name,20420
name,20792
name,21012
name,22614
name,22743
name,23865
name,25458
name,26303
name,26497
name,27103
name,28189
name,28207
name,31996
name,34112
name,36330
name,36354
name,36493
name,36610
name,36689
name,36732
name,36831
name,36851
name,36925
name,36973
name,37035
name,37109
name,37149
name,37263
name,37282
name,37481
name,37681
name,37722
name,37817
name,38004
name,38109
name,38135
name,38520
name,38743
name,38787
name,38866
name,38877
name,38899
name,38914
name,38981
name,38983
name,38999
name,39019
name,39020
name,39047
name,39152
name,39159
name,39377
name,39455
name,39701
name,39748
name,39837
name,39845
name,39850
name,39904
name,39996
name,40036
name,40105
name,40176
name,40202
name,40289
name,40297
name,40399
name,40690
name,40819
name,40871
name,40929
name,40935
name,40965
name,40984
name,40999
name,41014
name,41072
name,41155
name,41173
name,41178
name,41236
name,41285
name,41312
name,41355
name,41405
name,41449
name,41478
name,41522
name,41565
name,41573
name,41578
name,41660
name,41718
name,41720
name,41761
name,41915
name,42165
name,42223
name,42241
name,42355
name,42379
name,42390
name,42479
name,42543
name,42565
name,42636
name,42691
name,42748
name,42754
name,43084
name,43131
name,43166
name,43172
pg_aggregate,0
pg_am,0
pg_amop,0
pg_amop,1
pg_amop,2
pg_amop,3
pg_amop,4
pg_amproc,0
pg_amproc,1
pg_amproc,2
pg_amproc,3
pg_amproc,4
pg_cast,0
pg_cast,1
pg_index,0
pg_index,1
pg_index,2
pg_index,3
pg_index,4
pg_namespace,0
pg_opclass,0
pg_opclass,1
pg_operator,0
pg_operator,1
pg_operator,2
pg_operator,3
pg_operator,4
pg_operator,5
pg_operator,6
pg_operator,7
pg_operator,8
pg_operator,9
pg_operator,10
pg_operator,11
pg_operator,12
pg_operator,13
pg_rewrite,12
pg_statistic,0
pg_statistic,5
pg_statistic,6
pg_statistic,12
pg_statistic,25
pg_statistic,26
pg_statistic,27
pg_statistic,28
pg_statistic,29
pg_statistic,31
pg_statistic,32
pg_statistic,35
pg_statistic,38
pg_statistic,44
title,0
title,1
title,6
title,10
title,14
title,15
title,17
title,20
title,23
title,24
title,31
title,39
title,43
title,44
title,46
title,52
title,55
title,57
title,58
title,59
title,60
title,64
title,70
title,75
title,77
title,82
title,84
title,90
title,92
title,94
title,97
title,101
title,102
title,108
title,122
title,123
title,124
title,126
title,130
title,132
title,134
title,135
title,143
title,148
title,152
title,155
title,160
title,162
title,163
title,169
title,170
title,174
title,178
title,180
title,182
title,184
title,192
title,198
title,206
title,211
title,213
title,214
title,215
title,216
title,220
title,221
title,222
title,227
title,229
title,231
title,233
title,235
title,240
title,243
title,245
title,246
title,252
title,253
title,259
title,262
title,263
title,267
title,268
title,270
title,272
title,275
title,277
title,278
title,280
title,284
title,286
title,294
title,299
title,300
title,303
title,304
title,308
title,312
title,313
title,317
title,319
title,321
title,325
title,326
title,327
title,332
title,333
title,335
title,336
title,337
title,345
title,353
title,355
title,368
title,369
title,371
title,377
title,383
title,386
title,389
title,391
title,393
title,398
title,399
title,401
title,406
title,409
title,410
title,412
title,417
title,419
title,420
title,421
title,423
title,430
title,435
title,436
title,437
title,438
title,442
title,443
title,445
title,449
title,450
title,454
title,460
title,461
title,466
title,468
title,470
title,474
title,475
title,477
title,479
title,483
title,484
title,485
title,486
title,487
title,491
title,493
title,494
title,496
title,499
title,502
title,509
title,510
title,512
title,515
title,527
title,528
title,529
title,532
title,543
title,544
title,546
title,550
title,552
title,556
title,558
title,559
title,560
title,561
title,562
title,564
title,565
title,568
title,569
title,570
title,577
title,578
title,580
title,583
title,584
title,586
title,587
title,591
title,593
title,594
title,595
title,596
title,597
title,598
title,602
title,603
title,605
title,608
title,617
title,620
title,628
title,629
title,630
title,631
title,632
title,634
title,635
title,636
title,637
title,638
title,639
title,640
title,643
title,646
title,648
title,650
title,662
title,663
title,664
title,666
title,667
title,669
title,672
title,674
title,676
title,677
title,680
title,681
title,682
title,683
title,689
title,691
title,692
title,693
title,694
title,695
title,697
title,698
title,700
title,710
title,711
title,713
title,716
title,718
title,721
title,725
title,727
title,728
title,729
title,731
title,732
title,734
title,736
title,739
title,740
title,741
title,746
title,748
title,751
title,754
title,760
title,761
title,764
title,767
title,768
title,770
title,776
title,778
title,782
title,786
title,787
title,792
title,794
title,795
title,796
title,797
title,800
title,802
title,803
title,809
title,810
title,814
title,815
title,817
title,822
title,825
title,826
title,833
title,834
title,839
title,840
title,842
title,846
title,851
title,852
title,858
title,864
title,865
title,866
title,868
title,870
title,871
title,872
title,873
title,877
title,879
title,881
title,882
title,890
title,891
title,892
title,898
title,901
title,903
title,905
title,910
title,913
title,915
title,919
title,923
title,929
title,930
title,932
title,936
title,937
title,940
title,941
title,945
title,947
title,948
title,950
title,951
title,954
title,956
title,957
title,959
title,960
title,961
title,962
title,966
title,967
title,971
title,976
title,978
title,982
title,983
title,985
title,988
title,990
title,992
title,993
title,994
title,995
title,1004
title,1006
title,1010
title,1017
title,1023
title,1024
title,1026
title,1028
title,1029
title,1032
title,1033
title,1036
title,1037
title,1038
title,1044
title,1048
title,1051
title,1055
title,1057
title,1061
title,1070
title,1074
title,1077
title,1079
title,1082
title,1083
title,1084
title,1085
title,1087
title,1088
title,1090
title,1091
title,1093
title,1094
title,1096
title,1097
title,1099
title,1103
title,1106
title,1108
title,1111
title,1112
title,1114
title,1115
title,1116
title,1118
title,1119
title,1120
title,1122
title,1125
title,1129
title,1130
title,1131
title,1132
title,1135
title,1140
title,1142
title,1144
title,1150
title,1153
title,1157
title,1159
title,1163
title,1164
title,1167
title,1175
title,1176
title,1177
title,1184
title,1187
title,1188
title,1193
title,1197
title,1198
title,1203
title,1205
title,1206
title,1209
title,1212
title,1213
title,1219
title,1220
title,1227
title,1234
title,1236
title,1238
title,1239
title,1240
title,1242
title,1243
title,1244
title,1249
title,1252
title,1253
title,1255
title,1261
title,1262
title,1263
title,1264
title,1269
title,1273
title,1274
title,1275
title,1276
title,1278
title,1279
title,1282
title,1287
title,1288
title,1289
title,1290
title,1292
title,1293
title,1295
title,1297
title,1300
title,1303
title,1305
title,1309
title,1317
title,1318
title,1319
title,1322
title,1325
title,1326
title,1328
title,1329
title,1330
title,1335
title,1341
title,1348
title,1349
title,1352
title,1353
title,1354
title,1355
title,1356
title,1357
title,1359
title,1361
title,1363
title,1365
title,1366
title,1369
title,1371
title,1375
title,1376
title,1380
title,1388
title,1393
title,1395
title,1398
title,1399
title,1400
title,1405
title,1406
title,1408
title,1410
title,1412
title,1416
title,1417
title,1420
title,1421
title,1423
title,1426
title,1429
title,1430
title,1432
title,1433
title,1434
title,1436
title,1438
title,1442
title,1445
title,1449
title,1451
title,1456
title,1457
title,1459
title,1463
title,1465
title,1466
title,1468
title,1470
title,1471
title,1478
title,1479
title,1486
title,1489
title,1490
title,1492
title,1494
title,1496
title,1502
title,1509
title,1510
title,1512
title,1515
title,1519
title,1532
title,1533
title,1535
title,1537
title,1538
title,1540
title,1542
title,1544
title,1546
title,1547
title,1549
title,1553
title,1555
title,1557
title,1558
title,1563
title,1565
title,1566
title,1567
title,1568
title,1569
title,1570
title,1571
title,1573
title,1575
title,1576
title,1579
title,1581
title,1582
title,1583
title,1586
title,1591
title,1593
title,1595
title,1596
title,1598
title,1603
title,1606
title,1609
title,1610
title,1615
title,1617
title,1622
title,1627
title,1628
title,1631
title,1636
title,1639
title,1642
title,1643
title,1649
title,1651
title,1654
title,1656
title,1665
title,1668
title,1670
title,1671
title,1673
title,1674
title,1675
title,1677
title,1684
title,1686
title,1689
title,1692
title,1693
title,1697
title,1701
title,1703
title,1705
title,1708
title,1709
title,1710
title,1715
title,1720
title,1721
title,1723
title,1726
title,1730
title,1731
title,1732
title,1733
title,1739
title,1741
title,1745
title,1751
title,1755
title,1758
title,1759
title,1762
title,1764
title,1765
title,1767
title,1768
title,1769
title,1770
title,1771
title,1777
title,1779
title,1790
title,1791
title,1792
title,1799
title,1801
title,1802
title,1806
title,1810
title,1814
title,1819
title,1822
title,1824
title,1825
title,1826
title,1830
title,1833
title,1834
title,1835
title,1836
title,1840
title,1843
title,1846
title,1857
title,1858
title,1859
title,1860
title,1861
title,1868
title,1870
title,1878
title,1885
title,1888
title,1890
title,1896
title,1897
title,1898
title,1902
title,1903
title,1904
title,1906
title,1907
title,1908
title,1913
title,1919
title,1923
title,1928
title,1931
title,1932
title,1936
title,1937
title,1939
title,1941
title,1942
title,1947
title,1949
title,1950
title,1957
title,1960
title,1962
title,1964
title,1972
title,1975
title,1977
title,1978
title,1979
title,1980
title,1981
title,1983
title,1985
title,1986
title,1988
title,1990
title,1994
title,1996
title,1998
title,1999
title,2003
title,2004
title,2005
title,2006
title,2011
title,2012
title,2013
title,2014
title,2015
title,2018
title,2019
title,2020
title,2021
title,2024
title,2025
title,2028
title,2031
title,2033
title,2034
title,2036
title,2037
title,2038
title,2039
title,2040
title,2043
title,2044
title,2045
title,2047
title,2048
title,2049
title,2051
title,2052
title,2054
title,2055
title,2056
title,2057
title,2061
title,2062
title,2064
title,2067
title,2068
title,2069
title,2070
title,2071
title,2073
title,2076
title,2077
title,2085
title,2086
title,2087
title,2091
title,2093
title,2094
title,2101
title,2103
title,2104
title,2108
title,2110
title,2111
title,2113
title,2115
title,2117
title,2121
title,2123
title,2124
title,2127
title,2128
title,2134
title,2137
title,2139
title,2140
title,2144
title,2154
title,2158
title,2168
title,2170
title,2171
title,2172
title,2177
title,2178
title,2182
title,2186
title,2187
title,2188
title,2190
title,2191
title,2201
title,2202
title,2203
title,2204
title,2208
title,2211
title,2216
title,2217
title,2218
title,2223
title,2231
title,2242
title,2243
title,2247
title,2253
title,2257
title,2258
title,2262
title,2263
title,2267
title,2269
title,2270
title,2272
title,2276
title,2287
title,2291
title,2293
title,2295
title,2298
title,2300
title,2301
title,2303
title,2304
title,2307
title,2309
title,2310
title,2313
title,2314
title,2315
title,2317
title,2320
title,2327
title,2329
title,2330
title,2336
title,2341
title,2343
title,2345
title,2346
title,2351
title,2354
title,2357
title,2363
title,2367
title,2368
title,2371
title,2382
title,2384
title,2386
title,2389
title,2390
title,2391
title,2392
title,2394
title,2398
title,2401
title,2402
title,2411
title,2414
title,2416
title,2420
title,2424
title,2426
title,2429
title,2432
title,2435
title,2436
title,2437
title,2439
title,2445
title,2447
title,2449
title,2451
title,2452
title,2454
title,2455
title,2458
title,2464
title,2466
title,2473
title,2474
title,2475
title,2477
title,2479
title,2485
title,2486
title,2487
title,2488
title,2490
title,2492
title,2493
title,2496
title,2497
title,2503
title,2504
title,2508
title,2517
title,2518
title,2519
title,2520
title,2524
title,2525
title,2526
title,2528
title,2530
title,2534
title,2536
title,2537
title,2539
title,2541
title,2542
title,2544
title,2548
title,2549
title,2552
title,2553
title,2559
title,2563
title,2566
title,2568
title,2572
title,2573
title,2574
title,2577
title,2584
title,2587
title,2588
title,2589
title,2592
title,2595
title,2599
title,2603
title,2606
title,2613
title,2615
title,2618
title,2619
title,2625
title,2628
title,2630
title,2634
title,2637
title,2639
title,2641
title,2642
title,2645
title,2649
title,2650
title,2652
title,2655
title,2657
title,2659
title,2660
title,2662
title,2665
title,2666
title,2667
title,2669
title,2672
title,2673
title,2675
title,2676
title,2678
title,2679
title,2680
title,2683
title,2684
title,2687
title,2688
title,2690
title,2693
title,2695
title,2696
title,2699
title,2701
title,2707
title,2709
title,2713
title,2714
title,2718
title,2724
title,2727
title,2728
title,2729
title,2734
title,2735
title,2738
title,2747
title,2748
title,2757
title,2761
title,2763
title,2765
title,2768
title,2771
title,2773
title,2778
title,2779
title,2780
title,2782
title,2784
title,2788
title,2790
title,2791
title,2793
title,2795
title,2796
title,2799
title,2804
title,2805
title,2806
title,2808
title,2809
title,2810
title,2814
title,2815
title,2817
title,2820
title,2824
title,2825
title,2832
title,2833
title,2834
title,2835
title,2836
title,2839
title,2840
title,2841
title,2843
title,2847
title,2849
title,2853
title,2857
title,2860
title,2863
title,2865
title,2867
title,2868
title,2870
title,2871
title,2874
title,2878
title,2880
title,2882
title,2884
title,2891
title,2892
title,2894
title,2895
title,2896
title,2901
title,2903
title,2912
title,2914
title,2915
title,2917
title,2921
title,2927
title,2929
title,2930
title,2933
title,2934
title,2935
title,2936
title,2938
title,2942
title,2946
title,2947
title,2950
title,2952
title,2954
title,2958
title,2960
title,2961
title,2962
title,2967
title,2968
title,2969
title,2970
title,2976
title,2977
title,2978
title,2982
title,2985
title,2987
title,2988
title,2991
title,2992
title,2993
title,2994
title,2998
title,3001
title,3003
title,3006
title,3008
title,3010
title,3018
title,3020
title,3021
title,3023
title,3031
title,3033
title,3035
title,3037
title,3039
title,3044
title,3047
title,3051
title,3052
title,3053
title,3057
title,3059
title,3065
title,3066
title,3067
title,3068
title,3069
title,3070
title,3071
title,3073
title,3077
title,3078
title,3084
title,3085
title,3086
title,3087
title,3092
title,3094
title,3097
title,3098
title,3102
title,3106
title,3109
title,3110
title,3111
title,3113
title,3116
title,3119
title,3120
title,3124
title,3125
title,3126
title,3127
title,3129
title,3131
title,3133
title,3134
title,3136
title,3138
title,3139
title,3140
title,3141
title,3142
title,3144
title,3145
title,3146
title,3147
title,3148
title,3149
title,3151
title,3155
title,3157
title,3159
title,3163
title,3164
title,3168
title,3169
title,3172
title,3175
title,3176
title,3182
title,3185
title,3187
title,3191
title,3192
title,3195
title,3197
title,3202
title,3210
title,3214
title,3216
title,3218
title,3221
title,3222
title,3225
title,3226
title,3229
title,3231
title,3237
title,3240
title,3241
title,3242
title,3243
title,3246
title,3247
title,3249
title,3250
title,3252
title,3253
title,3255
title,3264
title,3266
title,3267
title,3269
title,3270
title,3271
title,3274
title,3278
title,3279
title,3280
title,3283
title,3287
title,3289
title,3290
title,3291
title,3293
title,3295
title,3297
title,3302
title,3304
title,3306
title,3308
title,3311
title,3314
title,3315
title,3317
title,3322
title,3323
title,3326
title,3328
title,3330
title,3333
title,3334
title,3335
title,3336
title,3337
title,3339
title,3342
title,3346
title,3350
title,3351
title,3352
title,3357
title,3358
title,3359
title,3362
title,3363
title,3367
title,3369
title,3371
title,3372
title,3375
title,3376
title,3377
title,3382
title,3385
title,3386
title,3388
title,3389
title,3390
title,3391
title,3392
title,3394
title,3400
title,3401
title,3402
title,3404
title,3407
title,3410
title,3413
title,3415
title,3425
title,3427
title,3431
title,3433
title,3436
title,3437
title,3439
title,3441
title,3442
title,3444
title,3448
title,3449
title,3455
title,3456
title,3458
title,3467
title,3469
title,3470
title,3474
title,3477
title,3480
title,3481
title,3482
title,3485
title,3487
title,3488
title,3490
title,3493
title,3494
title,3497
title,3498
title,3504
title,3507
title,3508
title,3512
title,3514
title,3518
title,3522
title,3526
title,3527
title,3533
title,3534
title,3536
title,3537
title,3538
title,3539
title,3543
title,3544
title,3548
title,3550
title,3552
title,3554
title,3561
title,3562
title,3563
title,3565
title,3566
title,3567
title,3568
title,3571
title,3574
title,3580
title,3582
title,3583
title,3584
title,3587
title,3588
title,3594
title,3595
title,3598
title,3600
title,3602
title,3604
title,3605
title,3608
title,3611
title,3614
title,3615
title,3619
title,3620
title,3622
title,3625
title,3626
title,3627
title,3628
title,3629
title,3630
title,3631
title,3634
title,3636
title,3637
title,3639
title,3641
title,3642
title,3643
title,3644
title,3645
title,3647
title,3648
title,3651
title,3656
title,3657
title,3660
title,3662
title,3665
title,3666
title,3668
title,3670
title,3672
title,3675
title,3676
title,3679
title,3683
title,3684
title,3685
title,3687
title,3688
title,3689
title,3694
title,3699
title,3700
title,3702
title,3706
title,3709
title,3710
title,3711
title,3713
title,3714
title,3715
title,3718
title,3720
title,3721
title,3722
title,3724
title,3725
title,3726
title,3727
title,3728
title,3731
title,3732
title,3733
title,3734
title,3735
title,3739
title,3741
title,3742
title,3744
title,3748
title,3749
title,3750
title,3751
title,3752
title,3755
title,3756
title,3758
title,3761
title,3762
title,3765
title,3768
title,3769
title,3772
title,3774
title,3775
title,3778
title,3779
title,3780
title,3783
title,3784
title,3787
title,3788
title,3789
title,3791
title,3793
title,3794
title,3795
title,3796
title,3798
title,3800
title,3801
title,3805
title,3808
title,3809
title,3810
title,3811
title,3814
title,3815
title,3816
title,3817
title,3819
title,3820
title,3821
title,3825
title,3827
title,3833
title,3834
title,3836
title,3837
title,3839
title,3840
title,3843
title,3847
title,3850
title,3853
title,3854
title,3856
title,3860
title,3862
title,3864
title,3866
title,3867
title,3868
title,3870
title,3871
title,3873
title,3877
title,3880
title,3882
title,3883
title,3886
title,3889
title,3890
title,3891
title,3893
title,3900
title,3904
title,3906
title,3907
title,3909
title,3910
title,3917
title,3918
title,3919
title,3924
title,3930
title,3931
title,3932
title,3934
title,3937
title,3941
title,3942
title,3947
title,3948
title,3949
title,3951
title,3952
title,3954
title,3956
title,3960
title,3962
title,3964
title,3967
title,3969
title,3970
title,3971
title,3972
title,3975
title,3976
title,3983
title,3984
title,3991
title,3992
title,3993
title,3995
title,3996
title,4002
title,4004
title,4006
title,4007
title,4008
title,4012
title,4014
title,4016
title,4021
title,4023
title,4030
title,4032
title,4033
title,4035
title,4038
title,4039
title,4040
title,4043
title,4044
title,4048
title,4049
title,4051
title,4052
title,4054
title,4057
title,4059
title,4062
title,4063
title,4066
title,4067
title,4068
title,4069
title,4077
title,4084
title,4087
title,4088
title,4092
title,4094
title,4095
title,4100
title,4104
title,4106
title,4110
title,4111
title,4113
title,4115
title,4116
title,4118
title,4119
title,4127
title,4129
title,4131
title,4134
title,4139
title,4140
title,4141
title,4145
title,4157
title,4162
title,4163
title,4165
title,4168
title,4174
title,4175
title,4176
title,4178
title,4180
title,4182
title,4185
title,4186
title,4189
title,4190
title,4191
title,4193
title,4195
title,4196
title,4197
title,4200
title,4203
title,4207
title,4209
title,4212
title,4213
title,4215
title,4222
title,4224
title,4225
title,4226
title,4229
title,4238
title,4244
title,4258
title,4259
title,4266
title,4267
title,4268
title,4269
title,4270
title,4271
title,4277
title,4278
title,4280
title,4281
title,4282
title,4283
title,4285
title,4286
title,4287
title,4288
title,4289
title,4294
title,4298
title,4299
title,4300
title,4301
title,4303
title,4304
title,4305
title,4306
title,4309
title,4310
title,4311
title,4313
title,4320
title,4321
title,4322
title,4324
title,4328
title,4331
title,4332
title,4333
title,4336
title,4337
title,4341
title,4345
title,4347
title,4350
title,4354
title,4356
title,4357
title,4359
title,4363
title,4367
title,4369
title,4373
title,4375
title,4380
title,4381
title,4382
title,4384
title,4390
title,4393
title,4396
title,4399
title,4400
title,4402
title,4403
title,4405
title,4406
title,4407
title,4413
title,4414
title,4417
title,4421
title,4423
title,4424
title,4425
title,4429
title,4432
title,4436
title,4437
title,4440
title,4441
title,4445
title,4446
title,4452
title,4453
title,4455
title,4457
title,4458
title,4459
title,4460
title,4462
title,4464
title,4466
title,4467
title,4469
title,4481
title,4485
title,4489
title,4493
title,4500
title,4501
title,4502
title,4505
title,4507
title,4509
title,4512
title,4515
title,4519
title,4521
title,4522
title,4523
title,4524
title,4529
title,4531
title,4532
title,4534
title,4537
title,4538
title,4543
title,4545
title,4554
title,4558
title,4562
title,4564
title,4565
title,4567
title,4572
title,4573
title,4574
title,4576
title,4580
title,4581
title,4583
title,4586
title,4587
title,4594
title,4600
title,4603
title,4604
title,4605
title,4606
title,4608
title,4609
title,4612
title,4618
title,4620
title,4621
title,4624
title,4626
title,4627
title,4630
title,4631
title,4633
title,4634
title,4636
title,4637
title,4642
title,4643
title,4646
title,4648
title,4649
title,4654
title,4655
title,4657
title,4660
title,4664
title,4666
title,4668
title,4671
title,4675
title,4679
title,4680
title,4685
title,4686
title,4688
title,4689
title,4690
title,4691
title,4692
title,4693
title,4696
title,4699
title,4700
title,4702
title,4703
title,4704
title,4705
title,4706
title,4709
title,4710
title,4715
title,4717
title,4721
title,4724
title,4731
title,4734
title,4742
title,4745
title,4747
title,4752
title,4753
title,4754
title,4755
title,4757
title,4758
title,4760
title,4766
title,4770
title,4771
title,4778
title,4779
title,4780
title,4781
title,4782
title,4783
title,4788
title,4790
title,4796
title,4797
title,4801
title,4803
title,4808
title,4809
title,4810
title,4811
title,4814
title,4816
title,4819
title,4820
title,4821
title,4825
title,4826
title,4827
title,4828
title,4830
title,4833
title,4834
title,4835
title,4838
title,4839
title,4840
title,4841
title,4847
title,4848
title,4849
title,4850
title,4851
title,4852
title,4855
title,4856
title,4858
title,4859
title,4862
title,4864
title,4866
title,4869
title,4872
title,4873
title,4876
title,4877
title,4881
title,4887
title,4890
title,4892
title,4894
title,4896
title,4903
title,4906
title,4907
title,4908
title,4910
title,4912
title,4914
title,4917
title,4918
title,4919
title,4920
title,4922
title,4932
title,4933
title,4936
title,4937
title,4938
title,4940
title,4942
title,4946
title,4949
title,4951
title,4954
title,4958
title,4959
title,4966
title,4967
title,4968
title,4972
title,4973
title,4977
title,4982
title,4984
title,4986
title,4989
title,4992
title,4993
title,4996
title,4997
title,4999
title,5000
title,5001
title,5014
title,5015
title,5020
title,5021
title,5022
title,5028
title,5030
title,5031
title,5032
title,5034
title,5035
title,5036
title,5038
title,5041
title,5045
title,5051
title,5059
title,5060
title,5061
title,5066
title,5068
title,5069
title,5070
title,5072
title,5081
title,5089
title,5093
title,5094
title,5097
title,5100
title,5102
title,5104
title,5105
title,5108
title,5111
title,5114
title,5121
title,5122
title,5123
title,5126
title,5127
title,5132
title,5134
title,5135
title,5141
title,5143
title,5145
title,5147
title,5148
title,5150
title,5151
title,5152
title,5155
title,5158
title,5159
title,5160
title,5161
title,5162
title,5166
title,5170
title,5172
title,5173
title,5177
title,5178
title,5180
title,5181
title,5183
title,5185
title,5186
title,5187
title,5188
title,5192
title,5197
title,5199
title,5205
title,5208
title,5209
title,5212
title,5214
title,5216
title,5217
title,5218
title,5220
title,5222
title,5226
title,5228
title,5231
title,5234
title,5236
title,5247
title,5251
title,5253
title,5258
title,5260
title,5262
title,5263
title,5277
title,5279
title,5281
title,5283
title,5284
title,5290
title,5291
title,5296
title,5299
title,5302
title,5305
title,5307
title,5312
title,5313
title,5315
title,5316
title,5317
title,5321
title,5323
title,5328
title,5334
title,5337
title,5347
title,5348
title,5353
title,5355
title,5359
title,5361
title,5368
title,5369
title,5370
title,5372
title,5377
title,5378
title,5379
title,5381
title,5382
title,5389
title,5393
title,5396
title,5401
title,5402
title,5404
title,5408
title,5409
title,5410
title,5413
title,5420
title,5422
title,5424
title,5425
title,5426
title,5427
title,5428
title,5429
title,5431
title,5432
title,5433
title,5436
title,5437
title,5438
title,5439
title,5442
title,5451
title,5453
title,5457
title,5458
title,5459
title,5472
title,5474
title,5477
title,5478
title,5484
title,5486
title,5487
title,5488
title,5490
title,5500
title,5501
title,5504
title,5505
title,5507
title,5513
title,5514
title,5516
title,5518
title,5521
title,5534
title,5538
title,5548
title,5551
title,5553
title,5555
title,5557
title,5562
title,5563
title,5568
title,5575
title,5576
title,5578
title,5580
title,5581
title,5582
title,5583
title,5589
title,5590
title,5591
title,5592
title,5593
title,5594
title,5596
title,5601
title,5605
title,5607
title,5610
title,5611
title,5612
title,5614
title,5617
title,5621
title,5622
title,5627
title,5631
title,5641
title,5644
title,5650
title,5656
title,5657
title,5658
title,5667
title,5670
title,5674
title,5680
title,5685
title,5687
title,5691
title,5693
title,5694
title,5695
title,5696
title,5697
title,5699
title,5700
title,5706
title,5707
title,5711
title,5712
title,5713
title,5716
title,5719
title,5720
title,5723
title,5725
title,5726
title,5728
title,5730
title,5733
title,5734
title,5746
title,5752
title,5760
title,5762
title,5765
title,5766
title,5769
title,5774
title,5777
title,5779
title,5780
title,5782
title,5786
title,5788
title,5792
title,5797
title,5799
title,5802
title,5803
title,5804
title,5809
title,5811
title,5812
title,5813
title,5816
title,5817
title,5820
title,5821
title,5823
title,5827
title,5829
title,5832
title,5835
title,5838
title,5839
title,5842
title,5845
title,5847
title,5848
title,5851
title,5853
title,5854
title,5855
title,5861
title,5863
title,5864
title,5873
title,5874
title,5877
title,5881
title,5882
title,5888
title,5889
title,5890
title,5891
title,5892
title,5893
title,5896
title,5898
title,5900
title,5903
title,5904
title,5908
title,5910
title,5911
title,5913
title,5914
title,5915
title,5917
title,5919
title,5932
title,5934
title,5937
title,5939
title,5942
title,5944
title,5947
title,5948
title,5951
title,5954
title,5957
title,5959
title,5961
title,5965
title,5966
title,5975
title,5978
title,5979
title,5981
title,5982
title,5983
title,5985
title,5986
title,5989
title,5991
title,5992
title,5993
title,5994
title,5997
title,6003
title,6004
title,6007
title,6008
title,6009
title,6010
title,6011
title,6015
title,6020
title,6025
title,6027
title,6030
title,6031
title,6032
title,6033
title,6034
title,6035
title,6036
title,6038
title,6040
title,6043
title,6044
title,6045
title,6046
title,6049
title,6052
title,6053
title,6054
title,6056
title,6057
title,6058
title,6063
title,6066
title,6067
title,6068
title,6070
title,6076
title,6077
title,6085
title,6086
title,6090
title,6091
title,6092
title,6094
title,6095
title,6096
title,6097
title,6099
title,6100
title,6101
title,6105
title,6106
title,6109
title,6110
title,6111
title,6121
title,6122
title,6134
title,6135
title,6145
title,6146
title,6150
title,6151
title,6153
title,6155
title,6162
title,6166
title,6167
title,6168
title,6170
title,6171
title,6174
title,6175
title,6179
title,6181
title,6185
title,6187
title,6189
title,6190
title,6191
title,6192
title,6193
title,6202
title,6203
title,6204
title,6205
title,6209
title,6211
title,6212
title,6214
title,6216
title,6217
title,6218
title,6220
title,6226
title,6227
title,6236
title,6247
title,6250
title,6251
title,6253
title,6257
title,6258
title,6259
title,6260
title,6262
title,6263
title,6265
title,6267
title,6268
title,6271
title,6275
title,6276
title,6281
title,6282
title,6283
title,6287
title,6294
title,6295
title,6298
title,6303
title,6309
title,6312
title,6313
title,6316
title,6317
title,6322
title,6323
title,6324
title,6326
title,6327
title,6328
title,6332
title,6333
title,6335
title,6338
title,6340
title,6347
title,6349
title,6352
title,6355
title,6356
title,6360
title,6362
title,6363
title,6364
title,6366
title,6367
title,6375
title,6381
title,6382
title,6383
title,6385
title,6386
title,6388
title,6389
title,6391
title,6392
title,6393
title,6394
title,6396
title,6398
title,6403
title,6406
title,6408
title,6412
title,6414
title,6416
title,6417
title,6418
title,6420
title,6421
title,6422
title,6428
title,6430
title,6431
title,6432
title,6434
title,6436
title,6439
title,6440
title,6441
title,6442
title,6443
title,6444
title,6446
title,6447
title,6448
title,6450
title,6451
title,6455
title,6457
title,6458
title,6462
title,6464
title,6468
title,6471
title,6472
title,6474
title,6476
title,6477
title,6478
title,6479
title,6483
title,6485
title,6486
title,6487
title,6489
title,6491
title,6492
title,6495
title,6496
title,6501
title,6502
title,6503
title,6506
title,6508
title,6509
title,6511
title,6513
title,6514
title,6518
title,6520
title,6522
title,6523
title,6525
title,6526
title,6527
title,6528
title,6530
title,6532
title,6537
title,6538
title,6539
title,6542
title,6544
title,6551
title,6554
title,6555
title,6557
title,6560
title,6563
title,6564
title,6566
title,6573
title,6574
title,6577
title,6578
title,6586
title,6589
title,6590
title,6591
title,6595
title,6597
title,6599
title,6600
title,6601
title,6602
title,6604
title,6606
title,6608
title,6612
title,6616
title,6618
title,6620
title,6625
title,6628
title,6630
title,6633
title,6637
title,6648
title,6649
title,6650
title,6651
title,6652
title,6654
title,6655
title,6656
title,6657
title,6658
title,6659
title,6660
title,6665
title,6673
title,6674
title,6675
title,6680
title,6682
title,6688
title,6689
title,6692
title,6693
title,6695
title,6699
title,6705
title,6710
title,6711
title,6713
title,6718
title,6722
title,6727
title,6728
title,6734
title,6737
title,6738
title,6739
title,6745
title,6747
title,6749
title,6751
title,6752
title,6753
title,6754
title,6755
title,6756
title,6758
title,6759
title,6762
title,6763
title,6768
title,6772
title,6776
title,6780
title,6784
title,6786
title,6787
title,6789
title,6791
title,6792
title,6793
title,6795
title,6796
title,6797
title,6798
title,6799
title,6801
title,6802
title,6803
title,6804
title,6806
title,6809
title,6815
title,6817
title,6822
title,6823
title,6825
title,6828
title,6829
title,6830
title,6834
title,6836
title,6838
title,6841
title,6844
title,6845
title,6857
title,6859
title,6860
title,6862
title,6863
title,6866
title,6867
title,6869
title,6874
title,6877
title,6879
title,6880
title,6889
title,6890
title,6892
title,6894
title,6897
title,6898
title,6902
title,6906
title,6907
title,6912
title,6913
title,6916
title,6917
title,6920
title,6923
title,6930
title,6931
title,6932
title,6934
title,6936
title,6937
title,6939
title,6942
title,6943
title,6948
title,6950
title,6951
title,6955
title,6956
title,6960
title,6963
title,6964
title,6966
title,6968
title,6971
title,6972
title,6974
title,6977
title,6978
title,6979
title,6980
title,6982
title,6983
title,6985
title,6987
title,6990
title,6992
title,6994
title,6996
title,6997
title,7000
title,7002
title,7004
title,7005
title,7006
title,7016
title,7020
title,7022
title,7023
title,7024
title,7025
title,7026
title,7028
title,7029
title,7033
title,7036
title,7037
title,7044
title,7045
title,7046
title,7047
title,7048
title,7049
title,7052
title,7054
title,7057
title,7059
title,7066
title,7069
title,7070
title,7071
title,7072
title,7073
title,7074
title,7075
title,7078
title,7079
title,7080
title,7082
title,7083
title,7084
title,7089
title,7090
title,7093
title,7096
title,7097
title,7099
title,7101
title,7102
title,7103
title,7105
title,7106
title,7109
title,7115
title,7118
title,7120
title,7122
title,7125
title,7126
title,7128
title,7130
title,7131
title,7134
title,7141
title,7143
title,7145
title,7148
title,7151
title,7152
title,7153
title,7154
title,7155
title,7156
title,7159
title,7160
title,7165
title,7166
title,7167
title,7169
title,7172
title,7176
title,7180
title,7181
title,7184
title,7188
title,7190
title,7191
title,7192
title,7193
title,7194
title,7195
title,7199
title,7203
title,7206
title,7210
title,7211
title,7212
title,7213
title,7214
title,7216
title,7222
title,7223
title,7229
title,7231
title,7234
title,7238
title,7239
title,7243
title,7245
title,7251
title,7253
title,7254
title,7256
title,7260
title,7261
title,7265
title,7270
title,7274
title,7277
title,7280
title,7284
title,7286
title,7291
title,7295
title,7296
title,7302
title,7308
title,7309
title,7310
title,7311
title,7315
title,7317
title,7318
title,7324
title,7325
title,7332
title,7333
title,7334
title,7339
title,7341
title,7342
title,7343
title,7344
title,7345
title,7347
title,7349
title,7351
title,7352
title,7354
title,7365
title,7370
title,7373
title,7374
title,7375
title,7377
title,7379
title,7381
title,7384
title,7386
title,7387
title,7388
title,7392
title,7393
title,7395
title,7399
title,7401
title,7402
title,7404
title,7406
title,7408
title,7413
title,7416
title,7421
title,7422
title,7424
title,7425
title,7427
title,7428
title,7430
title,7431
title,7432
title,7434
title,7436
title,7439
title,7441
title,7443
title,7444
title,7450
title,7453
title,7454
title,7457
title,7459
title,7474
title,7477
title,7480
title,7481
title,7485
title,7488
title,7494
title,7495
title,7496
title,7497
title,7502
title,7503
title,7504
title,7505
title,7511
title,7512
title,7513
title,7514
title,7517
title,7519
title,7522
title,7523
title,7524
title,7532
title,7534
title,7535
title,7538
title,7540
title,7546
title,7549
title,7555
title,7559
title,7561
title,7562
title,7566
title,7575
title,7578
title,7582
title,7584
title,7585
title,7586
title,7588
title,7589
title,7590
title,7593
title,7603
title,7605
title,7606
title,7607
title,7609
title,7616
title,7618
title,7619
title,7620
title,7627
title,7628
title,7629
title,7635
title,7642
title,7643
title,7650
title,7654
title,7656
title,7658
title,7660
title,7663
title,7664
title,7666
title,7670
title,7672
title,7673
title,7676
title,7677
title,7680
title,7682
title,7685
title,7688
title,7692
title,7693
title,7695
title,7696
title,7697
title,7708
title,7709
title,7712
title,7714
title,7715
title,7719
title,7720
title,7727
title,7729
title,7731
title,7738
title,7742
title,7744
title,7745
title,7746
title,7749
title,7750
title,7751
title,7755
title,7756
title,7761
title,7763
title,7768
title,7771
title,7772
title,7773
title,7779
title,7782
title,7783
title,7784
title,7786
title,7788
title,7791
title,7792
title,7793
title,7794
title,7802
title,7804
title,7808
title,7809
title,7811
title,7815
title,7819
title,7824
title,7827
title,7828
title,7829
title,7831
title,7840
title,7847
title,7851
title,7852
title,7854
title,7855
title,7856
title,7864
title,7874
title,7875
title,7882
title,7885
title,7886
title,7887
title,7890
title,7892
title,7898
title,7899
title,7901
title,7903
title,7906
title,7908
title,7911
title,7915
title,7916
title,7917
title,7920
title,7922
title,7926
title,7929
title,7930
title,7932
title,7937
title,7940
title,7942
title,7946
title,7948
title,7952
title,7955
title,7958
title,7963
title,7974
title,7977
title,7978
title,7979
title,7986
title,7987
title,7990
title,7991
title,7993
title,7994
title,7996
title,8000
title,8015
title,8017
title,8019
title,8022
title,8024
title,8026
title,8031
title,8046
title,8047
title,8049
title,8051
title,8052
title,8055
title,8057
title,8058
title,8060
title,8061
title,8063
title,8067
title,8068
title,8070
title,8072
title,8074
title,8076
title,8086
title,8091
title,8092
title,8093
title,8094
title,8097
title,8101
title,8103
title,8105
title,8106
title,8108
title,8114
title,8115
title,8116
title,8118
title,8119
title,8120
title,8122
title,8124
title,8126
title,8128
title,8129
title,8130
title,8133
title,8134
title,8139
title,8141
title,8143
title,8144
title,8145
title,8148
title,8150
title,8151
title,8152
title,8153
title,8154
title,8155
title,8159
title,8164
title,8167
title,8170
title,8171
title,8172
title,8175
title,8177
title,8189
title,8191
title,8194
title,8199
title,8200
title,8202
title,8207
title,8208
title,8213
title,8214
title,8226
title,8229
title,8233
title,8236
title,8240
title,8241
title,8244
title,8247
title,8250
title,8256
title,8265
title,8268
title,8273
title,8276
title,8277
title,8281
title,8285
title,8287
title,8290
title,8292
title,8297
title,8298
title,8299
title,8301
title,8302
title,8303
title,8305
title,8311
title,8313
title,8316
title,8318
title,8319
title,8320
title,8327
title,8328
title,8334
title,8335
title,8337
title,8338
title,8341
title,8343
title,8345
title,8346
title,8347
title,8349
title,8352
title,8358
title,8362
title,8364
title,8368
title,8370
title,8371
title,8372
title,8373
title,8376
title,8380
title,8385
title,8386
title,8394
title,8395
title,8398
title,8402
title,8406
title,8411
title,8415
title,8421
title,8422
title,8425
title,8427
title,8428
title,8431
title,8432
title,8434
title,8435
title,8439
title,8448
title,8453
title,8459
title,8462
title,8466
title,8470
title,8473
title,8474
title,8477
title,8479
title,8481
title,8482
title,8484
title,8486
title,8487
title,8496
title,8498
title,8504
title,8507
title,8510
title,8511
title,8513
title,8520
title,8524
title,8526
title,8529
title,8530
title,8534
title,8536
title,8539
title,8540
title,8541
title,8543
title,8544
title,8547
title,8548
title,8552
title,8560
title,8561
title,8564
title,8566
title,8567
title,8568
title,8570
title,8572
title,8574
title,8575
title,8578
title,8581
title,8582
title,8589
title,8592
title,8593
title,8598
title,8600
title,8603
title,8608
title,8609
title,8610
title,8611
title,8622
title,8623
title,8631
title,8632
title,8635
title,8636
title,8637
title,8644
title,8648
title,8649
title,8654
title,8658
title,8663
title,8664
title,8671
title,8672
title,8673
title,8674
title,8675
title,8681
title,8682
title,8688
title,8689
title,8690
title,8691
title,8693
title,8694
title,8696
title,8700
title,8701
title,8702
title,8703
title,8704
title,8710
title,8711
title,8713
title,8718
title,8723
title,8726
title,8727
title,8745
title,8748
title,8749
title,8751
title,8752
title,8753
title,8755
title,8756
title,8757
title,8758
title,8759
title,8762
title,8765
title,8767
title,8768
title,8769
title,8771
title,8772
title,8779
title,8782
title,8786
title,8788
title,8789
title,8792
title,8793
title,8795
title,8798
title,8799
title,8802
title,8804
title,8807
title,8809
title,8810
title,8811
title,8812
title,8816
title,8819
title,8820
title,8821
title,8822
title,8823
title,8826
title,8829
title,8831
title,8843
title,8844
title,8850
title,8852
title,8860
title,8861
title,8866
title,8870
title,8873
title,8877
title,8878
title,8879
title,8882
title,8892
title,8895
title,8898
title,8900
title,8901
title,8909
title,8910
title,8912
title,8917
title,8919
title,8920
title,8922
title,8923
title,8924
title,8925
title,8929
title,8931
title,8933
title,8934
title,8937
title,8942
title,8944
title,8946
title,8947
title,8948
title,8950
title,8956
title,8964
title,8966
title,8971
title,8975
title,8976
title,8980
title,8981
title,8985
title,8989
title,8990
title,8991
title,8994
title,8995
title,8997
title,8999
title,9001
title,9005
title,9008
title,9010
title,9011
title,9012
title,9018
title,9023
title,9025
title,9032
title,9035
title,9039
title,9040
title,9041
title,9042
title,9044
title,9050
title,9051
title,9054
title,9055
title,9056
title,9059
title,9060
title,9061
title,9066
title,9068
title,9072
title,9073
title,9077
title,9080
title,9084
title,9085
title,9089
title,9094
title,9097
title,9098
title,9099
title,9101
title,9102
title,9104
title,9107
title,9108
title,9110
title,9112
title,9114
title,9116
title,9120
title,9124
title,9125
title,9130
title,9133
title,9136
title,9139
title,9141
title,9142
title,9145
title,9147
title,9148
title,9149
title,9150
title,9152
title,9153
title,9155
title,9157
title,9159
title,9164
title,9166
title,9167
title,9169
title,9170
title,9172
title,9174
title,9177
title,9183
title,9184
title,9185
title,9186
title,9187
title,9192
title,9196
title,9198
title,9201
title,9202
title,9206
title,9207
title,9213
title,9215
title,9216
title,9218
title,9221
title,9222
title,9228
title,9229
title,9235
title,9236
title,9239
title,9240
title,9242
title,9243
title,9245
title,9247
title,9248
title,9253
title,9256
title,9258
title,9259
title,9263
title,9267
title,9269
title,9272
title,9273
title,9274
title,9278
title,9279
title,9282
title,9288
title,9291
title,9292
title,9294
title,9297
title,9298
title,9299
title,9302
title,9303
title,9306
title,9307
title,9310
title,9311
title,9314
title,9318
title,9322
title,9325
title,9327
title,9329
title,9332
title,9336
title,9339
title,9340
title,9343
title,9344
title,9345
title,9352
title,9353
title,9354
title,9355
title,9357
title,9359
title,9362
title,9364
title,9365
title,9366
title,9367
title,9371
title,9373
title,9374
title,9375
title,9378
title,9379
title,9382
title,9384
title,9386
title,9395
title,9396
title,9398
title,9400
title,9401
title,9402
title,9403
title,9404
title,9405
title,9409
title,9412
title,9414
title,9416
title,9419
title,9422
title,9424
title,9425
title,9426
title,9428
title,9430
title,9432
title,9437
title,9441
title,9443
title,9448
title,9452
title,9453
title,9455
title,9458
title,9459
title,9462
title,9464
title,9466
title,9468
title,9473
title,9474
title,9475
title,9479
title,9486
title,9487
title,9488
title,9489
title,9492
title,9494
title,9499
title,9502
title,9504
title,9505
title,9510
title,9511
title,9518
title,9519
title,9520
title,9525
title,9528
title,9529
title,9533
title,9534
title,9535
title,9536
title,9537
title,9540
title,9542
title,9547
title,9548
title,9550
title,9552
title,9560
title,9561
title,9565
title,9567
title,9568
title,9570
title,9571
title,9572
title,9574
title,9575
title,9576
title,9577
title,9578
title,9580
title,9582
title,9587
title,9589
title,9591
title,9596
title,9601
title,9606
title,9611
title,9615
title,9620
title,9621
title,9622
title,9624
title,9626
title,9627
title,9630
title,9638
title,9640
title,9642
title,9643
title,9645
title,9648
title,9649
title,9652
title,9653
title,9657
title,9659
title,9661
title,9664
title,9668
title,9669
title,9670
title,9677
title,9678
title,9682
title,9686
title,9687
title,9689
title,9690
title,9691
title,9692
title,9696
title,9703
title,9706
title,9707
title,9710
title,9713
title,9714
title,9717
title,9718
title,9721
title,9722
title,9724
title,9726
title,9730
title,9732
title,9733
title,9735
title,9740
title,9741
title,9744
title,9745
title,9748
title,9754
title,9760
title,9761
title,9762
title,9766
title,9773
title,9774
title,9777
title,9780
title,9781
title,9786
title,9787
title,9789
title,9793
title,9794
title,9801
title,9806
title,9807
title,9809
title,9811
title,9813
title,9815
title,9816
title,9817
title,9820
title,9822
title,9823
title,9826
title,9828
title,9831
title,9832
title,9833
title,9834
title,9844
title,9848
title,9849
title,9852
title,9853
title,9855
title,9857
title,9859
title,9862
title,9866
title,9868
title,9871
title,9873
title,9876
title,9877
title,9879
title,9881
title,9883
title,9885
title,9886
title,9889
title,9894
title,9898
title,9899
title,9902
title,9903
title,9905
title,9910
title,9914
title,9915
title,9917
title,9918
title,9919
title,9922
title,9924
title,9925
title,9927
title,9930
title,9933
title,9937
title,9938
title,9939
title,9941
title,9942
title,9943
title,9945
title,9947
title,9949
title,9951
title,9952
title,9956
title,9957
title,9960
title,9966
title,9968
title,9969
title,9973
title,9974
title,9976
title,9978
title,9982
title,9987
title,9988
title,9995
title,9996
title,9998
title,9999
title,10002
title,10003
title,10004
title,10006
title,10009
title,10010
title,10015
title,10016
title,10018
title,10021
title,10025
title,10026
title,10030
title,10032
title,10034
title,10039
title,10047
title,10051
title,10058
title,10059
title,10061
title,10062
title,10063
title,10065
title,10067
title,10070
title,10071
title,10072
title,10081
title,10084
title,10088
title,10090
title,10096
title,10101
title,10103
title,10104
title,10105
title,10106
title,10107
title,10110
title,10113
title,10124
title,10127
title,10129
title,10133
title,10135
title,10140
title,10141
title,10142
title,10144
title,10148
title,10149
title,10151
title,10164
title,10165
title,10166
title,10167
title,10168
title,10169
title,10174
title,10175
title,10176
title,10182
title,10186
title,10188
title,10192
title,10193
title,10194
title,10196
title,10200
title,10205
title,10207
title,10208
title,10209
title,10215
title,10223
title,10224
title,10225
title,10226
title,10227
title,10228
title,10233
title,10234
title,10235
title,10239
title,10245
title,10247
title,10248
title,10254
title,10256
title,10257
title,10259
title,10261
title,10266
title,10267
title,10270
title,10271
title,10273
title,10280
title,10284
title,10285
title,10286
title,10288
title,10292
title,10295
title,10296
title,10300
title,10301
title,10303
title,10308
title,10310
title,10311
title,10314
title,10315
title,10316
title,10317
title,10320
title,10322
title,10324
title,10325
title,10327
title,10328
title,10330
title,10331
title,10332
title,10333
title,10336
title,10337
title,10345
title,10347
title,10351
title,10353
title,10355
title,10359
title,10364
title,10372
title,10373
title,10376
title,10378
title,10382
title,10384
title,10385
title,10387
title,10388
title,10389
title,10390
title,10391
title,10392
title,10397
title,10401
title,10402
title,10403
title,10410
title,10414
title,10416
title,10419
title,10423
title,10424
title,10427
title,10428
title,10430
title,10434
title,10439
title,10441
title,10442
title,10444
title,10447
title,10450
title,10456
title,10462
title,10463
title,10468
title,10471
title,10473
title,10474
title,10476
title,10479
title,10484
title,10488
title,10489
title,10490
title,10491
title,10494
title,10496
title,10499
title,10500
title,10502
title,10503
title,10504
title,10511
title,10515
title,10517
title,10518
title,10519
title,10522
title,10531
title,10534
title,10538
title,10543
title,10548
title,10551
title,10553
title,10557
title,10561
title,10581
title,10584
title,10586
title,10587
title,10589
title,10590
title,10603
title,10607
title,10610
title,10614
title,10615
title,10618
title,10619
title,10624
title,10626
title,10629
title,10630
title,10631
title,10632
title,10636
title,10637
title,10639
title,10645
title,10647
title,10652
title,10653
title,10655
title,10659
title,10661
title,10670
title,10671
title,10680
title,10687
title,10690
title,10692
title,10693
title,10694
title,10701
title,10707
title,10709
title,10710
title,10712
title,10722
title,10723
title,10725
title,10726
title,10727
title,10731
title,10732
title,10733
title,10737
title,10739
title,10743
title,10747
title,10756
title,10758
title,10760
title,10764
title,10765
title,10768
title,10771
title,10772
title,10773
title,10776
title,10779
title,10781
title,10786
title,10790
title,10791
title,10792
title,10793
title,10794
title,10796
title,10797
title,10803
title,10804
title,10809
title,10812
title,10825
title,10827
title,10829
title,10831
title,10840
title,10842
title,10845
title,10848
title,10851
title,10854
title,10856
title,10857
title,10860
title,10864
title,10866
title,10868
title,10870
title,10871
title,10872
title,10873
title,10880
title,10881
title,10884
title,10885
title,10890
title,10896
title,10898
title,10899
title,10900
title,10913
title,10915
title,10928
title,10933
title,10935
title,10937
title,10939
title,10940
title,10943
title,10945
title,10950
title,10951
title,10954
title,10961
title,10966
title,10967
title,10972
title,10973
title,10977
title,10981
title,10983
title,10984
title,10989
title,10996
title,11002
title,11003
title,11018
title,11020
title,11026
title,11027
title,11028
title,11029
title,11030
title,11037
title,11038
title,11039
title,11041
title,11050
title,11051
title,11052
title,11054
title,11056
title,11059
title,11066
title,11068
title,11072
title,11075
title,11078
title,11085
title,11086
title,11093
title,11100
title,11102
title,11104
title,11105
title,11111
title,11116
title,11120
title,11121
title,11127
title,11133
title,11136
title,11138
title,11141
title,11145
title,11146
title,11148
title,11152
title,11154
title,11157
title,11158
title,11160
title,11162
title,11167
title,11168
title,11170
title,11171
title,11178
title,11181
title,11182
title,11183
title,11190
title,11191
title,11193
title,11194
title,11195
title,11197
title,11203
title,11204
title,11207
title,11209
title,11213
title,11215
title,11218
title,11220
title,11222
title,11227
title,11232
title,11235
title,11237
title,11239
title,11240
title,11242
title,11243
title,11252
title,11254
title,11258
title,11263
title,11265
title,11267
title,11270
title,11272
title,11273
title,11274
title,11275
title,11276
title,11277
title,11279
title,11281
title,11286
title,11295
title,11296
title,11297
title,11302
title,11304
title,11305
title,11309
title,11310
title,11311
title,11316
title,11319
title,11322
title,11324
title,11325
title,11326
title,11333
title,11336
title,11338
title,11339
title,11341
title,11342
title,11343
title,11352
title,11358
title,11362
title,11369
title,11371
title,11376
title,11381
title,11382
title,11385
title,11388
title,11392
title,11395
title,11396
title,11400
title,11402
title,11407
title,11411
title,11416
title,11419
title,11420
title,11421
title,11422
title,11423
title,11426
title,11429
title,11430
title,11433
title,11434
title,11436
title,11437
title,11438
title,11439
title,11441
title,11442
title,11446
title,11456
title,11465
title,11470
title,11472
title,11477
title,11482
title,11484
title,11487
title,11492
title,11494
title,11496
title,11502
title,11503
title,11505
title,11506
title,11507
title,11508
title,11513
title,11517
title,11519
title,11525
title,11526
title,11527
title,11528
title,11536
title,11538
title,11543
title,11546
title,11547
title,11549
title,11554
title,11558
title,11559
title,11560
title,11562
title,11563
title,11571
title,11575
title,11577
title,11579
title,11582
title,11585
title,11588
title,11589
title,11592
title,11594
title,11597
title,11598
title,11604
title,11605
title,11607
title,11610
title,11613
title,11617
title,11620
title,11622
title,11626
title,11629
title,11630
title,11632
title,11636
title,11638
title,11641
title,11645
title,11646
title,11647
title,11650
title,11651
title,11653
title,11654
title,11655
title,11657
title,11665
title,11671
title,11672
title,11674
title,11675
title,11681
title,11683
title,11684
title,11687
title,11688
title,11689
title,11690
title,11692
title,11698
title,11703
title,11707
title,11709
title,11713
title,11714
title,11717
title,11718
title,11720
title,11722
title,11723
title,11724
title,11725
title,11726
title,11729
title,11731
title,11735
title,11736
title,11738
title,11739
title,11740
title,11744
title,11748
title,11750
title,11753
title,11755
title,11758
title,11760
title,11761
title,11765
title,11768
title,11769
title,11771
title,11772
title,11774
title,11775
title,11778
title,11780
title,11783
title,11787
title,11788
title,11789
title,11790
title,11793
title,11796
title,11798
title,11799
title,11804
title,11805
title,11809
title,11811
title,11812
title,11814
title,11815
title,11817
title,11818
title,11819
title,11821
title,11827
title,11830
title,11831
title,11834
title,11843
title,11846
title,11847
title,11848
title,11850
title,11851
title,11852
title,11854
title,11855
title,11856
title,11862
title,11864
title,11866
title,11869
title,11873
title,11874
title,11878
title,11879
title,11881
title,11883
title,11889
title,11891
title,11894
title,11895
title,11898
title,11903
title,11908
title,11911
title,11913
title,11916
title,11919
title,11921
title,11924
title,11925
title,11926
title,11927
title,11928
title,11929
title,11930
title,11931
title,11932
title,11939
title,11940
title,11945
title,11946
title,11947
title,11948
title,11950
title,11951
title,11953
title,11954
title,11955
title,11957
title,11959
title,11960
title,11961
title,11963
title,11966
title,11968
title,11973
title,11974
title,11975
title,11980
title,11982
title,11983
title,11985
title,11986
title,11989
title,11991
title,11992
title,11993
title,11995
title,11997
title,11999
title,12003
title,12004
title,12006
title,12010
title,12011
title,12014
title,12016
title,12019
title,12020
title,12022
title,12023
title,12024
title,12027
title,12028
title,12029
title,12035
title,12040
title,12049
title,12050
title,12054
title,12055
title,12056
title,12057
title,12060
title,12063
title,12066
title,12069
title,12072
title,12073
title,12074
title,12075
title,12076
title,12077
title,12083
title,12084
title,12085
title,12086
title,12087
title,12088
title,12091
title,12094
title,12097
title,12098
title,12099
title,12100
title,12105
title,12107
title,12109
title,12112
title,12114
title,12116
title,12117
title,12124
title,12126
title,12134
title,12135
title,12139
title,12142
title,12148
title,12151
title,12152
title,12155
title,12156
title,12157
title,12158
title,12160
title,12162
title,12163
title,12168
title,12169
title,12172
title,12174
title,12177
title,12182
title,12183
title,12187
title,12190
title,12193
title,12198
title,12199
title,12200
title,12203
title,12204
title,12206
title,12208
title,12209
title,12214
title,12215
title,12216
title,12217
title,12219
title,12225
title,12226
title,12227
title,12230
title,12233
title,12235
title,12238
title,12239
title,12240
title,12245
title,12246
title,12253
title,12254
title,12256
title,12261
title,12262
title,12266
title,12267
title,12270
title,12272
title,12275
title,12279
title,12283
title,12285
title,12286
title,12295
title,12300
title,12304
title,12309
title,12310
title,12311
title,12312
title,12313
title,12314
title,12316
title,12317
title,12320
title,12321
title,12324
title,12326
title,12337
title,12338
title,12339
title,12342
title,12343
title,12345
title,12348
title,12350
title,12355
title,12360
title,12363
title,12364
title,12365
title,12367
title,12369
title,12375
title,12377
title,12378
title,12385
title,12386
title,12389
title,12390
title,12392
title,12394
title,12395
title,12396
title,12397
title,12398
title,12401
title,12402
title,12404
title,12406
title,12407
title,12411
title,12413
title,12414
title,12418
title,12419
title,12420
title,12421
title,12422
title,12423
title,12430
title,12431
title,12432
title,12433
title,12439
title,12440
title,12442
title,12443
title,12446
title,12450
title,12451
title,12452
title,12456
title,12458
title,12462
title,12465
title,12468
title,12472
title,12477
title,12479
title,12484
title,12487
title,12489
title,12490
title,12491
title,12492
title,12493
title,12494
title,12495
title,12496
title,12497
title,12498
title,12506
title,12507
title,12508
title,12510
title,12516
title,12517
title,12521
title,12522
title,12524
title,12525
title,12527
title,12529
title,12530
title,12531
title,12532
title,12539
title,12541
title,12543
title,12546
title,12547
title,12548
title,12550
title,12553
title,12554
title,12561
title,12566
title,12567
title,12573
title,12575
title,12576
title,12579
title,12580
title,12581
title,12583
title,12584
title,12589
title,12592
title,12594
title,12596
title,12601
title,12603
title,12608
title,12609
title,12611
title,12614
title,12617
title,12619
title,12625
title,12629
title,12630
title,12632
title,12637
title,12638
title,12639
title,12641
title,12642
title,12644
title,12645
title,12649
title,12650
title,12655
title,12657
title,12658
title,12659
title,12660
title,12663
title,12664
title,12665
title,12667
title,12670
title,12672
title,12675
title,12676
title,12677
title,12681
title,12690
title,12696
title,12701
title,12704
title,12706
title,12707
title,12709
title,12712
title,12714
title,12715
title,12716
title,12719
title,12728
title,12730
title,12731
title,12732
title,12733
title,12736
title,12741
title,12742
title,12743
title,12745
title,12747
title,12749
title,12750
title,12751
title,12754
title,12757
title,12759
title,12760
title,12761
title,12763
title,12764
title,12765
title,12768
title,12769
title,12770
title,12775
title,12780
title,12782
title,12788
title,12790
title,12792
title,12794
title,12797
title,12798
title,12799
title,12800
title,12803
title,12804
title,12808
title,12809
title,12810
title,12812
title,12813
title,12814
title,12815
title,12820
title,12822
title,12823
title,12824
title,12825
title,12826
title,12827
title,12828
title,12831
title,12833
title,12835
title,12837
title,12838
title,12839
title,12840
title,12841
title,12843
title,12845
title,12848
title,12850
title,12851
title,12855
title,12858
title,12860
title,12863
title,12865
title,12872
title,12873
title,12878
title,12881
title,12883
title,12887
title,12889
title,12893
title,12894
title,12895
title,12897
title,12899
title,12910
title,12913
title,12914
title,12915
title,12916
title,12917
title,12920
title,12928
title,12933
title,12934
title,12937
title,12939
title,12942
title,12943
title,12945
title,12949
title,12953
title,12954
title,12959
title,12963
title,12969
title,12970
title,12975
title,12978
title,12979
title,12983
title,12985
title,12987
title,12990
title,12992
title,12993
title,12996
title,12997
title,12999
title,13000
title,13003
title,13009
title,13010
title,13011
title,13015
title,13020
title,13022
title,13024
title,13026
title,13031
title,13032
title,13037
title,13039
title,13044
title,13045
title,13046
title,13049
title,13050
title,13053
title,13054
title,13056
title,13059
title,13062
title,13065
title,13067
title,13074
title,13075
title,13076
title,13078
title,13079
title,13080
title,13085
title,13086
title,13088
title,13090
title,13091
title,13093
title,13097
title,13099
title,13105
title,13106
title,13107
title,13109
title,13112
title,13113
title,13115
title,13117
title,13118
title,13119
title,13120
title,13123
title,13125
title,13126
title,13127
title,13128
title,13134
title,13135
title,13137
title,13138
title,13140
title,13142
title,13146
title,13150
title,13151
title,13153
title,13154
title,13155
title,13156
title,13159
title,13160
title,13163
title,13166
title,13173
title,13175
title,13176
title,13177
title,13178
title,13179
title,13181
title,13185
title,13187
title,13191
title,13193
title,13195
title,13197
title,13199
title,13208
title,13209
title,13211
title,13217
title,13219
title,13223
title,13225
title,13226
title,13227
title,13230
title,13231
title,13235
title,13236
title,13237
title,13240
title,13241
title,13244
title,13246
title,13248
title,13249
title,13256
title,13257
title,13258
title,13259
title,13262
title,13265
title,13269
title,13270
title,13271
title,13272
title,13273
title,13277
title,13287
title,13288
title,13290
title,13293
title,13295
title,13296
title,13298
title,13300
title,13301
title,13304
title,13307
title,13311
title,13312
title,13314
title,13315
title,13317
title,13320
title,13321
title,13322
title,13331
title,13332
title,13334
title,13335
title,13337
title,13338
title,13339
title,13341
title,13342
title,13344
title,13345
title,13346
title,13350
title,13351
title,13354
title,13355
title,13356
title,13357
title,13358
title,13359
title,13360
title,13361
title,13364
title,13366
title,13369
title,13373
title,13374
title,13375
title,13377
title,13379
title,13380
title,13382
title,13384
title,13387
title,13390
title,13393
title,13397
title,13400
title,13402
title,13403
title,13404
title,13405
title,13407
title,13411
title,13412
title,13413
title,13419
title,13420
title,13423
title,13427
title,13429
title,13431
title,13433
title,13440
title,13443
title,13444
title,13447
title,13450
title,13453
title,13454
title,13456
title,13459
title,13460
title,13461
title,13462
title,13463
title,13464
title,13466
title,13467
title,13468
title,13470
title,13472
title,13473
title,13479
title,13481
title,13482
title,13483
title,13484
title,13487
title,13489
title,13491
title,13493
title,13494
title,13501
title,13505
title,13508
title,13509
title,13513
title,13516
title,13518
title,13520
title,13521
title,13522
title,13524
title,13526
title,13527
title,13529
title,13530
title,13531
title,13532
title,13534
title,13535
title,13538
title,13539
title,13542
title,13543
title,13545
title,13546
title,13547
title,13548
title,13550
title,13551
title,13555
title,13557
title,13559
title,13562
title,13567
title,13568
title,13570
title,13572
title,13576
title,13579
title,13582
title,13587
title,13588
title,13590
title,13592
title,13593
title,13595
title,13597
title,13600
title,13602
title,13604
title,13605
title,13606
title,13608
title,13610
title,13611
title,13612
title,13616
title,13617
title,13618
title,13627
title,13631
title,13632
title,13633
title,13634
title,13635
title,13641
title,13648
title,13655
title,13656
title,13658
title,13660
title,13666
title,13667
title,13669
title,13670
title,13671
title,13674
title,13677
title,13678
title,13684
title,13685
title,13686
title,13688
title,13689
title,13692
title,13694
title,13696
title,13701
title,13702
title,13705
title,13707
title,13712
title,13713
title,13715
title,13718
title,13719
title,13720
title,13724
title,13725
title,13726
title,13728
title,13729
title,13730
title,13732
title,13733
title,13741
title,13742
title,13744
title,13745
title,13746
title,13751
title,13754
title,13756
title,13758
title,13761
title,13763
title,13765
title,13766
title,13769
title,13770
title,13771
title,13772
title,13774
title,13775
title,13776
title,13782
title,13783
title,13785
title,13788
title,13790
title,13793
title,13794
title,13798
title,13799
title,13800
title,13801
title,13802
title,13803
title,13805
title,13807
title,13809
title,13814
title,13815
title,13816
title,13817
title,13821
title,13822
title,13823
title,13825
title,13826
title,13827
title,13828
title,13829
title,13831
title,13836
title,13838
title,13840
title,13841
title,13843
title,13845
title,13855
title,13856
title,13857
title,13859
title,13860
title,13862
title,13865
title,13866
title,13867
title,13869
title,13870
title,13872
title,13874
title,13875
title,13876
title,13877
title,13879
title,13882
title,13884
title,13886
title,13890
title,13895
title,13896
title,13897
title,13898
title,13899
title,13900
title,13902
title,13903
title,13904
title,13907
title,13908
title,13913
title,13915
title,13916
title,13917
title,13920
title,13921
title,13924
title,13925
title,13926
title,13927
title,13929
title,13930
title,13931
title,13933
title,13934
title,13938
title,13939
title,13940
title,13941
title,13942
title,13944
title,13945
title,13946
title,13948
title,13951
title,13956
title,13959
title,13961
title,13962
title,13967
title,13970
title,13974
title,13975
title,13977
title,13978
title,13979
title,13980
title,13983
title,13984
title,13989
title,13990
title,13991
title,13992
title,13993
title,13996
title,13998
title,14000
title,14003
title,14007
title,14009
title,14014
title,14015
title,14016
title,14019
title,14025
title,14028
title,14037
title,14038
title,14040
title,14041
title,14049
title,14052
title,14053
title,14055
title,14060
title,14063
title,14065
title,14068
title,14069
title,14071
title,14074
title,14081
title,14084
title,14088
title,14093
title,14094
title,14096
title,14099
title,14102
title,14108
title,14109
title,14110
title,14113
title,14114
title,14116
title,14118
title,14119
title,14122
title,14124
title,14129
title,14130
title,14131
title,14132
title,14133
title,14135
title,14137
title,14141
title,14143
title,14144
title,14146
title,14147
title,14148
title,14151
title,14153
title,14154
title,14155
title,14159
title,14160
title,14161
title,14165
title,14169
title,14170
title,14172
title,14175
title,14183
title,14184
title,14186
title,14189
title,14195
title,14196
title,14200
title,14202
title,14203
title,14204
title,14207
title,14208
title,14212
title,14214
title,14215
title,14216
title,14217
title,14218
title,14219
title,14221
title,14222
title,14223
title,14226
title,14232
title,14234
title,14235
title,14238
title,14240
title,14241
title,14243
title,14246
title,14248
title,14249
title,14252
title,14256
title,14257
title,14262
title,14264
title,14269
title,14270
title,14271
title,14275
title,14277
title,14282
title,14284
title,14288
title,14289
title,14297
title,14298
title,14302
title,14303
title,14306
title,14312
title,14319
title,14321
title,14323
title,14325
title,14326
title,14327
title,14328
title,14329
title,14332
title,14333
title,14337
title,14338
title,14340
title,14341
title,14347
title,14349
title,14351
title,14356
title,14360
title,14361
title,14363
title,14365
title,14368
title,14369
title,14370
title,14372
title,14375
title,14377
title,14380
title,14383
title,14385
title,14388
title,14389
title,14390
title,14393
title,14394
title,14395
title,14396
title,14398
title,14401
title,14403
title,14404
title,14405
title,14406
title,14407
title,14408
title,14410
title,14411
title,14412
title,14413
title,14423
title,14424
title,14426
title,14429
title,14430
title,14431
title,14432
title,14433
title,14434
title,14437
title,14440
title,14443
title,14444
title,14445
title,14449
title,14450
title,14454
title,14455
title,14458
title,14460
title,14463
title,14464
title,14474
title,14476
title,14484
title,14485
title,14488
title,14490
title,14492
title,14494
title,14496
title,14502
title,14503
title,14504
title,14506
title,14512
title,14513
title,14515
title,14516
title,14517
title,14521
title,14525
title,14527
title,14530
title,14533
title,14536
title,14537
title,14538
title,14541
title,14546
title,14549
title,14557
title,14562
title,14564
title,14569
title,14570
title,14572
title,14577
title,14579
title,14587
title,14589
title,14592
title,14593
title,14595
title,14596
title,14599
title,14600
title,14607
title,14608
title,14609
title,14610
title,14611
title,14612
title,14615
title,14617
title,14618
title,14619
title,14627
title,14628
title,14631
title,14635
title,14636
title,14641
title,14645
title,14647
title,14648
title,14649
title,14650
title,14652
title,14653
title,14657
title,14666
title,14667
title,14669
title,14670
title,14671
title,14674
title,14676
title,14682
title,14684
title,14686
title,14689
title,14692
title,14695
title,14698
title,14699
title,14700
title,14705
title,14706
title,14708
title,14709
title,14710
title,14711
title,14713
title,14714
title,14717
title,14718
title,14723
title,14725
title,14727
title,14728
title,14731
title,14732
title,14734
title,14738
title,14741
title,14743
title,14744
title,14746
title,14748
title,14751
title,14753
title,14760
title,14764
title,14769
title,14774
title,14776
title,14780
title,14782
title,14788
title,14789
title,14790
title,14791
title,14792
title,14794
title,14797
title,14801
title,14803
title,14806
title,14808
title,14814
title,14817
title,14821
title,14822
title,14823
title,14824
title,14825
title,14826
title,14831
title,14833
title,14836
title,14840
title,14844
title,14852
title,14856
title,14863
title,14864
title,14865
title,14866
title,14867
title,14868
title,14869
title,14880
title,14881
title,14885
title,14887
title,14894
title,14902
title,14906
title,14907
title,14910
title,14912
title,14913
title,14914
title,14915
title,14916
title,14917
title,14920
title,14922
title,14924
title,14927
title,14928
title,14929
title,14930
title,14933
title,14934
title,14937
title,14940
title,14941
title,14946
title,14949
title,14950
title,14953
title,14958
title,14966
title,14971
title,14972
title,14974
title,14975
title,14977
title,14980
title,14982
title,14986
title,14989
title,14990
title,14992
title,14994
title,15002
title,15004
title,15007
title,15008
title,15010
title,15011
title,15012
title,15013
title,15014
title,15015
title,15020
title,15022
title,15025
title,15026
title,15027
title,15032
title,15033
title,15036
title,15038
title,15039
title,15049
title,15050
title,15055
title,15062
title,15064
title,15065
title,15067
title,15068
title,15070
title,15074
title,15077
title,15078
title,15085
title,15086
title,15089
title,15091
title,15097
title,15100
title,15102
title,15103
title,15107
title,15108
title,15109
title,15112
title,15113
title,15119
title,15124
title,15126
title,15133
title,15135
title,15138
title,15140
title,15143
title,15154
title,15155
title,15156
title,15158
title,15160
title,15162
title,15166
title,15171
title,15173
title,15174
title,15178
title,15180
title,15181
title,15183
title,15184
title,15187
title,15190
title,15195
title,15196
title,15203
title,15208
title,15210
title,15211
title,15213
title,15214
title,15217
title,15223
title,15226
title,15234
title,15239
title,15241
title,15242
title,15243
title,15248
title,15250
title,15251
title,15252
title,15253
title,15258
title,15262
title,15264
title,15267
title,15268
title,15273
title,15276
title,15280
title,15284
title,15286
title,15287
title,15288
title,15294
title,15296
title,15300
title,15301
title,15303
title,15304
title,15305
title,15308
title,15311
title,15312
title,15313
title,15315
title,15317
title,15318
title,15320
title,15322
title,15323
title,15328
title,15332
title,15334
title,15337
title,15340
title,15344
title,15346
title,15348
title,15352
title,15356
title,15357
title,15359
title,15360
title,15365
title,15372
title,15373
title,15380
title,15381
title,15384
title,15387
title,15388
title,15389
title,15391
title,15392
title,15393
title,15396
title,15398
title,15399
title,15400
title,15406
title,15411
title,15413
title,15414
title,15415
title,15416
title,15417
title,15420
title,15422
title,15425
title,15430
title,15440
title,15443
title,15447
title,15449
title,15451
title,15455
title,15456
title,15457
title,15462
title,15465
title,15471
title,15474
title,15477
title,15478
title,15483
title,15488
title,15495
title,15498
title,15499
title,15502
title,15505
title,15511
title,15513
title,15516
title,15519
title,15522
title,15525
title,15531
title,15532
title,15541
title,15542
title,15546
title,15548
title,15550
title,15551
title,15553
title,15555
title,15556
title,15558
title,15559
title,15560
title,15563
title,15565
title,15568
title,15569
title,15571
title,15578
title,15579
title,15584
title,15588
title,15589
title,15590
title,15591
title,15593
title,15595
title,15602
title,15603
title,15606
title,15607
title,15609
title,15610
title,15612
title,15622
title,15623
title,15625
title,15630
title,15633
title,15637
title,15639
title,15642
title,15644
title,15645
title,15646
title,15647
title,15650
title,15655
title,15656
title,15657
title,15658
title,15660
title,15661
title,15663
title,15664
title,15666
title,15667
title,15669
title,15671
title,15672
title,15678
title,15680
title,15681
title,15682
title,15683
title,15685
title,15689
title,15691
title,15692
title,15694
title,15696
title,15697
title,15699
title,15702
title,15705
title,15706
title,15707
title,15711
title,15714
title,15719
title,15721
title,15722
title,15723
title,15725
title,15729
title,15731
title,15732
title,15736
title,15737
title,15738
title,15739
title,15741
title,15743
title,15745
title,15749
title,15755
title,15756
title,15760
title,15765
title,15770
title,15774
title,15777
title,15779
title,15780
title,15783
title,15784
title,15791
title,15793
title,15794
title,15796
title,15797
title,15798
title,15803
title,15806
title,15812
title,15818
title,15821
title,15824
title,15827
title,15829
title,15835
title,15836
title,15837
title,15839
title,15844
title,15845
title,15846
title,15850
title,15855
title,15862
title,15869
title,15870
title,15872
title,15873
title,15886
title,15889
title,15890
title,15893
title,15895
title,15896
title,15899
title,15902
title,15905
title,15909
title,15911
title,15915
title,15918
title,15920
title,15921
title,15923
title,15925
title,15927
title,15930
title,15932
title,15937
title,15940
title,15946
title,15947
title,15950
title,15951
title,15952
title,15953
title,15955
title,15959
title,15960
title,15962
title,15963
title,15966
title,15967
title,15969
title,15974
title,15978
title,15980
title,15983
title,15990
title,15991
title,15993
title,15994
title,15997
title,15999
title,16001
title,16002
title,16007
title,16008
title,16010
title,16017
title,16018
title,16019
title,16020
title,16024
title,16025
title,16026
title,16027
title,16028
title,16030
title,16031
title,16034
title,16035
title,16036
title,16037
title,16039
title,16040
title,16043
title,16046
title,16048
title,16049
title,16050
title,16053
title,16055
title,16057
title,16060
title,16061
title,16062
title,16063
title,16064
title,16065
title,16067
title,16068
title,16071
title,16072
title,16075
title,16077
title,16078
title,16080
title,16082
title,16083
title,16085
title,16087
title,16088
title,16089
title,16090
title,16091
title,16092
title,16093
title,16094
title,16097
title,16099
title,16102
title,16103
title,16105
title,16107
title,16108
title,16109
title,16111
title,16112
title,16114
title,16116
title,16119
title,16122
title,16124
title,16125
title,16128
title,16130
title,16131
title,16134
title,16135
title,16139
title,16141
title,16143
title,16145
title,16147
title,16151
title,16152
title,16153
title,16154
title,16156
title,16159
title,16160
title,16163
title,16164
title,16166
title,16167
title,16169
title,16170
title,16171
title,16172
title,16173
title,16174
title,16175
title,16179
title,16180
title,16181
title,16184
title,16186
title,16190
title,16192
title,16194
title,16195
title,16196
title,16198
title,16200
title,16204
title,16205
title,16208
title,16209
title,16210
title,16211
title,16213
title,16214
title,16216
title,16225
title,16226
title,16228
title,16230
title,16231
title,16232
title,16235
title,16236
title,16239
title,16240
title,16243
title,16246
title,16250
title,16252
title,16253
title,16255
title,16256
title,16258
title,16259
title,16262
title,16263
title,16264
title,16268
title,16269
title,16270
title,16273
title,16274
title,16275
title,16276
title,16278
title,16279
title,16281
title,16282
title,16283
title,16285
title,16288
title,16289
title,16290
title,16291
title,16292
title,16293
title,16294
title,16297
title,16298
title,16299
title,16300
title,16302
title,16303
title,16305
title,16306
title,16309
title,16312
title,16314
title,16316
title,16317
title,16319
title,16320
title,16321
title,16322
title,16323
title,16325
title,16327
title,16328
title,16329
title,16332
title,16333
title,16335
title,16337
title,16339
title,16340
title,16341
title,16344
title,16346
title,16347
title,16349
title,16352
title,16353
title,16354
title,16355
title,16356
title,16358
title,16364
title,16366
title,16368
title,16370
title,16371
title,16372
title,16374
title,16375
title,16376
title,16379
title,16380
title,16381
title,16382
title,16383
title,16384
title,16385
title,16386
title,16387
title,16388
title,16391
title,16395
title,16396
title,16397
title,16401
title,16403
title,16405
title,16407
title,16408
title,16409
title,16414
title,16419
title,16421
title,16422
title,16423
title,16424
title,16426
title,16429
title,16430
title,16431
title,16432
title,16433
title,16434
title,16436
title,16437
title,16438
title,16440
title,16442
title,16443
title,16444
title,16445
title,16447
title,16448
title,16449
title,16451
title,16452
title,16455
title,16456
title,16457
title,16460
title,16465
title,16470
title,16471
title,16472
title,16473
title,16474
title,16476
title,16477
title,16478
title,16479
title,16480
title,16484
title,16485
title,16486
title,16488
title,16489
title,16490
title,16491
title,16492
title,16493
title,16495
title,16496
title,16499
title,16501
title,16506
title,16508
title,16511
title,16512
title,16513
title,16514
title,16518
title,16521
title,16522
title,16523
title,16524
title,16526
title,16527
title,16529
title,16530
title,16531
title,16533
title,16534
title,16536
title,16537
title,16540
title,16541
title,16542
title,16545
title,16546
title,16547
title,16550
title,16552
title,16553
title,16554
title,16556
title,16557
title,16559
title,16560
title,16563
title,16566
title,16567
title,16569
title,16571
title,16572
title,16573
title,16575
title,16576
title,16577
title,16578
title,16579
title,16583
title,16585
title,16586
title,16587
title,16588
title,16589
title,16590
title,16591
title,16594
title,16596
title,16598
title,16599
title,16602
title,16603
title,16604
title,16608
title,16611
title,16612
title,16613
title,16614
title,16615
title,16617
title,16620
title,16621
title,16622
title,16623
title,16625
title,16626
title,16627
title,16628
title,16630
title,16631
title,16632
title,16635
title,16636
title,16637
title,16639
title,16641
title,16642
title,16644
title,16647
title,16649
title,16650
title,16651
title,16653
title,16654
title,16655
title,16658
title,16659
title,16660
title,16662
title,16665
title,16666
title,16668
title,16671
title,16672
title,16673
title,16674
title,16679
title,16680
title,16681
title,16682
title,16684
title,16689
title,16690
title,16691
title,16692
title,16695
title,16696
title,16700
title,16701
title,16704
title,16706
title,16708
title,16709
title,16711
title,16712
title,16713
title,16714
title,16723
title,16724
title,16725
title,16726
title,16728
title,16730
title,16733
title,16734
title,16735
title,16738
title,16739
title,16740
title,16741
title,16742
title,16743
title,16744
title,16746
title,16750
title,16751
title,16752
title,16753
title,16754
title,16757
title,16760
title,16761
title,16764
title,16766
title,16767
title,16770
title,16771
title,16773
title,16774
title,16775
title,16777
title,16778
title,16779
title,16780
title,16781
title,16782
title,16783
title,16784
title,16785
title,16786
title,16787
title,16796
title,16797
title,16800
title,16801
title,16802
title,16803
title,16805
title,16806
title,16808
title,16809
title,16810
title,16812
title,16813
title,16814
title,16816
title,16817
title,16822
title,16823
title,16824
title,16825
title,16826
title,16828
title,16830
title,16831
title,16832
title,16833
title,16836
title,16838
title,16839
title,16840
title,16842
title,16843
title,16844
title,16845
title,16847
title,16848
title,16849
title,16850
title,16852
title,16856
title,16857
title,16858
title,16859
title,16862
title,16863
title,16864
title,16866
title,16871
title,16872
title,16873
title,16875
title,16876
title,16877
title,16878
title,16884
title,16885
title,16888
title,16889
title,16890
title,16894
title,16896
title,16898
title,16899
title,16900
title,16901
title,16902
title,16905
title,16906
title,16908
title,16909
title,16911
title,16912
title,16914
title,16915
title,16916
title,16919
title,16920
title,16924
title,16925
title,16926
title,16927
title,16928
title,16929
title,16930
title,16932
title,16933
title,16936
title,16937
title,16938
title,16939
title,16940
title,16941
title,16942
title,16944
title,16945
title,16946
title,16953
title,16954
title,16955
title,16956
title,16957
title,16958
title,16959
title,16960
title,16961
title,16962
title,16964
title,16965
title,16968
title,16969
title,16972
title,16974
title,16975
title,16977
title,16978
title,16979
title,16980
title,16981
title,16982
title,16984
title,16986
title,16988
title,16990
title,16991
title,16994
title,16996
title,16999
title,17001
title,17005
title,17006
title,17007
title,17008
title,17010
title,17013
title,17014
title,17015
title,17016
title,17018
title,17019
title,17020
title,17021
title,17022
title,17023
title,17024
title,17025
title,17028
title,17030
title,17032
title,17033
title,17034
title,17035
title,17037
title,17039
title,17042
title,17043
title,17044
title,17047
title,17049
title,17051
title,17053
title,17054
title,17055
title,17057
title,17062
title,17063
title,17068
title,17069
title,17071
title,17072
title,17074
title,17075
title,17077
title,17078
title,17079
title,17080
title,17081
title,17082
title,17084
title,17087
title,17088
title,17090
title,17091
title,17092
title,17093
title,17094
title,17095
title,17096
title,17098
title,17099
title,17102
title,17104
title,17108
title,17109
title,17110
title,17111
title,17113
title,17116
title,17121
title,17124
title,17127
title,17131
title,17132
title,17136
title,17138
title,17139
title,17142
title,17144
title,17145
title,17147
title,17148
title,17149
title,17150
title,17151
title,17152
title,17154
title,17156
title,17158
title,17159
title,17160
title,17162
title,17163
title,17164
title,17165
title,17166
title,17167
title,17168
title,17169
title,17171
title,17172
title,17173
title,17174
title,17175
title,17177
title,17178
title,17180
title,17185
title,17186
title,17187
title,17188
title,17191
title,17192
title,17195
title,17196
title,17198
title,17199
title,17200
title,17201
title,17202
title,17203
title,17204
title,17209
title,17213
title,17214
title,17215
title,17216
title,17217
title,17221
title,17222
title,17224
title,17225
title,17226
title,17227
title,17232
title,17238
title,17239
title,17240
title,17241
title,17243
title,17244
title,17245
title,17246
title,17247
title,17249
title,17251
title,17253
title,17254
title,17256
title,17258
title,17259
title,17260
title,17263
title,17264
title,17268
title,17270
title,17273
title,17274
title,17275
title,17276
title,17278
title,17279
title,17280
title,17281
title,17282
title,17283
title,17285
title,17286
title,17288
title,17289
title,17291
title,17292
title,17293
title,17294
title,17295
title,17296
title,17297
title,17300
title,17301
title,17302
title,17306
title,17307
title,17309
title,17313
title,17314
title,17317
title,17318
title,17319
title,17324
title,17325
title,17327
title,17328
title,17329
title,17330
title,17331
title,17333
title,17334
title,17335
title,17338
title,17339
title,17340
title,17341
title,17344
title,17345
title,17348
title,17350
title,17353
title,17354
title,17355
title,17356
title,17357
title,17359
title,17360
title,17361
title,17362
title,17363
title,17364
title,17365
title,17367
title,17368
title,17372
title,17373
title,17376
title,17377
title,17379
title,17381
title,17382
title,17384
title,17386
title,17389
title,17391
title,17392
title,17393
title,17395
title,17396
title,17397
title,17399
title,17400
title,17401
title,17402
title,17403
title,17410
title,17412
title,17415
title,17417
title,17419
title,17420
title,17421
title,17422
title,17424
title,17427
title,17428
title,17429
title,17430
title,17431
title,17433
title,17434
title,17435
title,17436
title,17439
title,17440
title,17444
title,17445
title,17449
title,17451
title,17452
title,17453
title,17454
title,17455
title,17456
title,17457
title,17458
title,17459
title,17460
title,17462
title,17463
title,17464
title,17465
title,17468
title,17470
title,17471
title,17475
title,17477
title,17478
title,17479
title,17480
title,17481
title,17483
title,17484
title,17485
title,17488
title,17490
title,17491
title,17492
title,17493
title,17495
title,17499
title,17501
title,17503
title,17504
title,17505
title,17507
title,17508
title,17509
title,17512
title,17513
title,17514
title,17519
title,17522
title,17524
title,17526
title,17527
title,17528
title,17531
title,17543
title,17551
title,17557
title,17560
title,17563
title,17568
title,17573
title,17577
title,17580
title,17581
title,17584
title,17585
title,17586
title,17587
title,17593
title,17594
title,17599
title,17602
title,17608
title,17612
title,17616
title,17623
title,17624
title,17625
title,17630
title,17634
title,17638
title,17641
title,17643
title,17645
title,17646
title,17648
title,17656
title,17657
title,17663
title,17668
title,17672
title,17677
title,17679
title,17681
title,17682
title,17690
title,17692
title,17693
title,17694
title,17698
title,17701
title,17702
title,17705
title,17708
title,17712
title,17719
title,17721
title,17724
title,17726
title,17737
title,17740
title,17741
title,17750
title,17751
title,17754
title,17755
title,17756
title,17763
title,17771
title,17783
title,17787
title,17791
title,17793
title,17800
title,17807
title,17815
title,17818
title,17826
title,17831
title,17833
title,17836
title,17837
title,17838
title,17839
title,17840
title,17841
title,17844
title,17847
title,17850
title,17851
title,17854
title,17855
title,17856
title,17869
title,17870
title,17871
title,17872
title,17874
title,17877
title,17880
title,17883
title,17887
title,17888
title,17894
title,17900
title,17901
title,17909
title,17914
title,17916
title,17917
title,17918
title,17921
title,17924
title,17926
title,17929
title,17930
title,17932
title,17934
title,17937
title,17938
title,17939
title,17950
title,17957
title,17959
title,17961
title,17963
title,17968
title,17976
title,17978
title,17982
title,17984
title,17994
title,17998
title,18000
title,18002
title,18005
title,18006
title,18009
title,18010
title,18011
title,18015
title,18017
title,18019
title,18023
title,18024
title,18026
title,18028
title,18031
title,18032
title,18034
title,18035
title,18039
title,18047
title,18048
title,18052
title,18054
title,18055
title,18062
title,18064
title,18066
title,18067
title,18072
title,18074
title,18077
title,18078
title,18079
title,18080
title,18083
title,18084
title,18087
title,18088
title,18090
title,18097
title,18098
title,18100
title,18102
title,18103
title,18107
title,18109
title,18114
title,18115
title,18117
title,18124
title,18131
title,18134
title,18136
title,18139
title,18140
title,18141
title,18144
title,18145
title,18147
title,18153
title,18156
title,18161
title,18162
title,18164
title,18168
title,18169
title,18170
title,18171
title,18175
title,18176
title,18177
title,18179
title,18180
title,18181
title,18186
title,18189
title,18190
title,18192
title,18196
title,18198
title,18204
title,18208
title,18209
title,18213
title,18214
title,18218
title,18220
title,18221
title,18225
title,18228
title,18237
title,18239
title,18241
title,18250
title,18257
title,18260
title,18261
title,18262
title,18265
title,18266
title,18267
title,18268
title,18270
title,18272
title,18278
title,18284
title,18288
title,18295
title,18296
title,18300
title,18302
title,18311
title,18313
title,18314
title,18316
title,18318
title,18323
title,18326
title,18330
title,18333
title,18337
title,18338
title,18343
title,18345
title,18346
title,18350
title,18357
title,18359
title,18362
title,18367
title,18369
title,18370
title,18372
title,18375
title,18381
title,18382
title,18385
title,18389
title,18397
title,18399
title,18404
title,18405
title,18406
title,18412
title,18422
title,18425
title,18427
title,18429
title,18437
title,18438
title,18443
title,18445
title,18453
title,18454
title,18459
title,18460
title,18467
title,18474
title,18477
title,18480
title,18483
title,18484
title,18492
title,18493
title,18496
title,18499
title,18500
title,18505
title,18506
title,18507
title,18521
title,18532
title,18533
title,18534
title,18543
title,18545
title,18548
title,18549
title,18551
title,18552
title,18554
title,18564
title,18568
title,18570
title,18571
title,18572
title,18575
title,18576
title,18580
title,18589
title,18601
title,18602
title,18603
title,18604
title,18607
title,18609
title,18612
title,18613
title,18614
title,18618
title,18619
title,18620
title,18621
title,18626
title,18628
title,18629
title,18630
title,18632
title,18635
title,18636
title,18644
title,18647
title,18648
title,18649
title,18650
title,18652
title,18653
title,18654
title,18657
title,18660
title,18662
title,18663
title,18664
title,18666
title,18672
title,18674
title,18677
title,18680
title,18682
title,18683
title,18688
title,18693
title,18695
title,18698
title,18699
title,18701
title,18705
title,18709
title,18712
title,18716
title,18718
title,18720
title,18721
title,18725
title,18727
title,18730
title,18731
title,18733
title,18736
title,18737
title,18742
title,18744
title,18746
title,18747
title,18749
title,18756
title,18758
title,18760
title,18766
title,18774
title,18776
title,18780
title,18783
title,18784
title,18785
title,18790
title,18796
title,18806
title,18807
title,18813
title,18814
title,18815
title,18819
title,18820
title,18823
title,18824
title,18834
title,18836
title,18840
title,18844
title,18847
title,18849
title,18851
title,18857
title,18858
title,18859
title,18860
title,18862
title,18865
title,18870
title,18872
title,18874
title,18882
title,18883
title,18884
title,18886
title,18888
title,18892
title,18894
title,18898
title,18899
title,18901
title,18903
title,18907
title,18913
title,18919
title,18921
title,18926
title,18928
title,18931
title,18932
title,18937
title,18949
title,18956
title,18958
title,18959
title,18961
title,18963
title,18966
title,18967
title,18971
title,18972
title,18973
title,18975
title,18976
title,18980
title,18983
title,18984
title,18988
title,18991
title,19000
title,19003
title,19005
title,19008
title,19010
title,19026
title,19027
title,19030
title,19032
title,19037
title,19042
title,19044
title,19045
title,19048
title,19050
title,19054
title,19055
title,19056
title,19067
title,19070
title,19072
title,19075
title,19076
title,19080
title,19083
title,19084
title,19086
title,19087
title,19088
title,19091
title,19092
title,19098
title,19103
title,19106
title,19107
title,19108
title,19112
title,19116
title,19122
title,19126
title,19127
title,19129
title,19131
title,19135
title,19136
title,19141
title,19144
title,19145
title,19146
title,19147
title,19148
title,19149
title,19151
title,19152
title,19155
title,19157
title,19160
title,19161
title,19162
title,19166
title,19167
title,19169
title,19170
title,19172
title,19173
title,19179
title,19182
title,19184
title,19187
title,19188
title,19189
title,19190
title,19196
title,19199
title,19201
title,19202
title,19205
title,19207
title,19208
title,19210
title,19211
title,19212
title,19214
title,19216
title,19220
title,19224
title,19228
title,19230
title,19233
title,19235
title,19237
title,19239
title,19241
title,19243
title,19247
title,19248
title,19252
title,19255
title,19256
title,19262
title,19266
title,19270
title,19271
title,19276
title,19279
title,19282
title,19284
title,19286
title,19288
title,19289
title,19290
title,19302
title,19308
title,19310
title,19315
title,19326
title,19331
title,19335
title,19336
title,19337
title,19339
title,19340
title,19341
title,19354
title,19355
title,19357
title,19358
title,19361
title,19365
title,19368
title,19369
title,19371
title,19372
title,19375
title,19378
title,19380
title,19387
title,19388
title,19394
title,19397
title,19399
title,19400
title,19409
title,19410
title,19411
title,19415
title,19416
title,19419
title,19426
title,19427
title,19429
title,19431
title,19433
title,19434
title,19435
title,19438
title,19439
title,19441
title,19443
title,19450
title,19451
title,19459
title,19460
title,19461
title,19464
title,19465
title,19469
title,19472
title,19475
title,19476
title,19477
title,19484
title,19487
title,19490
title,19492
title,19494
title,19495
title,19508
title,19511
title,19514
title,19519
title,19520
title,19521
title,19523
title,19530
title,19532
title,19535
title,19537
title,19538
title,19540
title,19546
title,19547
title,19549
title,19551
title,19556
title,19563
title,19564
title,19570
title,19575
title,19579
title,19582
title,19583
title,19586
title,19589
title,19590
title,19592
title,19595
title,19604
title,19607
title,19609
title,19611
title,19612
title,19615
title,19618
title,19619
title,19620
title,19621
title,19623
title,19625
title,19627
title,19632
title,19634
title,19636
title,19641
title,19647
title,19649
title,19658
title,19659
title,19660
title,19662
title,19664
title,19665
title,19672
title,19673
title,19680
title,19681
title,19683
title,19685
title,19686
title,19687
title,19688
title,19689
title,19690
title,19697
title,19698
title,19699
title,19707
title,19713
title,19715
title,19717
title,19721
title,19724
title,19730
title,19731
title,19735
title,19743
title,19751
title,19752
title,19753
title,19755
title,19764
title,19770
title,19771
title,19773
title,19774
title,19775
title,19776
title,19781
title,19786
title,19787
title,19788
title,19789
title,19790
title,19792
title,19795
title,19797
title,19798
title,19799
title,19803
title,19811
title,19812
title,19814
title,19815
title,19816
title,19818
title,19819
title,19821
title,19822
title,19825
title,19831
title,19834
title,19837
title,19838
title,19840
title,19841
title,19844
title,19848
title,19850
title,19859
title,19860
title,19861
title,19866
title,19867
title,19873
title,19878
title,19879
title,19880
title,19885
title,19886
title,19887
title,19888
title,19889
title,19890
title,19891
title,19897
title,19898
title,19901
title,19902
title,19905
title,19906
title,19907
title,19910
title,19914
title,19915
title,19916
title,19919
title,19930
title,19934
title,19943
title,19950
title,19951
title,19955
title,19956
title,19957
title,19958
title,19959
title,19962
title,19965
title,19967
title,19970
title,19976
title,19982
title,19985
title,19988
title,19989
title,19993
title,19995
title,19996
title,20000
title,20004
title,20009
title,20013
title,20019
title,20020
title,20028
title,20030
title,20031
title,20033
title,20034
title,20035
title,20038
title,20043
title,20044
title,20046
title,20047
title,20049
title,20051
title,20052
title,20053
title,20054
title,20056
title,20057
title,20058
title,20062
title,20063
title,20064
title,20066
title,20067
title,20068
title,20069
title,20071
title,20081
title,20083
title,20087
title,20089
title,20092
title,20093
title,20098
title,20100
title,20104
title,20107
title,20108
title,20111
title,20114
title,20119
title,20120
title,20124
title,20128
title,20132
title,20134
title,20138
title,20140
title,20146
title,20147
title,20148
title,20151
title,20154
title,20155
title,20158
title,20159
title,20161
title,20167
title,20170
title,20171
title,20173
title,20174
title,20176
title,20178
title,20180
title,20181
title,20188
title,20191
title,20193
title,20195
title,20196
title,20197
title,20204
title,20205
title,20214
title,20215
title,20216
title,20217
title,20225
title,20226
title,20241
title,20242
title,20250
title,20253
title,20254
title,20255
title,20257
title,20259
title,20261
title,20262
title,20265
title,20266
title,20270
title,20275
title,20281
title,20283
title,20292
title,20297
title,20299
title,20300
title,20301
title,20302
title,20303
title,20306
title,20315
title,20317
title,20320
title,20321
title,20333
title,20334
title,20335
title,20336
title,20340
title,20341
title,20342
title,20343
title,20346
title,20348
title,20351
title,20352
title,20353
title,20356
title,20358
title,20360
title,20361
title,20367
title,20371
title,20372
title,20373
title,20374
title,20376
title,20385
title,20388
title,20389
title,20391
title,20393
title,20394
title,20397
title,20401
title,20404
title,20405
title,20407
title,20409
title,20413
title,20417
title,20423
title,20425
title,20426
title,20427
title,20432
title,20433
title,20435
title,20440
title,20444
title,20446
title,20447
title,20449
title,20450
title,20452
title,20455
title,20456
title,20459
title,20461
title,20465
title,20467
title,20468
title,20472
title,20473
title,20475
title,20477
title,20481
title,20486
title,20490
title,20492
title,20493
title,20494
title,20495
title,20496
title,20497
title,20500
title,20503
title,20504
title,20505
title,20506
title,20507
title,20508
title,20509
title,20510
title,20511
title,20513
title,20515
title,20518
title,20523
title,20526
title,20529
title,20532
title,20533
title,20534
title,20537
title,20543
title,20544
title,20547
title,20551
title,20552
title,20553
title,20555
title,20556
title,20558
title,20559
title,20561
title,20563
title,20564
title,20565
title,20566
title,20568
title,20570
title,20572
title,20573
title,20574
title,20580
title,20581
title,20582
title,20585
title,20588
title,20591
title,20592
title,20594
title,20596
title,20598
title,20599
title,20600
title,20602
title,20604
title,20605
title,20611
title,20612
title,20613
title,20615
title,20617
title,20619
title,20623
title,20624
title,20625
title,20627
title,20630
title,20632
title,20634
title,20635
title,20636
title,20642
title,20643
title,20644
title,20647
title,20649
title,20650
title,20652
title,20653
title,20654
title,20657
title,20659
title,20661
title,20662
title,20663
title,20664
title,20668
title,20669
title,20670
title,20671
title,20673
title,20676
title,20677
title,20678
title,20680
title,20683
title,20684
title,20686
title,20687
title,20689
title,20690
title,20691
title,20694
title,20701
title,20704
title,20705
title,20706
title,20710
title,20715
title,20717
title,20718
title,20721
title,20725
title,20730
title,20731
title,20732
title,20733
title,20734
title,20735
title,20738
title,20744
title,20745
title,20748
title,20749
title,20751
title,20752
title,20753
title,20754
title,20755
title,20757
title,20759
title,20761
title,20764
title,20766
title,20771
title,20773
title,20774
title,20775
title,20776
title,20780
title,20781
title,20785
title,20787
title,20789
title,20792
title,20794
title,20795
title,20797
title,20798
title,20801
title,20803
title,20804
title,20808
title,20810
title,20812
title,20814
title,20815
title,20816
title,20817
title,20818
title,20819
title,20822
title,20823
title,20826
title,20827
title,20828
title,20829
title,20830
title,20832
title,20833
title,20834
title,20835
title,20842
title,20843
title,20844
title,20846
title,20848
title,20851
title,20852
title,20853
title,20856
title,20857
title,20858
title,20860
title,20862
title,20863
title,20864
title,20865
title,20866
title,20867
title,20870
title,20871
title,20872
title,20874
title,20875
title,20876
title,20877
title,20880
title,20882
title,20884
title,20885
title,20888
title,20891
title,20892
title,20893
title,20895
title,20902
title,20908
title,20911
title,20912
title,20913
title,20914
title,20918
title,20920
title,20923
title,20925
title,20926
title,20927
title,20929
title,20931
title,20936
title,20937
title,20938
title,20940
title,20942
title,20943
title,20945
title,20950
title,20958
title,20960
title,20961
title,20962
title,20964
title,20969
title,20971
title,20972
title,20975
title,20977
title,20980
title,20981
title,20982
title,20986
title,20991
title,20993
title,20996
title,20998
title,21000
title,21003
title,21005
title,21007
title,21008
title,21010
title,21016
title,21017
title,21018
title,21025
title,21026
title,21028
title,21030
title,21032
title,21034
title,21037
title,21039
title,21040
title,21043
title,21045
title,21047
title,21049
title,21051
title,21054
title,21055
title,21056
title,21058
title,21059
title,21062
title,21063
title,21065
title,21067
title,21069
title,21070
title,21071
title,21072
title,21073
title,21076
title,21078
title,21079
title,21080
title,21081
title,21087
title,21088
title,21089
title,21091
title,21092
title,21094
title,21099
title,21102
title,21103
title,21106
title,21109
title,21110
title,21113
title,21114
title,21116
title,21117
title,21118
title,21121
title,21123
title,21124
title,21131
title,21135
title,21136
title,21137
title,21138
title,21144
title,21146
title,21147
title,21150
title,21151
title,21152
title,21154
title,21156
title,21162
title,21163
title,21164
title,21165
title,21166
title,21167
title,21168
title,21171
title,21173
title,21180
title,21182
title,21184
title,21186
title,21188
title,21189
title,21192
title,21194
title,21195
title,21197
title,21198
title,21200
title,21201
title,21202
title,21205
title,21206
title,21208
title,21210
title,21215
title,21221
title,21223
title,21225
title,21228
title,21231
title,21232
title,21234
title,21236
title,21239
title,21241
title,21242
title,21244
title,21245
title,21246
title,21247
title,21248
title,21249
title,21250
title,21251
title,21255
title,21256
title,21257
title,21259
title,21261
title,21268
title,21269
title,21270
title,21272
title,21273
title,21276
title,21279
title,21280
title,21281
title,21285
title,21286
title,21288
title,21291
title,21300
title,21305
title,21310
title,21311
title,21314
title,21315
title,21317
title,21319
title,21323
title,21326
title,21329
title,21333
title,21334
title,21338
title,21339
title,21346
title,21351
title,21352
title,21353
title,21354
title,21355
title,21356
title,21357
title,21358
title,21361
title,21369
title,21372
title,21373
title,21376
title,21377
title,21383
title,21387
title,21388
title,21390
title,21393
title,21394
title,21399
title,21400
title,21401
title,21402
title,21403
title,21405
title,21409
title,21410
title,21411
title,21413
title,21414
title,21415
title,21417
title,21419
title,21423
title,21426
title,21427
title,21429
title,21431
title,21433
title,21434
title,21437
title,21440
title,21444
title,21445
title,21447
title,21450
title,21451
title,21452
title,21453
title,21454
title,21456
title,21457
title,21459
title,21460
title,21461
title,21462
title,21464
title,21465
title,21467
title,21468
title,21472
title,21473
title,21474
title,21478
title,21479
title,21482
title,21487
title,21489
title,21496
title,21497
title,21498
title,21499
title,21500
title,21501
title,21502
title,21503
title,21504
title,21505
title,21506
title,21507
title,21509
title,21511
title,21513
title,21514
title,21515
title,21517
title,21518
title,21519
title,21522
title,21524
title,21528
title,21531
title,21533
title,21534
title,21536
title,21537
title,21538
title,21539
title,21542
title,21543
title,21545
title,21546
title,21550
title,21551
title,21552
title,21553
title,21559
title,21561
title,21566
title,21568
title,21575
title,21576
title,21584
title,21587
title,21588
title,21590
title,21591
title,21594
title,21597
title,21603
title,21605
title,21606
title,21608
title,21609
title,21612
title,21613
title,21614
title,21619
title,21623
title,21625
title,21627
title,21628
title,21630
title,21631
title,21633
title,21635
title,21637
title,21638
title,21642
title,21643
title,21644
title,21648
title,21649
title,21651
title,21656
title,21657
title,21658
title,21663
title,21664
title,21670
title,21672
title,21676
title,21677
title,21678
title,21682
title,21687
title,21688
title,21691
title,21695
title,21697
title,21699
title,21700
title,21702
title,21705
title,21706
title,21709
title,21711
title,21712
title,21714
title,21716
title,21720
title,21723
title,21725
title,21727
title,21728
title,21732
title,21733
title,21737
title,21742
title,21743
title,21744
title,21746
title,21747
title,21748
title,21750
title,21751
title,21753
title,21754
title,21758
title,21759
title,21762
title,21763
title,21766
title,21770
title,21772
title,21774
title,21775
title,21782
title,21783
title,21789
title,21791
title,21792
title,21793
title,21795
title,21796
title,21797
title,21798
title,21806
title,21807
title,21809
title,21810
title,21813
title,21818
title,21820
title,21821
title,21822
title,21825
title,21826
title,21835
title,21836
title,21840
title,21843
title,21844
title,21846
title,21849
title,21851
title,21857
title,21858
title,21859
title,21863
title,21865
title,21866
title,21867
title,21870
title,21871
title,21872
title,21873
title,21881
title,21886
title,21893
title,21904
title,21907
title,21908
title,21915
title,21920
title,21925
title,21931
title,21933
title,21934
title,21937
title,21942
title,21948
title,21954
title,21963
title,21968
title,21973
title,21977
title,21984
title,21992
title,21995
title,22000
title,22002
title,22009
title,22014
title,22017
title,22027
title,22028
title,22031
title,22040
title,22045
title,22050
title,22054
title,22058
title,22060
title,22063
title,22064
title,22070
title,22071
title,22075
title,22078
title,22088
title,22090
title,22104
title,22110
title,22111
title,22113
title,22116
title,22118
title,22119
title,22125
title,22132
title,22133
title,22138
title,22139
title,22144
title,22145
title,22146
title,22147
title,22152
title,22154
title,22161
title,22173
title,22181
title,22184
title,22192
title,22198
title,22207
title,22210
title,22213
title,22222
title,22228
title,22231
title,22241
title,22245
title,22258
title,22262
title,22265
title,22270
title,22272
title,22282
title,22287
title,22288
title,22294
title,22306
title,22309
title,22310
title,22315
title,22317
title,22328
title,22330
title,22332
title,22338
title,22346
title,22347
title,22351
title,22355
title,22358
title,22361
title,22364
title,22366
title,22374
title,22375
title,22378
title,22393
title,22394
title,22400
title,22401
title,22402
title,22412
title,22413
title,22423
title,22427
title,22431
title,22434
title,22438
title,22452
title,22461
title,22462
title,22468
title,22470
title,22476
title,22477
title,22479
title,22485
title,22487
title,22492
title,22494
title,22503
title,22508
title,22509
title,22512
title,22523
title,22525
title,22533
title,22537
title,22547
title,22554
title,22557
title,22572
title,22579
title,22581
title,22593
title,22612
title,22613
title,22619
title,22624
title,22625
title,22626
title,22630
title,22631
title,22633
title,22634
title,22646
title,22661
title,22664
title,22670
title,22672
title,22679
title,22680
title,22686
title,22688
title,22693
title,22695
title,22708
title,22712
title,22718
title,22721
title,22724
title,22730
title,22732
title,22735
title,22748
title,22757
title,22762
title,22765
title,22774
title,22779
title,22780
title,22792
title,22796
title,22800
title,22801
title,22808
title,22809
title,22822
title,22825
title,22828
title,22833
title,22837
title,22838
title,22843
title,22859
title,22867
title,22871
title,22876
title,22896
title,22898
title,22899
title,22900
title,22904
title,22905
title,22907
title,22914
title,22925
title,22942
title,22949
title,22954
title,22961
title,22963
title,22965
title,22968
title,22974
title,22979
title,22981
title,22983
title,22987
title,22988
title,22994
title,22999
title,23002
title,23010
title,23012
title,23015
title,23020
title,23021
title,23024
title,23028
title,23035
title,23038
title,23042
title,23047
title,23053
title,23058
title,23059
title,23063
title,23068
title,23070
title,23074
title,23077
title,23083
title,23084
title,23089
title,23091
title,23095
title,23100
title,23102
title,23106
title,23109
title,23112
title,23113
title,23114
title,23125
title,23127
title,23131
title,23133
title,23137
title,23144
title,23147
title,23151
title,23161
title,23172
title,23184
title,23188
title,23204
title,23205
title,23206
title,23207
title,23208
title,23215
title,23217
title,23222
title,23237
title,23240
title,23249
title,23253
title,23275
title,23281
title,23286
title,23287
title,23291
title,23292
title,23293
title,23296
title,23297
title,23298
title,23304
title,23306
title,23308
title,23311
title,23315
title,23333
title,23351
title,23354
title,23355
title,23357
title,23360
title,23365
title,23368
title,23370
title,23382
title,23383
title,23384
title,23396
title,23397
title,23403
title,23424
title,23425
title,23430
title,23431
title,23432
title,23433
title,23435
title,23436
title,23439
title,23440
title,23441
title,23442
title,23444
title,23452
title,23459
title,23460
title,23463
title,23465
title,23467
title,23470
title,23482
title,23486
title,23493
title,23495
title,23498
title,23506
title,23508
title,23518
title,23534
title,23539
title,23542
title,23544
title,23557
title,23562
title,23564
title,23567
title,23570
title,23573
title,23578
title,23580
title,23581
title,23593
title,23595
title,23597
title,23616
title,23618
title,23624
title,23626
title,23628
title,23630
title,23633
title,23637
title,23639
title,23640
title,23644
title,23655
title,23666
title,23675
title,23676
title,23677
title,23679
title,23680
title,23686
title,23690
title,23692
title,23696
title,23710
title,23713
title,23716
title,23720
title,23726
title,23732
title,23735
title,23737
title,23744
title,23747
title,23749
title,23754
title,23758
title,23760
title,23761
title,23769
title,23770
title,23771
title,23772
title,23782
title,23787
title,23791
title,23794
title,23795
title,23797
title,23808
title,23820
title,23821
title,23832
title,23841
title,23842
title,23843
title,23848
title,23854
title,23857
title,23863
title,23868
title,23870
title,23871
title,23873
title,23878
title,23884
title,23885
title,23886
title,23894
title,23896
title,23911
title,23914
title,23917
title,23920
title,23921
title,23925
title,23930
title,23937
title,23941
title,23944
title,23945
title,23952
title,23957
title,23959
title,23961
title,23963
title,23979
title,23984
title,23987
title,23988
title,23990
title,23995
title,24001
title,24007
title,24010
title,24021
title,24029
title,24036
title,24039
title,24041
title,24044
title,24051
title,24059
title,24066
title,24072
title,24092
title,24098
title,24101
title,24103
title,24107
title,24110
title,24115
title,24117
title,24120
title,24134
title,24146
title,24154
title,24157
title,24158
title,24159
title,24163
title,24166
title,24169
title,24175
title,24188
title,24191
title,24193
title,24195
title,24197
title,24199
title,24201
title,24209
title,24212
title,24215
title,24223
title,24225
title,24226
title,24228
title,24230
title,24231
title,24236
title,24237
title,24243
title,24248
title,24259
title,24262
title,24268
title,24269
title,24273
title,24287
title,24289
title,24294
title,24302
title,24305
title,24306
title,24307
title,24308
title,24312
title,24314
title,24317
title,24319
title,24325
title,24327
title,24328
title,24330
title,24331
title,24334
title,24336
title,24342
title,24348
title,24359
title,24362
title,24364
title,24367
title,24370
title,24373
title,24381
title,24382
title,24391
title,24392
title,24405
title,24408
title,24409
title,24412
title,24416
title,24420
title,24426
title,24433
title,24435
title,24437
title,24439
title,24440
title,24448
title,24463
title,24472
title,24473
title,24478
title,24485
title,24492
title,24502
title,24507
title,24508
title,24509
title,24513
title,24515
title,24517
title,24519
title,24520
title,24523
title,24529
title,24535
title,24538
title,24543
title,24546
title,24547
title,24550
title,24551
title,24553
title,24559
title,24564
title,24575
title,24578
title,24581
title,24588
title,24591
title,24595
title,24596
title,24597
title,24601
title,24613
title,24622
title,24624
title,24626
title,24627
title,24629
title,24638
title,24641
title,24649
title,24653
title,24654
title,24655
title,24656
title,24669
title,24670
title,24672
title,24675
title,24677
title,24680
title,24681
title,24685
title,24686
title,24687
title,24689
title,24696
title,24702
title,24703
title,24713
title,24721
title,24722
title,24723
title,24725
title,24727
title,24728
title,24744
title,24750
title,24752
title,24754
title,24755
title,24757
title,24759
title,24760
title,24761
title,24762
title,24765
title,24774
title,24776
title,24780
title,24793
title,24794
title,24797
title,24820
title,24821
title,24834
title,24835
title,24837
title,24840
title,24841
title,24853
title,24857
title,24859
title,24863
title,24866
title,24869
title,24874
title,24877
title,24879
title,24881
title,24889
title,24901
title,24912
title,24914
title,24917
title,24920
title,24923
title,24926
title,24935
title,24938
title,24942
title,24943
title,24953
title,24959
title,24968
title,24970
title,24971
title,24973
title,24974
title,24978
title,24981
title,24983
title,24988
title,24991
title,24992
title,24995
title,24996
title,25000
title,25001
title,25009
title,25015
title,25017
title,25021
title,25022
title,25023
title,25027
title,25029
title,25030
title,25031
title,25037
title,25040
title,25042
title,25044
title,25047
title,25050
title,25051
title,25052
title,25056
title,25061
title,25066
title,25068
title,25076
title,25081
title,25086
title,25091
title,25096
title,25097
title,25102
title,25103
title,25105
title,25106
title,25108
title,25109
title,25112
title,25114
title,25115
title,25122
title,25123
title,25125
title,25126
title,25132
title,25133
title,25145
title,25149
title,25150
title,25152
title,25153
title,25158
title,25160
title,25162
title,25177
title,25178
title,25182
title,25184
title,25185
title,25194
title,25195
title,25197
title,25200
title,25202
title,25203
title,25205
title,25207
title,25211
title,25212
title,25218
title,25222
title,25223
title,25224
title,25226
title,25229
title,25230
title,25231
title,25234
title,25236
title,25240
title,25246
title,25248
title,25250
title,25253
title,25256
title,25263
title,25265
title,25268
title,25272
title,25273
title,25279
title,25281
title,25282
title,25285
title,25286
title,25287
title,25290
title,25291
title,25295
title,25296
title,25298
title,25304
title,25307
title,25311
title,25316
title,25322
title,25324
title,25328
title,25329
title,25342
title,25348
title,25353
title,25355
title,25357
title,25360
title,25363
title,25364
title,25370
title,25371
title,25376
title,25377
title,25379
title,25380
title,25382
title,25385
title,25393
title,25395
title,25401
title,25403
title,25408
title,25412
title,25413
title,25414
title,25418
title,25426
title,25431
title,25432
title,25433
title,25434
title,25438
title,25439
title,25440
title,25441
title,25442
title,25445
title,25446
title,25448
title,25449
title,25450
title,25460
title,25466
title,25467
title,25473
title,25475
title,25478
title,25480
title,25481
title,25483
title,25486
title,25488
title,25490
title,25496
title,25500
title,25502
title,25506
title,25510
title,25515
title,25517
title,25518
title,25521
title,25523
title,25529
title,25530
title,25534
title,25535
title,25536
title,25539
title,25540
title,25550
title,25552
title,25553
title,25555
title,25560
title,25561
title,25566
title,25568
title,25569
title,25571
title,25574
title,25575
title,25578
title,25582
title,25589
title,25590
title,25592
title,25593
title,25594
title,25601
title,25605
title,25608
title,25611
title,25615
title,25617
title,25624
title,25627
title,25635
title,25641
title,25646
title,25648
title,25649
title,25650
title,25652
title,25654
title,25657
title,25660
title,25662
title,25663
title,25666
title,25667
title,25670
title,25671
title,25673
title,25674
title,25677
title,25678
title,25681
title,25684
title,25690
title,25693
title,25695
title,25697
title,25705
title,25706
title,25707
title,25715
title,25717
title,25719
title,25722
title,25723
title,25726
title,25727
title,25736
title,25737
title,25740
title,25741
title,25745
title,25746
title,25750
title,25751
title,25753
title,25754
title,25755
title,25760
title,25773
title,25775
title,25777
title,25782
title,25801
title,25802
title,25807
title,25815
title,25816
title,25826
title,25831
title,25832
title,25845
title,25846
title,25853
title,25854
title,25855
title,25859
title,25862
title,25869
title,25871
title,25872
title,25873
title,25881
title,25884
title,25885
title,25890
title,25896
title,25907
title,25909
title,25911
title,25915
title,25919
title,25921
title,25927
title,25929
title,25937
title,25940
title,25943
title,25947
title,25954
title,25955
title,25957
title,25958
title,25960
title,25962
title,25964
title,25965
title,25969
title,25972
title,25973
title,25974
title,25979
title,25983
title,25990
title,25991
title,25993
title,25995
title,25996
title,26001
title,26002
title,26003
title,26004
title,26006
title,26008
title,26009
title,26011
title,26014
title,26015
title,26021
title,26023
title,26024
title,26026
title,26031
title,26035
title,26036
title,26037
title,26047
title,26052
title,26053
title,26056
title,26062
title,26063
title,26065
title,26067
title,26068
title,26070
title,26074
title,26079
title,26081
title,26082
title,26085
title,26086
title,26091
title,26092
title,26094
title,26098
title,26099
title,26103
title,26106
title,26113
title,26115
title,26116
title,26117
title,26122
title,26123
title,26131
title,26133
title,26135
title,26140
title,26141
title,26153
title,26154
title,26159
title,26161
title,26163
title,26164
title,26166
title,26167
title,26168
title,26169
title,26174
title,26180
title,26183
title,26184
title,26193
title,26197
title,26198
title,26201
title,26202
title,26203
title,26209
title,26210
title,26217
title,26218
title,26220
title,26227
title,26230
title,26242
title,26245
title,26248
title,26249
title,26253
title,26254
title,26256
title,26258
title,26260
title,26264
title,26266
title,26272
title,26273
title,26274
title,26276
title,26280
title,26287
title,26289
title,26290
title,26292
title,26296
title,26297
title,26302
title,26311
title,26313
title,26316
title,26318
title,26320
title,26322
title,26323
title,26324
title,26326
title,26328
title,26331
title,26336
title,26339
title,26341
title,26348
title,26350
title,26356
title,26360
title,26364
title,26365
title,26371
title,26377
title,26378
title,26384
title,26385
title,26386
title,26388
title,26395
title,26400
title,26402
title,26405
title,26414
title,26419
title,26423
title,26424
title,26431
title,26432
title,26433
title,26435
title,26439
title,26445
title,26449
title,26450
title,26451
title,26456
title,26461
title,26465
title,26467
title,26472
title,26473
title,26474
title,26477
title,26479
title,26486
title,26493
title,26499
title,26502
title,26508
title,26510
title,26511
title,26512
title,26513
title,26524
title,26526
title,26528
title,26530
title,26533
title,26534
title,26536
title,26538
title,26542
title,26543
title,26545
title,26546
title,26547
title,26548
title,26549
title,26550
title,26551
title,26552
title,26554
title,26555
title,26569
title,26577
title,26587
title,26588
title,26589
title,26591
title,26598
title,26599
title,26600
title,26602
title,26607
title,26610
title,26611
title,26616
title,26618
title,26619
title,26621
title,26623
title,26624
title,26633
title,26635
title,26640
title,26641
title,26642
title,26644
title,26653
title,26654
title,26657
title,26665
title,26669
title,26678
title,26682
title,26683
title,26688
title,26693
title,26696
title,26699
title,26703
title,26707
title,26711
title,26713
title,26717
title,26721
title,26723
title,26736
title,26737
title,26750
title,26755
title,26756
title,26757
title,26762
title,26768
title,26773
title,26784
title,26787
title,26799
title,26800
title,26805
title,26809
title,26815
title,26822
title,26823
title,26824
title,26826
title,26829
title,26830
title,26834
title,26836
title,26844
title,26846
title,26847
title,26848
title,26849
title,26850
title,26851
title,26852
title,26855
title,26856
title,26857
title,26859
title,26864
title,26866
title,26869
title,26870
title,26871
title,26877
title,26880
title,26882
title,26884
title,26887
title,26888
title,26892
title,26895
title,26899
title,26901
title,26903
title,26922
title,26926
title,26935
title,26938
title,26941
title,26942
title,26944
title,26949
title,26954
title,26955
title,26957
title,26968
title,26975
title,26976
title,26977
title,26978
title,26980
title,26982
title,26984
title,26985
title,26988
title,26991
title,26993
title,26997
title,27000
title,27001
title,27002
title,27005
title,27007
title,27011
title,27015
title,27017
title,27019
title,27027
title,27028
title,27031
title,27035
title,27039
title,27040
title,27049
title,27051
title,27064
title,27065
title,27074
title,27075
title,27078
title,27081
title,27083
title,27092
title,27095
title,27099
title,27107
title,27110
title,27112
title,27115
title,27118
title,27121
title,27122
title,27123
title,27124
title,27127
title,27128
title,27130
title,27135
title,27136
title,27137
title,27141
title,27149
title,27152
title,27157
title,27175
title,27179
title,27184
title,27186
title,27189
title,27191
title,27194
title,27196
title,27202
title,27208
title,27213
title,27216
title,27220
title,27225
title,27226
title,27230
title,27233
title,27236
title,27237
title,27239
title,27240
title,27241
title,27243
title,27245
title,27246
title,27252
title,27253
title,27254
title,27255
title,27260
title,27261
title,27265
title,27266
title,27269
title,27270
title,27272
title,27273
title,27275
title,27280
title,27286
title,27288
title,27291
title,27294
title,27305
title,27308
title,27312
title,27314
title,27317
title,27320
title,27322
title,27329
title,27330
title,27335
title,27336
title,27337
title,27338
title,27346
title,27348
title,27349
title,27354
title,27356
title,27361
title,27362
title,27369
title,27370
title,27372
title,27377
title,27378
title,27379
title,27381
title,27387
title,27393
title,27398
title,27399
title,27400
title,27403
title,27405
title,27407
title,27408
title,27409
title,27412
title,27414
title,27423
title,27426
title,27428
title,27431
title,27437
title,27440
title,27441
title,27443
title,27449
title,27450
title,27452
title,27456
title,27465
title,27468
title,27471
title,27477
title,27478
title,27482
title,27484
title,27492
title,27494
title,27496
title,27498
title,27504
title,27510
title,27513
title,27517
title,27537
title,27538
title,27543
title,27548
title,27554
title,27555
title,27558
title,27560
title,27563
title,27567
title,27570
title,27576
title,27581
title,27582
title,27589
title,27597
title,27598
title,27599
title,27600
title,27606
title,27607
title,27612
title,27613
title,27615
title,27624
title,27626
title,27628
title,27635
title,27636
title,27642
title,27647
title,27648
title,27649
title,27651
title,27652
title,27654
title,27657
title,27659
title,27660
title,27661
title,27663
title,27666
title,27667
title,27670
title,27673
title,27679
title,27686
title,27690
title,27691
title,27696
title,27699
title,27701
title,27702
title,27706
title,27707
title,27712
title,27720
title,27727
title,27728
title,27729
title,27734
title,27747
title,27749
title,27759
title,27761
title,27765
title,27766
title,27767
title,27768
title,27770
title,27775
title,27778
title,27782
title,27784
title,27785
title,27788
title,27793
title,27794
title,27798
title,27804
title,27809
title,27814
title,27815
title,27817
title,27818
title,27819
title,27821
title,27824
title,27825
title,27827
title,27828
title,27835
title,27838
title,27843
title,27845
title,27849
title,27851
title,27852
title,27854
title,27867
title,27868
title,27872
title,27875
title,27879
title,27889
title,27890
title,27894
title,27898
title,27899
title,27901
title,27904
title,27906
title,27908
title,27909
title,27915
title,27918
title,27923
title,27925
title,27926
title,27928
title,27931
title,27934
title,27936
title,27940
title,27944
title,27950
title,27954
title,27955
title,27964
title,27966
title,27968
title,27969
title,27973
title,27978
title,27983
title,27985
title,27988
title,27990
title,27994
title,27995
title,27996
title,27998
title,28000
title,28001
title,28006
title,28010
title,28016
title,28017
title,28018
title,28020
title,28021
title,28024
title,28026
title,28033
title,28039
title,28042
title,28043
title,28044
title,28046
title,28047
title,28051
title,28055
title,28057
title,28059
title,28060
title,28061
title,28066
title,28069
title,28071
title,28072
title,28073
title,28076
title,28077
title,28079
title,28085
title,28088
title,28108
title,28109
title,28110
title,28112
title,28116
title,28120
title,28121
title,28125
title,28129
title,28130
title,28136
title,28142
title,28143
title,28151
title,28154
title,28156
title,28157
title,28158
title,28163
title,28174
title,28178
title,28179
title,28184
title,28185
title,28187
title,28194
title,28195
title,28198
title,28200
title,28207
title,28208
title,28209
title,28210
title,28219
title,28223
title,28234
title,28236
title,28242
title,28244
title,28246
title,28252
title,28254
title,28259
title,28260
title,28262
title,28264
title,28265
title,28267
title,28268
title,28277
title,28278
title,28283
title,28284
title,28292
title,28293
title,28294
title,28295
title,28301
title,28308
title,28314
title,28320
title,28323
title,28328
title,28333
title,28334
title,28337
title,28338
title,28339
title,28344
title,28354
title,28356
title,28365
title,28366
title,28368
title,28369
title,28373
title,28377
title,28379
title,28381
title,28392
title,28394
title,28397
title,28398
title,28405
title,28407
title,28409
title,28411
title,28413
title,28416
title,28420
title,28422
title,28424
title,28427
title,28433
title,28436
title,28437
title,28442
title,28443
title,28447
title,28455
title,28458
title,28461
title,28465
title,28470
title,28476
title,28477
title,28479
title,28481
title,28482
title,28484
title,28489
title,28491
title,28495
title,28496
title,28497
title,28499
title,28500
title,28503
title,28506
title,28513
title,28515
title,28516
title,28517
title,28518
title,28519
title,28521
title,28523
title,28533
title,28537
title,28539
title,28544
title,28548
title,28563
title,28567
title,28568
title,28571
title,28573
title,28575
title,28576
title,28578
title,28581
title,28583
title,28584
title,28585
title,28588
title,28591
title,28595
title,28600
title,28602
title,28609
title,28615
title,28616
title,28617
title,28625
title,28626
title,28629
title,28631
title,28635
title,28636
title,28637
title,28650
title,28651
title,28654
title,28659
title,28683
title,28689
title,28693
title,28694
title,28695
title,28697
title,28699
title,28702
title,28707
title,28712
title,28715
title,28720
title,28731
title,28735
title,28737
title,28738
title,28740
title,28746
title,28747
title,28751
title,28752
title,28753
title,28757
title,28758
title,28760
title,28768
title,28779
title,28781
title,28788
title,28789
title,28790
title,28792
title,28793
title,28795
title,28805
title,28817
title,28818
title,28821
title,28824
title,28825
title,28826
title,28831
title,28833
title,28834
title,28854
title,28855
title,28856
title,28859
title,28860
title,28861
title,28865
title,28872
title,28877
title,28878
title,28887
title,28894
title,28896
title,28910
title,28916
title,28921
title,28929
title,28934
title,28936
title,28944
title,28945
title,28952
title,28954
title,28955
title,28957
title,28958
title,28960
title,28961
title,28969
title,28971
title,28972
title,28974
title,28976
title,28977
title,28982
title,28987
title,28988
title,28989
title,28990
title,29000
title,29005
title,29009
title,29018
title,29019
title,29025
title,29033
title,29034
title,29045
title,29046
title,29052
title,29058
title,29065
title,29068
title,29069
title,29073
title,29084
title,29086
title,29087
title,29093
title,29096
title,29098
title,29100
title,29102
title,29103
title,29107
title,29111
title,29135
title,29137
title,29138
title,29148
title,29155
title,29158
title,29162
title,29165
title,29166
title,29180
title,29181
title,29185
title,29186
title,29190
title,29193
title,29198
title,29204
title,29205
title,29206
title,29212
title,29217
title,29221
title,29222
title,29233
title,29237
title,29242
title,29255
title,29256
title,29257
title,29261
title,29262
title,29263
title,29264
title,29266
title,29267
title,29271
title,29276
title,29278
title,29279
title,29290
title,29294
title,29301
title,29303
title,29305
title,29306
title,29321
title,29324
title,29325
title,29332
title,29336
title,29337
title,29346
title,29350
title,29358
title,29360
title,29364
title,29368
title,29370
title,29375
title,29377
title,29382
title,29383
title,29388
title,29390
title,29398
title,29403
title,29406
title,29408
title,29417
title,29421
title,29425
title,29430
title,29432
title,29440
title,29449
title,29450
title,29454
title,29458
title,29459
title,29462
title,29464
title,29468
title,29471
title,29475
title,29479
title,29483
title,29485
title,29489
title,29491
title,29492
title,29494
title,29497
title,29500
title,29506
title,29507
title,29510
title,29514
title,29517
title,29519
title,29523
title,29524
title,29527
title,29531
title,29537
title,29539
title,29544
title,29553
title,29571
title,29576
title,29582
title,29587
title,29588
title,29592
title,29595
title,29605
title,29606
title,29618
title,29630
title,29636
title,29641
title,29643
title,29647
title,29659
title,29666
title,29669
title,29677
title,29678
title,29679
title,29680
title,29683
title,29687
title,29690
title,29691
title,29693
title,29696
title,29705
title,29711
title,29714
title,29715
title,29723
title,29726
title,29727
title,29728
title,29731
title,29734
title,29737
title,29739
title,29749
title,29750
title,29758
title,29761
title,29768
title,29771
title,29778
title,29781
title,29783
title,29784
title,29794
title,29796
title,29800
title,29801
title,29802
title,29805
title,29807
title,29809
title,29814
title,29818
title,29820
title,29823
title,29825
title,29826
title,29834
title,29838
title,29841
title,29842
title,29844
title,29846
title,29847
title,29851
title,29855
title,29857
title,29862
title,29867
title,29872
title,29873
title,29878
title,29883
title,29887
title,29890
title,29891
title,29902
title,29904
title,29913
title,29915
title,29923
title,29930
title,29932
title,29935
title,29936
title,29937
title,29942
title,29946
title,29952
title,29953
title,29957
title,29959
title,29966
title,29968
title,29973
title,29974
title,29977
title,29981
title,29986
title,29992
title,29999
title,30002
title,30003
title,30008
title,30009
title,30013
title,30016
title,30020
title,30032
title,30034
title,30037
title,30043
title,30044
title,30046
title,30050
title,30058
title,30059
title,30067
title,30071
title,30078
title,30080
title,30087
title,30094
title,30101
title,30105
title,30109
title,30112
title,30116
title,30118
title,30124
title,30125
title,30129
title,30132
title,30139
title,30151
title,30154
title,30156
title,30157
title,30170
title,30172
title,30174
title,30178
title,30179
title,30181
title,30182
title,30183
title,30184
title,30190
title,30193
title,30196
title,30199
title,30204
title,30205
title,30208
title,30209
title,30212
title,30215
title,30217
title,30219
title,30223
title,30227
title,30231
title,30233
title,30234
title,30235
title,30241
title,30243
title,30252
title,30255
title,30256
title,30264
title,30274
title,30284
title,30287
title,30289
title,30292
title,30293
title,30297
title,30303
title,30305
title,30308
title,30314
title,30321
title,30328
title,30330
title,30335
title,30346
title,30347
title,30349
title,30353
title,30362
title,30363
title,30373
title,30379
title,30380
title,30381
title,30384
title,30386
title,30388
title,30390
title,30392
title,30396
title,30398
title,30403
title,30407
title,30413
title,30415
title,30416
title,30418
title,30428
title,30429
title,30433
title,30436
title,30437
title,30439
title,30443
title,30450
title,30453
title,30455
title,30456
title,30459
title,30461
title,30464
title,30470
title,30471
title,30474
title,30480
title,30481
title,30487
title,30501
title,30504
title,30512
title,30519
title,30520
title,30521
title,30524
title,30527
title,30530
title,30531
title,30532
title,30541
title,30546
title,30552
title,30554
title,30557
title,30559
title,30574
title,30579
title,30582
title,30583
title,30592
title,30593
title,30594
title,30601
title,30604
title,30609
title,30615
title,30617
title,30619
title,30620
title,30623
title,30627
title,30630
title,30632
title,30633
title,30635
title,30637
title,30638
title,30640
title,30643
title,30644
title,30647
title,30648
title,30650
title,30653
title,30654
title,30656
title,30660
title,30661
title,30662
title,30663
title,30665
title,30666
title,30670
title,30671
title,30680
title,30682
title,30691
title,30692
title,30696
title,30697
title,30705
title,30717
title,30718
title,30724
title,30726
title,30732
title,30734
title,30735
title,30736
title,30737
title,30742
title,30743
title,30746
title,30747
title,30749
title,30752
title,30754
title,30759
title,30760
title,30769
title,30772
title,30773
title,30775
title,30776
title,30803
title,30812
title,30814
title,30816
title,30820
title,30822
title,30823
title,30826
title,30827
title,30830
title,30836
title,30838
title,30843
title,30844
title,30847
title,30849
title,30852
title,30860
title,30861
title,30866
title,30868
title,30869
title,30872
title,30879
title,30880
title,30892
title,30898
title,30900
title,30902
title,30909
title,30911
title,30920
title,30922
title,30923
title,30926
title,30928
title,30930
title,30938
title,30950
title,30952
title,30958
title,30959
title,30964
title,30974
title,30975
title,30978
title,30980
title,30981
title,30982
title,30994
title,30995
title,30996
title,30999
title,31002
title,31003
title,31006
title,31008
title,31021
title,31025
title,31027
title,31028
title,31035
title,31036
title,31050
title,31052
title,31063
title,31064
title,31067
title,31071
title,31081
title,31083
title,31086
title,31087
title,31089
title,31090
title,31092
title,31094
title,31100
title,31102
title,31103
title,31109
title,31110
title,31111
title,31118
title,31121
title,31128
title,31133
title,31135
title,31140
title,31146
title,31147
title,31150
title,31153
title,31159
title,31161
title,31165
title,31166
title,31170
title,31172
title,31175
title,31176
title,31177
title,31178
title,31179
title,31180
title,31181
title,31186
title,31188
title,31191
title,31195
title,31196
title,31197
title,31199
title,31208
title,31209
title,31211
title,31213
title,31214
title,31215
title,31218
title,31219
title,31220
title,31225
title,31228
title,31230
title,31238
title,31240
title,31242
title,31254
title,31259
title,31260
title,31263
title,31264
title,31266
title,31268
title,31269
title,31272
title,31274
title,31275
title,31279
title,31282
title,31283
title,31284
title,31288
title,31294
title,31303
title,31305
title,31308
title,31315
title,31316
title,31322
title,31333
title,31339
title,31340
title,31346
title,31347
title,31348
title,31349
title,31350
title,31358
title,31360
title,31362
title,31367
title,31369
title,31371
title,31374
title,31378
title,31380
title,31394
title,31396
title,31397
title,31402
title,31403
title,31404
title,31406
title,31415
title,31416
title,31418
title,31419
title,31420
title,31422
title,31424
title,31428
title,31432
title,31436
title,31442
title,31449
title,31453
title,31456
title,31462
title,31464
title,31466
title,31470
title,31471
title,31474
title,31482
title,31483
title,31489
title,31491
title,31493
title,31495
title,31506
title,31513
title,31525
title,31529
title,31531
title,31532
title,31542
title,31543
title,31547
title,31548
title,31551
title,31554
title,31568
title,31569
title,31571
title,31576
title,31582
title,31584
title,31586
title,31589
title,31592
title,31593
title,31594
title,31596
title,31597
title,31601
title,31602
title,31604
title,31608
title,31616
title,31617
title,31620
title,31622
title,31627
title,31629
title,31630
title,31631
title,31632
title,31634
title,31638
title,31643
title,31644
title,31645
title,31653
title,31654
title,31656
title,31660
title,31661
title,31664
title,31672
title,31673
title,31674
title,31675
title,31677
title,31684
title,31690
title,31696
title,31697
title,31698
title,31701
title,31702
title,31707
title,31708
title,31713
title,31714
title,31720
title,31728
title,31731
title,31734
title,31736
title,31737
title,31738
title,31739
title,31741
title,31747
title,31749
title,31752
title,31755
title,31756
title,31759
title,31762
title,31766
title,31768
title,31769
title,31771
title,31774
title,31775
title,31781
title,31782
title,31784
title,31788
title,31789
title,31797
title,31803
title,31807
title,31808
title,31813
title,31814
title,31817
title,31821
title,31824
title,31828
title,31829
title,31833
title,31835
title,31838
title,31840
title,31845
title,31850
title,31860
title,31863
title,31872
title,31879
title,31887
title,31894
title,31895
title,31901
title,31902
title,31907
title,31920
title,31928
title,31931
title,31933
title,31937
title,31939
title,31941
title,31944
title,31945
title,31947
title,31957
title,31959
title,31960
title,31963
title,31966
title,31973
title,31981
title,31982
title,31989
title,31991
title,31992
title,31996
title,32001
title,32002
title,32003
title,32005
title,32009
title,32011
title,32012
title,32017
title,32020
title,32022
title,32026
title,32031
title,32032
title,32036
title,32040
title,32042
title,32044
title,32047
title,32051
title,32052
title,32053
title,32054
title,32055
title,32056
title,32057
title,32059
title,32063
title,32066
title,32067
title,32070
title,32071
title,32074
title,32083
title,32086
title,32088
title,32090
title,32091
title,32092
title,32102
title,32105
title,32106
title,32107
title,32110
title,32113
title,32117
title,32118
title,32119
title,32121
title,32124
title,32130
title,32138
title,32144
title,32154
title,32155
title,32156
title,32157
title,32158
title,32163
title,32167
title,32169
title,32171
title,32174
title,32176
title,32177
title,32181
title,32187
title,32191
title,32200
title,32205
title,32206
title,32209
title,32214
title,32216
title,32218
title,32219
title,32220
title,32223
title,32227
title,32230
title,32237
title,32241
title,32244
title,32251
title,32252
title,32255
title,32258
title,32259
title,32262
title,32265
title,32268
title,32273
title,32275
title,32277
title,32278
title,32280
title,32284
title,32285
title,32290
title,32298
title,32303
title,32306
title,32307
title,32312
title,32315
title,32316
title,32318
title,32322
title,32324
title,32326
title,32327
title,32328
title,32330
title,32331
title,32334
title,32336
title,32338
title,32348
title,32349
title,32350
title,32351
title,32352
title,32357
title,32361
title,32364
title,32365
title,32367
title,32375
title,32379
title,32381
title,32384
title,32388
title,32391
title,32395
title,32403
title,32404
title,32406
title,32408
title,32412
title,32415
title,32416
title,32419
title,32423
title,32430
title,32432
title,32438
title,32439
title,32446
title,32447
title,32452
title,32457
title,32458
title,32465
title,32467
title,32468
title,32472
title,32474
title,32475
title,32482
title,32483
title,32493
title,32494
title,32501
title,32504
title,32505
title,32506
title,32509
title,32510
title,32511
title,32512
title,32523
title,32525
title,32530
title,32532
title,32536
title,32541
title,32545
title,32550
title,32554
title,32564
title,32567
title,32574
title,32575
title,32577
title,32578
title,32584
title,32586
title,32590
title,32591
title,32595
title,32597
title,32598
title,32602
title,32603
title,32605
title,32606
title,32608
title,32612
title,32617
title,32623
title,32624
title,32627
title,32630
title,32631
title,32632
title,32634
title,32635
title,32638
title,32641
title,32647
title,32650
title,32653
title,32664
title,32668
title,32671
title,32675
title,32679
title,32680
title,32681
title,32684
title,32687
title,32691
title,32692
title,32693
title,32698
title,32707
title,32708
title,32712
title,32713
title,32717
title,32719
title,32721
title,32722
title,32723
title,32724
title,32725
title,32726
title,32728
title,32729
title,32737
title,32740
title,32741
title,32750
title,32752
title,32757
title,32758
title,32766
title,32767
title,32770
title,32774
title,32780
title,32781
title,32783
title,32787
title,32798
title,32799
title,32802
title,32804
title,32805
title,32807
title,32808
title,32809
title,32811
title,32813
title,32814
title,32815
title,32816
title,32821
title,32822
title,32824
title,32826
title,32827
title,32828
title,32830
title,32834
title,32836
title,32840
title,32850
title,32852
title,32853
title,32856
title,32857
title,32867
title,32869
title,32870
title,32874
title,32875
title,32881
title,32882
title,32883
title,32886
title,32888
title,32903
title,32911
title,32913
title,32916
title,32917
title,32919
title,32924
title,32925
title,32926
title,32927
title,32930
title,32934
title,32937
title,32940
title,32941
title,32946
title,32950
title,32953
title,32955
title,32956
title,32961
title,32965
title,32966
title,32968
title,32969
title,32970
title,32971
title,32974
title,32975
title,32982
title,32986
title,32988
title,32993
title,32995
title,33000
title,33001
title,33002
title,33003
title,33004
title,33005
title,33009
title,33018
title,33019
title,33021
title,33025
title,33026
title,33029
title,33033
title,33034
title,33036
title,33038
title,33043
title,33044
title,33045
title,33046
title,33047
title,33050
title,33052
title,33053
title,33055
title,33056
title,33057
title,33058
title,33059
title,33060
title,33066
title,33071
title,33076
title,33078
title,33080
title,33081
title,33085
title,33087
title,33090
title,33093
title,33095
title,33096
title,33097
title,33098
title,33101
title,33104
title,33108
title,33109
title,33113
title,33116
title,33117
title,33124
title,33125
title,33126
title,33127
title,33129
title,33131
title,33134
title,33135
title,33139
title,33143
title,33144
title,33145
title,33147
title,33150
title,33153
title,33158
title,33165
title,33166
title,33167
title,33168
title,33170
title,33174
title,33175
title,33177
title,33191
title,33193
title,33194
title,33197
title,33198
title,33199
title,33205
title,33206
title,33209
title,33210
title,33211
title,33220
title,33221
title,33230
title,33233
title,33237
title,33243
title,33245
title,33246
title,33247
title,33250
title,33253
title,33255
title,33256
title,33257
title,33258
title,33264
title,33265
title,33267
title,33269
title,33272
title,33273
title,33275
title,33278
title,33279
title,33286
title,33287
title,33288
title,33289
title,33292
title,33295
title,33300
title,33303
title,33304
title,33305
title,33310
title,33315
title,33316
title,33318
title,33319
title,33321
title,33322
title,33323
title,33326
title,33329
title,33330
title,33333
title,33334
title,33336
title,33337
title,33339
title,33340
title,33341
title,33342
title,33345
title,33349
title,33351
title,33353
title,33360
title,33362
title,33364
title,33365
title,33366
title,33370
title,33373
title,33374
title,33376
title,33377
title,33382
title,33384
title,33385
title,33387
title,33388
title,33390
title,33391
title,33394
title,33401
title,33408
title,33414
title,33421
title,33422
title,33423
title,33425
title,33427
title,33429
title,33432
title,33437
title,33440
title,33444
title,33447
title,33452
title,33454
title,33455
title,33456
title,33457
title,33466
title,33468
title,33472
title,33473
title,33477
title,33480
title,33481
title,33482
title,33484
title,33488
title,33491
title,33492
title,33493
title,33494
title,33498
title,33502
title,33504
title,33507
title,33514
title,33515
title,33518
title,33519
title,33521
title,33523
title,33526
title,33528
title,33531
title,33532
title,33533
title,33537
title,33539
title,33550
title,33551
title,33558
title,33559
title,33568
title,33570
title,33574
title,33575
title,33576
title,33579
title,33585
title,33587
title,33588
title,33589
title,33593
title,33597
title,33598
title,33599
title,33600
title,33604
title,33609
title,33611
title,33612
title,33615
title,33619
title,33623
title,33624
title,33627
title,33629
title,33631
title,33635
title,33636
title,33638
title,33643
title,33644
title,33645
title,33647
title,33650
title,33652
title,33654
title,33655
title,33668
title,33670
title,33672
title,33677
title,33679
title,33680
title,33682
title,33684
title,33685
title,33689
title,33693
title,33694
title,33696
title,33697
title,33698
title,33700
title,33701
title,33702
title,33704
title,33705
title,33708
title,33711
title,33713
title,33714
title,33716
title,33717
title,33718
title,33719
title,33725
title,33731
title,33741
title,33746
title,33751
title,33756
title,33758
title,33761
title,33762
title,33764
title,33767
title,33770
title,33773
title,33776
title,33777
title,33784
title,33794
title,33795
title,33796
title,33798
title,33802
title,33811
title,33815
title,33818
title,33822
title,33824
title,33827
title,33829
title,33831
title,33834
title,33835
title,33843
title,33847
title,33850
title,33852
title,33853
title,33854
title,33857
title,33859
title,33860
title,33861
title,33863
title,33864
title,33865
title,33866
title,33870
title,33871
title,33877
title,33880
title,33882
title,33883
title,33884
title,33893
title,33901
title,33902
title,33905
title,33908
title,33910
title,33913
title,33917
title,33924
title,33925
title,33927
title,33934
title,33936
title,33942
title,33943
title,33944
title,33945
title,33951
title,33952
title,33954
title,33958
title,33959
title,33965
title,33971
title,33973
title,33975
title,33979
title,33980
title,33983
title,33984
title,33997
title,34001
title,34009
title,34011
title,34013
title,34020
title,34022
title,34023
title,34025
title,34031
title,34034
title,34046
title,34047
title,34048
title,34055
title,34056
title,34057
title,34066
title,34071
title,34077
title,34080
title,34081
title,34082
title,34084
title,34086
title,34087
title,34089
title,34091
title,34094
title,34095
title,34096
title,34099
title,34100
title,34101
title,34102
title,34105
title,34106
title,34112
title,34113
title,34115
title,34118
title,34119
title,34123
title,34124
title,34126
title,34127
title,34141
title,34143
title,34151
title,34153
title,34154
title,34160
title,34162
title,34163
title,34164
title,34165
title,34166
title,34167
title,34169
title,34170
title,34177
title,34185
title,34190
title,34191
title,34193
title,34195
title,34198
title,34211
title,34212
title,34213
title,34217
title,34220
title,34226
title,34233
title,34239
title,34245
title,34246
title,34247
title,34253
title,34254
title,34256
title,34258
title,34259
title,34262
title,34266
title,34267
title,34269
title,34272
title,34275
title,34279
title,34283
title,34285
title,34289
title,34290
title,34298
title,34300
title,34301
title,34303
title,34308
title,34309
title,34311
title,34313
title,34316
title,34317
title,34321
title,34322
title,34324
title,34329
title,34330
title,34334
title,34337
title,34341
title,34342
title,34343
title,34344
title,34349
title,34350
title,34351
title,34354
title,34359
title,34360
title,34361
title,34364
title,34371
title,34373
title,34374
title,34378
title,34383
title,34388
title,34397
title,34399
title,34401
title,34402
title,34406
title,34415
title,34418
title,34420
title,34421
title,34423
title,34427
title,34428
title,34431
title,34432
title,34435
title,34436
title,34441
title,34451
title,34458
title,34462
title,34466
title,34471
title,34475
title,34481
title,34483
title,34489
title,34491
title,34492
title,34499
title,34501
title,34503
title,34512
title,34515
title,34517
title,34520
title,34521
title,34525
title,34526
title,34527
title,34530
title,34531
title,34536
title,34537
title,34538
title,34540
title,34541
title,34542
title,34555
title,34557
title,34563
title,34564
title,34569
title,34570
title,34572
title,34573
title,34579
title,34580
title,34585
title,34590
title,34591
title,34593
title,34598
title,34602
title,34603
title,34604
title,34609
title,34611
title,34612
title,34619
title,34623
title,34625
title,34626
title,34628
title,34630
title,34634
title,34637
title,34638
title,34643
title,34644
title,34645
title,34646
title,34649
title,34650
title,34651
title,34653
title,34654
title,34656
title,34657
title,34666
title,34677
title,34678
title,34683
title,34684
title,34686
title,34688
title,34693
title,34695
title,34698
title,34701
title,34702
title,34708
title,34710
title,34715
title,34717
title,34720
title,34722
title,34723
title,34728
title,34731
title,34733
title,34734
title,34735
title,34741
title,34744
title,34747
title,34748
title,34750
title,34755
title,34756
title,34757
title,34762
title,34764
title,34765
title,34766
title,34767
title,34768
title,34769
title,34771
title,34772
title,34773
title,34774
title,34778
title,34782
title,34788
title,34789
title,34793
title,34798
title,34802
title,34803
title,34806
title,34807
title,34808
title,34811
title,34816
title,34821
title,34825
title,34826
title,34827
title,34828
title,34830
title,34833
title,34836
title,34837
title,34838
title,34846
title,34850
title,34854
title,34855
title,34856
title,34858
title,34861
title,34862
title,34867
title,34869
title,34871
title,34873
title,34874
title,34876
title,34878
title,34882
title,34885
title,34887
title,34888
title,34889
title,34890
title,34891
title,34903
title,34905
title,34907
title,34914
title,34915
title,34916
title,34917
title,34918
title,34919
title,34920
title,34928
title,34929
title,34932
title,34934
title,34939
title,34942
title,34944
title,34945
title,34947
title,34952
title,34956
title,34960
title,34964
title,34965
title,34966
title,34967
title,34971
title,34977
title,34979
title,34980
title,34982
title,34986
title,34987
title,34988
title,34990
title,34992
title,34993
title,34994
title,34999
title,35009
title,35010
title,35011
title,35012
title,35013
title,35014
title,35018
title,35019
title,35022
title,35027
title,35038
title,35046
title,35047
title,35054
title,35057
title,35061
title,35063
title,35064
title,35068
title,35069
title,35071
title,35074
title,35078
title,35079
title,35080
title,35082
title,35083
title,35088
title,35095
title,35096
title,35103
title,35121
title,35122
title,35127
title,35129
title,35130
title,35136
title,35144
title,35150
title,35155
title,35156
title,35157
title,35161
title,35163
title,35164
title,35168
title,35173
title,35179
title,35181
title,35187
title,35193
title,35194
title,35195
title,35199
title,35206
title,35210
title,35211
title,35212
title,35214
title,35218
title,35220
title,35223
title,35225
title,35230
title,35235
title,35237
title,35240
title,35241
title,35244
title,35251
title,35254
title,35262
title,35265
title,35266
title,35267
title,35273
title,35274
title,35277
title,35278
title,35283
title,35286
title,35289
title,35291
title,35292
title,35293
title,35296
title,35297
title,35303
title,35305
title,35310
title,35312
title,35313
title,35320
title,35325
title,35328
title,35333
title,35337
title,35347
title,35352
title,35355
title,35358
title,35367
title,35371
title,35375
title,35376
title,35383
title,35384
title,35385
title,35387
title,35391
title,35395
title,35396
title,35400
title,35403
title,35404
title,35405
title,35412
title,35413
title,35414
title,35417
title,35418
title,35421
title,35423
title,35425
title,35430
title,35436
title,35439
title,35444
title,35446
title,35450
title,35451
title,35458
title,35460
title,35461
title,35462
title,35465
title,35474
title,35475
title,35484
title,35486
title,35495
title,35499
title,35500
title,35504
title,35505
title,35506
title,35508
title,35512
title,35513
title,35524
title,35525
title,35526
title,35528
title,35529
title,35532
title,35533
title,35540
title,35541
title,35549
title,35554
title,35561
title,35565
title,35566
title,35568
title,35570
title,35571
title,35572
title,35575
title,35576
title,35577
title,35578
title,35583
title,35592
title,35594
title,35596
title,35599
title,35600
title,35602
title,35603
title,35607
title,35613
title,35626
title,35630
title,35631
title,35633
title,35635
title,35644
title,35645
title,35646
title,35650
title,35655
title,35656
title,35658
title,35659
title,35661
title,35663
title,35669
title,35673
title,35677
title,35696
title,35699
title,35704
title,35718
title,35724
title,35728
title,35734
title,35735
title,35752
title,35755
title,35757
title,35764
title,35766
title,35776
title,35781
title,35783
title,35792
title,35803
title,35807
title,35813
title,35816
title,35829
title,35830
title,35843
title,35847
title,35851
title,35857
title,35864
title,35866
title,35872
title,35874
title,35878
title,35879
title,35882
title,35884
title,35888
title,35891
title,35896
title,35905
title,35912
title,35917
title,35920
title,35923
title,35926
title,35928
title,35931
title,35935
title,35936
title,35939
title,35943
title,35946
title,35948
title,35960
