table,block
aka_name,0
cast_info,0
cast_info,4
cast_info,6
cast_info,7
cast_info,5640
cast_info,6150
cast_info,6440
cast_info,6992
cast_info,13064
cast_info,16088
cast_info,16243
cast_info,16463
cast_info,19077
cast_info,26017
cast_info,26612
cast_info,28137
cast_info,32302
cast_info,33845
cast_info,34211
cast_info,36081
cast_info,38907
cast_info,39787
cast_info,40380
cast_info,43639
cast_info,48867
cast_info,48934
cast_info,51032
cast_info,55858
cast_info,56465
cast_info,64641
cast_info,67645
cast_info,69609
cast_info,72364
cast_info,74433
cast_info,77482
cast_info,78305
cast_info,78932
cast_info,100592
cast_info,103878
cast_info,105528
cast_info,105758
cast_info,109954
cast_info,114141
cast_info,114538
cast_info,122145
cast_info,122442
cast_info,128418
cast_info,131979
cast_info,132645
cast_info,133513
cast_info,135570
cast_info,137050
cast_info,138541
cast_info,139111
cast_info,140192
cast_info,142346
cast_info,142479
cast_info,165826
cast_info,167120
cast_info,167123
cast_info,177209
cast_info,191227
cast_info,194169
cast_info,195467
cast_info,202058
cast_info,206651
cast_info,207420
cast_info,208071
cast_info,212261
cast_info,213348
cast_info,213444
cast_info,213507
cast_info,213593
cast_info,213607
cast_info,213858
cast_info,214542
cast_info,214623
cast_info,215218
cast_info,215541
cast_info,215685
cast_info,215832
cast_info,215995
cast_info,216355
cast_info,217012
cast_info,217544
cast_info,218349
cast_info,218763
cast_info,218787
cast_info,219361
cast_info,219395
cast_info,219964
cast_info,220094
cast_info,220603
cast_info,221012
cast_info,221015
cast_info,221411
cast_info,221443
cast_info,222227
cast_info,222282
cast_info,222428
cast_info,222440
cast_info,222680
cast_info,222692
cast_info,222917
cast_info,223183
cast_info,223279
cast_info,223328
cast_info,223391
cast_info,223585
cast_info,223627
cast_info,224838
cast_info,225036
cast_info,225400
cast_info,225803
cast_info,225931
cast_info,226512
cast_info,226651
cast_info,226715
cast_info,226931
cast_info,227102
cast_info,227745
cast_info,227787
cast_info,227857
cast_info,227924
cast_info,228042
cast_info,228426
cast_info,228943
cast_info,228998
cast_info,229166
cast_info,229319
cast_info,229660
cast_info,230126
cast_info,230270
cast_info,230429
cast_info,230431
cast_info,231550
cast_info,231566
cast_info,231671
cast_info,232262
cast_info,232549
cast_info,233264
cast_info,233319
cast_info,234360
cast_info,234563
cast_info,235709
cast_info,235849
cast_info,236192
cast_info,236422
cast_info,236482
cast_info,236544
cast_info,236545
cast_info,236766
cast_info,236892
cast_info,237158
cast_info,237374
cast_info,237653
cast_info,238130
cast_info,238245
cast_info,238790
cast_info,239068
cast_info,239086
cast_info,240306
cast_info,240551
cast_info,240791
cast_info,240931
cast_info,241481
cast_info,241540
cast_info,241628
cast_info,242359
cast_info,242376
cast_info,243519
cast_info,244107
cast_info,244267
cast_info,244377
cast_info,244735
cast_info,244736
cast_info,244802
cast_info,245054
cast_info,245555
cast_info,246300
cast_info,246323
cast_info,246484
cast_info,246981
cast_info,247200
cast_info,247202
cast_info,247222
cast_info,247522
cast_info,247660
cast_info,249188
cast_info,250271
cast_info,250427
cast_info,250469
cast_info,252677
char_name,0
char_name,1
char_name,24579
company_name,0
company_name,16
company_name,45
company_name,77
company_name,113
company_name,125
company_name,152
company_name,201
company_name,238
company_name,270
company_name,274
company_name,278
company_name,324
company_name,372
company_name,406
company_name,430
company_name,470
company_name,711
company_name,713
company_name,736
company_name,810
company_name,811
company_name,837
company_name,883
company_name,892
company_name,897
company_name,1634
company_name,1817
info_type,0
info_type,0
keyword,0
keyword,0
keyword,1
keyword,2
keyword,3
keyword,4
keyword,5
keyword,6
keyword,7
keyword,8
keyword,9
keyword,10
keyword,11
keyword,12
keyword,13
keyword,14
keyword,15
keyword,16
keyword,17
keyword,18
keyword,19
keyword,20
keyword,21
keyword,22
keyword,23
keyword,24
keyword,25
keyword,26
keyword,27
keyword,28
keyword,29
keyword,30
keyword,31
keyword,32
keyword,33
keyword,34
keyword,35
keyword,36
keyword,37
keyword,38
keyword,39
keyword,40
keyword,41
keyword,42
keyword,43
keyword,44
keyword,45
keyword,46
keyword,47
keyword,48
keyword,49
keyword,50
keyword,51
keyword,52
keyword,53
keyword,54
keyword,55
keyword,56
keyword,57
keyword,58
keyword,59
keyword,60
keyword,61
keyword,62
keyword,63
keyword,64
keyword,65
keyword,66
keyword,67
keyword,68
keyword,69
keyword,70
keyword,71
keyword,72
keyword,73
keyword,74
keyword,75
keyword,76
keyword,77
keyword,78
keyword,79
keyword,80
keyword,81
keyword,82
keyword,83
keyword,84
keyword,85
keyword,86
keyword,87
keyword,88
keyword,89
keyword,90
keyword,91
keyword,92
keyword,93
keyword,94
keyword,95
keyword,96
keyword,97
keyword,98
keyword,99
keyword,100
keyword,101
keyword,102
keyword,103
keyword,104
keyword,105
keyword,106
keyword,107
keyword,108
keyword,109
keyword,110
keyword,111
keyword,112
keyword,113
keyword,114
keyword,115
keyword,116
keyword,117
keyword,118
keyword,119
keyword,120
keyword,121
keyword,122
keyword,123
keyword,124
keyword,125
keyword,126
keyword,127
keyword,128
keyword,129
keyword,130
keyword,131
keyword,132
keyword,133
keyword,134
keyword,135
keyword,136
keyword,137
keyword,138
keyword,139
keyword,140
keyword,141
keyword,142
keyword,143
keyword,144
keyword,145
keyword,146
keyword,147
keyword,148
keyword,149
keyword,150
keyword,151
keyword,152
keyword,153
keyword,154
keyword,155
keyword,156
keyword,157
keyword,158
keyword,159
keyword,160
keyword,161
keyword,162
keyword,163
keyword,164
keyword,165
keyword,166
keyword,167
keyword,168
keyword,169
keyword,170
keyword,171
keyword,172
keyword,173
keyword,174
keyword,175
keyword,176
keyword,177
keyword,178
keyword,179
keyword,180
keyword,181
keyword,182
keyword,183
keyword,184
keyword,185
keyword,186
keyword,187
keyword,188
keyword,189
keyword,190
keyword,191
keyword,192
keyword,193
keyword,194
keyword,195
keyword,196
keyword,197
keyword,198
keyword,199
keyword,200
keyword,201
keyword,202
keyword,203
keyword,204
keyword,205
keyword,206
keyword,207
keyword,208
keyword,209
keyword,210
keyword,211
keyword,212
keyword,213
keyword,214
keyword,215
keyword,216
keyword,217
keyword,218
keyword,219
keyword,220
keyword,221
keyword,222
keyword,223
keyword,224
keyword,225
keyword,226
keyword,227
keyword,228
keyword,229
keyword,230
keyword,231
keyword,232
keyword,233
keyword,234
keyword,235
keyword,236
keyword,237
keyword,238
keyword,239
keyword,240
keyword,241
keyword,242
keyword,243
keyword,244
keyword,245
keyword,246
keyword,247
keyword,248
keyword,249
keyword,250
keyword,251
keyword,252
keyword,253
keyword,254
keyword,255
keyword,256
keyword,257
keyword,258
keyword,259
keyword,260
keyword,261
keyword,262
keyword,263
keyword,264
keyword,265
keyword,266
keyword,267
keyword,268
keyword,269
keyword,270
keyword,271
keyword,272
keyword,273
keyword,274
keyword,275
keyword,276
keyword,277
keyword,278
keyword,279
keyword,280
keyword,281
keyword,282
keyword,283
keyword,284
keyword,285
keyword,286
keyword,287
keyword,288
keyword,289
keyword,290
keyword,291
keyword,292
keyword,293
keyword,294
keyword,295
keyword,296
keyword,297
keyword,298
keyword,299
keyword,300
keyword,301
keyword,302
keyword,303
keyword,304
keyword,305
keyword,306
keyword,307
keyword,308
keyword,309
keyword,310
keyword,311
keyword,312
keyword,313
keyword,314
keyword,315
keyword,316
keyword,317
keyword,318
keyword,319
keyword,320
keyword,321
keyword,322
keyword,323
keyword,324
keyword,325
keyword,326
keyword,327
keyword,328
keyword,329
keyword,330
keyword,331
keyword,332
keyword,333
keyword,334
keyword,335
keyword,336
keyword,337
keyword,338
keyword,339
keyword,340
keyword,341
keyword,342
keyword,343
keyword,344
keyword,345
keyword,346
keyword,347
keyword,348
keyword,349
keyword,350
keyword,351
keyword,352
keyword,353
keyword,354
keyword,355
keyword,356
keyword,357
keyword,358
keyword,359
keyword,360
keyword,361
keyword,362
keyword,363
keyword,364
keyword,365
keyword,366
keyword,367
keyword,368
keyword,369
keyword,370
keyword,371
keyword,372
keyword,373
keyword,374
keyword,375
keyword,376
keyword,377
keyword,378
keyword,379
keyword,380
keyword,381
keyword,382
keyword,383
keyword,384
keyword,385
keyword,386
keyword,387
keyword,388
keyword,389
keyword,390
keyword,391
keyword,392
keyword,393
keyword,394
keyword,395
keyword,396
keyword,397
keyword,398
keyword,399
keyword,400
keyword,401
keyword,402
keyword,403
keyword,404
keyword,405
keyword,406
keyword,407
keyword,408
keyword,409
keyword,410
keyword,411
keyword,412
keyword,413
keyword,414
keyword,415
keyword,416
keyword,417
keyword,418
keyword,419
keyword,420
keyword,421
keyword,422
keyword,423
keyword,424
keyword,425
keyword,426
keyword,427
keyword,428
keyword,429
keyword,430
keyword,431
keyword,432
keyword,433
keyword,434
keyword,435
keyword,436
keyword,437
keyword,438
keyword,439
keyword,440
keyword,441
keyword,442
keyword,443
keyword,444
keyword,445
keyword,446
keyword,447
keyword,448
keyword,449
keyword,450
keyword,451
keyword,452
keyword,453
keyword,454
keyword,455
keyword,456
keyword,457
keyword,458
keyword,459
keyword,460
keyword,461
keyword,462
keyword,463
keyword,464
keyword,465
keyword,466
keyword,467
keyword,468
keyword,469
keyword,470
keyword,471
keyword,472
keyword,473
keyword,474
keyword,475
keyword,476
keyword,477
keyword,478
keyword,479
keyword,480
keyword,481
keyword,482
keyword,483
keyword,484
keyword,485
keyword,486
keyword,487
keyword,488
keyword,489
keyword,490
keyword,491
keyword,492
keyword,493
keyword,494
keyword,495
keyword,496
keyword,497
keyword,498
keyword,499
keyword,500
keyword,501
keyword,502
keyword,503
keyword,504
keyword,505
keyword,506
keyword,507
keyword,508
keyword,509
keyword,510
keyword,511
keyword,512
keyword,513
keyword,514
keyword,515
keyword,516
keyword,517
keyword,518
keyword,519
keyword,520
keyword,521
keyword,522
keyword,523
keyword,524
keyword,525
keyword,526
keyword,527
keyword,528
keyword,529
keyword,530
keyword,531
keyword,532
keyword,533
keyword,534
keyword,535
keyword,536
keyword,537
keyword,538
keyword,539
keyword,540
keyword,541
keyword,542
keyword,543
keyword,544
keyword,545
keyword,546
keyword,547
keyword,548
keyword,549
keyword,550
keyword,551
keyword,552
keyword,553
keyword,554
keyword,555
keyword,556
keyword,557
keyword,558
keyword,559
keyword,560
keyword,561
keyword,562
keyword,563
keyword,564
keyword,565
keyword,566
keyword,567
keyword,568
keyword,569
keyword,570
keyword,571
keyword,572
keyword,573
keyword,574
keyword,575
keyword,576
keyword,577
keyword,578
keyword,579
keyword,580
keyword,581
keyword,582
keyword,583
keyword,584
keyword,585
keyword,586
keyword,587
keyword,588
keyword,589
keyword,590
keyword,591
keyword,592
keyword,593
keyword,594
keyword,595
keyword,596
keyword,597
keyword,598
keyword,599
keyword,600
keyword,601
keyword,602
keyword,603
keyword,604
keyword,605
keyword,606
keyword,607
keyword,608
keyword,609
keyword,610
keyword,611
keyword,612
keyword,613
keyword,614
keyword,615
keyword,616
keyword,617
keyword,618
keyword,619
keyword,620
keyword,621
keyword,622
keyword,623
keyword,624
keyword,625
keyword,626
keyword,627
keyword,628
keyword,629
keyword,630
keyword,631
keyword,632
keyword,633
keyword,634
keyword,635
keyword,636
keyword,637
keyword,638
keyword,639
keyword,640
keyword,641
keyword,642
keyword,643
keyword,644
keyword,645
keyword,646
keyword,647
keyword,648
keyword,649
keyword,650
keyword,651
keyword,652
keyword,653
keyword,654
keyword,655
keyword,656
keyword,657
keyword,658
keyword,659
keyword,660
keyword,661
keyword,662
keyword,663
keyword,664
keyword,665
keyword,666
keyword,667
keyword,668
keyword,669
keyword,670
keyword,671
keyword,672
keyword,673
keyword,674
keyword,675
keyword,676
keyword,677
keyword,678
keyword,679
keyword,680
keyword,681
keyword,682
keyword,683
keyword,684
keyword,685
keyword,686
keyword,687
keyword,688
keyword,689
keyword,690
keyword,691
keyword,692
keyword,693
keyword,694
keyword,695
keyword,696
keyword,697
keyword,698
keyword,699
keyword,700
keyword,701
keyword,702
keyword,703
keyword,704
keyword,705
keyword,706
keyword,707
keyword,708
keyword,709
keyword,710
keyword,711
keyword,712
keyword,713
keyword,714
keyword,715
keyword,716
keyword,717
keyword,718
keyword,719
keyword,720
keyword,721
keyword,722
keyword,723
keyword,724
keyword,725
keyword,726
keyword,727
keyword,728
keyword,729
keyword,730
keyword,731
keyword,732
keyword,733
keyword,734
keyword,735
keyword,736
keyword,737
keyword,738
keyword,739
keyword,740
keyword,741
keyword,742
keyword,743
keyword,744
keyword,745
keyword,746
keyword,747
keyword,748
keyword,749
keyword,750
keyword,751
keyword,752
keyword,753
keyword,754
keyword,755
keyword,756
keyword,757
keyword,758
keyword,759
keyword,760
keyword,761
keyword,762
keyword,763
keyword,764
keyword,765
keyword,766
keyword,767
keyword,768
keyword,769
keyword,770
keyword,771
keyword,772
keyword,773
keyword,774
keyword,775
keyword,776
keyword,777
keyword,778
keyword,779
keyword,780
keyword,781
keyword,782
keyword,783
keyword,784
keyword,785
keyword,786
keyword,787
keyword,788
keyword,789
keyword,790
keyword,791
keyword,792
keyword,793
keyword,794
keyword,795
keyword,796
keyword,797
keyword,798
keyword,799
keyword,800
keyword,801
keyword,802
keyword,803
keyword,804
keyword,805
keyword,806
keyword,807
keyword,808
keyword,809
keyword,810
keyword,811
keyword,812
keyword,813
keyword,814
keyword,815
keyword,816
keyword,817
keyword,818
keyword,819
keyword,820
keyword,821
keyword,822
keyword,823
keyword,824
keyword,825
keyword,826
keyword,827
keyword,828
keyword,829
keyword,830
keyword,831
keyword,832
keyword,833
keyword,834
keyword,835
keyword,836
keyword,837
keyword,838
keyword,839
keyword,840
keyword,841
keyword,842
keyword,843
keyword,844
keyword,845
keyword,846
keyword,847
keyword,848
keyword,849
keyword,850
keyword,851
keyword,852
keyword,853
keyword,854
keyword,855
keyword,856
keyword,857
keyword,858
keyword,859
keyword,860
keyword,861
keyword,862
keyword,863
keyword,864
keyword,865
keyword,866
keyword,867
keyword,868
keyword,869
keyword,870
keyword,871
keyword,872
keyword,873
keyword,874
keyword,875
keyword,876
keyword,877
keyword,878
keyword,879
keyword,880
keyword,881
keyword,882
keyword,883
keyword,884
keyword,885
keyword,886
keyword,887
keyword,888
keyword,889
keyword,890
keyword,891
keyword,892
keyword,893
keyword,894
keyword,895
keyword,896
keyword,897
keyword,898
keyword,899
keyword,900
keyword,901
keyword,902
keyword,903
keyword,904
keyword,905
keyword,906
keyword,907
keyword,908
keyword,909
keyword,910
keyword,911
keyword,912
keyword,913
keyword,914
keyword,915
keyword,916
keyword,917
keyword,918
keyword,919
keyword,920
keyword,921
keyword,922
keyword,923
keyword,924
keyword,925
keyword,926
keyword,927
keyword,928
keyword,929
keyword,930
keyword,931
keyword,932
keyword,933
keyword,934
keyword,935
keyword,936
keyword,937
keyword,938
keyword,939
keyword,940
keyword,941
keyword,942
keyword,943
keyword,944
keyword,945
keyword,946
keyword,947
keyword,948
movie_companies,0
movie_companies,1488
movie_companies,6818
movie_companies,12379
movie_companies,16083
movie_info,0
movie_info,1
movie_info,3
movie_info,3761
movie_info,14397
movie_info,16704
movie_info,19029
movie_info,20564
movie_info,22704
movie_info,27357
movie_info,50539
movie_info,50540
movie_info,58079
movie_info,60297
movie_info,62898
movie_info,62899
movie_info,65682
movie_info,80653
movie_info,80654
movie_info,80655
movie_info,92747
movie_info,101418
movie_info,101419
movie_info,101742
movie_info,104773
movie_info,106074
movie_info,110112
movie_info,122217
movie_info,122409
movie_info,132222
movie_info,135060
movie_info,139262
movie_info,143413
movie_info,147168
movie_info,150657
movie_info,154998
movie_info,161281
movie_keyword,0
movie_keyword,16
movie_keyword,18
movie_keyword,83
movie_keyword,100
movie_keyword,103
movie_keyword,108
movie_keyword,113
movie_keyword,120
movie_keyword,125
movie_keyword,150
movie_keyword,160
movie_keyword,219
movie_keyword,223
movie_keyword,238
movie_keyword,242
movie_keyword,260
movie_keyword,270
movie_keyword,278
movie_keyword,288
movie_keyword,289
movie_keyword,293
movie_keyword,299
movie_keyword,300
movie_keyword,320
movie_keyword,323
movie_keyword,329
movie_keyword,334
movie_keyword,340
movie_keyword,346
movie_keyword,348
movie_keyword,351
movie_keyword,354
movie_keyword,361
movie_keyword,369
movie_keyword,370
movie_keyword,405
movie_keyword,406
movie_keyword,416
movie_keyword,422
movie_keyword,440
movie_keyword,441
movie_keyword,445
movie_keyword,469
movie_keyword,473
movie_keyword,500
movie_keyword,520
movie_keyword,531
movie_keyword,544
movie_keyword,545
movie_keyword,546
movie_keyword,547
movie_keyword,549
movie_keyword,550
movie_keyword,552
movie_keyword,553
movie_keyword,582
movie_keyword,586
movie_keyword,606
movie_keyword,644
movie_keyword,650
movie_keyword,657
movie_keyword,658
movie_keyword,661
movie_keyword,674
movie_keyword,676
movie_keyword,684
movie_keyword,685
movie_keyword,722
movie_keyword,724
movie_keyword,726
movie_keyword,882
movie_keyword,894
movie_keyword,898
movie_keyword,928
movie_keyword,932
movie_keyword,933
movie_keyword,952
movie_keyword,954
movie_keyword,958
movie_keyword,1020
movie_keyword,1068
movie_keyword,1069
movie_keyword,1091
movie_keyword,1094
movie_keyword,1112
movie_keyword,1113
movie_keyword,1114
movie_keyword,1131
movie_keyword,1134
movie_keyword,1147
movie_keyword,1151
movie_keyword,1159
movie_keyword,1166
movie_keyword,1167
movie_keyword,1168
movie_keyword,1181
movie_keyword,1187
movie_keyword,1188
movie_keyword,1192
movie_keyword,1194
movie_keyword,1215
movie_keyword,1235
movie_keyword,1267
movie_keyword,1271
movie_keyword,1293
movie_keyword,1298
movie_keyword,1299
movie_keyword,1300
movie_keyword,1312
movie_keyword,1316
movie_keyword,1331
movie_keyword,1344
movie_keyword,1347
movie_keyword,1354
movie_keyword,1359
movie_keyword,1360
movie_keyword,1365
movie_keyword,1376
movie_keyword,1377
movie_keyword,1379
movie_keyword,1380
movie_keyword,1383
movie_keyword,1384
movie_keyword,1386
movie_keyword,1388
movie_keyword,1434
movie_keyword,1451
movie_keyword,1469
movie_keyword,1471
movie_keyword,1475
movie_keyword,1481
movie_keyword,1490
movie_keyword,1515
movie_keyword,1534
movie_keyword,1556
movie_keyword,1560
movie_keyword,1562
movie_keyword,1568
movie_keyword,1587
movie_keyword,1590
movie_keyword,1602
movie_keyword,1610
movie_keyword,1616
movie_keyword,1620
movie_keyword,1621
movie_keyword,1622
movie_keyword,1623
movie_keyword,1624
movie_keyword,1631
movie_keyword,1636
movie_keyword,1638
movie_keyword,1661
movie_keyword,1662
movie_keyword,1697
movie_keyword,1719
movie_keyword,1720
movie_keyword,1721
movie_keyword,1736
movie_keyword,1740
movie_keyword,1743
movie_keyword,1750
movie_keyword,1759
movie_keyword,1761
movie_keyword,1762
movie_keyword,1768
movie_keyword,1769
movie_keyword,1776
movie_keyword,1778
movie_keyword,1794
movie_keyword,1795
movie_keyword,1797
movie_keyword,1799
movie_keyword,1801
movie_keyword,1811
movie_keyword,1812
movie_keyword,1835
movie_keyword,1839
movie_keyword,1867
movie_keyword,1870
movie_keyword,1874
movie_keyword,1887
movie_keyword,1890
movie_keyword,1894
movie_keyword,1898
movie_keyword,1904
movie_keyword,1906
movie_keyword,1908
movie_keyword,1913
movie_keyword,1937
movie_keyword,1939
movie_keyword,1944
movie_keyword,1949
movie_keyword,1956
movie_keyword,1957
movie_keyword,1962
movie_keyword,1963
movie_keyword,1983
movie_keyword,1997
movie_keyword,1998
movie_keyword,1999
movie_keyword,2003
movie_keyword,2067
movie_keyword,2068
movie_keyword,2074
movie_keyword,2087
movie_keyword,2102
movie_keyword,2105
movie_keyword,2153
movie_keyword,2187
movie_keyword,2201
movie_keyword,2203
movie_keyword,2207
movie_keyword,2210
movie_keyword,2218
movie_keyword,2224
movie_keyword,2231
movie_keyword,2267
movie_keyword,2269
movie_keyword,2310
movie_keyword,2316
movie_keyword,2340
movie_keyword,2345
movie_keyword,2346
movie_keyword,2353
movie_keyword,2370
movie_keyword,2421
movie_keyword,2422
movie_keyword,2441
movie_keyword,2452
movie_keyword,2461
movie_keyword,2476
movie_keyword,2480
movie_keyword,2487
movie_keyword,2490
movie_keyword,2492
movie_keyword,2493
movie_keyword,2496
movie_keyword,2508
movie_keyword,2512
movie_keyword,2520
movie_keyword,2538
movie_keyword,2582
movie_keyword,2593
movie_keyword,2594
movie_keyword,2604
movie_keyword,2605
movie_keyword,2606
movie_keyword,2607
movie_keyword,2625
movie_keyword,2629
movie_keyword,2682
movie_keyword,2697
movie_keyword,2732
movie_keyword,2742
movie_keyword,2746
movie_keyword,2760
movie_keyword,2786
movie_keyword,2787
movie_keyword,2788
movie_keyword,2789
movie_keyword,2790
movie_keyword,2791
movie_keyword,2792
movie_keyword,2793
movie_keyword,2794
movie_keyword,2795
movie_keyword,2796
movie_keyword,2797
movie_keyword,2798
movie_keyword,2830
movie_keyword,2856
movie_keyword,2865
movie_keyword,2866
movie_keyword,2867
movie_keyword,2868
movie_keyword,2882
movie_keyword,2897
movie_keyword,2898
movie_keyword,2927
movie_keyword,2928
movie_keyword,2929
movie_keyword,2934
movie_keyword,2970
movie_keyword,2971
movie_keyword,2984
movie_keyword,2985
movie_keyword,2992
movie_keyword,2993
movie_keyword,3012
movie_keyword,3024
movie_keyword,3031
movie_keyword,3046
movie_keyword,3055
movie_keyword,3073
movie_keyword,3081
movie_keyword,3082
movie_keyword,3086
movie_keyword,3088
movie_keyword,3092
movie_keyword,3094
movie_keyword,3133
movie_keyword,3155
movie_keyword,3164
movie_keyword,3165
movie_keyword,3183
movie_keyword,3185
movie_keyword,3203
movie_keyword,3205
movie_keyword,3207
movie_keyword,3209
movie_keyword,3211
movie_keyword,3213
movie_keyword,3214
movie_keyword,3218
movie_keyword,3222
movie_keyword,3229
movie_keyword,3230
movie_keyword,3235
movie_keyword,3246
movie_keyword,3247
movie_keyword,3267
movie_keyword,3272
movie_keyword,3279
movie_keyword,3280
movie_keyword,3289
movie_keyword,3295
movie_keyword,3301
movie_keyword,3304
movie_keyword,3305
movie_keyword,3327
movie_keyword,3342
movie_keyword,3360
movie_keyword,3366
movie_keyword,3367
movie_keyword,3368
movie_keyword,3369
movie_keyword,3372
movie_keyword,3373
movie_keyword,3376
movie_keyword,3397
movie_keyword,3400
movie_keyword,3404
movie_keyword,3409
movie_keyword,3410
movie_keyword,3412
movie_keyword,3429
movie_keyword,3448
movie_keyword,3459
movie_keyword,3463
movie_keyword,3465
movie_keyword,3495
movie_keyword,3582
movie_keyword,3584
movie_keyword,3605
movie_keyword,3608
movie_keyword,3614
movie_keyword,3625
movie_keyword,3626
movie_keyword,3676
movie_keyword,3677
movie_keyword,3696
movie_keyword,3697
movie_keyword,3717
movie_keyword,3728
movie_keyword,3729
movie_keyword,3735
movie_keyword,3739
movie_keyword,3743
movie_keyword,3750
movie_keyword,3755
movie_keyword,3761
movie_keyword,3804
movie_keyword,3805
movie_keyword,3827
movie_keyword,3843
movie_keyword,3858
movie_keyword,3859
movie_keyword,3861
movie_keyword,3862
movie_keyword,3863
movie_keyword,3864
movie_keyword,3866
movie_keyword,3881
movie_keyword,3884
movie_keyword,3917
movie_keyword,3935
movie_keyword,3977
movie_keyword,4006
movie_keyword,4014
movie_keyword,4049
movie_keyword,4051
movie_keyword,4075
movie_keyword,4091
movie_keyword,4100
movie_keyword,4106
movie_keyword,4110
movie_keyword,4175
movie_keyword,4181
movie_keyword,4182
movie_keyword,4183
movie_keyword,4186
movie_keyword,4193
movie_keyword,4214
movie_keyword,4225
movie_keyword,4249
movie_keyword,4255
movie_keyword,4259
movie_keyword,4261
movie_keyword,4266
movie_keyword,4286
movie_keyword,4291
movie_keyword,4292
movie_keyword,4294
movie_keyword,4295
movie_keyword,4298
movie_keyword,4310
movie_keyword,4312
movie_keyword,4316
movie_keyword,4323
movie_keyword,4330
movie_keyword,4331
movie_keyword,4344
movie_keyword,4346
movie_keyword,4351
movie_keyword,4365
movie_keyword,4366
movie_keyword,4388
movie_keyword,4400
movie_keyword,4405
movie_keyword,4410
movie_keyword,4418
movie_keyword,4424
movie_keyword,4430
movie_keyword,4433
movie_keyword,4450
movie_keyword,4454
movie_keyword,4457
movie_keyword,4467
movie_keyword,4468
movie_keyword,4470
movie_keyword,4474
movie_keyword,4475
movie_keyword,4476
movie_keyword,4480
movie_keyword,4481
movie_keyword,4482
movie_keyword,4483
movie_keyword,4484
movie_keyword,4486
movie_keyword,4490
movie_keyword,4493
movie_keyword,4509
movie_keyword,4510
movie_keyword,4514
movie_keyword,4525
movie_keyword,4526
movie_keyword,4527
movie_keyword,4528
movie_keyword,4544
movie_keyword,4548
movie_keyword,4557
movie_keyword,4564
movie_keyword,4578
movie_keyword,4581
movie_keyword,4585
movie_keyword,4587
movie_keyword,4596
movie_keyword,4599
movie_keyword,4606
movie_keyword,4613
movie_keyword,4617
movie_keyword,4619
movie_keyword,4632
movie_keyword,4633
movie_keyword,4634
movie_keyword,4635
movie_keyword,4642
movie_keyword,4643
movie_keyword,4651
movie_keyword,4664
movie_keyword,4666
movie_keyword,4668
movie_keyword,4669
movie_keyword,4672
movie_keyword,4676
movie_keyword,4677
movie_keyword,4683
movie_keyword,4686
movie_keyword,4687
movie_keyword,4688
movie_keyword,4690
movie_keyword,4693
movie_keyword,4695
movie_keyword,4727
movie_keyword,4736
movie_keyword,4737
movie_keyword,4738
movie_keyword,4741
movie_keyword,4747
movie_keyword,4761
movie_keyword,4769
movie_keyword,4770
movie_keyword,4796
movie_keyword,4799
movie_keyword,4800
movie_keyword,4821
movie_keyword,4822
movie_keyword,4829
movie_keyword,4832
movie_keyword,4836
movie_keyword,4838
movie_keyword,4877
movie_keyword,4920
movie_keyword,4922
movie_keyword,4946
movie_keyword,4952
movie_keyword,4961
movie_keyword,4962
movie_keyword,4968
movie_keyword,4972
movie_keyword,4975
movie_keyword,4988
movie_keyword,4993
movie_keyword,4994
movie_keyword,4996
movie_keyword,5000
movie_keyword,5004
movie_keyword,5012
movie_keyword,5017
movie_keyword,5029
movie_keyword,5030
movie_keyword,5037
movie_keyword,5040
movie_keyword,5053
movie_keyword,5065
movie_keyword,5066
movie_keyword,5067
movie_keyword,5098
movie_keyword,5104
movie_keyword,5105
movie_keyword,5106
movie_keyword,5121
movie_keyword,5122
movie_keyword,5140
movie_keyword,5148
movie_keyword,5149
movie_keyword,5150
movie_keyword,5151
movie_keyword,5152
movie_keyword,5154
movie_keyword,5160
movie_keyword,5161
movie_keyword,5166
movie_keyword,5167
movie_keyword,5170
movie_keyword,5176
movie_keyword,5185
movie_keyword,5186
movie_keyword,5198
movie_keyword,5200
movie_keyword,5214
movie_keyword,5221
movie_keyword,5224
movie_keyword,5226
movie_keyword,5227
movie_keyword,5228
movie_keyword,5230
movie_keyword,5232
movie_keyword,5237
movie_keyword,5238
movie_keyword,5239
movie_keyword,5255
movie_keyword,5256
movie_keyword,5257
movie_keyword,5259
movie_keyword,5262
movie_keyword,5263
movie_keyword,5267
movie_keyword,5270
movie_keyword,5289
movie_keyword,5310
movie_keyword,5312
movie_keyword,5315
movie_keyword,5317
movie_keyword,5330
movie_keyword,5337
movie_keyword,5353
movie_keyword,5364
movie_keyword,5367
movie_keyword,5369
movie_keyword,5370
movie_keyword,5371
movie_keyword,5376
movie_keyword,5377
movie_keyword,5386
movie_keyword,5387
movie_keyword,5388
movie_keyword,5391
movie_keyword,5398
movie_keyword,5399
movie_keyword,5400
movie_keyword,5401
movie_keyword,5403
movie_keyword,5404
movie_keyword,5405
movie_keyword,5406
movie_keyword,5408
movie_keyword,5417
movie_keyword,5418
movie_keyword,5420
movie_keyword,5422
movie_keyword,5425
movie_keyword,5429
movie_keyword,5433
movie_keyword,5452
movie_keyword,5462
movie_keyword,5465
movie_keyword,5476
movie_keyword,5528
movie_keyword,5529
movie_keyword,5530
movie_keyword,5533
movie_keyword,5542
movie_keyword,5543
movie_keyword,5544
movie_keyword,5545
movie_keyword,5549
movie_keyword,5550
movie_keyword,5557
movie_keyword,5562
movie_keyword,5572
movie_keyword,5587
movie_keyword,5591
movie_keyword,5597
movie_keyword,5602
movie_keyword,5608
movie_keyword,5616
movie_keyword,5617
movie_keyword,5629
movie_keyword,5631
movie_keyword,5634
movie_keyword,5639
movie_keyword,5641
movie_keyword,5646
movie_keyword,5652
movie_keyword,5671
movie_keyword,5674
movie_keyword,5680
movie_keyword,5681
movie_keyword,5689
movie_keyword,5694
movie_keyword,5698
movie_keyword,5701
movie_keyword,5704
movie_keyword,5709
movie_keyword,5710
movie_keyword,5711
movie_keyword,5714
movie_keyword,5717
movie_keyword,5721
movie_keyword,5724
movie_keyword,5728
movie_keyword,5729
movie_keyword,5733
movie_keyword,5738
movie_keyword,5739
movie_keyword,5747
movie_keyword,5751
movie_keyword,5776
movie_keyword,5777
movie_keyword,5779
movie_keyword,5784
movie_keyword,5786
movie_keyword,5791
movie_keyword,5807
movie_keyword,5810
movie_keyword,5811
movie_keyword,5812
movie_keyword,5818
movie_keyword,5820
movie_keyword,5821
movie_keyword,5824
movie_keyword,5828
movie_keyword,5844
movie_keyword,5852
movie_keyword,5858
movie_keyword,5867
movie_keyword,5868
movie_keyword,5870
movie_keyword,5872
movie_keyword,5879
movie_keyword,5885
movie_keyword,5886
movie_keyword,5894
movie_keyword,5895
movie_keyword,5898
movie_keyword,5901
movie_keyword,5902
movie_keyword,5907
movie_keyword,5922
movie_keyword,5923
movie_keyword,5931
movie_keyword,5935
movie_keyword,5936
movie_keyword,5937
movie_keyword,5946
movie_keyword,5954
movie_keyword,5955
movie_keyword,5957
movie_keyword,5958
movie_keyword,5960
movie_keyword,5966
movie_keyword,5972
movie_keyword,5989
movie_keyword,5990
movie_keyword,5991
movie_keyword,6002
movie_keyword,6008
movie_keyword,6009
movie_keyword,6011
movie_keyword,6015
movie_keyword,6031
movie_keyword,6032
movie_keyword,6035
movie_keyword,6037
movie_keyword,6038
movie_keyword,6042
movie_keyword,6047
movie_keyword,6052
movie_keyword,6053
movie_keyword,6060
movie_keyword,6098
movie_keyword,6104
movie_keyword,6105
movie_keyword,6109
movie_keyword,6118
movie_keyword,6119
movie_keyword,6123
movie_keyword,6124
movie_keyword,6125
movie_keyword,6126
movie_keyword,6127
movie_keyword,6128
movie_keyword,6129
movie_keyword,6130
movie_keyword,6131
movie_keyword,6132
movie_keyword,6133
movie_keyword,6134
movie_keyword,6135
movie_keyword,6136
movie_keyword,6137
movie_keyword,6138
movie_keyword,6139
movie_keyword,6140
movie_keyword,6141
movie_keyword,6143
movie_keyword,6144
movie_keyword,6146
movie_keyword,6149
movie_keyword,6151
movie_keyword,6153
movie_keyword,6154
movie_keyword,6157
movie_keyword,6158
movie_keyword,6162
movie_keyword,6179
movie_keyword,6181
movie_keyword,6185
movie_keyword,6187
movie_keyword,6193
movie_keyword,6199
movie_keyword,6201
movie_keyword,6217
movie_keyword,6229
movie_keyword,6235
movie_keyword,6236
movie_keyword,6247
movie_keyword,6250
movie_keyword,6264
movie_keyword,6266
movie_keyword,6270
movie_keyword,6274
movie_keyword,6278
movie_keyword,6279
movie_keyword,6281
movie_keyword,6284
movie_keyword,6293
movie_keyword,6294
movie_keyword,6302
movie_keyword,6306
movie_keyword,6308
movie_keyword,6310
movie_keyword,6315
movie_keyword,6316
movie_keyword,6320
movie_keyword,6334
movie_keyword,6337
movie_keyword,6338
movie_keyword,6340
movie_keyword,6344
movie_keyword,6347
movie_keyword,6348
movie_keyword,6349
movie_keyword,6356
movie_keyword,6360
movie_keyword,6369
movie_keyword,6373
movie_keyword,6374
movie_keyword,6375
movie_keyword,6396
movie_keyword,6397
movie_keyword,6398
movie_keyword,6401
movie_keyword,6405
movie_keyword,6412
movie_keyword,6418
movie_keyword,6420
movie_keyword,6421
movie_keyword,6447
movie_keyword,6449
movie_keyword,6451
movie_keyword,6452
movie_keyword,6456
movie_keyword,6461
movie_keyword,6463
movie_keyword,6464
movie_keyword,6470
movie_keyword,6472
movie_keyword,6475
movie_keyword,6480
movie_keyword,6492
movie_keyword,6507
movie_keyword,6508
movie_keyword,6517
movie_keyword,6520
movie_keyword,6521
movie_keyword,6522
movie_keyword,6532
movie_keyword,6536
movie_keyword,6538
movie_keyword,6542
movie_keyword,6543
movie_keyword,6546
movie_keyword,6547
movie_keyword,6552
movie_keyword,6561
movie_keyword,6562
movie_keyword,6563
movie_keyword,6564
movie_keyword,6569
movie_keyword,6570
movie_keyword,6571
movie_keyword,6572
movie_keyword,6573
movie_keyword,6579
movie_keyword,6583
movie_keyword,6584
movie_keyword,6587
movie_keyword,6594
movie_keyword,6601
movie_keyword,6622
movie_keyword,6626
movie_keyword,6627
movie_keyword,6631
movie_keyword,6632
movie_keyword,6636
movie_keyword,6637
movie_keyword,6641
movie_keyword,6642
movie_keyword,6643
movie_keyword,6644
movie_keyword,6645
movie_keyword,6647
movie_keyword,6648
movie_keyword,6649
movie_keyword,6650
movie_keyword,6651
movie_keyword,6652
movie_keyword,6653
movie_keyword,6658
movie_keyword,6670
movie_keyword,6686
movie_keyword,6687
movie_keyword,6699
movie_keyword,6701
movie_keyword,6702
movie_keyword,6715
movie_keyword,6728
movie_keyword,6730
movie_keyword,6733
movie_keyword,6746
movie_keyword,6752
movie_keyword,6753
movie_keyword,6759
movie_keyword,6768
movie_keyword,6770
movie_keyword,6795
movie_keyword,6807
movie_keyword,6810
movie_keyword,6825
movie_keyword,6830
movie_keyword,6834
movie_keyword,6844
movie_keyword,6858
movie_keyword,6859
movie_keyword,6860
movie_keyword,6866
movie_keyword,6870
movie_keyword,6872
movie_keyword,6873
movie_keyword,6876
movie_keyword,6880
movie_keyword,6881
movie_keyword,6885
movie_keyword,6889
movie_keyword,6895
movie_keyword,6898
movie_keyword,6913
movie_keyword,6923
movie_keyword,6929
movie_keyword,6945
movie_keyword,6946
movie_keyword,6947
movie_keyword,6956
movie_keyword,6960
movie_keyword,6963
movie_keyword,6965
movie_keyword,6973
movie_keyword,6974
movie_keyword,6975
movie_keyword,6976
movie_keyword,6979
movie_keyword,6985
movie_keyword,6986
movie_keyword,7005
movie_keyword,7006
movie_keyword,7014
movie_keyword,7023
movie_keyword,7024
movie_keyword,7028
movie_keyword,7035
movie_keyword,7038
movie_keyword,7052
movie_keyword,7053
movie_keyword,7086
movie_keyword,7090
movie_keyword,7093
movie_keyword,7111
movie_keyword,7112
movie_keyword,7114
movie_keyword,7121
movie_keyword,7125
movie_keyword,7133
movie_keyword,7134
movie_keyword,7136
movie_keyword,7137
movie_keyword,7140
movie_keyword,7143
movie_keyword,7158
movie_keyword,7159
movie_keyword,7160
movie_keyword,7161
movie_keyword,7171
movie_keyword,7191
movie_keyword,7196
movie_keyword,7198
movie_keyword,7212
movie_keyword,7215
movie_keyword,7218
movie_keyword,7222
movie_keyword,7223
movie_keyword,7224
movie_keyword,7228
movie_keyword,7229
movie_keyword,7230
movie_keyword,7231
movie_keyword,7232
movie_keyword,7234
movie_keyword,7235
movie_keyword,7237
movie_keyword,7249
movie_keyword,7274
movie_keyword,7277
movie_keyword,7304
movie_keyword,7316
movie_keyword,7318
movie_keyword,7321
movie_keyword,7323
movie_keyword,7335
movie_keyword,7344
movie_keyword,7351
movie_keyword,7352
movie_keyword,7356
movie_keyword,7357
movie_keyword,7367
movie_keyword,7377
movie_keyword,7385
movie_keyword,7393
movie_keyword,7398
movie_keyword,7403
movie_keyword,7404
movie_keyword,7405
movie_keyword,7406
movie_keyword,7408
movie_keyword,7409
movie_keyword,7411
movie_keyword,7412
movie_keyword,7414
movie_keyword,7416
movie_keyword,7425
movie_keyword,7427
movie_keyword,7432
movie_keyword,7446
movie_keyword,7447
movie_keyword,7448
movie_keyword,7453
movie_keyword,7454
movie_keyword,7456
movie_keyword,7462
movie_keyword,7463
movie_keyword,7468
movie_keyword,7469
movie_keyword,7481
movie_keyword,7487
movie_keyword,7500
movie_keyword,7502
movie_keyword,7503
movie_keyword,7512
movie_keyword,7513
movie_keyword,7514
movie_keyword,7517
movie_keyword,7518
movie_keyword,7537
movie_keyword,7542
movie_keyword,7543
movie_keyword,7544
movie_keyword,7545
movie_keyword,7547
movie_keyword,7548
movie_keyword,7551
movie_keyword,7552
movie_keyword,7555
movie_keyword,7561
movie_keyword,7562
movie_keyword,7566
movie_keyword,7567
movie_keyword,7573
movie_keyword,7574
movie_keyword,7595
movie_keyword,7596
movie_keyword,7598
movie_keyword,7600
movie_keyword,7602
movie_keyword,7604
movie_keyword,7608
movie_keyword,7614
movie_keyword,7628
movie_keyword,7629
movie_keyword,7631
movie_keyword,7632
movie_keyword,7633
movie_keyword,7648
movie_keyword,7652
movie_keyword,7661
movie_keyword,7670
movie_keyword,7671
movie_keyword,7681
movie_keyword,7684
movie_keyword,7685
movie_keyword,7687
movie_keyword,7688
movie_keyword,7689
movie_keyword,7695
movie_keyword,7700
movie_keyword,7710
movie_keyword,7713
movie_keyword,7716
movie_keyword,7726
movie_keyword,7728
movie_keyword,7738
movie_keyword,7740
movie_keyword,7744
movie_keyword,7749
movie_keyword,7751
movie_keyword,7754
movie_keyword,7755
movie_keyword,7760
movie_keyword,7761
movie_keyword,7765
movie_keyword,7768
movie_keyword,7779
movie_keyword,7783
movie_keyword,7785
movie_keyword,7786
movie_keyword,7793
movie_keyword,7812
movie_keyword,7814
movie_keyword,7815
movie_keyword,7834
movie_keyword,7836
movie_keyword,7837
movie_keyword,7838
movie_keyword,7839
movie_keyword,7844
movie_keyword,7862
movie_keyword,7863
movie_keyword,7865
movie_keyword,7884
movie_keyword,7893
movie_keyword,7898
movie_keyword,7902
movie_keyword,7907
movie_keyword,7912
movie_keyword,7920
movie_keyword,7928
movie_keyword,7939
movie_keyword,7941
movie_keyword,7960
movie_keyword,7965
movie_keyword,7966
movie_keyword,7969
movie_keyword,7974
movie_keyword,7979
movie_keyword,7980
movie_keyword,7982
movie_keyword,7985
movie_keyword,7986
movie_keyword,7987
movie_keyword,7991
movie_keyword,7992
movie_keyword,8009
movie_keyword,8021
movie_keyword,8022
movie_keyword,8023
movie_keyword,8034
movie_keyword,8039
movie_keyword,8047
movie_keyword,8050
movie_keyword,8053
movie_keyword,8055
movie_keyword,8060
movie_keyword,8072
movie_keyword,8078
movie_keyword,8085
movie_keyword,8092
movie_keyword,8094
movie_keyword,8113
movie_keyword,8123
movie_keyword,8125
movie_keyword,8131
movie_keyword,8133
movie_keyword,8134
movie_keyword,8135
movie_keyword,8136
movie_keyword,8137
movie_keyword,8143
movie_keyword,8153
movie_keyword,8154
movie_keyword,8157
movie_keyword,8161
movie_keyword,8162
movie_keyword,8163
movie_keyword,8164
movie_keyword,8165
movie_keyword,8166
movie_keyword,8168
movie_keyword,8169
movie_keyword,8171
movie_keyword,8174
movie_keyword,8185
movie_keyword,8187
movie_keyword,8188
movie_keyword,8189
movie_keyword,8191
movie_keyword,8193
movie_keyword,8195
movie_keyword,8202
movie_keyword,8219
movie_keyword,8221
movie_keyword,8226
movie_keyword,8227
movie_keyword,8228
movie_keyword,8238
movie_keyword,8243
movie_keyword,8249
movie_keyword,8251
movie_keyword,8259
movie_keyword,8260
movie_keyword,8263
movie_keyword,8264
movie_keyword,8270
movie_keyword,8272
movie_keyword,8274
movie_keyword,8276
movie_keyword,8284
movie_keyword,8293
movie_keyword,8296
movie_keyword,8318
movie_keyword,8339
movie_keyword,8341
movie_keyword,8345
movie_keyword,8347
movie_keyword,8355
movie_keyword,8356
movie_keyword,8359
movie_keyword,8371
movie_keyword,8396
movie_keyword,8416
movie_keyword,8421
movie_keyword,8422
movie_keyword,8423
movie_keyword,8428
movie_keyword,8431
movie_keyword,8435
movie_keyword,8436
movie_keyword,8449
movie_keyword,8450
movie_keyword,8451
movie_keyword,8452
movie_keyword,8453
movie_keyword,8454
movie_keyword,8455
movie_keyword,8456
movie_keyword,8457
movie_keyword,8459
movie_keyword,8460
movie_keyword,8463
movie_keyword,8464
movie_keyword,8465
movie_keyword,8466
movie_keyword,8467
movie_keyword,8468
movie_keyword,8469
movie_keyword,8470
movie_keyword,8473
movie_keyword,8474
movie_keyword,8483
movie_keyword,8498
movie_keyword,8503
movie_keyword,8506
movie_keyword,8528
movie_keyword,8529
movie_keyword,8531
movie_keyword,8535
movie_keyword,8543
movie_keyword,8551
movie_keyword,8552
movie_keyword,8556
movie_keyword,8557
movie_keyword,8558
movie_keyword,8573
movie_keyword,8596
movie_keyword,8611
movie_keyword,8623
movie_keyword,8628
movie_keyword,8642
movie_keyword,8643
movie_keyword,8655
movie_keyword,8656
movie_keyword,8673
movie_keyword,8674
movie_keyword,8681
movie_keyword,8688
movie_keyword,8689
movie_keyword,8696
movie_keyword,8702
movie_keyword,8703
movie_keyword,8707
movie_keyword,8712
movie_keyword,8714
movie_keyword,8720
movie_keyword,8722
movie_keyword,8723
movie_keyword,8725
movie_keyword,8740
movie_keyword,8741
movie_keyword,8749
movie_keyword,8754
movie_keyword,8762
movie_keyword,8765
movie_keyword,8766
movie_keyword,8767
movie_keyword,8768
movie_keyword,8780
movie_keyword,8799
movie_keyword,8805
movie_keyword,8808
movie_keyword,8810
movie_keyword,8820
movie_keyword,8827
movie_keyword,8830
movie_keyword,8837
movie_keyword,8838
movie_keyword,8839
movie_keyword,8840
movie_keyword,8850
movie_keyword,8851
movie_keyword,8862
movie_keyword,8866
movie_keyword,8889
movie_keyword,8894
movie_keyword,8903
movie_keyword,8908
movie_keyword,8912
movie_keyword,8922
movie_keyword,8927
movie_keyword,8930
movie_keyword,8939
movie_keyword,8942
movie_keyword,8946
movie_keyword,8954
movie_keyword,8960
movie_keyword,8985
movie_keyword,8986
movie_keyword,8994
movie_keyword,8995
movie_keyword,9003
movie_keyword,9004
movie_keyword,9009
movie_keyword,9015
movie_keyword,9017
movie_keyword,9018
movie_keyword,9020
movie_keyword,9021
movie_keyword,9022
movie_keyword,9024
movie_keyword,9025
movie_keyword,9026
movie_keyword,9033
movie_keyword,9034
movie_keyword,9035
movie_keyword,9038
movie_keyword,9040
movie_keyword,9042
movie_keyword,9048
movie_keyword,9070
movie_keyword,9071
movie_keyword,9073
movie_keyword,9074
movie_keyword,9091
movie_keyword,9092
movie_keyword,9093
movie_keyword,9097
movie_keyword,9098
movie_keyword,9099
movie_keyword,9100
movie_keyword,9102
movie_keyword,9106
movie_keyword,9107
movie_keyword,9124
movie_keyword,9126
movie_keyword,9133
movie_keyword,9135
movie_keyword,9136
movie_keyword,9142
movie_keyword,9146
movie_keyword,9151
movie_keyword,9155
movie_keyword,9160
movie_keyword,9164
movie_keyword,9167
movie_keyword,9171
movie_keyword,9172
movie_keyword,9173
movie_keyword,9181
movie_keyword,9182
movie_keyword,9183
movie_keyword,9192
movie_keyword,9193
movie_keyword,9194
movie_keyword,9195
movie_keyword,9196
movie_keyword,9197
movie_keyword,9204
movie_keyword,9211
movie_keyword,9212
movie_keyword,9227
movie_keyword,9228
movie_keyword,9231
movie_keyword,9235
movie_keyword,9247
movie_keyword,9254
movie_keyword,9272
movie_keyword,9303
movie_keyword,9307
movie_keyword,9329
movie_keyword,9331
movie_keyword,9332
movie_keyword,9361
movie_keyword,9364
movie_keyword,9394
movie_keyword,9398
movie_keyword,9401
movie_keyword,9402
movie_keyword,9406
movie_keyword,9407
movie_keyword,9412
movie_keyword,9435
movie_keyword,9438
movie_keyword,9445
movie_keyword,9452
movie_keyword,9475
movie_keyword,9480
movie_keyword,9482
movie_keyword,9486
movie_keyword,9489
movie_keyword,9497
movie_keyword,9499
movie_keyword,9500
movie_keyword,9501
movie_keyword,9502
movie_keyword,9504
movie_keyword,9514
movie_keyword,9516
movie_keyword,9517
movie_keyword,9518
movie_keyword,9521
movie_keyword,9523
movie_keyword,9525
movie_keyword,9526
movie_keyword,9527
movie_keyword,9528
movie_keyword,9550
movie_keyword,9551
movie_keyword,9552
movie_keyword,9553
movie_keyword,9555
movie_keyword,9559
movie_keyword,9565
movie_keyword,9568
movie_keyword,9570
movie_keyword,9572
movie_keyword,9573
movie_keyword,9591
movie_keyword,9609
movie_keyword,9613
movie_keyword,9628
movie_keyword,9629
movie_keyword,9635
movie_keyword,9636
movie_keyword,9637
movie_keyword,9638
movie_keyword,9641
movie_keyword,9642
movie_keyword,9647
movie_keyword,9648
movie_keyword,9653
movie_keyword,9654
movie_keyword,9658
movie_keyword,9660
movie_keyword,9670
movie_keyword,9671
movie_keyword,9672
movie_keyword,9675
movie_keyword,9682
movie_keyword,9684
movie_keyword,9687
movie_keyword,9696
movie_keyword,9698
movie_keyword,9699
movie_keyword,9700
movie_keyword,9707
movie_keyword,9719
movie_keyword,9724
movie_keyword,9735
movie_keyword,9743
movie_keyword,9751
movie_keyword,9752
movie_keyword,9753
movie_keyword,9758
movie_keyword,9760
movie_keyword,9762
movie_keyword,9769
movie_keyword,9770
movie_keyword,9782
movie_keyword,9790
movie_keyword,9797
movie_keyword,9799
movie_keyword,9807
movie_keyword,9808
movie_keyword,9809
movie_keyword,9810
movie_keyword,9820
movie_keyword,9830
movie_keyword,9834
movie_keyword,9836
movie_keyword,9850
movie_keyword,9851
movie_keyword,9852
movie_keyword,9853
movie_keyword,9859
movie_keyword,9860
movie_keyword,9866
movie_keyword,9871
movie_keyword,9872
movie_keyword,9882
movie_keyword,9891
movie_keyword,9895
movie_keyword,9900
movie_keyword,9902
movie_keyword,9903
movie_keyword,9904
movie_keyword,9905
movie_keyword,9906
movie_keyword,9907
movie_keyword,9908
movie_keyword,9909
movie_keyword,9911
movie_keyword,9912
movie_keyword,9922
movie_keyword,9928
movie_keyword,9929
movie_keyword,9930
movie_keyword,9931
movie_keyword,9932
movie_keyword,9933
movie_keyword,9944
movie_keyword,9947
movie_keyword,9949
movie_keyword,9951
movie_keyword,9953
movie_keyword,9954
movie_keyword,9955
movie_keyword,9957
movie_keyword,9959
movie_keyword,9960
movie_keyword,9961
movie_keyword,9962
movie_keyword,9963
movie_keyword,9966
movie_keyword,9967
movie_keyword,9980
movie_keyword,9981
movie_keyword,9982
movie_keyword,9984
movie_keyword,9993
movie_keyword,9996
movie_keyword,9997
movie_keyword,9999
movie_keyword,10002
movie_keyword,10024
movie_keyword,10031
movie_keyword,10034
movie_keyword,10035
movie_keyword,10055
movie_keyword,10056
movie_keyword,10057
movie_keyword,10058
movie_keyword,10061
movie_keyword,10062
movie_keyword,10067
movie_keyword,10068
movie_keyword,10070
movie_keyword,10071
movie_keyword,10072
movie_keyword,10089
movie_keyword,10092
movie_keyword,10093
movie_keyword,10105
movie_keyword,10106
movie_keyword,10107
movie_keyword,10108
movie_keyword,10112
movie_keyword,10122
movie_keyword,10123
movie_keyword,10127
movie_keyword,10128
movie_keyword,10129
movie_keyword,10132
movie_keyword,10139
movie_keyword,10141
movie_keyword,10153
movie_keyword,10158
movie_keyword,10160
movie_keyword,10172
movie_keyword,10190
movie_keyword,10200
movie_keyword,10202
movie_keyword,10203
movie_keyword,10204
movie_keyword,10205
movie_keyword,10216
movie_keyword,10234
movie_keyword,10251
movie_keyword,10261
movie_keyword,10263
movie_keyword,10267
movie_keyword,10269
movie_keyword,10271
movie_keyword,10284
movie_keyword,10285
movie_keyword,10297
movie_keyword,10298
movie_keyword,10299
movie_keyword,10301
movie_keyword,10306
movie_keyword,10307
movie_keyword,10308
movie_keyword,10313
movie_keyword,10314
movie_keyword,10320
movie_keyword,10326
movie_keyword,10327
movie_keyword,10330
movie_keyword,10333
movie_keyword,10345
movie_keyword,10346
movie_keyword,10347
movie_keyword,10348
movie_keyword,10349
movie_keyword,10351
movie_keyword,10355
movie_keyword,10368
movie_keyword,10370
movie_keyword,10371
movie_keyword,10377
movie_keyword,10378
movie_keyword,10383
movie_keyword,10384
movie_keyword,10390
movie_keyword,10400
movie_keyword,10403
movie_keyword,10427
movie_keyword,10428
movie_keyword,10442
movie_keyword,10444
movie_keyword,10445
movie_keyword,10446
movie_keyword,10447
movie_keyword,10450
movie_keyword,10451
movie_keyword,10453
movie_keyword,10463
movie_keyword,10469
movie_keyword,10471
movie_keyword,10472
movie_keyword,10477
movie_keyword,10483
movie_keyword,10488
movie_keyword,10498
movie_keyword,10499
movie_keyword,10504
movie_keyword,10508
movie_keyword,10509
movie_keyword,10510
movie_keyword,10514
movie_keyword,10517
movie_keyword,10518
movie_keyword,10521
movie_keyword,10523
movie_keyword,10537
movie_keyword,10541
movie_keyword,10542
movie_keyword,10553
movie_keyword,10585
movie_keyword,10586
movie_keyword,10588
movie_keyword,10595
movie_keyword,10596
movie_keyword,10603
movie_keyword,10605
movie_keyword,10613
movie_keyword,10621
movie_keyword,10625
movie_keyword,10627
movie_keyword,10630
movie_keyword,10633
movie_keyword,10634
movie_keyword,10640
movie_keyword,10643
movie_keyword,10650
movie_keyword,10660
movie_keyword,10664
movie_keyword,10666
movie_keyword,10671
movie_keyword,10672
movie_keyword,10673
movie_keyword,10674
movie_keyword,10675
movie_keyword,10680
movie_keyword,10682
movie_keyword,10683
movie_keyword,10684
movie_keyword,10685
movie_keyword,10687
movie_keyword,10689
movie_keyword,10690
movie_keyword,10694
movie_keyword,10695
movie_keyword,10698
movie_keyword,10702
movie_keyword,10704
movie_keyword,10723
movie_keyword,10725
movie_keyword,10726
movie_keyword,10737
movie_keyword,10741
movie_keyword,10744
movie_keyword,10746
movie_keyword,10762
movie_keyword,10774
movie_keyword,10780
movie_keyword,10792
movie_keyword,10814
movie_keyword,10818
movie_keyword,10824
movie_keyword,10831
movie_keyword,10832
movie_keyword,10839
movie_keyword,10840
movie_keyword,10841
movie_keyword,10844
movie_keyword,10845
movie_keyword,10858
movie_keyword,10860
movie_keyword,10861
movie_keyword,10863
movie_keyword,10864
movie_keyword,10867
movie_keyword,10869
movie_keyword,10872
movie_keyword,10873
movie_keyword,10874
movie_keyword,10875
movie_keyword,10885
movie_keyword,10889
movie_keyword,10890
movie_keyword,10897
movie_keyword,10916
movie_keyword,10920
movie_keyword,10926
movie_keyword,10930
movie_keyword,10934
movie_keyword,10935
movie_keyword,10954
movie_keyword,10966
movie_keyword,10967
movie_keyword,10969
movie_keyword,10973
movie_keyword,10975
movie_keyword,10977
movie_keyword,10979
movie_keyword,10983
movie_keyword,10984
movie_keyword,10985
movie_keyword,10986
movie_keyword,10991
movie_keyword,10998
movie_keyword,11018
movie_keyword,11024
movie_keyword,11025
movie_keyword,11028
movie_keyword,11029
movie_keyword,11031
movie_keyword,11032
movie_keyword,11033
movie_keyword,11038
movie_keyword,11046
movie_keyword,11057
movie_keyword,11058
movie_keyword,11060
movie_keyword,11063
movie_keyword,11064
movie_keyword,11069
movie_keyword,11076
movie_keyword,11088
movie_keyword,11098
movie_keyword,11102
movie_keyword,11110
movie_keyword,11124
movie_keyword,11127
movie_keyword,11129
movie_keyword,11140
movie_keyword,11144
movie_keyword,11146
movie_keyword,11158
movie_keyword,11159
movie_keyword,11160
movie_keyword,11170
movie_keyword,11171
movie_keyword,11180
movie_keyword,11181
movie_keyword,11189
movie_keyword,11190
movie_keyword,11191
movie_keyword,11192
movie_keyword,11193
movie_keyword,11209
movie_keyword,11231
movie_keyword,11232
movie_keyword,11233
movie_keyword,11234
movie_keyword,11235
movie_keyword,11244
movie_keyword,11246
movie_keyword,11247
movie_keyword,11248
movie_keyword,11249
movie_keyword,11250
movie_keyword,11251
movie_keyword,11254
movie_keyword,11260
movie_keyword,11271
movie_keyword,11272
movie_keyword,11281
movie_keyword,11287
movie_keyword,11288
movie_keyword,11289
movie_keyword,11290
movie_keyword,11300
movie_keyword,11301
movie_keyword,11302
movie_keyword,11303
movie_keyword,11306
movie_keyword,11307
movie_keyword,11323
movie_keyword,11324
movie_keyword,11328
movie_keyword,11339
movie_keyword,11344
movie_keyword,11348
movie_keyword,11349
movie_keyword,11350
movie_keyword,11361
movie_keyword,11364
movie_keyword,11365
movie_keyword,11385
movie_keyword,11387
movie_keyword,11401
movie_keyword,11425
movie_keyword,11431
movie_keyword,11432
movie_keyword,11433
movie_keyword,11438
movie_keyword,11439
movie_keyword,11440
movie_keyword,11441
movie_keyword,11443
movie_keyword,11445
movie_keyword,11446
movie_keyword,11447
movie_keyword,11448
movie_keyword,11450
movie_keyword,11451
movie_keyword,11464
movie_keyword,11466
movie_keyword,11467
movie_keyword,11468
movie_keyword,11480
movie_keyword,11482
movie_keyword,11483
movie_keyword,11490
movie_keyword,11501
movie_keyword,11506
movie_keyword,11523
movie_keyword,11532
movie_keyword,11544
movie_keyword,11549
movie_keyword,11550
movie_keyword,11565
movie_keyword,11573
movie_keyword,11580
movie_keyword,11581
movie_keyword,11582
movie_keyword,11583
movie_keyword,11584
movie_keyword,11585
movie_keyword,11589
movie_keyword,11595
movie_keyword,11597
movie_keyword,11598
movie_keyword,11602
movie_keyword,11611
movie_keyword,11616
movie_keyword,11617
movie_keyword,11619
movie_keyword,11620
movie_keyword,11641
movie_keyword,11647
movie_keyword,11656
movie_keyword,11660
movie_keyword,11713
movie_keyword,11734
movie_keyword,11738
movie_keyword,11740
movie_keyword,11741
movie_keyword,11742
movie_keyword,11743
movie_keyword,11745
movie_keyword,11748
movie_keyword,11751
movie_keyword,11753
movie_keyword,11768
movie_keyword,11780
movie_keyword,11786
movie_keyword,11787
movie_keyword,11794
movie_keyword,11797
movie_keyword,11798
movie_keyword,11803
movie_keyword,11821
movie_keyword,11824
movie_keyword,11826
movie_keyword,11831
movie_keyword,11832
movie_keyword,11833
movie_keyword,11834
movie_keyword,11839
movie_keyword,11840
movie_keyword,11849
movie_keyword,11854
movie_keyword,11856
movie_keyword,11858
movie_keyword,11859
movie_keyword,11861
movie_keyword,11862
movie_keyword,11863
movie_keyword,11864
movie_keyword,11865
movie_keyword,11874
movie_keyword,11875
movie_keyword,11876
movie_keyword,11878
movie_keyword,11879
movie_keyword,11881
movie_keyword,11882
movie_keyword,11888
movie_keyword,11898
movie_keyword,11914
movie_keyword,11917
movie_keyword,11920
movie_keyword,11922
movie_keyword,11934
movie_keyword,11936
movie_keyword,11938
movie_keyword,11939
movie_keyword,11942
movie_keyword,11945
movie_keyword,11947
movie_keyword,11976
movie_keyword,11980
movie_keyword,11994
movie_keyword,11998
movie_keyword,12002
movie_keyword,12007
movie_keyword,12008
movie_keyword,12011
movie_keyword,12012
movie_keyword,12016
movie_keyword,12021
movie_keyword,12024
movie_keyword,12025
movie_keyword,12035
movie_keyword,12037
movie_keyword,12043
movie_keyword,12044
movie_keyword,12073
movie_keyword,12074
movie_keyword,12076
movie_keyword,12077
movie_keyword,12080
movie_keyword,12081
movie_keyword,12082
movie_keyword,12084
movie_keyword,12095
movie_keyword,12098
movie_keyword,12103
movie_keyword,12106
movie_keyword,12112
movie_keyword,12119
movie_keyword,12120
movie_keyword,12125
movie_keyword,12126
movie_keyword,12142
movie_keyword,12144
movie_keyword,12146
movie_keyword,12147
movie_keyword,12148
movie_keyword,12150
movie_keyword,12151
movie_keyword,12185
movie_keyword,12188
movie_keyword,12194
movie_keyword,12201
movie_keyword,12211
movie_keyword,12218
movie_keyword,12219
movie_keyword,12220
movie_keyword,12222
movie_keyword,12225
movie_keyword,12230
movie_keyword,12232
movie_keyword,12234
movie_keyword,12236
movie_keyword,12241
movie_keyword,12243
movie_keyword,12244
movie_keyword,12245
movie_keyword,12263
movie_keyword,12269
movie_keyword,12274
movie_keyword,12275
movie_keyword,12278
movie_keyword,12279
movie_keyword,12280
movie_keyword,12284
movie_keyword,12285
movie_keyword,12287
movie_keyword,12288
movie_keyword,12289
movie_keyword,12293
movie_keyword,12294
movie_keyword,12302
movie_keyword,12310
movie_keyword,12317
movie_keyword,12318
movie_keyword,12341
movie_keyword,12353
movie_keyword,12354
movie_keyword,12358
movie_keyword,12360
movie_keyword,12361
movie_keyword,12364
movie_keyword,12365
movie_keyword,12371
movie_keyword,12372
movie_keyword,12373
movie_keyword,12374
movie_keyword,12375
movie_keyword,12376
movie_keyword,12386
movie_keyword,12389
movie_keyword,12390
movie_keyword,12391
movie_keyword,12392
movie_keyword,12393
movie_keyword,12394
movie_keyword,12400
movie_keyword,12401
movie_keyword,12404
movie_keyword,12410
movie_keyword,12414
movie_keyword,12419
movie_keyword,12422
movie_keyword,12428
movie_keyword,12432
movie_keyword,12434
movie_keyword,12435
movie_keyword,12436
movie_keyword,12441
movie_keyword,12443
movie_keyword,12453
movie_keyword,12456
movie_keyword,12461
movie_keyword,12463
movie_keyword,12466
movie_keyword,12467
movie_keyword,12484
movie_keyword,12485
movie_keyword,12486
movie_keyword,12492
movie_keyword,12493
movie_keyword,12497
movie_keyword,12498
movie_keyword,12500
movie_keyword,12503
movie_keyword,12509
movie_keyword,12516
movie_keyword,12524
movie_keyword,12533
movie_keyword,12540
movie_keyword,12549
movie_keyword,12565
movie_keyword,12568
movie_keyword,12569
movie_keyword,12570
movie_keyword,12576
movie_keyword,12577
movie_keyword,12579
movie_keyword,12582
movie_keyword,12586
movie_keyword,12587
movie_keyword,12592
movie_keyword,12595
movie_keyword,12600
movie_keyword,12601
movie_keyword,12602
movie_keyword,12606
movie_keyword,12607
movie_keyword,12616
movie_keyword,12619
movie_keyword,12620
movie_keyword,12624
movie_keyword,12630
movie_keyword,12635
movie_keyword,12638
movie_keyword,12639
movie_keyword,12640
movie_keyword,12641
movie_keyword,12646
movie_keyword,12652
movie_keyword,12653
movie_keyword,12666
movie_keyword,12670
movie_keyword,12685
movie_keyword,12689
movie_keyword,12690
movie_keyword,12693
movie_keyword,12702
movie_keyword,12705
movie_keyword,12707
movie_keyword,12708
movie_keyword,12711
movie_keyword,12714
movie_keyword,12716
movie_keyword,12717
movie_keyword,12718
movie_keyword,12719
movie_keyword,12723
movie_keyword,12726
movie_keyword,12727
movie_keyword,12736
movie_keyword,12737
movie_keyword,12738
movie_keyword,12740
movie_keyword,12744
movie_keyword,12745
movie_keyword,12746
movie_keyword,12747
movie_keyword,12749
movie_keyword,12751
movie_keyword,12762
movie_keyword,12767
movie_keyword,12768
movie_keyword,12769
movie_keyword,12770
movie_keyword,12772
movie_keyword,12775
movie_keyword,12776
movie_keyword,12778
movie_keyword,12779
movie_keyword,12780
movie_keyword,12785
movie_keyword,12786
movie_keyword,12788
movie_keyword,12789
movie_keyword,12790
movie_keyword,12794
movie_keyword,12798
movie_keyword,12802
movie_keyword,12807
movie_keyword,12808
movie_keyword,12811
movie_keyword,12813
movie_keyword,12820
movie_keyword,12832
movie_keyword,12834
movie_keyword,12846
movie_keyword,12856
movie_keyword,12858
movie_keyword,12859
movie_keyword,12860
movie_keyword,12870
movie_keyword,12871
movie_keyword,12877
movie_keyword,12884
movie_keyword,12888
movie_keyword,12896
movie_keyword,12898
movie_keyword,12901
movie_keyword,12907
movie_keyword,12908
movie_keyword,12912
movie_keyword,12913
movie_keyword,12920
movie_keyword,12921
movie_keyword,12925
movie_keyword,12926
movie_keyword,12927
movie_keyword,12928
movie_keyword,12929
movie_keyword,12931
movie_keyword,12932
movie_keyword,12935
movie_keyword,12936
movie_keyword,12937
movie_keyword,12938
movie_keyword,12939
movie_keyword,12940
movie_keyword,12941
movie_keyword,12942
movie_keyword,12943
movie_keyword,12946
movie_keyword,12947
movie_keyword,12948
movie_keyword,12951
movie_keyword,12952
movie_keyword,12957
movie_keyword,12962
movie_keyword,12966
movie_keyword,12975
movie_keyword,13014
movie_keyword,13021
movie_keyword,13028
movie_keyword,13033
movie_keyword,13035
movie_keyword,13041
movie_keyword,13056
movie_keyword,13066
movie_keyword,13073
movie_keyword,13074
movie_keyword,13077
movie_keyword,13106
movie_keyword,13108
movie_keyword,13113
movie_keyword,13144
movie_keyword,13151
movie_keyword,13160
movie_keyword,13168
movie_keyword,13171
movie_keyword,13173
movie_keyword,13182
movie_keyword,13185
movie_keyword,13188
movie_keyword,13215
movie_keyword,13226
movie_keyword,13229
movie_keyword,13238
movie_keyword,13243
movie_keyword,13254
movie_keyword,13267
movie_keyword,13275
movie_keyword,13278
movie_keyword,13294
movie_keyword,13299
movie_keyword,13302
movie_keyword,13311
movie_keyword,13314
movie_keyword,13316
movie_keyword,13318
movie_keyword,13332
movie_keyword,13340
movie_keyword,13341
movie_keyword,13346
movie_keyword,13350
movie_keyword,13351
movie_keyword,13353
movie_keyword,13355
movie_keyword,13356
movie_keyword,13357
movie_keyword,13368
movie_keyword,13369
movie_keyword,13372
movie_keyword,13374
movie_keyword,13377
movie_keyword,13383
movie_keyword,13384
movie_keyword,13391
movie_keyword,13395
movie_keyword,13397
movie_keyword,13403
movie_keyword,13417
movie_keyword,13426
movie_keyword,13429
movie_keyword,13439
movie_keyword,13459
movie_keyword,13476
movie_keyword,13483
movie_keyword,13510
movie_keyword,13511
movie_keyword,13531
movie_keyword,13561
movie_keyword,13572
movie_keyword,13573
movie_keyword,13582
movie_keyword,13583
movie_keyword,13584
movie_keyword,13588
movie_keyword,13589
movie_keyword,13591
movie_keyword,13592
movie_keyword,13596
movie_keyword,13600
movie_keyword,13606
movie_keyword,13607
movie_keyword,13608
movie_keyword,13646
movie_keyword,13651
movie_keyword,13671
movie_keyword,13675
movie_keyword,13704
movie_keyword,13706
movie_keyword,13720
movie_keyword,13721
movie_keyword,13722
movie_keyword,13723
movie_keyword,13724
movie_keyword,13727
movie_keyword,13739
movie_keyword,13740
movie_keyword,13742
movie_keyword,13743
movie_keyword,13747
movie_keyword,13750
movie_keyword,13753
movie_keyword,13754
movie_keyword,13782
movie_keyword,13784
movie_keyword,13802
movie_keyword,13805
movie_keyword,13808
movie_keyword,13809
movie_keyword,13812
movie_keyword,13825
movie_keyword,13827
movie_keyword,13838
movie_keyword,13850
movie_keyword,13851
movie_keyword,13852
movie_keyword,13853
movie_keyword,13859
movie_keyword,13860
movie_keyword,13862
movie_keyword,13865
movie_keyword,13866
movie_keyword,13880
movie_keyword,13884
movie_keyword,13892
movie_keyword,13895
movie_keyword,13899
movie_keyword,13915
movie_keyword,13918
movie_keyword,13925
movie_keyword,13929
movie_keyword,13930
movie_keyword,13931
movie_keyword,13932
movie_keyword,13933
movie_keyword,13934
movie_keyword,13958
movie_keyword,13959
movie_keyword,13964
movie_keyword,13965
movie_keyword,13968
movie_keyword,13990
movie_keyword,13999
movie_keyword,14022
movie_keyword,14026
movie_keyword,14028
movie_keyword,14040
movie_keyword,14065
movie_keyword,14068
movie_keyword,14069
movie_keyword,14070
movie_keyword,14074
movie_keyword,14083
movie_keyword,14090
movie_keyword,14103
movie_keyword,14138
movie_keyword,14142
movie_keyword,14146
movie_keyword,14149
movie_keyword,14156
movie_keyword,14157
movie_keyword,14163
movie_keyword,14165
movie_keyword,14167
movie_keyword,14168
movie_keyword,14171
movie_keyword,14172
movie_keyword,14173
movie_keyword,14174
movie_keyword,14175
movie_keyword,14176
movie_keyword,14177
movie_keyword,14184
movie_keyword,14185
movie_keyword,14197
movie_keyword,14204
movie_keyword,14225
movie_keyword,14226
movie_keyword,14227
movie_keyword,14231
movie_keyword,14237
movie_keyword,14243
movie_keyword,14251
movie_keyword,14256
movie_keyword,14259
movie_keyword,14260
movie_keyword,14267
movie_keyword,14269
movie_keyword,14288
movie_keyword,14290
movie_keyword,14307
movie_keyword,14308
movie_keyword,14309
movie_keyword,14314
movie_keyword,14319
movie_keyword,14322
movie_keyword,14326
movie_keyword,14330
movie_keyword,14332
movie_keyword,14333
movie_keyword,14336
movie_keyword,14345
movie_keyword,14346
movie_keyword,14351
movie_keyword,14359
movie_keyword,14361
movie_keyword,14362
movie_keyword,14392
movie_keyword,14400
movie_keyword,14402
movie_keyword,14404
movie_keyword,14411
movie_keyword,14413
movie_keyword,14417
movie_keyword,14418
movie_keyword,14425
movie_keyword,14426
movie_keyword,14427
movie_keyword,14428
movie_keyword,14433
movie_keyword,14440
movie_keyword,14444
movie_keyword,14448
movie_keyword,14451
movie_keyword,14452
movie_keyword,14453
movie_keyword,14474
movie_keyword,14477
movie_keyword,14478
movie_keyword,14485
movie_keyword,14487
movie_keyword,14499
movie_keyword,14500
movie_keyword,14501
movie_keyword,14511
movie_keyword,14512
movie_keyword,14519
movie_keyword,14520
movie_keyword,14521
movie_keyword,14522
movie_keyword,14536
movie_keyword,14540
movie_keyword,14544
movie_keyword,14554
movie_keyword,14565
movie_keyword,14573
movie_keyword,14575
movie_keyword,14579
movie_keyword,14580
movie_keyword,14587
movie_keyword,14588
movie_keyword,14594
movie_keyword,14595
movie_keyword,14596
movie_keyword,14612
movie_keyword,14615
movie_keyword,14616
movie_keyword,14617
movie_keyword,14618
movie_keyword,14631
movie_keyword,14634
movie_keyword,14637
movie_keyword,14638
movie_keyword,14639
movie_keyword,14640
movie_keyword,14642
movie_keyword,14643
movie_keyword,14644
movie_keyword,14645
movie_keyword,14675
movie_keyword,14689
movie_keyword,14691
movie_keyword,14692
movie_keyword,14693
movie_keyword,14700
movie_keyword,14723
movie_keyword,14724
movie_keyword,14725
movie_keyword,14734
movie_keyword,14746
movie_keyword,14756
movie_keyword,14757
movie_keyword,14760
movie_keyword,14775
movie_keyword,14776
movie_keyword,14777
movie_keyword,14780
movie_keyword,14781
movie_keyword,14782
movie_keyword,14785
movie_keyword,14794
movie_keyword,14798
movie_keyword,14801
movie_keyword,14807
movie_keyword,14810
movie_keyword,14813
movie_keyword,14833
movie_keyword,14840
movie_keyword,14842
movie_keyword,14848
movie_keyword,14861
movie_keyword,14865
movie_keyword,14871
movie_keyword,14886
movie_keyword,14900
movie_keyword,14908
movie_keyword,14909
movie_keyword,14910
movie_keyword,14911
movie_keyword,14912
movie_keyword,14913
movie_keyword,14916
movie_keyword,14919
movie_keyword,14923
movie_keyword,14940
movie_keyword,14941
movie_keyword,14957
movie_keyword,14964
movie_keyword,14970
movie_keyword,14979
movie_keyword,14980
movie_keyword,14981
movie_keyword,14992
movie_keyword,15009
movie_keyword,15011
movie_keyword,15028
movie_keyword,15029
movie_keyword,15033
movie_keyword,15037
movie_keyword,15042
movie_keyword,15043
movie_keyword,15049
movie_keyword,15053
movie_keyword,15054
movie_keyword,15069
movie_keyword,15076
movie_keyword,15118
movie_keyword,15141
movie_keyword,15177
movie_keyword,15185
movie_keyword,15187
movie_keyword,15188
movie_keyword,15213
movie_keyword,15225
movie_keyword,15234
movie_keyword,15237
movie_keyword,15238
movie_keyword,15240
movie_keyword,15241
movie_keyword,15242
movie_keyword,15255
movie_keyword,15257
movie_keyword,15279
movie_keyword,15283
movie_keyword,15285
movie_keyword,15287
movie_keyword,15299
movie_keyword,15304
movie_keyword,15314
movie_keyword,15328
movie_keyword,15331
movie_keyword,15337
movie_keyword,15342
movie_keyword,15343
movie_keyword,15344
movie_keyword,15346
movie_keyword,15349
movie_keyword,15350
movie_keyword,15351
movie_keyword,15360
movie_keyword,15365
movie_keyword,15370
movie_keyword,15382
movie_keyword,15393
movie_keyword,15401
movie_keyword,15407
movie_keyword,15410
movie_keyword,15420
movie_keyword,15424
movie_keyword,15435
movie_keyword,15458
movie_keyword,15459
movie_keyword,15463
movie_keyword,15468
movie_keyword,15469
movie_keyword,15470
movie_keyword,15471
movie_keyword,15472
movie_keyword,15473
movie_keyword,15474
movie_keyword,15475
movie_keyword,15476
movie_keyword,15477
movie_keyword,15478
movie_keyword,15488
movie_keyword,15491
movie_keyword,15492
movie_keyword,15502
movie_keyword,15509
movie_keyword,15510
movie_keyword,15517
movie_keyword,15520
movie_keyword,15523
movie_keyword,15536
movie_keyword,15539
movie_keyword,15540
movie_keyword,15550
movie_keyword,15578
movie_keyword,15582
movie_keyword,15600
movie_keyword,15610
movie_keyword,15615
movie_keyword,15620
movie_keyword,15625
movie_keyword,15626
movie_keyword,15627
movie_keyword,15628
movie_keyword,15634
movie_keyword,15636
movie_keyword,15637
movie_keyword,15640
movie_keyword,15668
movie_keyword,15672
movie_keyword,15684
movie_keyword,15687
movie_keyword,15693
movie_keyword,15706
movie_keyword,15707
movie_keyword,15710
movie_keyword,15749
movie_keyword,15750
movie_keyword,15768
movie_keyword,15780
movie_keyword,15781
movie_keyword,15784
movie_keyword,15788
movie_keyword,15791
movie_keyword,15819
movie_keyword,15823
movie_keyword,15825
movie_keyword,15834
movie_keyword,15845
movie_keyword,15851
movie_keyword,15856
movie_keyword,15857
movie_keyword,15859
movie_keyword,15862
movie_keyword,15872
movie_keyword,15874
movie_keyword,15875
movie_keyword,15876
movie_keyword,15884
movie_keyword,15885
movie_keyword,15890
movie_keyword,15896
movie_keyword,15907
movie_keyword,15908
movie_keyword,15913
movie_keyword,15921
movie_keyword,15922
movie_keyword,15923
movie_keyword,15929
movie_keyword,15934
movie_keyword,15950
movie_keyword,15975
movie_keyword,15983
movie_keyword,15984
movie_keyword,15985
movie_keyword,15986
movie_keyword,15991
movie_keyword,16001
movie_keyword,16002
movie_keyword,16022
movie_keyword,16023
movie_keyword,16029
movie_keyword,16055
movie_keyword,16060
movie_keyword,16072
movie_keyword,16075
movie_keyword,16085
movie_keyword,16086
movie_keyword,16088
movie_keyword,16092
movie_keyword,16093
movie_keyword,16109
movie_keyword,16125
movie_keyword,16157
movie_keyword,16182
movie_keyword,16198
movie_keyword,16200
movie_keyword,16204
movie_keyword,16206
movie_keyword,16207
movie_keyword,16209
movie_keyword,16217
movie_keyword,16218
movie_keyword,16220
movie_keyword,16263
movie_keyword,16264
movie_keyword,16267
movie_keyword,16284
movie_keyword,16287
movie_keyword,16290
movie_keyword,16291
movie_keyword,16313
movie_keyword,16314
movie_keyword,16327
movie_keyword,16332
movie_keyword,16352
movie_keyword,16355
movie_keyword,16380
movie_keyword,16381
movie_keyword,16390
movie_keyword,16402
movie_keyword,16409
movie_keyword,16419
movie_keyword,16428
movie_keyword,16429
movie_keyword,16435
movie_keyword,16436
movie_keyword,16437
movie_keyword,16440
movie_keyword,16442
movie_keyword,16452
movie_keyword,16455
movie_keyword,16457
movie_keyword,16462
movie_keyword,16538
movie_keyword,16546
movie_keyword,16553
movie_keyword,16554
movie_keyword,16555
movie_keyword,16561
movie_keyword,16567
movie_keyword,16568
movie_keyword,16571
movie_keyword,16598
movie_keyword,16601
movie_keyword,16610
movie_keyword,16625
movie_keyword,16649
movie_keyword,16659
movie_keyword,16670
movie_keyword,16677
movie_keyword,16678
movie_keyword,16682
movie_keyword,16690
movie_keyword,16705
movie_keyword,16710
movie_keyword,16713
movie_keyword,16726
movie_keyword,16729
movie_keyword,16730
movie_keyword,16737
movie_keyword,16742
movie_keyword,16773
movie_keyword,16797
movie_keyword,16808
movie_keyword,16809
movie_keyword,16812
movie_keyword,16822
movie_keyword,16823
movie_keyword,16836
movie_keyword,16847
movie_keyword,16865
movie_keyword,16876
movie_keyword,16882
movie_keyword,16886
movie_keyword,16893
movie_keyword,16894
movie_keyword,16896
movie_keyword,16902
movie_keyword,16905
movie_keyword,16906
movie_keyword,16928
movie_keyword,16929
movie_keyword,16930
movie_keyword,16931
movie_keyword,16932
movie_keyword,16933
movie_keyword,16934
movie_keyword,16936
movie_keyword,16941
movie_keyword,16951
movie_keyword,16952
movie_keyword,16958
movie_keyword,16972
movie_keyword,16973
movie_keyword,16977
movie_keyword,16981
movie_keyword,16982
movie_keyword,16987
movie_keyword,16990
movie_keyword,17012
movie_keyword,17013
movie_keyword,17014
movie_keyword,17015
movie_keyword,17020
movie_keyword,17021
movie_keyword,17022
movie_keyword,17023
movie_keyword,17031
movie_keyword,17034
movie_keyword,17042
movie_keyword,17043
movie_keyword,17044
movie_keyword,17045
movie_keyword,17046
movie_keyword,17047
movie_keyword,17054
movie_keyword,17057
movie_keyword,17062
movie_keyword,17063
movie_keyword,17067
movie_keyword,17071
movie_keyword,17072
movie_keyword,17074
movie_keyword,17078
movie_keyword,17085
movie_keyword,17087
movie_keyword,17088
movie_keyword,17089
movie_keyword,17091
movie_keyword,17096
movie_keyword,17100
movie_keyword,17101
movie_keyword,17102
movie_keyword,17112
movie_keyword,17113
movie_keyword,17128
movie_keyword,17131
movie_keyword,17135
movie_keyword,17137
movie_keyword,17138
movie_keyword,17144
movie_keyword,17153
movie_keyword,17158
movie_keyword,17160
movie_keyword,17162
movie_keyword,17165
movie_keyword,17166
movie_keyword,17167
movie_keyword,17168
movie_keyword,17169
movie_keyword,17177
movie_keyword,17179
movie_keyword,17181
movie_keyword,17201
movie_keyword,17204
movie_keyword,17207
movie_keyword,17208
movie_keyword,17209
movie_keyword,17210
movie_keyword,17215
movie_keyword,17216
movie_keyword,17222
movie_keyword,17223
movie_keyword,17224
movie_keyword,17226
movie_keyword,17235
movie_keyword,17240
movie_keyword,17241
movie_keyword,17243
movie_keyword,17259
movie_keyword,17264
movie_keyword,17274
movie_keyword,17279
movie_keyword,17280
movie_keyword,17284
movie_keyword,17286
movie_keyword,17295
movie_keyword,17298
movie_keyword,17309
movie_keyword,17314
movie_keyword,17319
movie_keyword,17325
movie_keyword,17330
movie_keyword,17335
movie_keyword,17337
movie_keyword,17338
movie_keyword,17339
movie_keyword,17345
movie_keyword,17346
movie_keyword,17349
movie_keyword,17357
movie_keyword,17359
movie_keyword,17360
movie_keyword,17361
movie_keyword,17366
movie_keyword,17367
movie_keyword,17371
movie_keyword,17375
movie_keyword,17376
movie_keyword,17379
movie_keyword,17380
movie_keyword,17395
movie_keyword,17397
movie_keyword,17399
movie_keyword,17400
movie_keyword,17401
movie_keyword,17402
movie_keyword,17404
movie_keyword,17405
movie_keyword,17406
movie_keyword,17407
movie_keyword,17408
movie_keyword,17409
movie_keyword,17412
movie_keyword,17413
movie_keyword,17414
movie_keyword,17415
movie_keyword,17416
movie_keyword,17417
movie_keyword,17419
movie_keyword,17420
movie_keyword,17427
movie_keyword,17437
movie_keyword,17439
movie_keyword,17442
movie_keyword,17443
movie_keyword,17444
movie_keyword,17445
movie_keyword,17446
movie_keyword,17449
movie_keyword,17463
movie_keyword,17464
movie_keyword,17466
movie_keyword,17468
movie_keyword,17469
movie_keyword,17482
movie_keyword,17484
movie_keyword,17493
movie_keyword,17497
movie_keyword,17514
movie_keyword,17520
movie_keyword,17523
movie_keyword,17528
movie_keyword,17533
movie_keyword,17534
movie_keyword,17536
movie_keyword,17544
movie_keyword,17548
movie_keyword,17550
movie_keyword,17555
movie_keyword,17565
movie_keyword,17571
movie_keyword,17575
movie_keyword,17577
movie_keyword,17578
movie_keyword,17579
movie_keyword,17593
movie_keyword,17604
movie_keyword,17606
movie_keyword,17607
movie_keyword,17610
movie_keyword,17617
movie_keyword,17618
movie_keyword,17619
movie_keyword,17622
movie_keyword,17623
movie_keyword,17628
movie_keyword,17637
movie_keyword,17638
movie_keyword,17644
movie_keyword,17645
movie_keyword,17646
movie_keyword,17649
movie_keyword,17650
movie_keyword,17656
movie_keyword,17658
movie_keyword,17659
movie_keyword,17675
movie_keyword,17681
movie_keyword,17683
movie_keyword,17684
movie_keyword,17687
movie_keyword,17694
movie_keyword,17697
movie_keyword,17698
movie_keyword,17699
movie_keyword,17700
movie_keyword,17701
movie_keyword,17702
movie_keyword,17703
movie_keyword,17706
movie_keyword,17708
movie_keyword,17709
movie_keyword,17710
movie_keyword,17712
movie_keyword,17724
movie_keyword,17725
movie_keyword,17729
movie_keyword,17735
movie_keyword,17742
movie_keyword,17751
movie_keyword,17762
movie_keyword,17763
movie_keyword,17767
movie_keyword,17774
movie_keyword,17777
movie_keyword,17780
movie_keyword,17785
movie_keyword,17791
movie_keyword,17801
movie_keyword,17823
movie_keyword,17831
movie_keyword,17832
movie_keyword,17834
movie_keyword,17857
movie_keyword,17858
movie_keyword,17859
movie_keyword,17860
movie_keyword,17865
movie_keyword,17866
movie_keyword,17868
movie_keyword,17869
movie_keyword,17870
movie_keyword,17871
movie_keyword,17881
movie_keyword,17897
movie_keyword,17905
movie_keyword,17909
movie_keyword,17910
movie_keyword,17917
movie_keyword,17918
movie_keyword,17921
movie_keyword,17926
movie_keyword,17932
movie_keyword,17946
movie_keyword,17947
movie_keyword,17949
movie_keyword,17952
movie_keyword,17956
movie_keyword,17957
movie_keyword,17962
movie_keyword,17965
movie_keyword,17976
movie_keyword,17980
movie_keyword,17981
movie_keyword,17998
movie_keyword,17999
movie_keyword,18001
movie_keyword,18003
movie_keyword,18009
movie_keyword,18016
movie_keyword,18019
movie_keyword,18026
movie_keyword,18089
movie_keyword,18091
movie_keyword,18094
movie_keyword,18113
movie_keyword,18114
movie_keyword,18118
movie_keyword,18119
movie_keyword,18121
movie_keyword,18126
movie_keyword,18127
movie_keyword,18128
movie_keyword,18130
movie_keyword,18133
movie_keyword,18134
movie_keyword,18135
movie_keyword,18143
movie_keyword,18146
movie_keyword,18148
movie_keyword,18149
movie_keyword,18150
movie_keyword,18151
movie_keyword,18153
movie_keyword,18154
movie_keyword,18157
movie_keyword,18158
movie_keyword,18159
movie_keyword,18160
movie_keyword,18161
movie_keyword,18165
movie_keyword,18166
movie_keyword,18168
movie_keyword,18169
movie_keyword,18170
movie_keyword,18171
movie_keyword,18172
movie_keyword,18181
movie_keyword,18188
movie_keyword,18189
movie_keyword,18200
movie_keyword,18201
movie_keyword,18205
movie_keyword,18206
movie_keyword,18207
movie_keyword,18208
movie_keyword,18209
movie_keyword,18210
movie_keyword,18214
movie_keyword,18220
movie_keyword,18225
movie_keyword,18226
movie_keyword,18227
movie_keyword,18228
movie_keyword,18229
movie_keyword,18231
movie_keyword,18232
movie_keyword,18233
movie_keyword,18235
movie_keyword,18236
movie_keyword,18238
movie_keyword,18243
movie_keyword,18244
movie_keyword,18259
movie_keyword,18260
movie_keyword,18262
movie_keyword,18264
movie_keyword,18266
movie_keyword,18281
movie_keyword,18287
movie_keyword,18288
movie_keyword,18289
movie_keyword,18290
movie_keyword,18291
movie_keyword,18292
movie_keyword,18293
movie_keyword,18294
movie_keyword,18295
movie_keyword,18296
movie_keyword,18297
movie_keyword,18298
movie_keyword,18299
movie_keyword,18300
movie_keyword,18301
movie_keyword,18307
movie_keyword,18308
movie_keyword,18309
movie_keyword,18312
movie_keyword,18313
movie_keyword,18314
movie_keyword,18316
movie_keyword,18317
movie_keyword,18327
movie_keyword,18331
movie_keyword,18338
movie_keyword,18343
movie_keyword,18344
movie_keyword,18352
movie_keyword,18355
movie_keyword,18362
movie_keyword,18369
movie_keyword,18371
movie_keyword,18375
movie_keyword,18390
movie_keyword,18392
movie_keyword,18394
movie_keyword,18401
movie_keyword,18411
movie_keyword,18414
movie_keyword,18415
movie_keyword,18421
movie_keyword,18432
movie_keyword,18433
movie_keyword,18434
movie_keyword,18437
movie_keyword,18441
movie_keyword,18451
movie_keyword,18453
movie_keyword,18463
movie_keyword,18466
movie_keyword,18471
movie_keyword,18473
movie_keyword,18475
movie_keyword,18485
movie_keyword,18488
movie_keyword,18495
movie_keyword,18501
movie_keyword,18502
movie_keyword,18507
movie_keyword,18523
movie_keyword,18526
movie_keyword,18534
movie_keyword,18548
movie_keyword,18559
movie_keyword,18560
movie_keyword,18566
movie_keyword,18569
movie_keyword,18570
movie_keyword,18571
movie_keyword,18590
movie_keyword,18613
movie_keyword,18614
movie_keyword,18615
movie_keyword,18625
movie_keyword,18626
movie_keyword,18628
movie_keyword,18630
movie_keyword,18631
movie_keyword,18632
movie_keyword,18636
movie_keyword,18638
movie_keyword,18641
movie_keyword,18647
movie_keyword,18653
movie_keyword,18667
movie_keyword,18674
movie_keyword,18677
movie_keyword,18681
movie_keyword,18683
movie_keyword,18684
movie_keyword,18691
movie_keyword,18694
movie_keyword,18703
movie_keyword,18707
movie_keyword,18725
movie_keyword,18727
movie_keyword,18746
movie_keyword,18749
movie_keyword,18754
movie_keyword,18755
movie_keyword,18757
movie_keyword,18758
movie_keyword,18761
movie_keyword,18769
movie_keyword,18772
movie_keyword,18773
movie_keyword,18776
movie_keyword,18777
movie_keyword,18783
movie_keyword,18784
movie_keyword,18793
movie_keyword,18794
movie_keyword,18795
movie_keyword,18797
movie_keyword,18817
movie_keyword,18818
movie_keyword,18820
movie_keyword,18821
movie_keyword,18822
movie_keyword,18823
movie_keyword,18824
movie_keyword,18835
movie_keyword,18842
movie_keyword,18843
movie_keyword,18844
movie_keyword,18848
movie_keyword,18849
movie_keyword,18875
movie_keyword,18876
movie_keyword,18877
movie_keyword,18880
movie_keyword,18889
movie_keyword,18893
movie_keyword,18901
movie_keyword,18921
movie_keyword,18929
movie_keyword,18930
movie_keyword,18932
movie_keyword,18933
movie_keyword,18934
movie_keyword,18936
movie_keyword,18937
movie_keyword,18938
movie_keyword,18939
movie_keyword,18940
movie_keyword,18941
movie_keyword,18942
movie_keyword,18943
movie_keyword,18944
movie_keyword,18945
movie_keyword,18946
movie_keyword,18964
movie_keyword,18966
movie_keyword,18970
movie_keyword,18974
movie_keyword,18982
movie_keyword,18991
movie_keyword,18993
movie_keyword,18994
movie_keyword,18995
movie_keyword,18996
movie_keyword,18998
movie_keyword,19001
movie_keyword,19033
movie_keyword,19036
movie_keyword,19042
movie_keyword,19046
movie_keyword,19049
movie_keyword,19050
movie_keyword,19052
movie_keyword,19067
movie_keyword,19073
movie_keyword,19081
movie_keyword,19094
movie_keyword,19095
movie_keyword,19096
movie_keyword,19097
movie_keyword,19098
movie_keyword,19099
movie_keyword,19101
movie_keyword,19103
movie_keyword,19105
movie_keyword,19110
movie_keyword,19111
movie_keyword,19112
movie_keyword,19113
movie_keyword,19124
movie_keyword,19128
movie_keyword,19130
movie_keyword,19133
movie_keyword,19138
movie_keyword,19140
movie_keyword,19145
movie_keyword,19147
movie_keyword,19151
movie_keyword,19155
movie_keyword,19159
movie_keyword,19160
movie_keyword,19170
movie_keyword,19173
movie_keyword,19175
movie_keyword,19196
movie_keyword,19197
movie_keyword,19198
movie_keyword,19201
movie_keyword,19205
movie_keyword,19213
movie_keyword,19219
movie_keyword,19223
movie_keyword,19228
movie_keyword,19229
movie_keyword,19230
movie_keyword,19231
movie_keyword,19232
movie_keyword,19238
movie_keyword,19241
movie_keyword,19247
movie_keyword,19248
movie_keyword,19250
movie_keyword,19252
movie_keyword,19257
movie_keyword,19259
movie_keyword,19264
movie_keyword,19272
movie_keyword,19273
movie_keyword,19280
movie_keyword,19282
movie_keyword,19284
movie_keyword,19288
movie_keyword,19298
movie_keyword,19305
movie_keyword,19306
movie_keyword,19315
movie_keyword,19324
movie_keyword,19370
movie_keyword,19371
movie_keyword,19402
movie_keyword,19404
movie_keyword,19405
movie_keyword,19407
movie_keyword,19408
movie_keyword,19422
movie_keyword,19423
movie_keyword,19424
movie_keyword,19425
movie_keyword,19428
movie_keyword,19429
movie_keyword,19430
movie_keyword,19433
movie_keyword,19434
movie_keyword,19437
movie_keyword,19444
movie_keyword,19445
movie_keyword,19447
movie_keyword,19448
movie_keyword,19453
movie_keyword,19455
movie_keyword,19460
movie_keyword,19473
movie_keyword,19474
movie_keyword,19475
movie_keyword,19481
movie_keyword,19482
movie_keyword,19483
movie_keyword,19486
movie_keyword,19487
movie_keyword,19488
movie_keyword,19490
movie_keyword,19494
movie_keyword,19500
movie_keyword,19501
movie_keyword,19502
movie_keyword,19507
movie_keyword,19510
movie_keyword,19517
movie_keyword,19518
movie_keyword,19519
movie_keyword,19523
movie_keyword,19526
movie_keyword,19527
movie_keyword,19535
movie_keyword,19536
movie_keyword,19542
movie_keyword,19543
movie_keyword,19545
movie_keyword,19558
movie_keyword,19568
movie_keyword,19569
movie_keyword,19570
movie_keyword,19571
movie_keyword,19572
movie_keyword,19606
movie_keyword,19607
movie_keyword,19608
movie_keyword,19609
movie_keyword,19610
movie_keyword,19624
movie_keyword,19631
movie_keyword,19635
movie_keyword,19638
movie_keyword,19643
movie_keyword,19648
movie_keyword,19654
movie_keyword,19655
movie_keyword,19656
movie_keyword,19657
movie_keyword,19658
movie_keyword,19659
movie_keyword,19660
movie_keyword,19674
movie_keyword,19679
movie_keyword,19687
movie_keyword,19690
movie_keyword,19692
movie_keyword,19699
movie_keyword,19706
movie_keyword,19708
movie_keyword,19720
movie_keyword,19726
movie_keyword,19737
movie_keyword,19741
movie_keyword,19755
movie_keyword,19758
movie_keyword,19761
movie_keyword,19766
movie_keyword,19768
movie_keyword,19771
movie_keyword,19772
movie_keyword,19773
movie_keyword,19774
movie_keyword,19784
movie_keyword,19785
movie_keyword,19786
movie_keyword,19792
movie_keyword,19794
movie_keyword,19795
movie_keyword,19796
movie_keyword,19797
movie_keyword,19800
movie_keyword,19810
movie_keyword,19811
movie_keyword,19812
movie_keyword,19815
movie_keyword,19825
movie_keyword,19826
movie_keyword,19829
movie_keyword,19830
movie_keyword,19832
movie_keyword,19837
movie_keyword,19843
movie_keyword,19844
movie_keyword,19845
movie_keyword,19868
movie_keyword,19872
movie_keyword,19878
movie_keyword,19881
movie_keyword,19894
movie_keyword,19921
movie_keyword,19929
movie_keyword,19930
movie_keyword,19932
movie_keyword,19935
movie_keyword,19946
movie_keyword,19969
movie_keyword,19972
movie_keyword,19973
movie_keyword,19974
movie_keyword,19975
movie_keyword,19978
movie_keyword,19979
movie_keyword,19980
movie_keyword,19984
movie_keyword,19988
movie_keyword,19989
movie_keyword,19990
movie_keyword,19996
movie_keyword,20003
movie_keyword,20004
movie_keyword,20010
movie_keyword,20017
movie_keyword,20018
movie_keyword,20021
movie_keyword,20022
movie_keyword,20023
movie_keyword,20024
movie_keyword,20025
movie_keyword,20026
movie_keyword,20044
movie_keyword,20046
movie_keyword,20052
movie_keyword,20054
movie_keyword,20057
movie_keyword,20061
movie_keyword,20066
movie_keyword,20079
movie_keyword,20102
movie_keyword,20110
movie_keyword,20122
movie_keyword,20126
movie_keyword,20127
movie_keyword,20128
movie_keyword,20129
movie_keyword,20139
movie_keyword,20142
movie_keyword,20145
movie_keyword,20146
movie_keyword,20147
movie_keyword,20148
movie_keyword,20153
movie_keyword,20165
movie_keyword,20172
movie_keyword,20174
movie_keyword,20176
movie_keyword,20181
movie_keyword,20182
movie_keyword,20189
movie_keyword,20191
movie_keyword,20193
movie_keyword,20194
movie_keyword,20199
movie_keyword,20207
movie_keyword,20210
movie_keyword,20212
movie_keyword,20218
movie_keyword,20219
movie_keyword,20220
movie_keyword,20221
movie_keyword,20232
movie_keyword,20233
movie_keyword,20236
movie_keyword,20238
movie_keyword,20239
movie_keyword,20253
movie_keyword,20254
movie_keyword,20257
movie_keyword,20258
movie_keyword,20268
movie_keyword,20276
movie_keyword,20278
movie_keyword,20280
movie_keyword,20297
movie_keyword,20299
movie_keyword,20302
movie_keyword,20304
movie_keyword,20306
movie_keyword,20307
movie_keyword,20316
movie_keyword,20319
movie_keyword,20329
movie_keyword,20331
movie_keyword,20332
movie_keyword,20333
movie_keyword,20342
movie_keyword,20344
movie_keyword,20347
movie_keyword,20362
movie_keyword,20374
movie_keyword,20375
movie_keyword,20383
movie_keyword,20390
movie_keyword,20395
movie_keyword,20400
movie_keyword,20401
movie_keyword,20409
movie_keyword,20412
movie_keyword,20414
movie_keyword,20425
movie_keyword,20430
movie_keyword,20439
movie_keyword,20440
movie_keyword,20441
movie_keyword,20449
movie_keyword,20450
movie_keyword,20452
movie_keyword,20453
movie_keyword,20470
movie_keyword,20472
movie_keyword,20478
movie_keyword,20482
movie_keyword,20483
movie_keyword,20487
movie_keyword,20493
movie_keyword,20494
movie_keyword,20495
movie_keyword,20497
movie_keyword,20498
movie_keyword,20501
movie_keyword,20503
movie_keyword,20504
movie_keyword,20505
movie_keyword,20520
movie_keyword,20521
movie_keyword,20524
movie_keyword,20531
movie_keyword,20536
movie_keyword,20538
movie_keyword,20548
movie_keyword,20549
movie_keyword,20550
movie_keyword,20559
movie_keyword,20560
movie_keyword,20562
movie_keyword,20572
movie_keyword,20573
movie_keyword,20576
movie_keyword,20581
movie_keyword,20584
movie_keyword,20586
movie_keyword,20587
movie_keyword,20589
movie_keyword,20596
movie_keyword,20600
movie_keyword,20602
movie_keyword,20609
movie_keyword,20612
movie_keyword,20634
movie_keyword,20640
movie_keyword,20652
movie_keyword,20656
movie_keyword,20661
movie_keyword,20693
movie_keyword,20694
movie_keyword,20698
movie_keyword,20700
movie_keyword,20714
movie_keyword,20716
movie_keyword,20717
movie_keyword,20723
movie_keyword,20734
movie_keyword,20736
movie_keyword,20744
movie_keyword,20751
movie_keyword,20776
movie_keyword,20777
movie_keyword,20778
movie_keyword,20779
movie_keyword,20780
movie_keyword,20797
movie_keyword,20798
movie_keyword,20799
movie_keyword,20810
movie_keyword,20814
movie_keyword,20837
movie_keyword,20844
movie_keyword,20845
movie_keyword,20846
movie_keyword,20849
movie_keyword,20850
movie_keyword,20851
movie_keyword,20853
movie_keyword,20855
movie_keyword,20856
movie_keyword,20860
movie_keyword,20865
movie_keyword,20874
movie_keyword,20878
movie_keyword,20879
movie_keyword,20880
movie_keyword,20882
movie_keyword,20886
movie_keyword,20898
movie_keyword,20902
movie_keyword,20903
movie_keyword,20907
movie_keyword,20915
movie_keyword,20916
movie_keyword,20926
movie_keyword,20942
movie_keyword,20946
movie_keyword,20949
movie_keyword,20950
movie_keyword,20951
movie_keyword,20952
movie_keyword,20953
movie_keyword,20955
movie_keyword,20956
movie_keyword,20957
movie_keyword,20959
movie_keyword,20962
movie_keyword,20969
movie_keyword,20978
movie_keyword,20980
movie_keyword,20981
movie_keyword,20983
movie_keyword,20984
movie_keyword,20993
movie_keyword,20995
movie_keyword,21016
movie_keyword,21020
movie_keyword,21021
movie_keyword,21023
movie_keyword,21025
movie_keyword,21028
movie_keyword,21029
movie_keyword,21042
movie_keyword,21043
movie_keyword,21046
movie_keyword,21047
movie_keyword,21052
movie_keyword,21055
movie_keyword,21059
movie_keyword,21063
movie_keyword,21071
movie_keyword,21072
movie_keyword,21082
movie_keyword,21088
movie_keyword,21089
movie_keyword,21092
movie_keyword,21093
movie_keyword,21094
movie_keyword,21101
movie_keyword,21102
movie_keyword,21109
movie_keyword,21110
movie_keyword,21114
movie_keyword,21122
movie_keyword,21124
movie_keyword,21128
movie_keyword,21130
movie_keyword,21137
movie_keyword,21138
movie_keyword,21144
movie_keyword,21146
movie_keyword,21148
movie_keyword,21161
movie_keyword,21164
movie_keyword,21167
movie_keyword,21171
movie_keyword,21172
movie_keyword,21173
movie_keyword,21174
movie_keyword,21175
movie_keyword,21176
movie_keyword,21177
movie_keyword,21178
movie_keyword,21179
movie_keyword,21184
movie_keyword,21190
movie_keyword,21194
movie_keyword,21202
movie_keyword,21212
movie_keyword,21214
movie_keyword,21219
movie_keyword,21222
movie_keyword,21232
movie_keyword,21236
movie_keyword,21251
movie_keyword,21254
movie_keyword,21256
movie_keyword,21257
movie_keyword,21259
movie_keyword,21264
movie_keyword,21270
movie_keyword,21271
movie_keyword,21272
movie_keyword,21279
movie_keyword,21280
movie_keyword,21283
movie_keyword,21284
movie_keyword,21285
movie_keyword,21288
movie_keyword,21289
movie_keyword,21291
movie_keyword,21293
movie_keyword,21298
movie_keyword,21299
movie_keyword,21300
movie_keyword,21301
movie_keyword,21302
movie_keyword,21307
movie_keyword,21308
movie_keyword,21309
movie_keyword,21313
movie_keyword,21315
movie_keyword,21320
movie_keyword,21331
movie_keyword,21335
movie_keyword,21337
movie_keyword,21340
movie_keyword,21346
movie_keyword,21351
movie_keyword,21370
movie_keyword,21373
movie_keyword,21376
movie_keyword,21377
movie_keyword,21378
movie_keyword,21380
movie_keyword,21381
movie_keyword,21386
movie_keyword,21391
movie_keyword,21392
movie_keyword,21403
movie_keyword,21410
movie_keyword,21422
movie_keyword,21426
movie_keyword,21429
movie_keyword,21430
movie_keyword,21436
movie_keyword,21438
movie_keyword,21445
movie_keyword,21460
movie_keyword,21467
movie_keyword,21472
movie_keyword,21476
movie_keyword,21477
movie_keyword,21478
movie_keyword,21479
movie_keyword,21486
movie_keyword,21488
movie_keyword,21489
movie_keyword,21490
movie_keyword,21492
movie_keyword,21504
movie_keyword,21506
movie_keyword,21509
movie_keyword,21512
movie_keyword,21536
movie_keyword,21538
movie_keyword,21541
movie_keyword,21550
movie_keyword,21555
movie_keyword,21557
movie_keyword,21562
movie_keyword,21573
movie_keyword,21574
movie_keyword,21586
movie_keyword,21589
movie_keyword,21592
movie_keyword,21601
movie_keyword,21610
movie_keyword,21612
movie_keyword,21614
movie_keyword,21615
movie_keyword,21617
movie_keyword,21620
movie_keyword,21621
movie_keyword,21627
movie_keyword,21628
movie_keyword,21631
movie_keyword,21661
movie_keyword,21663
movie_keyword,21667
movie_keyword,21670
movie_keyword,21674
movie_keyword,21680
movie_keyword,21681
movie_keyword,21682
movie_keyword,21683
movie_keyword,21688
movie_keyword,21691
movie_keyword,21693
movie_keyword,21697
movie_keyword,21699
movie_keyword,21700
movie_keyword,21708
movie_keyword,21712
movie_keyword,21719
movie_keyword,21721
movie_keyword,21724
movie_keyword,21728
movie_keyword,21729
movie_keyword,21730
movie_keyword,21731
movie_keyword,21732
movie_keyword,21734
movie_keyword,21738
movie_keyword,21742
movie_keyword,21743
movie_keyword,21746
movie_keyword,21748
movie_keyword,21753
movie_keyword,21754
movie_keyword,21757
movie_keyword,21777
movie_keyword,21789
movie_keyword,21792
movie_keyword,21795
movie_keyword,21803
movie_keyword,21806
movie_keyword,21811
movie_keyword,21813
movie_keyword,21814
movie_keyword,21822
movie_keyword,21824
movie_keyword,21828
movie_keyword,21829
movie_keyword,21836
movie_keyword,21845
movie_keyword,21846
movie_keyword,21847
movie_keyword,21848
movie_keyword,21852
movie_keyword,21853
movie_keyword,21856
movie_keyword,21866
movie_keyword,21869
movie_keyword,21874
movie_keyword,21880
movie_keyword,21882
movie_keyword,21895
movie_keyword,21896
movie_keyword,21898
movie_keyword,21902
movie_keyword,21903
movie_keyword,21908
movie_keyword,21910
movie_keyword,21920
movie_keyword,21921
movie_keyword,21922
movie_keyword,21942
movie_keyword,21947
movie_keyword,21948
movie_keyword,21967
movie_keyword,21971
movie_keyword,21972
movie_keyword,21975
movie_keyword,21976
movie_keyword,21977
movie_keyword,21987
movie_keyword,21994
movie_keyword,21995
movie_keyword,21996
movie_keyword,22002
movie_keyword,22003
movie_keyword,22004
movie_keyword,22008
movie_keyword,22011
movie_keyword,22023
movie_keyword,22027
movie_keyword,22030
movie_keyword,22037
movie_keyword,22045
movie_keyword,22047
movie_keyword,22051
movie_keyword,22052
movie_keyword,22053
movie_keyword,22055
movie_keyword,22060
movie_keyword,22061
movie_keyword,22066
movie_keyword,22072
movie_keyword,22073
movie_keyword,22081
movie_keyword,22088
movie_keyword,22094
movie_keyword,22098
movie_keyword,22101
movie_keyword,22106
movie_keyword,22107
movie_keyword,22113
movie_keyword,22120
movie_keyword,22121
movie_keyword,22127
movie_keyword,22128
movie_keyword,22129
movie_keyword,22130
movie_keyword,22132
movie_keyword,22144
movie_keyword,22145
movie_keyword,22148
movie_keyword,22149
movie_keyword,22151
movie_keyword,22152
movie_keyword,22157
movie_keyword,22162
movie_keyword,22163
movie_keyword,22164
movie_keyword,22165
movie_keyword,22174
movie_keyword,22177
movie_keyword,22194
movie_keyword,22205
movie_keyword,22206
movie_keyword,22207
movie_keyword,22208
movie_keyword,22213
movie_keyword,22217
movie_keyword,22228
movie_keyword,22229
movie_keyword,22236
movie_keyword,22238
movie_keyword,22239
movie_keyword,22248
movie_keyword,22252
movie_keyword,22253
movie_keyword,22254
movie_keyword,22256
movie_keyword,22258
movie_keyword,22265
movie_keyword,22279
movie_keyword,22284
movie_keyword,22287
movie_keyword,22292
movie_keyword,22293
movie_keyword,22294
movie_keyword,22303
movie_keyword,22304
movie_keyword,22306
movie_keyword,22315
movie_keyword,22334
movie_keyword,22335
movie_keyword,22338
movie_keyword,22344
movie_keyword,22353
movie_keyword,22356
movie_keyword,22380
movie_keyword,22381
movie_keyword,22391
movie_keyword,22392
movie_keyword,22397
movie_keyword,22398
movie_keyword,22406
movie_keyword,22407
movie_keyword,22418
movie_keyword,22443
movie_keyword,22445
movie_keyword,22447
movie_keyword,22452
movie_keyword,22454
movie_keyword,22466
movie_keyword,22471
movie_keyword,22479
movie_keyword,22495
movie_keyword,22502
movie_keyword,22503
movie_keyword,22504
movie_keyword,22505
movie_keyword,22520
movie_keyword,22521
movie_keyword,22537
movie_keyword,22541
movie_keyword,22542
movie_keyword,22543
movie_keyword,22549
movie_keyword,22551
movie_keyword,22552
movie_keyword,22553
movie_keyword,22554
movie_keyword,22558
movie_keyword,22561
movie_keyword,22563
movie_keyword,22564
movie_keyword,22569
movie_keyword,22571
movie_keyword,22572
movie_keyword,22573
movie_keyword,22574
movie_keyword,22575
movie_keyword,22577
movie_keyword,22578
movie_keyword,22582
movie_keyword,22583
movie_keyword,22588
movie_keyword,22589
movie_keyword,22591
movie_keyword,22606
movie_keyword,22614
movie_keyword,22615
movie_keyword,22616
movie_keyword,22624
movie_keyword,22632
movie_keyword,22637
movie_keyword,22639
movie_keyword,22645
movie_keyword,22647
movie_keyword,22653
movie_keyword,22665
movie_keyword,22666
movie_keyword,22671
movie_keyword,22675
movie_keyword,22683
movie_keyword,22686
movie_keyword,22689
movie_keyword,22691
movie_keyword,22692
movie_keyword,22695
movie_keyword,22698
movie_keyword,22699
movie_keyword,22700
movie_keyword,22703
movie_keyword,22707
movie_keyword,22709
movie_keyword,22711
movie_keyword,22712
movie_keyword,22730
movie_keyword,22731
movie_keyword,22734
movie_keyword,22764
movie_keyword,22765
movie_keyword,22773
movie_keyword,22783
movie_keyword,22785
movie_keyword,22796
movie_keyword,22801
movie_keyword,22802
movie_keyword,22804
movie_keyword,22826
movie_keyword,22830
movie_keyword,22831
movie_keyword,22833
movie_keyword,22834
movie_keyword,22837
movie_keyword,22847
movie_keyword,22851
movie_keyword,22859
movie_keyword,22864
movie_keyword,22872
movie_keyword,22875
movie_keyword,22876
movie_keyword,22877
movie_keyword,22891
movie_keyword,22892
movie_keyword,22905
movie_keyword,22906
movie_keyword,22907
movie_keyword,22912
movie_keyword,22933
movie_keyword,22936
movie_keyword,22939
movie_keyword,22946
movie_keyword,22947
movie_keyword,22948
movie_keyword,22949
movie_keyword,22950
movie_keyword,22952
movie_keyword,22957
movie_keyword,22964
movie_keyword,22968
movie_keyword,22973
movie_keyword,22982
movie_keyword,22985
movie_keyword,22986
movie_keyword,22995
movie_keyword,22999
movie_keyword,23008
movie_keyword,23017
movie_keyword,23018
movie_keyword,23037
movie_keyword,23043
movie_keyword,23044
movie_keyword,23049
movie_keyword,23074
movie_keyword,23080
movie_keyword,23081
movie_keyword,23082
movie_keyword,23083
movie_keyword,23084
movie_keyword,23085
movie_keyword,23087
movie_keyword,23092
movie_keyword,23098
movie_keyword,23099
movie_keyword,23100
movie_keyword,23101
movie_keyword,23106
movie_keyword,23126
movie_keyword,23127
movie_keyword,23134
movie_keyword,23155
movie_keyword,23161
movie_keyword,23162
movie_keyword,23163
movie_keyword,23164
movie_keyword,23172
movie_keyword,23173
movie_keyword,23176
movie_keyword,23178
movie_keyword,23179
movie_keyword,23181
movie_keyword,23183
movie_keyword,23184
movie_keyword,23190
movie_keyword,23195
movie_keyword,23203
movie_keyword,23205
movie_keyword,23206
movie_keyword,23207
movie_keyword,23219
movie_keyword,23234
movie_keyword,23235
movie_keyword,23236
movie_keyword,23237
movie_keyword,23242
movie_keyword,23244
movie_keyword,23246
movie_keyword,23255
movie_keyword,23261
movie_keyword,23271
movie_keyword,23287
movie_keyword,23292
movie_keyword,23293
movie_keyword,23299
movie_keyword,23300
movie_keyword,23301
movie_keyword,23305
movie_keyword,23307
movie_keyword,23316
movie_keyword,23321
movie_keyword,23328
movie_keyword,23332
movie_keyword,23333
movie_keyword,23343
movie_keyword,23347
movie_keyword,23352
movie_keyword,23354
movie_keyword,23355
movie_keyword,23356
movie_keyword,23357
movie_keyword,23362
movie_keyword,23366
movie_keyword,23371
movie_keyword,23384
movie_keyword,23395
movie_keyword,23396
movie_keyword,23398
movie_keyword,23399
movie_keyword,23400
movie_keyword,23401
movie_keyword,23402
movie_keyword,23409
movie_keyword,23411
movie_keyword,23421
movie_keyword,23427
movie_keyword,23446
movie_keyword,23452
movie_keyword,23453
movie_keyword,23482
movie_keyword,23487
movie_keyword,23489
movie_keyword,23503
movie_keyword,23517
movie_keyword,23537
movie_keyword,23547
movie_keyword,23553
movie_keyword,23555
movie_keyword,23558
movie_keyword,23560
movie_keyword,23561
movie_keyword,23563
movie_keyword,23564
movie_keyword,23567
movie_keyword,23570
movie_keyword,23571
movie_keyword,23572
movie_keyword,23573
movie_keyword,23576
movie_keyword,23579
movie_keyword,23590
movie_keyword,23591
movie_keyword,23596
movie_keyword,23602
movie_keyword,23603
movie_keyword,23604
movie_keyword,23605
movie_keyword,23606
movie_keyword,23614
movie_keyword,23618
movie_keyword,23622
movie_keyword,23623
movie_keyword,23624
movie_keyword,23627
movie_keyword,23628
movie_keyword,23632
movie_keyword,23641
movie_keyword,23648
movie_keyword,23650
movie_keyword,23651
movie_keyword,23656
movie_keyword,23664
movie_keyword,23674
movie_keyword,23682
movie_keyword,23697
movie_keyword,23701
movie_keyword,23702
movie_keyword,23731
movie_keyword,23742
movie_keyword,23744
movie_keyword,23746
movie_keyword,23752
movie_keyword,23754
movie_keyword,23763
movie_keyword,23796
movie_keyword,23811
movie_keyword,23813
movie_keyword,23820
movie_keyword,23824
movie_keyword,23825
movie_keyword,23845
movie_keyword,23847
movie_keyword,23848
movie_keyword,23868
movie_keyword,23872
movie_keyword,23877
movie_keyword,23878
movie_keyword,23880
movie_keyword,23887
movie_keyword,23895
movie_keyword,23919
movie_keyword,23923
movie_keyword,23928
movie_keyword,23931
movie_keyword,23941
movie_keyword,23943
movie_keyword,23946
movie_keyword,23951
movie_keyword,23957
movie_keyword,23958
movie_keyword,23963
movie_keyword,23968
movie_keyword,23969
movie_keyword,23970
movie_keyword,23979
movie_keyword,23992
movie_keyword,23998
movie_keyword,24009
movie_keyword,24013
movie_keyword,24015
movie_keyword,24016
movie_keyword,24018
movie_keyword,24025
movie_keyword,24055
movie_keyword,24056
movie_keyword,24057
movie_keyword,24058
movie_keyword,24060
movie_keyword,24071
movie_keyword,24076
movie_keyword,24082
movie_keyword,24085
movie_keyword,24088
movie_keyword,24089
movie_keyword,24100
movie_keyword,24101
movie_keyword,24102
movie_keyword,24103
movie_keyword,24104
movie_keyword,24105
movie_keyword,24106
movie_keyword,24109
movie_keyword,24113
movie_keyword,24114
movie_keyword,24115
movie_keyword,24116
movie_keyword,24117
movie_keyword,24118
movie_keyword,24119
movie_keyword,24120
movie_keyword,24121
movie_keyword,24122
movie_keyword,24124
movie_keyword,24129
movie_keyword,24130
movie_keyword,24131
movie_keyword,24132
movie_keyword,24133
movie_keyword,24134
movie_keyword,24135
movie_keyword,24136
movie_keyword,24137
movie_keyword,24138
movie_keyword,24139
movie_keyword,24140
movie_keyword,24141
movie_keyword,24142
movie_keyword,24143
movie_keyword,24144
movie_keyword,24146
movie_keyword,24147
movie_keyword,24157
movie_keyword,24158
movie_keyword,24164
movie_keyword,24166
movie_keyword,24167
movie_keyword,24169
movie_keyword,24174
movie_keyword,24179
movie_keyword,24188
movie_keyword,24192
movie_keyword,24195
movie_keyword,24196
movie_keyword,24197
movie_keyword,24198
movie_keyword,24199
movie_keyword,24200
movie_keyword,24201
movie_keyword,24202
movie_keyword,24203
movie_keyword,24204
movie_keyword,24205
movie_keyword,24206
movie_keyword,24207
movie_keyword,24209
movie_keyword,24216
movie_keyword,24226
movie_keyword,24227
movie_keyword,24231
movie_keyword,24235
movie_keyword,24251
movie_keyword,24256
movie_keyword,24257
movie_keyword,24262
movie_keyword,24279
movie_keyword,24280
movie_keyword,24282
movie_keyword,24286
movie_keyword,24288
movie_keyword,24294
movie_keyword,24295
movie_keyword,24300
movie_keyword,24301
movie_keyword,24303
movie_keyword,24311
movie_keyword,24312
movie_keyword,24313
movie_keyword,24316
movie_keyword,24317
movie_keyword,24323
movie_keyword,24328
movie_keyword,24330
movie_keyword,24331
movie_keyword,24333
movie_keyword,24336
movie_keyword,24337
movie_keyword,24338
movie_keyword,24340
movie_keyword,24341
movie_keyword,24342
movie_keyword,24343
movie_keyword,24344
movie_keyword,24345
movie_keyword,24357
movie_keyword,24358
movie_keyword,24366
movie_keyword,24374
movie_keyword,24378
movie_keyword,24380
movie_keyword,24381
movie_keyword,24383
movie_keyword,24384
movie_keyword,24385
movie_keyword,24386
movie_keyword,24387
movie_keyword,24389
movie_keyword,24402
movie_keyword,24406
movie_keyword,24407
movie_keyword,24410
movie_keyword,24412
movie_keyword,24429
movie_keyword,24438
movie_keyword,24440
movie_keyword,24446
movie_keyword,24447
name,0
name,1
name,27545
name,28414
name,28892
name,30130
name,31197
name,31290
name,33243
name,33305
name,34921
name,35826
name,36022
pg_aggregate,0
pg_am,0
pg_amop,0
pg_amop,1
pg_amop,2
pg_amop,3
pg_amop,4
pg_amproc,0
pg_amproc,1
pg_amproc,2
pg_amproc,3
pg_amproc,4
pg_cast,0
pg_cast,1
pg_index,0
pg_index,1
pg_index,2
pg_index,3
pg_index,4
pg_namespace,0
pg_opclass,0
pg_opclass,1
pg_operator,0
pg_operator,1
pg_operator,2
pg_operator,3
pg_operator,4
pg_operator,5
pg_operator,6
pg_operator,7
pg_operator,8
pg_operator,9
pg_operator,10
pg_operator,11
pg_operator,12
pg_operator,13
pg_rewrite,12
pg_statistic,0
pg_statistic,5
pg_statistic,6
pg_statistic,12
pg_statistic,14
pg_statistic,17
pg_statistic,25
pg_statistic,26
pg_statistic,27
pg_statistic,28
pg_statistic,29
pg_statistic,31
pg_statistic,32
pg_statistic,33
pg_statistic,35
pg_statistic,38
pg_statistic,44
role_type,0
role_type,0
title,0
title,1
title,55
title,78
title,90
title,133
title,231
title,296
title,309
title,392
title,435
title,476
title,502
title,563
title,608
title,628
title,644
title,676
title,685
title,698
title,740
title,774
title,815
title,823
title,896
title,898
title,988
title,994
title,1004
title,1015
title,1025
title,1026
title,1038
title,1058
title,1106
title,1116
title,1119
title,1133
title,1188
title,1242
title,1263
title,1333
title,1341
title,1351
title,1361
title,1372
title,1377
title,1390
title,1404
title,1427
title,1432
title,1461
title,1462
title,1464
title,1491
title,1559
title,1605
title,1651
title,1718
title,1727
title,1770
title,1783
title,1800
title,1830
title,1856
title,1857
title,1907
title,1932
title,1989
title,2013
title,2055
title,2120
title,2130
title,2144
title,2157
title,2249
title,2317
title,2389
title,2487
title,2541
title,2546
title,2626
title,2641
title,2686
title,2687
title,2710
title,2720
title,2831
title,2873
title,2918
title,2922
title,2927
title,2931
title,3045
title,3089
title,3184
title,3353
title,3370
title,3428
title,3437
title,3637
title,3700
title,3777
title,3845
title,3869
title,3907
title,4109
title,4123
title,4153
title,4169
title,4184
title,4337
title,4371
title,4378
title,4396
title,4409
title,4443
title,4469
title,4494
title,4576
title,4606
title,4607
title,4637
title,4679
title,4703
title,4745
title,4765
title,4779
title,4847
title,4851
title,4890
title,4912
title,4931
title,4972
title,4989
title,5019
title,5041
title,5077
title,5112
title,5126
title,5161
title,5172
title,5173
title,5192
title,5439
title,5462
title,5478
title,5524
title,5580
title,5652
title,5717
title,5743
title,5744
title,5809
title,5811
title,5814
title,5847
title,5874
title,5893
title,6063
title,6165
title,6183
title,6193
title,6218
title,6294
title,6300
title,6355
title,6360
title,6396
title,6537
title,6571
title,6584
title,6598
title,6650
title,6793
title,6855
title,6871
title,6875
title,6961
title,7001
title,7063
title,7067
title,7113
title,7120
title,7205
title,7210
title,7211
title,7345
title,7375
title,7479
title,7481
title,7487
title,7574
title,7613
title,7664
title,7674
title,7708
title,7756
title,7823
title,7840
title,7853
title,7862
title,7887
title,7897
title,7965
title,8003
title,8007
title,8040
title,8044
title,8070
title,8143
title,8250
title,8337
title,8345
title,8368
title,8372
title,8435
title,8439
title,8499
title,8536
title,8576
title,8579
title,8648
title,8654
title,8681
title,8682
title,8701
title,8735
title,8750
title,8761
title,8776
title,8785
title,8800
title,8804
title,8810
title,8817
title,8828
title,8876
title,8885
title,8901
title,8989
title,8993
title,9001
title,9037
title,9039
title,9044
title,9046
title,9060
title,9099
title,9112
title,9119
title,9176
title,9191
title,9198
title,9332
title,9335
title,9369
title,9403
title,9429
title,9432
title,9440
title,9486
title,9531
title,9537
title,9553
title,9563
title,9592
title,9645
title,9658
title,9675
title,9687
title,9714
title,9719
title,9731
title,9741
title,9776
title,9781
title,9788
title,9832
title,9855
title,9856
title,9919
title,9966
title,9987
title,10147
title,10212
title,10263
title,10264
title,10416
title,10478
title,10486
title,10515
title,10610
title,10730
title,10776
title,10993
title,11019
title,11029
title,11212
title,11252
title,11344
title,11377
title,11382
title,11414
title,11423
title,11445
title,11531
title,11547
title,11614
title,11637
title,11691
title,11693
title,11707
title,11854
title,11880
title,11897
title,11921
title,11974
title,11979
title,11983
title,11988
title,12008
title,12103
title,12105
title,12114
title,12115
title,12136
title,12138
title,12165
title,12171
title,12235
title,12245
title,12327
title,12334
title,12431
title,12483
title,12503
title,12541
title,12554
title,12621
title,12680
title,12686
title,12785
title,12827
title,12892
title,12914
title,12935
title,12976
title,12977
title,12998
title,13048
title,13056
title,13068
title,13083
title,13137
title,13193
title,13206
title,13231
title,13442
title,13463
title,13499
title,13611
title,13673
title,13842
title,13900
title,13904
title,13934
title,13952
title,13962
title,13975
title,13978
title,14044
title,14055
title,14081
title,14113
title,14142
title,14160
title,14180
title,14219
title,14307
title,14423
title,14465
title,14488
title,14551
title,14561
title,14562
title,14567
title,14598
title,14602
title,14603
title,14639
title,14658
title,14675
title,14710
title,14746
title,14751
title,14753
title,14774
title,14777
title,14798
title,14804
title,14808
title,14860
title,14864
title,14922
title,14954
title,14977
title,14982
title,14987
title,15037
title,15042
title,15052
title,15059
title,15065
title,15085
title,15095
title,15104
title,15105
title,15143
title,15145
title,15146
title,15148
title,15149
title,15166
title,15199
title,15213
title,15243
title,15244
title,15251
title,15260
title,15263
title,15267
title,15282
title,15295
title,15304
title,15325
title,15335
title,15341
title,15378
title,15400
title,15415
title,15418
title,15467
title,15468
title,15469
title,15493
title,15511
title,15523
title,15562
title,15568
title,15589
title,15613
title,15626
title,15641
title,15646
title,15667
title,15689
title,15702
title,15717
title,15741
title,15764
title,15769
title,15782
title,15806
title,15829
title,15847
title,15858
title,15865
title,15868
title,15875
title,15883
title,15892
title,15918
title,15930
title,15931
title,15953
title,15966
title,15979
title,15994
title,16007
title,16037
title,16050
title,16087
title,16089
title,16092
title,16111
title,16133
title,16141
title,16144
title,16159
title,16166
title,16174
title,16178
title,16199
title,16202
title,16240
title,16246
title,16253
title,16275
title,16277
title,16327
title,16328
title,16331
title,16413
title,16423
title,16461
title,16482
title,16496
title,16503
title,16515
title,16517
title,16527
title,16586
title,16587
title,16589
title,16599
title,16602
title,16612
title,16650
title,16661
title,16761
title,16769
title,16789
title,16812
title,16841
title,16856
title,16863
title,16914
title,16945
title,16980
title,16985
title,16991
title,16994
title,16995
title,17006
title,17024
title,17031
title,17053
title,17071
title,17088
title,17116
title,17124
title,17132
title,17160
title,17163
title,17227
title,17241
title,17250
title,17281
title,17292
title,17316
title,17343
title,17368
title,17401
title,17432
title,17441
title,17449
title,17470
title,17599
title,17611
title,17627
title,17641
title,17669
title,17688
title,17703
title,17737
title,17749
title,17751
title,17758
title,17780
title,17786
title,17787
title,17800
title,17805
title,17826
title,17828
title,17875
title,17883
title,17894
title,17903
title,17925
title,17939
title,17979
title,18004
title,18054
title,18084
title,18095
title,18145
title,18148
title,18151
title,18163
title,18185
title,18186
title,18189
title,18212
title,18242
title,18252
title,18292
title,18373
title,18386
title,18403
title,18413
title,18446
title,18450
title,18514
title,18516
title,18552
title,18571
title,18599
title,18606
title,18628
title,18635
title,18639
title,18652
title,18717
title,18725
title,18751
title,18756
title,18768
title,18778
title,18791
title,18793
title,18846
title,18851
title,18879
title,18908
title,18929
title,18935
title,19046
title,19194
title,19200
title,19259
title,19301
title,19358
title,19397
title,19489
title,19528
title,19680
title,19690
title,19706
title,19755
title,19838
title,19851
title,19928
title,19985
title,19999
title,20012
title,20071
title,20140
title,20159
title,20210
title,20250
title,20442
title,20494
title,20509
title,20599
title,20601
title,20690
title,20696
title,20767
title,20774
title,20808
title,20860
title,20891
title,20923
title,21056
title,21111
title,21112
title,21191
title,21211
title,21220
title,21228
title,21251
title,21316
title,21398
title,21455
title,21590
title,21670
title,21783
title,21798
title,21806
title,21839
title,21925
title,21942
title,22136
title,22151
title,22207
title,22210
title,22235
title,22262
title,22271
title,22281
title,22359
title,22397
title,22399
title,22470
title,22537
title,22548
title,22601
title,22611
title,22640
title,22716
title,22739
title,22757
title,22770
title,22798
title,22805
title,22885
title,22985
title,23039
title,23040
title,23078
title,23108
title,23151
title,23286
title,23291
title,23299
title,23300
title,23302
title,23309
title,23310
title,23311
title,23324
title,23328
title,23330
title,23331
title,23339
title,23343
title,23354
title,23362
title,23368
title,23384
title,23389
title,23399
title,23402
title,23405
title,23407
title,23412
title,23414
title,23417
title,23424
title,23434
title,23450
title,23469
title,23473
title,23480
title,23488
title,23495
title,23497
title,23501
title,23502
title,23504
title,23514
title,23517
title,23524
title,23526
title,23539
title,23541
title,23544
title,23545
title,23551
title,23556
title,23559
title,23562
title,23563
title,23569
title,23579
title,23581
title,23582
title,23583
title,23586
title,23591
title,23601
title,23606
title,23607
title,23610
title,23614
title,23616
title,23621
title,23634
title,23635
title,23641
title,23642
title,23651
title,23660
title,23662
title,23663
title,23665
title,23673
title,23680
title,23685
title,23700
title,23706
title,23709
title,23713
title,23724
title,23727
title,23735
title,23742
title,23748
title,23769
title,23771
title,23773
title,23776
title,23784
title,23794
title,23796
title,23799
title,23800
title,23815
title,23821
title,23824
title,23825
title,23835
title,23837
title,23838
title,23846
title,23848
title,23850
title,23855
title,23856
title,23859
title,23861
title,23872
title,23885
title,23886
title,23893
title,23894
title,23895
title,23897
title,23898
title,23909
title,23918
title,23919
title,23920
title,23921
title,23922
title,23936
title,23942
title,23946
title,23947
title,23968
title,23969
title,23979
title,23982
title,23988
title,23993
title,24001
title,24004
title,24010
title,24020
title,24037
title,24039
title,24041
title,24046
title,24047
title,24067
title,24069
title,24071
title,24072
title,24073
title,24085
title,24087
title,24092
title,24094
title,24114
title,24128
title,24133
title,24140
title,24148
title,24151
title,24152
title,24160
title,24185
title,24204
title,24207
title,24209
title,24241
title,24242
title,24249
title,24254
title,24255
title,24257
title,24259
title,24262
title,24263
title,24264
title,24268
title,24300
title,24304
title,24305
title,24316
title,24335
title,24336
title,24343
title,24347
title,24358
title,24362
title,24368
title,24370
title,24384
title,24387
title,24393
title,24394
title,24395
title,24399
title,24400
title,24403
title,24404
title,24410
title,24413
title,24423
title,24425
title,24428
title,24430
title,24432
title,24441
title,24444
title,24452
title,24453
title,24458
title,24466
title,24473
title,24480
title,24488
title,24491
title,24492
title,24511
title,24519
title,24536
title,24537
title,24540
title,24546
title,24555
title,24556
title,24565
title,24570
title,24573
title,24575
title,24581
title,24582
title,24589
title,24590
title,24591
title,24593
title,24605
title,24614
title,24617
title,24624
title,24625
title,24626
title,24637
title,24638
title,24643
title,24644
title,24649
title,24657
title,24659
title,24665
title,24668
title,24674
title,24676
title,24679
title,24683
title,24685
title,24689
title,24690
title,24692
title,24694
title,24695
title,24696
title,24698
title,24702
title,24706
title,24708
title,24709
title,24715
title,24717
title,24721
title,24722
title,24723
title,24725
title,24730
title,24734
title,24737
title,24738
title,24740
title,24743
title,24746
title,24747
title,24749
title,24751
title,24753
title,24757
title,24759
title,24760
title,24761
title,24763
title,24765
title,24766
title,24767
title,24769
title,24774
title,24782
title,24783
title,24786
title,24787
title,24788
title,24789
title,24791
title,24794
title,24795
title,24797
title,24801
title,24803
title,24805
title,24806
title,24807
title,24809
title,24810
title,24811
title,24816
title,24818
title,24819
title,24827
title,24832
title,24836
title,24844
title,24847
title,24848
title,24855
title,24856
title,24860
title,24861
title,24862
title,24864
title,24865
title,24866
title,24869
title,24882
title,24884
title,24888
title,24890
title,24894
title,24895
title,24896
title,24900
title,24906
title,24909
title,24913
title,24914
title,24915
title,24916
title,24917
title,24918
title,24923
title,24938
title,24941
title,24944
title,24947
title,24949
title,24951
title,24952
title,24953
title,24954
title,24957
title,24959
title,24961
title,24965
title,24967
title,24971
title,24973
title,24974
title,24977
title,24978
title,24981
title,24988
title,24990
title,24992
title,24999
title,25000
title,25003
title,25005
title,25007
title,25009
title,25011
title,25017
title,25020
title,25026
title,25029
title,25031
title,25033
title,25035
title,25037
title,25041
title,25045
title,25049
title,25051
title,25053
title,25054
title,25060
title,25064
title,25066
title,25067
title,25074
title,25075
title,25084
title,25085
title,25087
title,25088
title,25093
title,25097
title,25098
title,25100
title,25101
title,25108
title,25109
title,25114
title,25115
title,25116
title,25117
title,25119
title,25127
title,25129
title,25130
title,25131
title,25133
title,25140
title,25143
title,25144
title,25147
title,25148
title,25149
title,25154
title,25155
title,25157
title,25161
title,25163
title,25164
title,25166
title,25168
title,25170
title,25175
title,25177
title,25180
title,25183
title,25189
title,25190
title,25192
title,25195
title,25196
title,25199
title,25200
title,25204
title,25206
title,25209
title,25210
title,25216
title,25217
title,25218
title,25219
title,25222
title,25223
title,25225
title,25227
title,25228
title,25230
title,25232
title,25241
title,25243
title,25250
title,25252
title,25253
title,25255
title,25256
title,25262
title,25265
title,25266
title,25271
title,25272
title,25280
title,25283
title,25285
title,25287
title,25288
title,25289
title,25291
title,25292
title,25293
title,25294
title,25297
title,25298
title,25303
title,25304
title,25307
title,25308
title,25309
title,25311
title,25314
title,25317
title,25319
title,25325
title,25331
title,25332
title,25335
title,25338
title,25339
title,25340
title,25341
title,25347
title,25348
title,25349
title,25353
title,25355
title,25356
title,25363
title,25364
title,25365
title,25369
title,25371
title,25373
title,25374
title,25381
title,25386
title,25389
title,25394
title,25395
title,25396
title,25397
title,25400
title,25404
title,25405
title,25408
title,25409
title,25415
title,25418
title,25420
title,25422
title,25423
title,25424
title,25426
title,25436
title,25437
title,25439
title,25443
title,25445
title,25449
title,25453
title,25454
title,25456
title,25458
title,25460
title,25462
title,25467
title,25475
title,25477
title,25484
title,25487
title,25492
title,25493
title,25495
title,25496
title,25502
title,25505
title,25506
title,25508
title,25509
title,25511
title,25514
title,25517
title,25520
title,25523
title,25535
title,25544
title,25548
title,25549
title,25550
title,25551
title,25553
title,25554
title,25555
title,25556
title,25562
title,25565
title,25566
title,25569
title,25571
title,25574
title,25575
title,25576
title,25578
title,25581
title,25582
title,25588
title,25589
title,25592
title,25594
title,25600
title,25602
title,25607
title,25608
title,25609
title,25611
title,25615
title,25616
title,25617
title,25618
title,25624
title,25625
title,25627
title,25629
title,25633
title,25634
title,25635
title,25636
title,25637
title,25640
title,25643
title,25647
title,25649
title,25652
title,25656
title,25659
title,25660
title,25664
title,25668
title,25669
title,25678
title,25686
title,25691
title,25692
title,25696
title,25698
title,25699
title,25701
title,25712
title,25718
title,25721
title,25726
title,25727
title,25728
title,25729
title,25731
title,25734
title,25735
title,25736
title,25738
title,25739
title,25740
title,25742
title,25750
title,25753
title,25756
title,25759
title,25762
title,25764
title,25767
title,25769
title,25770
title,25772
title,25776
title,25777
title,25778
title,25780
title,25782
title,25783
title,25784
title,25789
title,25790
title,25792
title,25793
title,25795
title,25796
title,25798
title,25799
title,25801
title,25802
title,25803
title,25804
title,25805
title,25808
title,25809
title,25812
title,25813
title,25819
title,25820
title,25821
title,25825
title,25827
title,25829
title,25831
title,25832
title,25833
title,25839
title,25841
title,25845
title,25849
title,25851
title,25857
title,25858
title,25861
title,25864
title,25865
title,25869
title,25871
title,25875
title,25879
title,25882
title,25883
title,25884
title,25885
title,25886
title,25889
title,25893
title,25894
title,25896
title,25899
title,25903
title,25905
title,25906
title,25907
title,25911
title,25912
title,25917
title,25918
title,25920
title,25921
title,25925
title,25929
title,25932
title,25933
title,25934
title,25937
title,25939
title,25940
title,25942
title,25947
title,25949
title,25950
title,25953
title,25956
title,25961
title,25966
title,25969
title,25972
title,25975
title,25979
title,25981
title,25982
title,25985
title,25987
title,25988
title,25990
title,25992
title,25994
title,25998
title,26002
title,26008
title,26010
title,26015
title,26016
title,26018
title,26019
title,26023
title,26024
title,26027
title,26031
title,26032
title,26033
title,26036
title,26040
title,26041
title,26043
title,26046
title,26049
title,26051
title,26053
title,26054
title,26071
title,26076
title,26077
title,26078
title,26079
title,26080
title,26081
title,26082
title,26083
title,26084
title,26085
title,26089
title,26090
title,26092
title,26095
title,26096
title,26099
title,26100
title,26101
title,26110
title,26111
title,26114
title,26117
title,26118
title,26121
title,26123
title,26124
title,26128
title,26130
title,26135
title,26137
title,26145
title,26151
title,26153
title,26158
title,26162
title,26163
title,26164
title,26166
title,26170
title,26173
title,26178
title,26183
title,26186
title,26187
title,26197
title,26198
title,26200
title,26201
title,26204
title,26206
title,26208
title,26210
title,26212
title,26214
title,26218
title,26219
title,26224
title,26225
title,26226
title,26228
title,26232
title,26233
title,26238
title,26239
title,26240
title,26243
title,26244
title,26247
title,26252
title,26253
title,26258
title,26260
title,26261
title,26262
title,26265
title,26269
title,26271
title,26274
title,26280
title,26281
title,26283
title,26285
title,26286
title,26288
title,26292
title,26299
title,26300
title,26301
title,26303
title,26305
title,26306
title,26307
title,26308
title,26310
title,26311
title,26312
title,26314
title,26317
title,26318
title,26326
title,26331
title,26334
title,26338
title,26339
title,26346
title,26348
title,26357
title,26359
title,26364
title,26372
title,26376
title,26377
title,26378
title,26379
title,26380
title,26381
title,26383
title,26385
title,26386
title,26391
title,26397
title,26400
title,26407
title,26408
title,26412
title,26419
title,26423
title,26429
title,26430
title,26432
title,26435
title,26439
title,26441
title,26442
title,26452
title,26457
title,26460
title,26461
title,26468
title,26469
title,26471
title,26478
title,26479
title,26484
title,26490
title,26494
title,26495
title,26496
title,26497
title,26502
title,26503
title,26504
title,26506
title,26511
title,26512
title,26516
title,26517
title,26523
title,26529
title,26534
title,26537
title,26539
title,26542
title,26544
title,26545
title,26547
title,26550
title,26556
title,26565
title,26567
title,26569
title,26570
title,26573
title,26576
title,26577
title,26582
title,26583
title,26591
title,26592
title,26601
title,26606
title,26608
title,26609
title,26610
title,26615
title,26617
title,26618
title,26620
title,26625
title,26627
title,26630
title,26631
title,26633
title,26637
title,26640
title,26641
title,26644
title,26645
title,26646
title,26648
title,26652
title,26653
title,26655
title,26658
title,26660
title,26662
title,26663
title,26665
title,26668
title,26670
title,26674
title,26694
title,26696
title,26700
title,26701
title,26702
title,26704
title,26705
title,26707
title,26709
title,26712
title,26716
title,26719
title,26721
title,26723
title,26724
title,26727
title,26728
title,26731
title,26732
title,26733
title,26734
title,26737
title,26739
title,26740
title,26742
title,26743
title,26744
title,26747
title,26750
title,26754
title,26757
title,26758
title,26759
title,26767
title,26768
title,26770
title,26775
title,26779
title,26780
title,26782
title,26783
title,26784
title,26789
title,26792
title,26793
title,26795
title,26796
title,26799
title,26800
title,26801
title,26802
title,26808
title,26812
title,26813
title,26814
title,26818
title,26826
title,26830
title,26831
title,26832
title,26834
title,26838
title,26839
title,26841
title,26842
title,26852
title,26854
title,26855
title,26856
title,26860
title,26862
title,26871
title,26872
title,26877
title,26884
title,26887
title,26888
title,26896
title,26897
title,26900
title,26905
title,26906
title,26909
title,26911
title,26912
title,26916
title,26917
title,26923
title,26924
title,26934
title,26939
title,26947
title,26951
title,26954
title,26964
title,26965
title,26968
title,26972
title,26973
title,26974
title,26976
title,26980
title,26988
title,26991
title,26993
title,26995
title,27002
title,27004
title,27007
title,27010
title,27011
title,27012
title,27019
title,27020
title,27024
title,27025
title,27026
title,27028
title,27030
title,27032
title,27033
title,27034
title,27038
title,27045
title,27060
title,27065
title,27069
title,27074
title,27077
title,27090
title,27093
title,27094
title,27096
title,27098
title,27103
title,27104
title,27105
title,27107
title,27108
title,27110
title,27111
title,27115
title,27118
title,27120
title,27123
title,27125
title,27133
title,27134
title,27137
title,27142
title,27148
title,27149
title,27151
title,27156
title,27160
title,27165
title,27168
title,27169
title,27182
title,27184
title,27189
title,27191
title,27194
title,27195
title,27196
title,27199
title,27203
title,27212
title,27215
title,27218
title,27220
title,27223
title,27225
title,27227
title,27229
title,27234
title,27236
title,27238
title,27244
title,27245
title,27249
title,27251
title,27262
title,27272
title,27274
title,27281
title,27284
title,27290
title,27291
title,27295
title,27296
title,27299
title,27303
title,27304
title,27309
title,27311
title,27314
title,27315
title,27317
title,27321
title,27324
title,27331
title,27338
title,27339
title,27340
title,27341
title,27343
title,27346
title,27348
title,27349
title,27353
title,27356
title,27357
title,27358
title,27361
title,27365
title,27372
title,27373
title,27375
title,27376
title,27377
title,27384
title,27387
title,27388
title,27394
title,27395
title,27397
title,27399
title,27400
title,27401
title,27406
title,27408
title,27409
title,27412
title,27414
title,27416
title,27421
title,27425
title,27428
title,27431
title,27433
title,27434
title,27436
title,27442
title,27444
title,27446
title,27449
title,27450
title,27451
title,27453
title,27456
title,27461
title,27462
title,27468
title,27469
title,27470
title,27473
title,27474
title,27479
title,27482
title,27483
title,27484
title,27485
title,27488
title,27492
title,27494
title,27496
title,27501
title,27503
title,27504
title,27505
title,27508
title,27514
title,27515
title,27517
title,27519
title,27523
title,27525
title,27527
title,27528
title,27530
title,27532
title,27533
title,27537
title,27539
title,27540
title,27543
title,27544
title,27554
title,27556
title,27560
title,27565
title,27569
title,27571
title,27573
title,27577
title,27578
title,27582
title,27583
title,27593
title,27594
title,27602
title,27603
title,27605
title,27607
title,27612
title,27614
title,27619
title,27621
title,27625
title,27627
title,27628
title,27633
title,27634
title,27636
title,27637
title,27638
title,27639
title,27640
title,27641
title,27643
title,27644
title,27645
title,27646
title,27647
title,27657
title,27658
title,27660
title,27662
title,27664
title,27667
title,27673
title,27677
title,27678
title,27681
title,27683
title,27686
title,27688
title,27692
title,27696
title,27699
title,27700
title,27702
title,27705
title,27707
title,27708
title,27710
title,27711
title,27712
title,27714
title,27715
title,27716
title,27718
title,27720
title,27721
title,27726
title,27728
title,27729
title,27730
title,27734
title,27735
title,27742
title,27743
title,27744
title,27755
title,27756
title,27757
title,27759
title,27760
title,27766
title,27771
title,27774
title,27779
title,27780
title,27782
title,27784
title,27788
title,27789
title,27790
title,27798
title,27801
title,27802
title,27808
title,27810
title,27811
title,27813
title,27817
title,27819
title,27821
title,27823
title,27824
title,27827
title,27830
title,27831
title,27834
title,27839
title,27840
title,27846
title,27852
title,27853
title,27859
title,27860
title,27867
title,27871
title,27876
title,27878
title,27882
title,27883
title,27884
title,27885
title,27890
title,27891
title,27893
title,27896
title,27897
title,27902
title,27905
title,27906
title,27907
title,27909
title,27912
title,27913
title,27914
title,27917
title,27919
title,27926
title,27929
title,27937
title,27940
title,27941
title,27944
title,27946
title,27947
title,27948
title,27950
title,27956
title,27957
title,27959
title,27961
title,27967
title,27968
title,27970
title,27971
title,27972
title,27973
title,27975
title,27976
title,27987
title,27988
title,27989
title,27993
title,27995
title,27996
title,27998
title,27999
title,28000
title,28002
title,28003
title,28006
title,28007
title,28008
title,28014
title,28015
title,28019
title,28020
title,28022
title,28023
title,28024
title,28025
title,28026
title,28027
title,28032
title,28033
title,28034
title,28037
title,28039
title,28040
title,28044
title,28045
title,28049
title,28050
title,28053
title,28056
title,28057
title,28060
title,28061
title,28065
title,28066
title,28067
title,28068
title,28070
title,28071
title,28072
title,28073
title,28074
title,28075
title,28076
title,28077
title,28078
title,28080
title,28083
title,28088
title,28091
title,28093
title,28101
title,28104
title,28106
title,28108
title,28109
title,28110
title,28111
title,28113
title,28116
title,28124
title,28125
title,28128
title,28130
title,28135
title,28136
title,28137
title,28139
title,28140
title,28146
title,28147
title,28150
title,28152
title,28156
title,28159
title,28160
title,28168
title,28169
title,28178
title,28179
title,28183
title,28184
title,28185
title,28188
title,28191
title,28192
title,28193
title,28198
title,28200
title,28205
title,28207
title,28208
title,28209
title,28210
title,28215
title,28218
title,28220
title,28221
title,28225
title,28226
title,28233
title,28237
title,28238
title,28241
title,28243
title,28244
title,28245
title,28252
title,28254
title,28259
title,28261
title,28263
title,28267
title,28269
title,28275
title,28276
title,28279
title,28282
title,28284
title,28287
title,28289
title,28290
title,28293
title,28298
title,28299
title,28301
title,28302
title,28303
title,28304
title,28306
title,28308
title,28310
title,28314
title,28324
title,28325
title,28330
title,28333
title,28337
title,28342
title,28345
title,28349
title,28353
title,28356
title,28357
title,28358
title,28359
title,28360
title,28368
title,28371
title,28375
title,28376
title,28380
title,28381
title,28387
title,28389
title,28392
title,28393
title,28395
title,28398
title,28399
title,28402
title,28404
title,28405
title,28410
title,28413
title,28415
title,28416
title,28422
title,28423
title,28424
title,28425
title,28427
title,28429
title,28437
title,28446
title,28449
title,28451
title,28452
title,28456
title,28458
title,28460
title,28464
title,28467
title,28468
title,28469
title,28472
title,28473
title,28475
title,28482
title,28484
title,28485
title,28487
title,28489
title,28492
title,28494
title,28502
title,28503
title,28504
title,28505
title,28511
title,28512
title,28513
title,28515
title,28520
title,28522
title,28526
title,28529
title,28531
title,28539
title,28543
title,28546
title,28548
title,28553
title,28554
title,28558
title,28559
title,28562
title,28565
title,28566
title,28569
title,28571
title,28577
title,28578
title,28580
title,28587
title,28588
title,28589
title,28591
title,28594
title,28602
title,28604
title,28610
title,28611
title,28614
title,28616
title,28617
title,28618
title,28619
title,28620
title,28624
title,28626
title,28628
title,28630
title,28631
title,28640
title,28641
title,28645
title,28646
title,28649
title,28656
title,28657
title,28658
title,28661
title,28662
title,28665
title,28669
title,28670
title,28671
title,28678
title,28679
title,28682
title,28685
title,28693
title,28696
title,28705
title,28706
title,28710
title,28711
title,28713
title,28715
title,28717
title,28718
title,28719
title,28721
title,28723
title,28727
title,28738
title,28744
title,28747
title,28757
title,28763
title,28765
title,28766
title,28768
title,28771
title,28772
title,28773
title,28774
title,28780
title,28781
title,28786
title,28789
title,28791
title,28795
title,28799
title,28804
title,28806
title,28807
title,28810
title,28814
title,28821
title,28824
title,28834
title,28836
title,28840
title,28843
title,28848
title,28849
title,28850
title,28852
title,28856
title,28858
title,28864
title,28868
title,28869
title,28870
title,28871
title,28876
title,28877
title,28878
title,28886
title,28892
title,28894
title,28900
title,28906
title,28910
title,28914
title,28918
title,28920
title,28922
title,28923
title,28925
title,28929
title,28933
title,28935
title,28936
title,28940
title,28942
title,28943
title,28944
title,28947
title,28949
title,28951
title,28954
title,28955
title,28960
title,28964
title,28966
title,28970
title,28973
title,28974
title,28977
title,28978
title,28979
title,28981
title,28983
title,28986
title,28990
title,28995
title,28996
title,29008
title,29011
title,29020
title,29021
title,29022
title,29025
title,29027
title,29028
title,29029
title,29032
title,29035
title,29040
title,29042
title,29047
title,29050
title,29053
title,29055
title,29068
title,29070
title,29071
title,29075
title,29082
title,29085
title,29086
title,29091
title,29096
title,29101
title,29105
title,29110
title,29114
title,29116
title,29123
title,29125
title,29126
title,29127
title,29137
title,29140
title,29142
title,29143
title,29147
title,29151
title,29152
title,29156
title,29160
title,29163
title,29164
title,29168
title,29170
title,29176
title,29178
title,29179
title,29182
title,29188
title,29192
title,29194
title,29196
title,29197
title,29201
title,29202
title,29204
title,29205
title,29206
title,29207
title,29211
title,29217
title,29218
title,29219
title,29222
title,29223
title,29227
title,29229
title,29230
title,29231
title,29233
title,29235
title,29236
title,29242
title,29253
title,29257
title,29258
title,29266
title,29268
title,29269
title,29270
title,29271
title,29272
title,29276
title,29280
title,29282
title,29292
title,29293
title,29295
title,29296
title,29297
title,29298
title,29299
title,29300
title,29301
title,29302
title,29303
title,29306
title,29307
title,29310
title,29312
title,29313
title,29315
title,29316
title,29320
title,29322
title,29323
title,29324
title,29326
title,29327
title,29336
title,29337
title,29343
title,29358
title,29361
title,29363
title,29367
title,29368
title,29370
title,29371
title,29374
title,29375
title,29377
title,29382
title,29383
title,29385
title,29387
title,29390
title,29391
title,29392
title,29394
title,29396
title,29397
title,29399
title,29401
title,29405
title,29406
title,29407
title,29408
title,29411
title,29412
title,29415
title,29417
title,29421
title,29422
title,29423
title,29428
title,29429
title,29431
title,29433
title,29436
title,29437
title,29438
title,29441
title,29448
title,29450
title,29453
title,29455
title,29456
title,29457
title,29458
title,29470
title,29471
title,29472
title,29480
title,29481
title,29482
title,29486
title,29487
title,29489
title,29491
title,29494
title,29496
title,29501
title,29504
title,29506
title,29516
title,29517
title,29523
title,29524
title,29526
title,29528
title,29529
title,29530
title,29537
title,29540
title,29543
title,29547
title,29549
title,29551
title,29554
title,29555
title,29556
title,29559
title,29561
title,29564
title,29565
title,29567
title,29575
title,29577
title,29580
title,29582
title,29583
title,29584
title,29587
title,29598
title,29599
title,29604
title,29606
title,29616
title,29627
title,29628
title,29636
title,29638
title,29643
title,29645
title,29647
title,29650
title,29652
title,29654
title,29655
title,29657
title,29658
title,29659
title,29661
title,29666
title,29670
title,29671
title,29678
title,29680
title,29684
title,29688
title,29689
title,29692
title,29696
title,29697
title,29698
title,29711
title,29713
title,29717
title,29731
title,29732
title,29734
title,29735
title,29736
title,29740
title,29744
title,29745
title,29748
title,29752
title,29753
title,29754
title,29763
title,29768
title,29769
title,29774
title,29775
title,29778
title,29779
title,29783
title,29787
title,29788
title,29790
title,29792
title,29794
title,29796
title,29801
title,29803
title,29804
title,29812
title,29817
title,29820
title,29821
title,29833
title,29835
title,29839
title,29840
title,29846
title,29853
title,29857
title,29859
title,29861
title,29864
title,29865
title,29870
title,29871
title,29875
title,29881
title,29885
title,29886
title,29892
title,29894
title,29895
title,29899
title,29900
title,29905
title,29906
title,29907
title,29912
title,29913
title,29914
title,29916
title,29918
title,29920
title,29926
title,29928
title,29929
title,29930
title,29931
title,29936
title,29942
title,29943
title,29946
title,29948
title,29949
title,29951
title,29952
title,29955
title,29956
title,29962
title,29966
title,29968
title,29972
title,29973
title,29975
title,29976
title,29977
title,29978
title,29979
title,29980
title,29985
title,29991
title,29995
title,29996
title,29998
title,30001
title,30003
title,30010
title,30012
title,30017
title,30020
title,30022
title,30024
title,30026
title,30030
title,30031
title,30032
title,30033
title,30035
title,30047
title,30048
title,30049
title,30050
title,30054
title,30057
title,30058
title,30062
title,30069
title,30072
title,30074
title,30076
title,30079
title,30081
title,30082
title,30087
title,30088
title,30092
title,30100
title,30103
title,30105
title,30113
title,30116
title,30119
title,30123
title,30125
title,30129
title,30131
title,30132
title,30134
title,30135
title,30139
title,30141
title,30143
title,30144
title,30146
title,30148
title,30158
title,30167
title,30170
title,30179
title,30185
title,30188
title,30193
title,30194
title,30195
title,30199
title,30203
title,30205
title,30207
title,30208
title,30209
title,30215
title,30218
title,30219
title,30228
title,30230
title,30238
title,30240
title,30244
title,30248
title,30250
title,30251
title,30258
title,30260
title,30263
title,30268
title,30270
title,30271
title,30286
title,30289
title,30292
title,30294
title,30295
title,30300
title,30306
title,30310
title,30312
title,30313
title,30317
title,30320
title,30323
title,30324
title,30326
title,30334
title,30338
title,30343
title,30353
title,30358
title,30362
title,30366
title,30367
title,30372
title,30373
title,30379
title,30381
title,30392
title,30400
title,30403
title,30409
title,30417
title,30418
title,30421
title,30423
title,30428
title,30431
title,30432
title,30433
title,30448
title,30449
title,30452
title,30454
title,30456
title,30464
title,30469
title,30470
title,30475
title,30477
title,30479
title,30481
title,30482
title,30483
title,30486
title,30487
title,30494
title,30497
title,30506
title,30508
title,30509
title,30510
title,30512
title,30516
title,30522
title,30523
title,30536
title,30537
title,30539
title,30542
title,30545
title,30548
title,30553
title,30557
title,30558
title,30568
title,30574
title,30581
title,30583
title,30586
title,30591
title,30592
title,30593
title,30597
title,30604
title,30609
title,30613
title,30624
title,30626
title,30629
title,30633
title,30637
title,30638
title,30642
title,30643
title,30645
title,30651
title,30652
title,30655
title,30656
title,30662
title,30677
title,30680
title,30681
title,30683
title,30685
title,30688
title,30694
title,30697
title,30702
title,30704
title,30710
title,30713
title,30721
title,30734
title,30735
title,30738
title,30739
title,30742
title,30743
title,30753
title,30756
title,30760
title,30766
title,30770
title,30771
title,30774
title,30777
title,30780
title,30785
title,30789
title,30791
title,30795
title,30796
title,30798
title,30799
title,30800
title,30805
title,30806
title,30807
title,30812
title,30814
title,30815
title,30816
title,30822
title,30825
title,30826
title,30829
title,30830
title,30832
title,30836
title,30837
title,30838
title,30841
title,30844
title,30845
title,30852
title,30856
title,30859
title,30860
title,30867
title,30869
title,30875
title,30877
title,30878
title,30885
title,30896
title,30903
title,30904
title,30905
title,30908
title,30911
title,30916
title,30921
title,30923
title,30926
title,30927
title,30930
title,30933
title,30942
title,30950
title,30951
title,30953
title,30954
title,30959
title,30960
title,30962
title,30967
title,30968
title,30974
title,30977
title,30986
title,30987
title,30992
title,30998
title,31010
title,31016
title,31018
title,31021
title,31022
title,31024
title,31025
title,31027
title,31031
title,31039
title,31046
title,31049
title,31051
title,31052
title,31055
title,31061
title,31063
title,31066
title,31067
title,31080
title,31082
title,31086
title,31088
title,31089
title,31097
title,31099
title,31100
title,31102
title,31105
title,31106
title,31107
title,31111
title,31123
title,31126
title,31131
title,31134
title,31135
title,31137
title,31140
title,31142
title,31143
title,31150
title,31155
title,31162
title,31163
title,31165
title,31166
title,31167
title,31176
title,31177
title,31180
title,31185
title,31186
title,31188
title,31189
title,31198
title,31200
title,31201
title,31203
title,31204
title,31213
title,31219
title,31221
title,31222
title,31224
title,31227
title,31231
title,31233
title,31234
title,31235
title,31240
title,31241
title,31243
title,31249
title,31255
title,31261
title,31266
title,31270
title,31271
title,31276
title,31279
title,31282
title,31283
title,31287
title,31289
title,31290
title,31292
title,31294
title,31295
title,31300
title,31301
title,31302
title,31304
title,31308
title,31309
title,31321
title,31324
title,31325
title,31327
title,31330
title,31333
title,31336
title,31338
title,31342
title,31343
title,31345
title,31352
title,31354
title,31357
title,31358
title,31366
title,31369
title,31370
title,31372
title,31374
title,31382
title,31385
title,31389
title,31391
title,31398
title,31402
title,31404
title,31417
title,31424
title,31438
title,31439
title,31441
title,31444
title,31445
title,31446
title,31447
title,31448
title,31457
title,31458
title,31463
title,31464
title,31468
title,31471
title,31477
title,31478
title,31480
title,31481
title,31484
title,31486
title,31490
title,31496
title,31501
title,31508
title,31511
title,31521
title,31525
title,31526
title,31528
title,31530
title,31538
title,31543
title,31544
title,31545
title,31546
title,31547
title,31548
title,31551
title,31554
title,31555
title,31556
title,31559
title,31560
title,31565
title,31566
title,31567
title,31568
title,31570
title,31572
title,31578
title,31579
title,31585
title,31586
title,31589
title,31591
title,31595
title,31596
title,31597
title,31598
title,31599
title,31602
title,31606
title,31608
title,31610
title,31612
title,31613
title,31616
title,31617
title,31618
title,31619
title,31620
title,31622
title,31627
title,31629
title,31630
title,31631
title,31635
title,31639
title,31641
title,31645
title,31647
title,31649
title,31651
title,31652
title,31653
title,31661
title,31665
title,31666
title,31667
title,31670
title,31671
title,31673
title,31674
title,31677
title,31685
title,31690
title,31692
title,31694
title,31695
title,31704
title,31706
title,31709
title,31711
title,31713
title,31716
title,31720
title,31721
title,31724
title,31725
title,31727
title,31728
title,31729
title,31732
title,31734
title,31735
title,31736
title,31738
title,31740
title,31746
title,31748
title,31749
title,31752
title,31753
title,31754
title,31756
title,31761
title,31764
title,31765
title,31767
title,31772
title,31774
title,31778
title,31785
title,31786
title,31787
title,31795
title,31805
title,31807
title,31812
title,31813
title,31815
title,31817
title,31819
title,31823
title,31830
title,31831
title,31832
title,31835
title,31837
title,31839
title,31840
title,31843
title,31844
title,31845
title,31847
title,31848
title,31849
title,31854
title,31858
title,31859
title,31861
title,31862
title,31864
title,31870
title,31871
title,31872
title,31877
title,31880
title,31885
title,31887
title,31888
title,31890
title,31891
title,31893
title,31894
title,31895
title,31897
title,31900
title,31902
title,31906
title,31908
title,31913
title,31917
title,31918
title,31919
title,31922
title,31923
title,31924
title,31928
title,31929
title,31930
title,31931
title,31938
title,31939
title,31940
title,31942
title,31944
title,31945
title,31947
title,31951
title,31952
title,31955
title,31956
title,31957
title,31959
title,31961
title,31964
title,31967
title,31969
title,31975
title,31980
title,31982
title,31983
title,31984
title,31986
title,31988
title,31990
title,31991
title,31994
title,31995
title,31997
title,31998
title,32000
title,32001
title,32004
title,32008
title,32009
title,32012
title,32015
title,32018
title,32021
title,32022
title,32024
title,32027
title,32034
title,32036
title,32037
title,32041
title,32042
title,32046
title,32050
title,32051
title,32052
title,32053
title,32054
title,32055
title,32056
title,32057
title,32061
title,32063
title,32064
title,32065
title,32068
title,32073
title,32074
title,32076
title,32077
title,32079
title,32081
title,32083
title,32084
title,32086
title,32087
title,32088
title,32090
title,32091
title,32094
title,32096
title,32097
title,32099
title,32100
title,32103
title,32107
title,32110
title,32112
title,32114
title,32117
title,32122
title,32125
title,32127
title,32130
title,32136
title,32138
title,32141
title,32143
title,32146
title,32147
title,32154
title,32156
title,32158
title,32160
title,32161
title,32162
title,32163
title,32166
title,32167
title,32171
title,32175
title,32176
title,32179
title,32182
title,32185
title,32187
title,32188
title,32190
title,32192
title,32196
title,32197
title,32198
title,32205
title,32206
title,32209
title,32211
title,32214
title,32219
title,32220
title,32221
title,32224
title,32225
title,32226
title,32229
title,32234
title,32235
title,32236
title,32238
title,32239
title,32241
title,32244
title,32246
title,32248
title,32249
title,32251
title,32252
title,32253
title,32254
title,32256
title,32259
title,32261
title,32262
title,32263
title,32265
title,32268
title,32269
title,32270
title,32272
title,32276
title,32280
title,32281
title,32284
title,32286
title,32287
title,32295
title,32299
title,32300
title,32305
title,32309
title,32313
title,32316
title,32317
title,32320
title,32321
title,32322
title,32323
title,32325
title,32326
title,32327
title,32329
title,32334
title,32342
title,32344
title,32348
title,32349
title,32351
title,32352
title,32354
title,32355
title,32360
title,32362
title,32365
title,32370
title,32373
title,32375
title,32384
title,32387
title,32396
title,32397
title,32402
title,32404
title,32405
title,32407
title,32409
title,32410
title,32411
title,32413
title,32414
title,32415
title,32418
title,32419
title,32420
title,32424
title,32425
title,32426
title,32427
title,32428
title,32430
title,32433
title,32434
title,32440
title,32441
title,32442
title,32443
title,32444
title,32448
title,32449
title,32450
title,32451
title,32454
title,32458
title,32460
title,32465
title,32467
title,32469
title,32471
title,32472
title,32475
title,32478
title,32485
title,32489
title,32491
title,32493
title,32494
title,32496
title,32497
title,32498
title,32505
title,32507
title,32508
title,32512
title,32514
title,32515
title,32519
title,32520
title,32524
title,32525
title,32527
title,32528
title,32530
title,32534
title,32539
title,32541
title,32542
title,32545
title,32548
title,32551
title,32552
title,32555
title,32556
title,32558
title,32560
title,32561
title,32564
title,32565
title,32566
title,32569
title,32570
title,32571
title,32577
title,32579
title,32581
title,32584
title,32586
title,32590
title,32594
title,32595
title,32605
title,32606
title,32607
title,32612
title,32621
title,32624
title,32625
title,32626
title,32627
title,32629
title,32632
title,32633
title,32638
title,32639
title,32641
title,32644
title,32653
title,32654
title,32655
title,32656
title,32657
title,32658
title,32659
title,32661
title,32664
title,32665
title,32666
title,32667
title,32668
title,32674
title,32676
title,32677
title,32678
title,32680
title,32684
title,32685
title,32698
title,32699
title,32700
title,32701
title,32702
title,32703
title,32706
title,32710
title,32715
title,32716
title,32719
title,32720
title,32721
title,32723
title,32724
title,32725
title,32729
title,32734
title,32735
title,32740
title,32742
title,32743
title,32744
title,32749
title,32751
title,32754
title,32759
title,32762
title,32765
title,32769
title,32770
title,32772
title,32773
title,32776
title,32777
title,32778
title,32779
title,32786
title,32787
title,32789
title,32790
title,32792
title,32796
title,32797
title,32801
title,32802
title,32803
title,32808
title,32810
title,32811
title,32816
title,32817
title,32821
title,32822
title,32825
title,32826
title,32827
title,32828
title,32837
title,32839
title,32840
title,32843
title,32844
title,32845
title,32847
title,32849
title,32853
title,32860
title,32862
title,32864
title,32865
title,32867
title,32869
title,32879
title,32880
title,32881
title,32885
title,32888
title,32891
title,32892
title,32893
title,32896
title,32898
title,32903
title,32904
title,32905
title,32907
title,32910
title,32911
title,32914
title,32916
title,32918
title,32919
title,32928
title,32929
title,32930
title,32931
title,32933
title,32937
title,32938
title,32945
title,32951
title,32955
title,32956
title,32957
title,32960
title,32962
title,32965
title,32966
title,32967
title,32969
title,32974
title,32975
title,32976
title,32977
title,32978
title,32980
title,32985
title,32986
title,32988
title,32990
title,32991
title,32994
title,32995
title,32997
title,33003
title,33004
title,33008
title,33010
title,33013
title,33014
title,33015
title,33019
title,33021
title,33027
title,33030
title,33039
title,33040
title,33041
title,33042
title,33043
title,33045
title,33046
title,33047
title,33052
title,33053
title,33054
title,33055
title,33059
title,33062
title,33070
title,33071
title,33075
title,33082
title,33083
title,33084
title,33085
title,33087
title,33089
title,33090
title,33093
title,33098
title,33101
title,33103
title,33105
title,33112
title,33116
title,33117
title,33118
title,33120
title,33121
title,33123
title,33124
title,33126
title,33133
title,33136
title,33140
title,33143
title,33144
title,33145
title,33149
title,33150
title,33152
title,33154
title,33159
title,33161
title,33162
title,33163
title,33165
title,33168
title,33169
title,33173
title,33176
title,33178
title,33181
title,33184
title,33187
title,33189
title,33190
title,33191
title,33196
title,33198
title,33200
title,33201
title,33203
title,33208
title,33209
title,33210
title,33211
title,33213
title,33219
title,33220
title,33222
title,33223
title,33229
title,33230
title,33232
title,33233
title,33235
title,33239
title,33241
title,33243
title,33244
title,33247
title,33249
title,33254
title,33256
title,33260
title,33262
title,33263
title,33265
title,33266
title,33267
title,33269
title,33275
title,33276
title,33277
title,33280
title,33281
title,33290
title,33291
title,33292
title,33294
title,33296
title,33297
title,33299
title,33301
title,33305
title,33306
title,33315
title,33320
title,33323
title,33327
title,33330
title,33331
title,33332
title,33335
title,33336
title,33338
title,33339
title,33340
title,33341
title,33342
title,33352
title,33359
title,33362
title,33371
title,33372
title,33373
title,33375
title,33376
title,33382
title,33384
title,33385
title,33386
title,33393
title,33397
title,33398
title,33399
title,33405
title,33407
title,33411
title,33412
title,33414
title,33415
title,33418
title,33420
title,33421
title,33426
title,33429
title,33430
title,33431
title,33432
title,33433
title,33434
title,33436
title,33438
title,33439
title,33443
title,33445
title,33446
title,33451
title,33452
title,33453
title,33454
title,33455
title,33458
title,33465
title,33466
title,33470
title,33471
title,33472
title,33473
title,33476
title,33478
title,33479
title,33481
title,33483
title,33485
title,33486
title,33490
title,33499
title,33501
title,33507
title,33508
title,33510
title,33512
title,33514
title,33517
title,33523
title,33528
title,33532
title,33534
title,33535
title,33537
title,33538
title,33539
title,33547
title,33549
title,33551
title,33552
title,33555
title,33556
title,33557
title,33559
title,33562
title,33568
title,33572
title,33575
title,33576
title,33577
title,33580
title,33582
title,33583
title,33585
title,33589
title,33590
title,33591
title,33592
title,33593
title,33594
title,33595
title,33596
title,33597
title,33600
title,33603
title,33605
title,33606
title,33608
title,33609
title,33611
title,33614
title,33615
title,33619
title,33623
title,33625
title,33627
title,33628
title,33631
title,33634
title,33638
title,33646
title,33650
title,33651
title,33652
title,33654
title,33655
title,33656
title,33658
title,33660
title,33662
title,33668
title,33674
title,33676
title,33677
title,33680
title,33684
title,33687
title,33688
title,33689
title,33690
title,33691
title,33693
title,33695
title,33696
title,33698
title,33700
title,33702
title,33704
title,33705
title,33706
title,33707
title,33708
title,33710
title,33713
title,33714
title,33716
title,33718
title,33719
title,33720
title,33721
title,33724
title,33726
title,33729
title,33730
title,33731
title,33732
title,33735
title,33737
title,33738
title,33741
title,33742
title,33744
title,33746
title,33747
title,33750
title,33754
title,33757
title,33759
title,33760
title,33762
title,33763
title,33764
title,33767
title,33769
title,33773
title,33774
title,33775
title,33776
title,33778
title,33779
title,33781
title,33782
title,33784
title,33787
title,33788
title,33789
title,33791
title,33792
title,33794
title,33795
title,33796
title,33801
title,33802
title,33808
title,33811
title,33813
title,33815
title,33816
title,33817
title,33825
title,33828
title,33829
title,33832
title,33833
title,33836
title,33842
title,33843
title,33849
title,33852
title,33854
title,33855
title,33856
title,33857
title,33858
title,33860
title,33862
title,33870
title,33872
title,33873
title,33876
title,33880
title,33882
title,33884
title,33885
title,33889
title,33890
title,33892
title,33893
title,33899
title,33901
title,33903
title,33904
title,33910
title,33911
title,33914
title,33916
title,33918
title,33920
title,33926
title,33927
title,33931
title,33933
title,33934
title,33935
title,33936
title,33940
title,33943
title,33946
title,33951
title,33952
title,33953
title,33955
title,33958
title,33959
title,33960
title,33962
title,33963
title,33965
title,33968
title,33970
title,33971
title,33973
title,33974
title,33975
title,33980
title,33982
title,33983
title,33984
title,33985
title,33986
title,33988
title,33992
title,33994
title,33995
title,33996
title,34001
title,34003
title,34004
title,34006
title,34009
title,34010
title,34011
title,34019
title,34020
title,34023
title,34028
title,34030
title,34033
title,34034
title,34035
title,34038
title,34042
title,34044
title,34045
title,34046
title,34049
title,34051
title,34053
title,34054
title,34057
title,34064
title,34067
title,34075
title,34076
title,34078
title,34079
title,34081
title,34083
title,34086
title,34089
title,34090
title,34091
title,34092
title,34095
title,34097
title,34098
title,34099
title,34100
title,34102
title,34105
title,34106
title,34108
title,34109
title,34113
title,34114
title,34115
title,34116
title,34118
title,34121
title,34123
title,34124
title,34128
title,34129
title,34130
title,34131
title,34134
title,34141
title,34149
title,34150
title,34152
title,34153
title,34156
title,34160
title,34163
title,34164
title,34167
title,34168
title,34170
title,34171
title,34174
title,34175
title,34180
title,34181
title,34182
title,34183
title,34184
title,34185
title,34187
title,34188
title,34189
title,34190
title,34192
title,34193
title,34194
title,34197
title,34198
title,34201
title,34203
title,34204
title,34207
title,34208
title,34214
title,34215
title,34216
title,34217
title,34218
title,34219
title,34220
title,34223
title,34225
title,34227
title,34228
title,34234
title,34236
title,34238
title,34239
title,34240
title,34242
title,34243
title,34244
title,34247
title,34249
title,34250
title,34254
title,34257
title,34262
title,34276
title,34279
title,34286
title,34289
title,34294
title,34295
title,34296
title,34297
title,34298
title,34300
title,34304
title,34309
title,34315
title,34319
title,34322
title,34323
title,34324
title,34327
title,34328
title,34331
title,34335
title,34336
title,34338
title,34340
title,34344
title,34349
title,34353
title,34358
title,34361
title,34362
title,34365
title,34366
title,34371
title,34372
title,34379
title,34380
title,34381
title,34383
title,34386
title,34389
title,34392
title,34395
title,34399
title,34404
title,34406
title,34408
title,34411
title,34412
title,34416
title,34418
title,34419
title,34420
title,34423
title,34425
title,34426
title,34434
title,34437
title,34438
title,34443
title,34445
title,34446
title,34448
title,34451
title,34452
title,34454
title,34461
title,34462
title,34467
title,34470
title,34471
title,34473
title,34475
title,34476
title,34480
title,34487
title,34491
title,34493
title,34495
title,34496
title,34503
title,34506
title,34510
title,34514
title,34515
title,34519
title,34526
title,34532
title,34537
title,34538
title,34540
title,34542
title,34543
title,34545
title,34550
title,34557
title,34560
title,34563
title,34564
title,34567
title,34570
title,34571
title,34572
title,34577
title,34579
title,34580
title,34582
title,34584
title,34585
title,34587
title,34592
title,34594
title,34599
title,34602
title,34606
title,34609
title,34611
title,34612
title,34615
title,34617
title,34620
title,34622
title,34624
title,34625
title,34626
title,34631
title,34633
title,34634
title,34635
title,34637
title,34639
title,34651
title,34656
title,34659
title,34660
title,34662
title,34663
title,34665
title,34669
title,34671
title,34673
title,34677
title,34678
title,34679
title,34687
title,34694
title,34702
title,34703
title,34705
title,34710
title,34720
title,34721
title,34723
title,34724
title,34726
title,34727
title,34728
title,34730
title,34731
title,34736
title,34741
title,34742
title,34746
title,34758
title,34763
title,34768
title,34771
title,34772
title,34773
title,34775
title,34787
title,34790
title,34792
title,34794
title,34796
title,34799
title,34805
title,34814
title,34816
title,34819
title,34822
title,34826
title,34836
title,34837
title,34847
title,34849
title,34854
title,34855
title,34856
title,34866
title,34870
title,34871
title,34872
title,34873
title,34876
title,34877
title,34879
title,34882
title,34884
title,34885
title,34886
title,34887
title,34901
title,34904
title,34905
title,34908
title,34917
title,34918
title,34922
title,34923
title,34928
title,34929
title,34931
title,34933
title,34938
title,34939
title,34942
title,34944
title,34945
title,34946
title,34948
title,34950
title,34952
title,34962
title,34963
title,34967
title,34969
title,34971
title,34976
title,34979
title,34980
title,34985
title,34988
title,34989
title,34995
title,34997
title,34999
title,35002
title,35008
title,35010
title,35012
title,35014
title,35016
title,35018
title,35025
title,35031
title,35033
title,35034
title,35038
title,35040
title,35048
title,35057
title,35059
title,35061
title,35063
title,35064
title,35070
title,35072
title,35074
title,35076
title,35077
title,35080
title,35082
title,35084
title,35086
title,35091
title,35092
title,35093
title,35094
title,35095
title,35096
title,35097
title,35100
title,35104
title,35108
title,35110
title,35115
title,35119
title,35121
title,35122
title,35124
title,35126
title,35132
title,35135
title,35136
title,35137
title,35140
title,35142
title,35145
title,35147
title,35148
title,35150
title,35154
title,35157
title,35160
title,35168
title,35173
title,35176
title,35177
title,35178
title,35183
title,35185
title,35186
title,35190
title,35192
title,35193
title,35196
title,35197
title,35202
title,35205
title,35209
title,35214
title,35215
title,35219
title,35223
title,35225
title,35227
title,35230
title,35233
title,35234
title,35235
title,35239
title,35241
title,35244
title,35254
title,35255
title,35259
title,35260
title,35263
title,35264
title,35267
title,35270
title,35277
title,35284
title,35287
title,35288
title,35293
title,35294
title,35298
title,35299
title,35300
title,35301
title,35302
title,35303
title,35305
title,35307
title,35309
title,35310
title,35311
title,35312
title,35315
title,35322
title,35328
title,35332
title,35334
title,35335
title,35342
title,35343
title,35345
title,35346
title,35347
title,35348
title,35355
title,35356
title,35357
title,35360
title,35361
title,35363
title,35364
title,35368
title,35369
title,35371
title,35372
title,35375
title,35385
title,35386
title,35390
title,35393
title,35394
title,35395
title,35396
title,35404
title,35407
title,35409
title,35410
title,35412
title,35414
title,35415
title,35417
title,35420
title,35424
title,35425
title,35427
title,35430
title,35431
title,35432
title,35437
title,35438
title,35443
title,35444
title,35445
title,35447
title,35449
title,35452
title,35454
title,35461
title,35463
title,35465
title,35469
title,35472
title,35475
title,35480
title,35482
title,35484
title,35489
title,35491
title,35494
title,35508
title,35512
title,35514
title,35515
title,35516
title,35523
title,35528
title,35529
title,35532
title,35534
title,35541
title,35546
title,35551
title,35552
title,35553
title,35558
title,35560
title,35561
title,35563
title,35564
title,35565
title,35566
title,35567
title,35568
title,35569
title,35574
title,35575
title,35576
title,35577
title,35578
title,35580
title,35583
title,35584
title,35586
title,35587
title,35588
title,35589
title,35594
title,35595
title,35598
title,35602
title,35608
title,35610
title,35611
title,35612
title,35613
title,35614
title,35616
title,35620
title,35621
title,35623
title,35624
title,35625
title,35626
title,35627
title,35628
title,35630
title,35633
title,35636
title,35637
title,35640
title,35641
title,35643
title,35644
title,35646
title,35647
title,35650
title,35651
title,35654
title,35655
title,35657
title,35658
title,35659
title,35663
title,35667
title,35668
title,35669
title,35670
title,35671
title,35672
title,35674
title,35675
title,35676
title,35678
title,35679
title,35680
title,35682
title,35684
title,35685
title,35686
title,35687
title,35688
title,35689
title,35692
title,35693
title,35694
title,35695
title,35696
title,35697
title,35698
title,35701
title,35707
title,35708
title,35709
title,35710
title,35712
title,35715
title,35716
title,35717
title,35718
title,35720
title,35721
title,35722
title,35723
title,35724
title,35726
title,35728
title,35730
title,35731
title,35733
title,35734
title,35735
title,35736
title,35737
title,35738
title,35739
title,35740
title,35741
title,35742
title,35743
title,35745
title,35747
title,35748
title,35751
title,35753
title,35756
title,35757
title,35758
title,35759
title,35761
title,35762
title,35766
title,35767
title,35772
title,35773
title,35775
title,35779
title,35780
title,35781
title,35783
title,35784
title,35785
title,35789
title,35790
title,35793
title,35794
title,35795
title,35800
title,35804
title,35805
title,35811
title,35812
title,35813
title,35814
title,35817
title,35818
title,35820
title,35821
title,35823
title,35824
title,35825
title,35826
title,35827
title,35830
title,35831
title,35832
title,35833
title,35834
title,35835
title,35839
title,35840
title,35841
title,35842
title,35843
title,35845
title,35848
title,35849
title,35853
title,35857
title,35858
title,35859
title,35863
title,35866
title,35868
title,35869
title,35871
title,35874
title,35875
title,35876
title,35881
title,35882
title,35883
title,35884
title,35885
title,35886
title,35887
title,35888
title,35889
title,35890
title,35894
title,35899
title,35901
title,35903
title,35905
title,35906
title,35907
title,35910
title,35911
title,35914
title,35915
title,35916
title,35917
title,35918
title,35920
title,35921
title,35922
title,35924
title,35925
title,35930
title,35933
title,35935
title,35940
title,35942
title,35943
title,35945
title,35947
title,35949
title,35951
title,35952
title,35953
title,35954
title,35955
title,35956
title,35957
title,35959
