table,block
aka_name,0
cast_info,0
cast_info,4
cast_info,6
cast_info,7
cast_info,183
cast_info,198
cast_info,236
cast_info,253
cast_info,293
cast_info,389
cast_info,406
cast_info,467
cast_info,576
cast_info,591
cast_info,763
cast_info,812
cast_info,823
cast_info,899
cast_info,929
cast_info,1045
cast_info,1075
cast_info,1220
cast_info,1269
cast_info,1270
cast_info,1286
cast_info,1293
cast_info,1425
cast_info,1433
cast_info,1634
cast_info,1653
cast_info,1659
cast_info,1720
cast_info,1743
cast_info,1744
cast_info,1829
cast_info,1831
cast_info,1832
cast_info,1912
cast_info,1919
cast_info,1941
cast_info,1944
cast_info,2004
cast_info,2005
cast_info,2138
cast_info,2273
cast_info,2300
cast_info,2479
cast_info,2486
cast_info,2495
cast_info,2511
cast_info,2533
cast_info,2630
cast_info,2680
cast_info,2688
cast_info,2721
cast_info,2874
cast_info,2967
cast_info,2984
cast_info,3099
cast_info,3139
cast_info,3170
cast_info,3202
cast_info,3221
cast_info,3251
cast_info,3407
cast_info,3427
cast_info,3495
cast_info,3618
cast_info,3656
cast_info,3724
cast_info,3768
cast_info,3769
cast_info,3813
cast_info,3840
cast_info,3841
cast_info,3842
cast_info,3843
cast_info,3907
cast_info,3927
cast_info,4004
cast_info,4019
cast_info,4148
cast_info,4172
cast_info,4182
cast_info,4212
cast_info,4540
cast_info,4596
cast_info,4661
cast_info,4664
cast_info,4695
cast_info,4837
cast_info,4957
cast_info,5089
cast_info,5120
cast_info,5180
cast_info,5203
cast_info,5211
cast_info,5236
cast_info,5304
cast_info,5401
cast_info,5601
cast_info,5627
cast_info,5734
cast_info,5757
cast_info,5789
cast_info,5820
cast_info,5873
cast_info,5912
cast_info,5914
cast_info,5941
cast_info,6029
cast_info,6042
cast_info,6050
cast_info,6052
cast_info,6108
cast_info,6109
cast_info,6116
cast_info,6122
cast_info,6123
cast_info,6248
cast_info,6308
cast_info,6475
cast_info,6490
cast_info,6507
cast_info,6537
cast_info,6606
cast_info,6668
cast_info,6676
cast_info,6735
cast_info,6768
cast_info,6823
cast_info,6831
cast_info,6832
cast_info,6833
cast_info,6837
cast_info,6899
cast_info,6910
cast_info,6979
cast_info,6991
cast_info,6992
cast_info,7004
cast_info,7014
cast_info,7124
cast_info,7139
cast_info,7279
cast_info,7299
cast_info,7313
cast_info,7386
cast_info,7388
cast_info,7453
cast_info,7550
cast_info,7581
cast_info,7667
cast_info,7668
cast_info,7689
cast_info,7737
cast_info,7897
cast_info,8053
cast_info,8066
cast_info,8108
cast_info,8299
cast_info,8319
cast_info,8360
cast_info,8508
cast_info,8571
cast_info,8575
cast_info,8608
cast_info,8610
cast_info,8758
cast_info,8760
cast_info,8794
cast_info,8902
cast_info,8971
cast_info,9072
cast_info,9101
cast_info,9168
cast_info,9217
cast_info,9218
cast_info,9244
cast_info,9252
cast_info,9314
cast_info,9338
cast_info,9375
cast_info,9399
cast_info,9490
cast_info,9525
cast_info,9676
cast_info,9770
cast_info,9908
cast_info,9911
cast_info,9917
cast_info,9925
cast_info,9940
cast_info,10067
cast_info,10068
cast_info,10071
cast_info,10079
cast_info,10221
cast_info,10306
cast_info,10345
cast_info,10365
cast_info,10392
cast_info,10410
cast_info,10419
cast_info,10420
cast_info,10443
cast_info,10473
cast_info,10493
cast_info,10752
cast_info,10760
cast_info,10786
cast_info,10878
cast_info,10888
cast_info,10889
cast_info,11024
cast_info,11084
cast_info,11150
cast_info,11151
cast_info,11212
cast_info,11213
cast_info,11245
cast_info,11383
cast_info,11400
cast_info,11449
cast_info,11524
cast_info,11556
cast_info,11653
cast_info,11670
cast_info,11680
cast_info,11728
cast_info,11795
cast_info,11871
cast_info,11896
cast_info,11898
cast_info,11949
cast_info,12021
cast_info,12069
cast_info,12087
cast_info,12119
cast_info,12124
cast_info,12290
cast_info,12309
cast_info,12355
cast_info,12361
cast_info,12414
cast_info,12618
cast_info,12654
cast_info,12723
cast_info,12765
cast_info,12778
cast_info,12939
cast_info,12981
cast_info,12982
cast_info,13064
cast_info,13066
cast_info,13067
cast_info,13195
cast_info,13302
cast_info,13465
cast_info,13552
cast_info,13769
cast_info,13914
cast_info,14018
cast_info,14019
cast_info,14061
cast_info,14112
cast_info,14189
cast_info,14205
cast_info,14256
cast_info,14325
cast_info,14326
cast_info,14327
cast_info,14445
cast_info,14524
cast_info,14677
cast_info,14799
cast_info,14842
cast_info,14920
cast_info,14938
cast_info,15026
cast_info,15098
cast_info,15116
cast_info,15147
cast_info,15154
cast_info,15161
cast_info,15164
cast_info,15201
cast_info,15236
cast_info,15239
cast_info,15346
cast_info,15363
cast_info,15391
cast_info,15463
cast_info,15478
cast_info,15491
cast_info,15499
cast_info,15502
cast_info,15525
cast_info,15580
cast_info,15624
cast_info,15625
cast_info,15640
cast_info,15904
cast_info,16056
cast_info,16068
cast_info,16088
cast_info,16089
cast_info,16103
cast_info,16139
cast_info,16188
cast_info,16234
cast_info,16338
cast_info,16386
cast_info,16410
cast_info,16463
cast_info,16464
cast_info,16508
cast_info,16603
cast_info,16664
cast_info,16723
cast_info,16737
cast_info,16770
cast_info,16771
cast_info,16772
cast_info,16800
cast_info,16801
cast_info,16829
cast_info,16903
cast_info,16951
cast_info,16996
cast_info,16997
cast_info,17217
cast_info,17449
cast_info,17508
cast_info,17634
cast_info,17668
cast_info,17698
cast_info,17709
cast_info,17768
cast_info,17905
cast_info,17907
cast_info,17941
cast_info,17970
cast_info,17994
cast_info,18250
cast_info,18427
cast_info,18445
cast_info,18483
cast_info,18608
cast_info,18652
cast_info,18699
cast_info,18700
cast_info,18771
cast_info,18788
cast_info,18877
cast_info,18900
cast_info,18940
cast_info,19048
cast_info,19109
cast_info,19174
cast_info,19185
cast_info,19195
cast_info,19234
cast_info,19240
cast_info,19388
cast_info,19469
cast_info,19534
cast_info,19674
cast_info,19704
cast_info,19768
cast_info,19855
cast_info,19856
cast_info,19857
cast_info,19904
cast_info,19908
cast_info,19971
cast_info,20040
cast_info,20064
cast_info,20097
cast_info,20106
cast_info,20123
cast_info,20143
cast_info,20152
cast_info,20184
cast_info,20193
cast_info,20239
cast_info,20319
cast_info,20361
cast_info,20392
cast_info,20434
cast_info,20437
cast_info,20496
cast_info,20509
cast_info,20548
cast_info,20605
cast_info,20619
cast_info,20631
cast_info,20674
cast_info,20794
cast_info,20815
cast_info,20825
cast_info,20971
cast_info,21068
cast_info,21119
cast_info,21166
cast_info,21244
cast_info,21555
cast_info,21557
cast_info,21711
cast_info,21712
cast_info,21736
cast_info,21743
cast_info,21773
cast_info,21782
cast_info,21807
cast_info,21834
cast_info,21835
cast_info,21851
cast_info,21881
cast_info,21910
cast_info,21916
cast_info,21919
cast_info,21920
cast_info,21921
cast_info,21936
cast_info,22032
cast_info,22067
cast_info,22087
cast_info,22120
cast_info,22160
cast_info,22168
cast_info,22176
cast_info,22186
cast_info,22241
cast_info,22395
cast_info,22436
cast_info,22466
cast_info,22493
cast_info,22544
cast_info,22563
cast_info,22816
cast_info,22849
cast_info,22851
cast_info,22864
cast_info,22941
cast_info,22946
cast_info,22991
cast_info,23025
cast_info,23069
cast_info,23083
cast_info,23086
cast_info,23088
cast_info,23089
cast_info,23102
cast_info,23106
cast_info,23174
cast_info,23190
cast_info,23257
cast_info,23302
cast_info,23306
cast_info,23307
cast_info,23460
cast_info,23462
cast_info,23513
cast_info,23552
cast_info,23597
cast_info,23759
cast_info,23760
cast_info,24071
cast_info,24172
cast_info,24268
cast_info,24289
cast_info,24310
cast_info,24321
cast_info,24372
cast_info,24377
cast_info,24391
cast_info,24400
cast_info,24415
cast_info,24419
cast_info,24441
cast_info,24485
cast_info,24560
cast_info,24569
cast_info,24621
cast_info,24660
cast_info,24686
cast_info,24691
cast_info,24719
cast_info,24734
cast_info,24746
cast_info,24749
cast_info,24773
cast_info,24779
cast_info,24789
cast_info,24824
cast_info,24893
cast_info,24912
cast_info,24919
cast_info,24938
cast_info,24954
cast_info,24971
cast_info,25013
cast_info,25036
cast_info,25052
cast_info,25214
cast_info,25264
cast_info,25265
cast_info,25568
cast_info,25569
cast_info,25674
cast_info,25711
cast_info,25732
cast_info,25764
cast_info,25791
cast_info,25878
cast_info,25891
cast_info,25921
cast_info,25943
cast_info,25960
cast_info,25974
cast_info,26017
cast_info,26026
cast_info,26036
cast_info,26089
cast_info,26243
cast_info,26320
cast_info,26339
cast_info,26346
cast_info,26369
cast_info,26505
cast_info,26590
cast_info,26592
cast_info,26607
cast_info,26662
cast_info,26729
cast_info,26742
cast_info,26860
cast_info,26861
cast_info,26873
cast_info,26899
cast_info,26961
cast_info,26993
cast_info,27012
cast_info,27021
cast_info,27038
cast_info,27076
cast_info,27138
cast_info,27174
cast_info,27213
cast_info,27236
cast_info,27371
cast_info,27394
cast_info,27417
cast_info,27454
cast_info,27464
cast_info,27518
cast_info,27534
cast_info,27659
cast_info,27797
cast_info,27854
cast_info,27920
cast_info,28092
cast_info,28099
cast_info,28160
cast_info,28161
cast_info,28273
cast_info,28288
cast_info,28337
cast_info,28344
cast_info,28398
cast_info,28496
cast_info,28507
cast_info,28661
cast_info,28665
cast_info,28688
cast_info,28697
cast_info,28810
cast_info,28817
cast_info,28861
cast_info,28893
cast_info,28915
cast_info,28921
cast_info,28987
cast_info,28991
cast_info,29171
cast_info,29341
cast_info,29426
cast_info,29435
cast_info,29458
cast_info,29467
cast_info,29472
cast_info,29508
cast_info,29512
cast_info,29527
cast_info,29528
cast_info,29548
cast_info,29588
cast_info,29613
cast_info,29648
cast_info,29657
cast_info,29689
cast_info,29721
cast_info,29898
cast_info,29912
cast_info,30013
cast_info,30015
cast_info,30051
cast_info,30065
cast_info,30067
cast_info,30099
cast_info,30109
cast_info,30200
cast_info,30253
cast_info,30590
cast_info,30595
cast_info,30604
cast_info,30625
cast_info,30649
cast_info,30678
cast_info,30679
cast_info,30702
cast_info,30740
cast_info,30762
cast_info,30799
cast_info,30873
cast_info,30879
cast_info,30907
cast_info,31086
cast_info,31119
cast_info,31224
cast_info,31254
cast_info,31255
cast_info,31280
cast_info,31281
cast_info,31346
cast_info,31424
cast_info,31484
cast_info,31598
cast_info,31599
cast_info,31600
cast_info,31702
cast_info,31724
cast_info,31734
cast_info,31782
cast_info,31826
cast_info,31969
cast_info,31970
cast_info,32044
cast_info,32093
cast_info,32103
cast_info,32104
cast_info,32143
cast_info,32148
cast_info,32180
cast_info,32190
cast_info,32272
cast_info,32313
cast_info,32333
cast_info,32347
cast_info,32363
cast_info,32376
cast_info,32388
cast_info,32425
cast_info,32448
cast_info,32456
cast_info,32461
cast_info,32530
cast_info,32536
cast_info,32616
cast_info,32629
cast_info,32692
cast_info,32725
cast_info,32741
cast_info,32779
cast_info,32925
cast_info,32932
cast_info,32979
cast_info,33061
cast_info,33140
cast_info,33197
cast_info,33228
cast_info,33357
cast_info,33368
cast_info,33386
cast_info,33432
cast_info,33472
cast_info,33500
cast_info,33641
cast_info,33650
cast_info,33656
cast_info,33778
cast_info,33782
cast_info,33783
cast_info,33785
cast_info,33845
cast_info,33888
cast_info,33927
cast_info,33945
cast_info,33955
cast_info,33957
cast_info,34065
cast_info,34136
cast_info,34139
cast_info,34211
cast_info,34281
cast_info,34287
cast_info,34293
cast_info,34375
cast_info,34383
cast_info,34388
cast_info,34564
cast_info,34620
cast_info,34710
cast_info,34788
cast_info,34813
cast_info,34973
cast_info,34995
cast_info,35022
cast_info,35058
cast_info,35123
cast_info,35199
cast_info,35253
cast_info,35266
cast_info,35280
cast_info,35392
cast_info,35433
cast_info,35434
cast_info,35493
cast_info,35501
cast_info,35503
cast_info,35504
cast_info,35581
cast_info,35637
cast_info,35654
cast_info,35767
cast_info,35838
cast_info,35865
cast_info,35900
cast_info,35901
cast_info,35915
cast_info,36052
cast_info,36054
cast_info,36079
cast_info,36107
cast_info,36115
cast_info,36208
cast_info,36213
cast_info,36214
cast_info,36228
cast_info,36251
cast_info,36255
cast_info,36273
cast_info,36295
cast_info,36310
cast_info,36339
cast_info,36475
cast_info,36485
cast_info,36518
cast_info,36666
cast_info,36694
cast_info,36755
cast_info,36791
cast_info,36805
cast_info,36825
cast_info,36861
cast_info,36874
cast_info,36997
cast_info,37005
cast_info,37006
cast_info,37105
cast_info,37141
cast_info,37200
cast_info,37232
cast_info,37374
cast_info,37395
cast_info,37435
cast_info,37452
cast_info,37531
cast_info,37577
cast_info,37639
cast_info,37766
cast_info,37825
cast_info,37829
cast_info,38135
cast_info,38150
cast_info,38154
cast_info,38262
cast_info,38265
cast_info,38328
cast_info,38553
cast_info,38608
cast_info,38609
cast_info,38641
cast_info,38700
cast_info,38703
cast_info,38715
cast_info,38722
cast_info,38723
cast_info,38768
cast_info,38776
cast_info,38790
cast_info,38808
cast_info,38827
cast_info,38828
cast_info,38862
cast_info,38907
cast_info,38918
cast_info,38931
cast_info,38934
cast_info,38973
cast_info,38985
cast_info,39000
cast_info,39028
cast_info,39057
cast_info,39069
cast_info,39176
cast_info,39215
cast_info,39293
cast_info,39326
cast_info,39327
cast_info,39328
cast_info,39380
cast_info,39500
cast_info,39558
cast_info,39586
cast_info,39736
cast_info,39744
cast_info,39787
cast_info,39827
cast_info,39839
cast_info,39851
cast_info,39854
cast_info,39855
cast_info,39893
cast_info,39917
cast_info,39918
cast_info,39963
cast_info,39976
cast_info,39997
cast_info,40059
cast_info,40062
cast_info,40065
cast_info,40091
cast_info,40182
cast_info,40191
cast_info,40296
cast_info,40382
cast_info,40405
cast_info,40407
cast_info,40413
cast_info,40432
cast_info,40488
cast_info,40512
cast_info,40517
cast_info,40536
cast_info,40542
cast_info,40611
cast_info,40726
cast_info,40873
cast_info,40902
cast_info,40916
cast_info,40919
cast_info,41008
cast_info,41014
cast_info,41051
cast_info,41071
cast_info,41081
cast_info,41105
cast_info,41196
cast_info,41200
cast_info,41204
cast_info,41320
cast_info,41539
cast_info,41549
cast_info,41607
cast_info,41614
cast_info,41629
cast_info,41630
cast_info,41665
cast_info,41672
cast_info,41690
cast_info,41828
cast_info,41852
cast_info,41875
cast_info,41929
cast_info,42057
cast_info,42092
cast_info,42121
cast_info,42122
cast_info,42123
cast_info,42256
cast_info,42261
cast_info,42289
cast_info,42332
cast_info,42371
cast_info,42427
cast_info,42485
cast_info,42646
cast_info,42771
cast_info,42812
cast_info,42824
cast_info,42901
cast_info,43003
cast_info,43005
cast_info,43089
cast_info,43092
cast_info,43246
cast_info,43254
cast_info,43329
cast_info,43382
cast_info,43390
cast_info,43392
cast_info,43538
cast_info,43565
cast_info,43566
cast_info,43604
cast_info,43625
cast_info,43639
cast_info,43687
cast_info,43800
cast_info,43816
cast_info,43859
cast_info,43889
cast_info,43894
cast_info,43907
cast_info,43932
cast_info,43941
cast_info,43943
cast_info,44046
cast_info,44149
cast_info,44155
cast_info,44326
cast_info,44327
cast_info,44340
cast_info,44388
cast_info,44428
cast_info,44435
cast_info,44451
cast_info,44484
cast_info,44485
cast_info,44517
cast_info,44638
cast_info,44694
cast_info,44773
cast_info,44783
cast_info,44803
cast_info,44910
cast_info,44911
cast_info,44957
cast_info,44961
cast_info,45060
cast_info,45146
cast_info,45189
cast_info,45258
cast_info,45282
cast_info,45363
cast_info,45393
cast_info,45445
cast_info,45531
cast_info,45652
cast_info,45878
cast_info,45937
cast_info,45991
cast_info,46122
cast_info,46152
cast_info,46189
cast_info,46206
cast_info,46225
cast_info,46239
cast_info,46240
cast_info,46290
cast_info,46300
cast_info,46359
cast_info,46432
cast_info,46463
cast_info,46527
cast_info,46570
cast_info,46610
cast_info,46618
cast_info,46640
cast_info,46648
cast_info,46675
cast_info,46679
cast_info,46690
cast_info,46702
cast_info,46737
cast_info,46740
cast_info,46763
cast_info,46785
cast_info,46810
cast_info,46962
cast_info,46966
cast_info,46994
cast_info,47028
cast_info,47030
cast_info,47044
cast_info,47045
cast_info,47112
cast_info,47209
cast_info,47225
cast_info,47321
cast_info,47387
cast_info,47415
cast_info,47512
cast_info,47514
cast_info,47575
cast_info,47600
cast_info,47630
cast_info,47631
cast_info,47674
cast_info,47711
cast_info,47735
cast_info,47766
cast_info,47771
cast_info,47806
cast_info,47942
cast_info,47943
cast_info,48104
cast_info,48130
cast_info,48178
cast_info,48242
cast_info,48338
cast_info,48367
cast_info,48429
cast_info,48462
cast_info,48469
cast_info,48475
cast_info,48499
cast_info,48533
cast_info,48597
cast_info,48628
cast_info,48692
cast_info,48743
cast_info,48778
cast_info,48918
cast_info,48944
cast_info,49024
cast_info,49033
cast_info,49042
cast_info,49053
cast_info,49094
cast_info,49102
cast_info,49107
cast_info,49185
cast_info,49237
cast_info,49272
cast_info,49307
cast_info,49345
cast_info,49367
cast_info,49368
cast_info,49405
cast_info,49422
cast_info,49491
cast_info,49506
cast_info,49507
cast_info,49514
cast_info,49600
cast_info,49635
cast_info,49636
cast_info,49647
cast_info,49670
cast_info,49703
cast_info,49704
cast_info,49806
cast_info,49866
cast_info,49867
cast_info,49875
cast_info,49906
cast_info,49929
cast_info,49933
cast_info,50074
cast_info,50235
cast_info,50400
cast_info,50471
cast_info,50479
cast_info,50482
cast_info,50487
cast_info,50536
cast_info,50619
cast_info,50693
cast_info,50861
cast_info,50895
cast_info,50902
cast_info,51140
cast_info,51155
cast_info,51162
cast_info,51221
cast_info,51275
cast_info,51299
cast_info,51316
cast_info,51352
cast_info,51507
cast_info,51529
cast_info,51606
cast_info,51621
cast_info,51644
cast_info,51735
cast_info,51752
cast_info,51771
cast_info,51821
cast_info,51824
cast_info,51859
cast_info,51899
cast_info,52072
cast_info,52168
cast_info,52213
cast_info,52371
cast_info,52521
cast_info,52540
cast_info,52638
cast_info,52663
cast_info,52672
cast_info,52676
cast_info,52747
cast_info,52775
cast_info,52854
cast_info,52877
cast_info,52978
cast_info,53028
cast_info,53032
cast_info,53051
cast_info,53091
cast_info,53195
cast_info,53264
cast_info,53391
cast_info,53467
cast_info,53485
cast_info,53532
cast_info,53533
cast_info,53627
cast_info,53656
cast_info,53675
cast_info,53768
cast_info,53903
cast_info,53967
cast_info,54018
cast_info,54055
cast_info,54111
cast_info,54355
cast_info,54356
cast_info,54492
cast_info,54508
cast_info,54519
cast_info,54565
cast_info,54572
cast_info,54604
cast_info,54697
cast_info,54732
cast_info,54778
cast_info,54786
cast_info,54814
cast_info,54822
cast_info,54895
cast_info,55027
cast_info,55099
cast_info,55122
cast_info,55160
cast_info,55164
cast_info,55253
cast_info,55270
cast_info,55281
cast_info,55291
cast_info,55334
cast_info,55373
cast_info,55374
cast_info,55414
cast_info,55424
cast_info,55472
cast_info,55577
cast_info,55733
cast_info,55783
cast_info,55786
cast_info,55787
cast_info,55858
cast_info,56014
cast_info,56075
cast_info,56127
cast_info,56152
cast_info,56197
cast_info,56231
cast_info,56245
cast_info,56276
cast_info,56353
cast_info,56465
cast_info,56531
cast_info,56536
cast_info,56555
cast_info,56767
cast_info,56997
cast_info,56998
cast_info,56999
cast_info,57015
cast_info,57048
cast_info,57069
cast_info,57129
cast_info,57220
cast_info,57234
cast_info,57261
cast_info,57286
cast_info,57304
cast_info,57529
cast_info,57552
cast_info,57616
cast_info,57675
cast_info,57691
cast_info,57707
cast_info,57709
cast_info,57721
cast_info,57746
cast_info,57823
cast_info,57983
cast_info,58054
cast_info,58142
cast_info,58171
cast_info,58180
cast_info,58185
cast_info,58196
cast_info,58202
cast_info,58225
cast_info,58302
cast_info,58388
cast_info,58389
cast_info,58390
cast_info,58483
cast_info,58504
cast_info,58542
cast_info,58560
cast_info,58572
cast_info,58613
cast_info,58663
cast_info,58723
cast_info,58761
cast_info,58769
cast_info,58809
cast_info,58863
cast_info,59029
cast_info,59041
cast_info,59130
cast_info,59184
cast_info,59291
cast_info,59292
cast_info,59375
cast_info,59400
cast_info,59451
cast_info,59501
cast_info,59605
cast_info,59688
cast_info,59714
cast_info,59737
cast_info,59750
cast_info,59775
cast_info,59809
cast_info,59828
cast_info,59935
cast_info,60015
cast_info,60035
cast_info,60081
cast_info,60084
cast_info,60213
cast_info,60218
cast_info,60337
cast_info,60364
cast_info,60373
cast_info,60396
cast_info,60442
cast_info,60455
cast_info,60462
cast_info,60544
cast_info,60566
cast_info,60667
cast_info,60712
cast_info,60882
cast_info,60915
cast_info,60943
cast_info,60956
cast_info,60999
cast_info,61020
cast_info,61022
cast_info,61045
cast_info,61081
cast_info,61082
cast_info,61083
cast_info,61104
cast_info,61145
cast_info,61294
cast_info,61307
cast_info,61468
cast_info,61475
cast_info,61484
cast_info,61496
cast_info,61642
cast_info,61681
cast_info,61942
cast_info,62088
cast_info,62089
cast_info,62097
cast_info,62098
cast_info,62118
cast_info,62128
cast_info,62209
cast_info,62232
cast_info,62276
cast_info,62277
cast_info,62283
cast_info,62379
cast_info,62584
cast_info,62608
cast_info,62611
cast_info,62660
cast_info,62661
cast_info,62670
cast_info,62733
cast_info,62801
cast_info,62816
cast_info,62824
cast_info,62829
cast_info,62911
cast_info,62926
cast_info,62975
cast_info,62989
cast_info,63071
cast_info,63142
cast_info,63166
cast_info,63193
cast_info,63197
cast_info,63238
cast_info,63339
cast_info,63412
cast_info,63418
cast_info,63457
cast_info,63458
cast_info,63481
cast_info,63500
cast_info,63524
cast_info,63617
cast_info,63893
cast_info,64045
cast_info,64054
cast_info,64117
cast_info,64139
cast_info,64170
cast_info,64218
cast_info,64228
cast_info,64239
cast_info,64250
cast_info,64257
cast_info,64265
cast_info,64352
cast_info,64358
cast_info,64359
cast_info,64388
cast_info,64516
cast_info,64641
cast_info,64658
cast_info,64719
cast_info,64775
cast_info,64776
cast_info,64851
cast_info,64852
cast_info,64854
cast_info,64855
cast_info,64856
cast_info,64866
cast_info,64926
cast_info,65018
cast_info,65132
cast_info,65162
cast_info,65252
cast_info,65268
cast_info,65335
cast_info,65390
cast_info,65459
cast_info,65507
cast_info,65634
cast_info,65691
cast_info,65802
cast_info,65804
cast_info,65826
cast_info,65834
cast_info,65838
cast_info,65848
cast_info,65859
cast_info,65950
cast_info,66138
cast_info,66139
cast_info,66140
cast_info,66300
cast_info,66357
cast_info,66361
cast_info,66368
cast_info,66428
cast_info,66438
cast_info,66486
cast_info,66537
cast_info,66580
cast_info,66637
cast_info,66724
cast_info,66765
cast_info,66846
cast_info,66872
cast_info,66973
cast_info,67131
cast_info,67135
cast_info,67296
cast_info,67340
cast_info,67395
cast_info,67479
cast_info,67539
cast_info,67604
cast_info,67798
cast_info,67815
cast_info,67930
cast_info,67937
cast_info,67954
cast_info,67955
cast_info,68028
cast_info,68057
cast_info,68079
cast_info,68094
cast_info,68095
cast_info,68104
cast_info,68124
cast_info,68149
cast_info,68181
cast_info,68209
cast_info,68216
cast_info,68275
cast_info,68277
cast_info,68287
cast_info,68293
cast_info,68300
cast_info,68345
cast_info,68367
cast_info,68384
cast_info,68401
cast_info,68601
cast_info,68660
cast_info,68826
cast_info,69005
cast_info,69006
cast_info,69007
cast_info,69011
cast_info,69069
cast_info,69078
cast_info,69098
cast_info,69141
cast_info,69149
cast_info,69193
cast_info,69194
cast_info,69242
cast_info,69243
cast_info,69269
cast_info,69300
cast_info,69363
cast_info,69380
cast_info,69424
cast_info,69436
cast_info,69520
cast_info,69545
cast_info,69609
cast_info,69666
cast_info,69690
cast_info,69751
cast_info,69788
cast_info,69820
cast_info,69880
cast_info,69892
cast_info,69979
cast_info,69986
cast_info,70005
cast_info,70006
cast_info,70042
cast_info,70056
cast_info,70113
cast_info,70227
cast_info,70266
cast_info,70294
cast_info,70296
cast_info,70513
cast_info,70521
cast_info,70620
cast_info,70675
cast_info,70727
cast_info,70824
cast_info,70825
cast_info,70891
cast_info,70897
cast_info,70898
cast_info,70903
cast_info,70916
cast_info,70939
cast_info,71077
cast_info,71094
cast_info,71098
cast_info,71130
cast_info,71181
cast_info,71257
cast_info,71291
cast_info,71309
cast_info,71335
cast_info,71456
cast_info,71485
cast_info,71566
cast_info,71590
cast_info,71688
cast_info,71898
cast_info,71907
cast_info,71910
cast_info,71979
cast_info,71986
cast_info,71987
cast_info,72044
cast_info,72081
cast_info,72118
cast_info,72152
cast_info,72218
cast_info,72259
cast_info,72273
cast_info,72281
cast_info,72303
cast_info,72305
cast_info,72329
cast_info,72333
cast_info,72415
cast_info,72487
cast_info,72491
cast_info,72504
cast_info,72547
cast_info,72573
cast_info,72574
cast_info,72606
cast_info,72619
cast_info,72627
cast_info,72634
cast_info,72645
cast_info,72701
cast_info,72707
cast_info,72758
cast_info,72774
cast_info,72980
cast_info,73183
cast_info,73233
cast_info,73282
cast_info,73310
cast_info,73337
cast_info,73342
cast_info,73472
cast_info,73482
cast_info,73487
cast_info,73519
cast_info,73527
cast_info,73535
cast_info,73539
cast_info,73630
cast_info,73633
cast_info,73650
cast_info,73656
cast_info,73688
cast_info,73689
cast_info,73921
cast_info,73999
cast_info,74069
cast_info,74198
cast_info,74236
cast_info,74287
cast_info,74431
cast_info,74432
cast_info,74433
cast_info,74434
cast_info,74467
cast_info,74506
cast_info,74568
cast_info,74613
cast_info,74614
cast_info,74660
cast_info,74704
cast_info,74797
cast_info,74801
cast_info,74906
cast_info,74911
cast_info,75058
cast_info,75082
cast_info,75107
cast_info,75182
cast_info,75183
cast_info,75224
cast_info,75240
cast_info,75323
cast_info,75326
cast_info,75424
cast_info,75502
cast_info,75530
cast_info,75563
cast_info,75593
cast_info,75629
cast_info,75732
cast_info,75851
cast_info,75888
cast_info,75907
cast_info,75934
cast_info,75958
cast_info,76156
cast_info,76181
cast_info,76244
cast_info,76340
cast_info,76364
cast_info,76474
cast_info,76529
cast_info,76531
cast_info,76532
cast_info,76549
cast_info,76579
cast_info,76584
cast_info,76618
cast_info,76642
cast_info,76661
cast_info,76669
cast_info,76807
cast_info,76821
cast_info,76825
cast_info,76936
cast_info,77039
cast_info,77141
cast_info,77312
cast_info,77383
cast_info,77585
cast_info,77589
cast_info,77777
cast_info,77889
cast_info,78061
cast_info,78080
cast_info,78108
cast_info,78161
cast_info,78171
cast_info,78192
cast_info,78305
cast_info,78310
cast_info,78545
cast_info,78561
cast_info,78696
cast_info,78701
cast_info,78711
cast_info,78793
cast_info,78794
cast_info,78795
cast_info,78804
cast_info,78932
cast_info,78988
cast_info,79181
cast_info,79252
cast_info,79285
cast_info,79351
cast_info,79365
cast_info,79386
cast_info,79398
cast_info,79432
cast_info,79453
cast_info,79468
cast_info,79494
cast_info,79507
cast_info,79523
cast_info,79639
cast_info,79664
cast_info,79689
cast_info,79737
cast_info,79741
cast_info,79798
cast_info,79799
cast_info,79827
cast_info,79828
cast_info,79829
cast_info,79830
cast_info,79839
cast_info,79887
cast_info,79907
cast_info,80030
cast_info,80088
cast_info,80090
cast_info,80234
cast_info,80287
cast_info,80305
cast_info,80321
cast_info,80381
cast_info,80485
cast_info,80486
cast_info,80487
cast_info,80573
cast_info,80609
cast_info,80677
cast_info,80693
cast_info,80694
cast_info,80702
cast_info,80703
cast_info,80768
cast_info,80802
cast_info,80830
cast_info,80857
cast_info,80884
cast_info,80885
cast_info,80917
cast_info,81046
cast_info,81055
cast_info,81099
cast_info,81123
cast_info,81124
cast_info,81165
cast_info,81214
cast_info,81354
cast_info,81360
cast_info,81361
cast_info,81425
cast_info,81442
cast_info,81452
cast_info,81497
cast_info,81509
cast_info,81538
cast_info,81585
cast_info,81595
cast_info,81596
cast_info,81614
cast_info,81630
cast_info,81634
cast_info,81646
cast_info,81668
cast_info,81676
cast_info,81761
cast_info,81811
cast_info,81825
cast_info,81830
cast_info,81884
cast_info,81893
cast_info,81934
cast_info,81935
cast_info,81988
cast_info,81991
cast_info,82009
cast_info,82021
cast_info,82055
cast_info,82082
cast_info,82118
cast_info,82119
cast_info,82151
cast_info,82171
cast_info,82180
cast_info,82190
cast_info,82246
cast_info,82247
cast_info,82283
cast_info,82314
cast_info,82406
cast_info,82407
cast_info,82433
cast_info,82493
cast_info,82538
cast_info,82604
cast_info,82704
cast_info,82769
cast_info,82773
cast_info,82787
cast_info,82809
cast_info,82821
cast_info,82836
cast_info,82842
cast_info,82881
cast_info,82916
cast_info,82945
cast_info,82946
cast_info,82990
cast_info,82993
cast_info,83011
cast_info,83021
cast_info,83137
cast_info,83191
cast_info,83241
cast_info,83292
cast_info,83383
cast_info,83395
cast_info,83415
cast_info,83422
cast_info,83506
cast_info,83585
cast_info,83718
cast_info,83793
cast_info,83812
cast_info,83858
cast_info,83948
cast_info,84107
cast_info,84128
cast_info,84129
cast_info,84224
cast_info,84241
cast_info,84266
cast_info,84310
cast_info,84349
cast_info,84372
cast_info,84460
cast_info,84461
cast_info,84551
cast_info,84573
cast_info,84699
cast_info,84700
cast_info,84775
cast_info,84866
cast_info,84976
cast_info,84979
cast_info,85289
cast_info,85318
cast_info,85324
cast_info,85325
cast_info,85431
cast_info,85436
cast_info,85440
cast_info,85471
cast_info,85958
cast_info,85971
cast_info,86021
cast_info,86033
cast_info,86059
cast_info,86075
cast_info,86176
cast_info,86225
cast_info,86299
cast_info,86401
cast_info,86448
cast_info,86482
cast_info,86491
cast_info,86508
cast_info,86538
cast_info,86557
cast_info,86581
cast_info,86610
cast_info,86682
cast_info,86763
cast_info,86773
cast_info,86775
cast_info,86839
cast_info,86947
cast_info,86986
cast_info,87028
cast_info,87155
cast_info,87174
cast_info,87200
cast_info,87237
cast_info,87300
cast_info,87301
cast_info,87321
cast_info,87394
cast_info,87405
cast_info,87485
cast_info,87536
cast_info,87608
cast_info,87642
cast_info,87765
cast_info,87822
cast_info,87843
cast_info,87868
cast_info,87891
cast_info,87945
cast_info,88067
cast_info,88132
cast_info,88229
cast_info,88251
cast_info,88301
cast_info,88507
cast_info,88599
cast_info,88604
cast_info,88624
cast_info,88646
cast_info,88680
cast_info,88683
cast_info,88702
cast_info,88776
cast_info,89008
cast_info,89195
cast_info,89216
cast_info,89218
cast_info,89229
cast_info,89310
cast_info,89365
cast_info,89626
cast_info,89697
cast_info,89727
cast_info,89762
cast_info,89777
cast_info,89780
cast_info,89787
cast_info,89809
cast_info,89911
cast_info,90133
cast_info,90134
cast_info,90233
cast_info,90257
cast_info,90285
cast_info,90295
cast_info,90323
cast_info,90335
cast_info,90377
cast_info,90424
cast_info,90539
cast_info,90567
cast_info,90610
cast_info,90668
cast_info,90692
cast_info,90707
cast_info,91046
cast_info,91094
cast_info,91106
cast_info,91124
cast_info,91127
cast_info,91196
cast_info,91216
cast_info,91283
cast_info,91543
cast_info,91595
cast_info,91596
cast_info,91620
cast_info,91685
cast_info,91778
cast_info,91878
cast_info,91889
cast_info,92052
cast_info,92053
cast_info,92174
cast_info,92236
cast_info,92237
cast_info,92270
cast_info,92289
cast_info,92431
cast_info,92437
cast_info,92438
cast_info,92443
cast_info,92463
cast_info,92526
cast_info,92563
cast_info,92587
cast_info,92611
cast_info,92613
cast_info,92616
cast_info,92643
cast_info,92722
cast_info,92832
cast_info,92855
cast_info,93004
cast_info,93053
cast_info,93070
cast_info,93078
cast_info,93149
cast_info,93182
cast_info,93192
cast_info,93371
cast_info,93374
cast_info,93419
cast_info,93425
cast_info,93429
cast_info,93480
cast_info,93501
cast_info,93643
cast_info,93726
cast_info,93824
cast_info,93825
cast_info,93828
cast_info,93843
cast_info,93851
cast_info,93885
cast_info,93903
cast_info,93913
cast_info,93959
cast_info,93983
cast_info,94006
cast_info,94066
cast_info,94260
cast_info,94326
cast_info,94402
cast_info,94430
cast_info,94447
cast_info,94475
cast_info,94610
cast_info,94764
cast_info,94907
cast_info,94949
cast_info,94955
cast_info,95043
cast_info,95083
cast_info,95111
cast_info,95112
cast_info,95113
cast_info,95156
cast_info,95173
cast_info,95201
cast_info,95304
cast_info,95305
cast_info,95321
cast_info,95360
cast_info,95396
cast_info,95456
cast_info,95516
cast_info,95517
cast_info,95531
cast_info,95615
cast_info,95623
cast_info,95691
cast_info,95781
cast_info,95789
cast_info,95879
cast_info,95973
cast_info,96051
cast_info,96137
cast_info,96156
cast_info,96181
cast_info,96191
cast_info,96316
cast_info,96467
cast_info,96496
cast_info,96543
cast_info,96694
cast_info,96762
cast_info,96805
cast_info,96844
cast_info,96927
cast_info,96940
cast_info,96948
cast_info,96990
cast_info,97006
cast_info,97043
cast_info,97114
cast_info,97130
cast_info,97175
cast_info,97232
cast_info,97307
cast_info,97380
cast_info,97627
cast_info,97663
cast_info,97699
cast_info,97785
cast_info,97796
cast_info,97809
cast_info,97892
cast_info,97972
cast_info,98112
cast_info,98275
cast_info,98304
cast_info,98305
cast_info,98370
cast_info,98425
cast_info,98428
cast_info,98449
cast_info,98498
cast_info,98525
cast_info,98628
cast_info,98666
cast_info,98693
cast_info,98704
cast_info,98822
cast_info,98858
cast_info,99002
cast_info,99040
cast_info,99120
cast_info,99199
cast_info,99212
cast_info,99269
cast_info,99270
cast_info,99334
cast_info,99335
cast_info,99392
cast_info,99543
cast_info,99576
cast_info,99739
cast_info,99762
cast_info,99769
cast_info,99770
cast_info,99849
cast_info,99906
cast_info,99930
cast_info,99941
cast_info,99946
cast_info,99973
cast_info,100082
cast_info,100171
cast_info,100172
cast_info,100300
cast_info,100309
cast_info,100310
cast_info,100548
cast_info,100566
cast_info,100630
cast_info,100642
cast_info,100774
cast_info,101004
cast_info,101084
cast_info,101130
cast_info,101208
cast_info,101308
cast_info,101313
cast_info,101576
cast_info,101597
cast_info,101753
cast_info,101769
cast_info,101812
cast_info,101853
cast_info,101865
cast_info,101916
cast_info,101998
cast_info,102260
cast_info,102375
cast_info,102416
cast_info,102457
cast_info,102491
cast_info,102546
cast_info,102617
cast_info,102625
cast_info,102627
cast_info,102669
cast_info,102718
cast_info,102750
cast_info,102947
cast_info,102953
cast_info,103015
cast_info,103335
cast_info,103378
cast_info,103525
cast_info,103629
cast_info,103674
cast_info,103675
cast_info,103685
cast_info,103691
cast_info,103718
cast_info,103769
cast_info,103784
cast_info,103837
cast_info,103906
cast_info,103919
cast_info,103943
cast_info,103981
cast_info,103997
cast_info,104048
cast_info,104068
cast_info,104088
cast_info,104160
cast_info,104161
cast_info,104262
cast_info,104291
cast_info,104342
cast_info,104343
cast_info,104370
cast_info,104396
cast_info,104479
cast_info,104557
cast_info,104785
cast_info,104857
cast_info,104868
cast_info,104902
cast_info,104946
cast_info,105021
cast_info,105088
cast_info,105099
cast_info,105200
cast_info,105241
cast_info,105245
cast_info,105283
cast_info,105406
cast_info,105448
cast_info,105500
cast_info,105501
cast_info,105528
cast_info,105593
cast_info,105682
cast_info,105684
cast_info,105758
cast_info,105969
cast_info,106020
cast_info,106052
cast_info,106056
cast_info,106069
cast_info,106075
cast_info,106088
cast_info,106106
cast_info,106108
cast_info,106114
cast_info,106340
cast_info,106348
cast_info,106363
cast_info,106387
cast_info,106462
cast_info,106478
cast_info,106501
cast_info,106544
cast_info,106780
cast_info,106804
cast_info,106862
cast_info,106878
cast_info,106887
cast_info,106992
cast_info,106998
cast_info,106999
cast_info,107011
cast_info,107180
cast_info,107230
cast_info,107286
cast_info,107349
cast_info,107535
cast_info,107632
cast_info,107672
cast_info,107674
cast_info,107715
cast_info,107815
cast_info,107893
cast_info,107902
cast_info,107994
cast_info,108005
cast_info,108076
cast_info,108120
cast_info,108318
cast_info,108398
cast_info,108430
cast_info,108572
cast_info,108611
cast_info,108639
cast_info,108704
cast_info,108710
cast_info,108813
cast_info,108840
cast_info,108843
cast_info,108921
cast_info,108977
cast_info,108993
cast_info,109030
cast_info,109144
cast_info,109145
cast_info,109202
cast_info,109213
cast_info,109237
cast_info,109254
cast_info,109322
cast_info,109342
cast_info,109404
cast_info,109424
cast_info,109518
cast_info,109535
cast_info,109542
cast_info,109552
cast_info,109555
cast_info,109556
cast_info,109582
cast_info,109600
cast_info,109662
cast_info,109702
cast_info,109725
cast_info,109846
cast_info,109930
cast_info,109954
cast_info,110019
cast_info,110052
cast_info,110056
cast_info,110090
cast_info,110118
cast_info,110285
cast_info,110429
cast_info,110562
cast_info,110736
cast_info,110741
cast_info,110774
cast_info,110780
cast_info,110799
cast_info,110847
cast_info,110876
cast_info,110928
cast_info,111001
cast_info,111052
cast_info,111053
cast_info,111261
cast_info,111275
cast_info,111559
cast_info,111606
cast_info,111650
cast_info,111744
cast_info,111751
cast_info,111815
cast_info,112005
cast_info,112006
cast_info,112070
cast_info,112083
cast_info,112091
cast_info,112097
cast_info,112106
cast_info,112114
cast_info,112118
cast_info,112159
cast_info,112460
cast_info,112469
cast_info,112478
cast_info,112495
cast_info,112496
cast_info,112530
cast_info,112565
cast_info,112709
cast_info,112713
cast_info,112728
cast_info,112800
cast_info,112928
cast_info,112947
cast_info,112948
cast_info,112979
cast_info,112988
cast_info,112989
cast_info,113050
cast_info,113068
cast_info,113072
cast_info,113090
cast_info,113219
cast_info,113269
cast_info,113354
cast_info,113363
cast_info,113471
cast_info,113605
cast_info,113616
cast_info,113627
cast_info,113702
cast_info,113734
cast_info,113827
cast_info,113891
cast_info,113893
cast_info,113951
cast_info,113960
cast_info,114000
cast_info,114001
cast_info,114057
cast_info,114085
cast_info,114100
cast_info,114141
cast_info,114258
cast_info,114326
cast_info,114329
cast_info,114339
cast_info,114366
cast_info,114612
cast_info,114662
cast_info,114715
cast_info,114720
cast_info,114743
cast_info,114833
cast_info,114913
cast_info,115068
cast_info,115125
cast_info,115179
cast_info,115227
cast_info,115272
cast_info,115292
cast_info,115302
cast_info,115353
cast_info,115371
cast_info,115400
cast_info,115487
cast_info,115502
cast_info,115515
cast_info,115650
cast_info,115683
cast_info,115749
cast_info,115750
cast_info,115857
cast_info,115946
cast_info,116067
cast_info,116069
cast_info,116070
cast_info,116077
cast_info,116154
cast_info,116235
cast_info,116677
cast_info,116719
cast_info,116809
cast_info,116850
cast_info,116871
cast_info,116919
cast_info,116920
cast_info,117095
cast_info,117180
cast_info,117280
cast_info,117368
cast_info,117388
cast_info,117478
cast_info,117504
cast_info,117557
cast_info,117651
cast_info,117708
cast_info,117759
cast_info,117836
cast_info,117849
cast_info,117943
cast_info,117961
cast_info,118001
cast_info,118105
cast_info,118416
cast_info,118430
cast_info,118590
cast_info,118663
cast_info,118665
cast_info,118718
cast_info,118793
cast_info,118813
cast_info,118830
cast_info,118840
cast_info,118844
cast_info,118861
cast_info,118895
cast_info,119027
cast_info,119052
cast_info,119097
cast_info,119120
cast_info,119128
cast_info,119211
cast_info,119217
cast_info,119302
cast_info,119317
cast_info,119326
cast_info,119358
cast_info,119388
cast_info,119651
cast_info,119730
cast_info,119858
cast_info,119895
cast_info,120157
cast_info,120227
cast_info,120245
cast_info,120359
cast_info,120406
cast_info,120415
cast_info,120512
cast_info,120513
cast_info,120528
cast_info,120529
cast_info,120536
cast_info,120564
cast_info,120599
cast_info,120611
cast_info,120637
cast_info,120703
cast_info,120714
cast_info,120718
cast_info,120871
cast_info,120893
cast_info,120961
cast_info,120986
cast_info,121028
cast_info,121190
cast_info,121207
cast_info,121212
cast_info,121337
cast_info,121359
cast_info,121362
cast_info,121457
cast_info,121475
cast_info,121509
cast_info,121513
cast_info,121523
cast_info,121549
cast_info,121563
cast_info,121611
cast_info,121644
cast_info,121793
cast_info,121931
cast_info,121936
cast_info,121962
cast_info,121977
cast_info,121984
cast_info,121985
cast_info,122018
cast_info,122116
cast_info,122127
cast_info,122131
cast_info,122244
cast_info,122424
cast_info,122441
cast_info,122442
cast_info,122443
cast_info,122548
cast_info,122560
cast_info,122590
cast_info,122612
cast_info,122643
cast_info,122650
cast_info,122667
cast_info,122780
cast_info,122809
cast_info,122850
cast_info,122851
cast_info,122899
cast_info,122970
cast_info,122984
cast_info,123214
cast_info,123358
cast_info,123437
cast_info,123511
cast_info,123539
cast_info,123543
cast_info,123561
cast_info,123776
cast_info,123920
cast_info,124036
cast_info,124074
cast_info,124338
cast_info,124371
cast_info,124380
cast_info,124396
cast_info,124430
cast_info,124470
cast_info,124556
cast_info,124586
cast_info,124602
cast_info,124692
cast_info,124797
cast_info,124859
cast_info,124921
cast_info,124942
cast_info,125032
cast_info,125191
cast_info,125268
cast_info,125270
cast_info,125301
cast_info,125306
cast_info,125350
cast_info,125368
cast_info,125388
cast_info,125712
cast_info,125713
cast_info,125864
cast_info,125900
cast_info,125961
cast_info,125975
cast_info,125995
cast_info,126012
cast_info,126033
cast_info,126094
cast_info,126274
cast_info,126316
cast_info,126371
cast_info,126405
cast_info,126406
cast_info,126451
cast_info,126493
cast_info,126502
cast_info,126562
cast_info,126565
cast_info,126585
cast_info,126605
cast_info,126614
cast_info,126658
cast_info,126659
cast_info,126660
cast_info,126730
cast_info,126828
cast_info,126851
cast_info,126883
cast_info,126886
cast_info,126953
cast_info,127016
cast_info,127022
cast_info,127124
cast_info,127185
cast_info,127368
cast_info,127375
cast_info,127420
cast_info,127586
cast_info,127666
cast_info,127695
cast_info,127724
cast_info,127752
cast_info,127913
cast_info,127989
cast_info,127994
cast_info,128039
cast_info,128058
cast_info,128246
cast_info,128294
cast_info,128427
cast_info,128453
cast_info,128517
cast_info,128624
cast_info,128638
cast_info,128720
cast_info,128746
cast_info,128845
cast_info,128848
cast_info,128854
cast_info,128861
cast_info,128944
cast_info,129053
cast_info,129320
cast_info,129399
cast_info,129587
cast_info,130103
cast_info,130282
cast_info,130292
cast_info,130293
cast_info,130375
cast_info,130462
cast_info,130533
cast_info,130557
cast_info,130610
cast_info,130656
cast_info,130657
cast_info,130672
cast_info,130747
cast_info,130748
cast_info,130860
cast_info,130944
cast_info,130951
cast_info,131013
cast_info,131014
cast_info,131072
cast_info,131085
cast_info,131134
cast_info,131135
cast_info,131210
cast_info,131233
cast_info,131280
cast_info,131293
cast_info,131302
cast_info,131306
cast_info,131349
cast_info,131372
cast_info,131435
cast_info,131468
cast_info,131491
cast_info,131524
cast_info,131602
cast_info,131617
cast_info,131669
cast_info,131682
cast_info,131799
cast_info,131842
cast_info,131923
cast_info,131936
cast_info,132003
cast_info,132004
cast_info,132036
cast_info,132073
cast_info,132094
cast_info,132140
cast_info,132141
cast_info,132168
cast_info,132233
cast_info,132256
cast_info,132398
cast_info,132412
cast_info,132487
cast_info,132529
cast_info,132559
cast_info,132698
cast_info,132760
cast_info,132820
cast_info,132821
cast_info,132842
cast_info,132850
cast_info,132873
cast_info,132974
cast_info,132975
cast_info,132980
cast_info,133012
cast_info,133282
cast_info,133284
cast_info,133329
cast_info,133419
cast_info,133438
cast_info,133455
cast_info,133513
cast_info,133515
cast_info,133558
cast_info,133584
cast_info,133585
cast_info,133642
cast_info,133716
cast_info,133726
cast_info,133747
cast_info,133888
cast_info,133891
cast_info,134073
cast_info,134100
cast_info,134131
cast_info,134142
cast_info,134172
cast_info,134185
cast_info,134191
cast_info,134339
cast_info,134345
cast_info,134369
cast_info,134447
cast_info,134484
cast_info,134643
cast_info,134677
cast_info,134697
cast_info,134712
cast_info,134742
cast_info,134795
cast_info,134854
cast_info,134861
cast_info,134864
cast_info,134964
cast_info,134981
cast_info,135099
cast_info,135161
cast_info,135210
cast_info,135299
cast_info,135455
cast_info,135486
cast_info,135562
cast_info,135570
cast_info,135577
cast_info,135620
cast_info,135768
cast_info,135787
cast_info,135871
cast_info,135887
cast_info,136039
cast_info,136216
cast_info,136228
cast_info,136233
cast_info,136301
cast_info,136305
cast_info,136403
cast_info,136404
cast_info,136417
cast_info,136525
cast_info,136620
cast_info,136689
cast_info,136726
cast_info,136888
cast_info,136889
cast_info,136916
cast_info,136953
cast_info,137002
cast_info,137127
cast_info,137146
cast_info,137228
cast_info,137278
cast_info,137303
cast_info,137386
cast_info,137452
cast_info,137462
cast_info,137644
cast_info,137768
cast_info,137774
cast_info,137797
cast_info,137977
cast_info,138043
cast_info,138120
cast_info,138158
cast_info,138166
cast_info,138206
cast_info,138255
cast_info,138274
cast_info,138276
cast_info,138277
cast_info,138280
cast_info,138313
cast_info,138328
cast_info,138414
cast_info,138424
cast_info,138429
cast_info,138464
cast_info,138541
cast_info,138664
cast_info,138690
cast_info,138725
cast_info,138733
cast_info,138754
cast_info,138765
cast_info,138772
cast_info,138814
cast_info,138844
cast_info,138866
cast_info,138964
cast_info,139074
cast_info,139111
cast_info,139167
cast_info,139197
cast_info,139228
cast_info,139278
cast_info,139349
cast_info,139526
cast_info,139682
cast_info,139870
cast_info,139888
cast_info,139891
cast_info,139929
cast_info,139970
cast_info,139997
cast_info,139999
cast_info,140049
cast_info,140062
cast_info,140070
cast_info,140144
cast_info,140194
cast_info,140211
cast_info,140279
cast_info,140295
cast_info,140320
cast_info,140325
cast_info,140334
cast_info,140400
cast_info,140464
cast_info,140465
cast_info,140541
cast_info,140673
cast_info,140708
cast_info,140719
cast_info,140948
cast_info,140994
cast_info,141031
cast_info,141036
cast_info,141157
cast_info,141159
cast_info,141213
cast_info,141258
cast_info,141367
cast_info,141377
cast_info,141492
cast_info,141498
cast_info,141617
cast_info,141638
cast_info,141718
cast_info,141813
cast_info,141849
cast_info,141896
cast_info,142008
cast_info,142051
cast_info,142115
cast_info,142151
cast_info,142152
cast_info,142286
cast_info,142312
cast_info,142341
cast_info,142346
cast_info,142364
cast_info,142459
cast_info,142477
cast_info,142479
cast_info,142870
cast_info,142926
cast_info,143014
cast_info,143120
cast_info,143128
cast_info,143148
cast_info,143197
cast_info,143246
cast_info,143308
cast_info,143316
cast_info,143363
cast_info,143370
cast_info,143400
cast_info,143489
cast_info,143499
cast_info,143548
cast_info,143639
cast_info,143771
cast_info,143798
cast_info,143847
cast_info,143917
cast_info,143961
cast_info,143988
cast_info,144019
cast_info,144046
cast_info,144056
cast_info,144064
cast_info,144066
cast_info,144076
cast_info,144079
cast_info,144147
cast_info,144230
cast_info,144247
cast_info,144261
cast_info,144316
cast_info,144363
cast_info,144784
cast_info,144835
cast_info,144859
cast_info,144916
cast_info,144951
cast_info,144986
cast_info,145031
cast_info,145090
cast_info,145141
cast_info,145164
cast_info,145362
cast_info,145375
cast_info,145432
cast_info,145446
cast_info,145475
cast_info,145589
cast_info,145593
cast_info,145611
cast_info,145616
cast_info,145633
cast_info,145634
cast_info,145647
cast_info,145649
cast_info,145663
cast_info,145672
cast_info,145721
cast_info,145734
cast_info,145852
cast_info,145970
cast_info,146014
cast_info,146055
cast_info,146061
cast_info,146106
cast_info,146345
cast_info,146372
cast_info,146394
cast_info,146499
cast_info,146526
cast_info,146603
cast_info,146619
cast_info,146623
cast_info,146785
cast_info,146786
cast_info,146787
cast_info,146797
cast_info,146916
cast_info,146928
cast_info,146950
cast_info,146959
cast_info,146995
cast_info,147104
cast_info,147138
cast_info,147249
cast_info,147272
cast_info,147364
cast_info,147498
cast_info,147508
cast_info,147551
cast_info,147620
cast_info,147639
cast_info,147668
cast_info,147771
cast_info,147789
cast_info,147795
cast_info,147821
cast_info,147836
cast_info,147846
cast_info,147916
cast_info,147938
cast_info,147983
cast_info,148009
cast_info,148132
cast_info,148235
cast_info,148359
cast_info,148392
cast_info,148488
cast_info,148502
cast_info,148528
cast_info,148593
cast_info,148608
cast_info,148663
cast_info,148672
cast_info,148701
cast_info,148752
cast_info,148753
cast_info,148770
cast_info,148802
cast_info,148876
cast_info,148977
cast_info,148978
cast_info,149012
cast_info,149055
cast_info,149095
cast_info,149110
cast_info,149114
cast_info,149183
cast_info,149343
cast_info,149358
cast_info,149359
cast_info,149403
cast_info,149427
cast_info,149435
cast_info,149436
cast_info,149523
cast_info,149531
cast_info,149601
cast_info,149602
cast_info,149794
cast_info,149813
cast_info,149864
cast_info,149930
cast_info,149998
cast_info,150054
cast_info,150121
cast_info,150167
cast_info,150201
cast_info,150267
cast_info,150334
cast_info,150385
cast_info,150511
cast_info,150515
cast_info,150530
cast_info,150623
cast_info,150638
cast_info,150698
cast_info,150860
cast_info,150867
cast_info,150906
cast_info,151107
cast_info,151143
cast_info,151152
cast_info,151244
cast_info,151303
cast_info,151304
cast_info,151314
cast_info,151433
cast_info,151444
cast_info,151500
cast_info,151516
cast_info,151547
cast_info,151555
cast_info,151556
cast_info,151591
cast_info,151651
cast_info,151722
cast_info,151767
cast_info,152036
cast_info,152217
cast_info,152237
cast_info,152247
cast_info,152307
cast_info,152378
cast_info,152381
cast_info,152427
cast_info,152434
cast_info,152572
cast_info,152689
cast_info,152796
cast_info,152830
cast_info,152936
cast_info,153009
cast_info,153012
cast_info,153025
cast_info,153035
cast_info,153072
cast_info,153119
cast_info,153186
cast_info,153229
cast_info,153275
cast_info,153322
cast_info,153450
cast_info,153454
cast_info,153471
cast_info,153637
cast_info,153659
cast_info,153728
cast_info,153802
cast_info,153855
cast_info,153904
cast_info,154092
cast_info,154207
cast_info,154378
cast_info,154487
cast_info,154547
cast_info,154661
cast_info,154662
cast_info,154769
cast_info,154799
cast_info,154801
cast_info,154823
cast_info,154880
cast_info,154914
cast_info,154947
cast_info,154993
cast_info,155016
cast_info,155051
cast_info,155118
cast_info,155248
cast_info,155267
cast_info,155306
cast_info,155419
cast_info,155487
cast_info,155516
cast_info,155517
cast_info,155592
cast_info,155694
cast_info,155737
cast_info,155771
cast_info,155796
cast_info,155950
cast_info,155960
cast_info,156091
cast_info,156197
cast_info,156210
cast_info,156263
cast_info,156366
cast_info,156385
cast_info,156406
cast_info,156494
cast_info,156496
cast_info,156574
cast_info,156621
cast_info,156745
cast_info,156852
cast_info,156908
cast_info,156923
cast_info,156990
cast_info,157012
cast_info,157097
cast_info,157185
cast_info,157192
cast_info,157230
cast_info,157274
cast_info,157289
cast_info,157361
cast_info,157413
cast_info,157490
cast_info,157570
cast_info,157583
cast_info,157619
cast_info,157682
cast_info,157841
cast_info,157936
cast_info,158050
cast_info,158211
cast_info,158266
cast_info,158274
cast_info,158278
cast_info,158314
cast_info,158353
cast_info,158362
cast_info,158390
cast_info,158525
cast_info,158603
cast_info,158617
cast_info,158666
cast_info,158716
cast_info,158724
cast_info,158903
cast_info,158964
cast_info,159111
cast_info,159177
cast_info,159195
cast_info,159196
cast_info,159265
cast_info,159273
cast_info,159274
cast_info,159284
cast_info,159286
cast_info,159288
cast_info,159438
cast_info,159446
cast_info,159450
cast_info,159457
cast_info,159505
cast_info,159512
cast_info,159539
cast_info,159561
cast_info,159568
cast_info,159681
cast_info,159685
cast_info,159713
cast_info,159744
cast_info,159780
cast_info,159841
cast_info,159842
cast_info,159870
cast_info,159924
cast_info,160013
cast_info,160178
cast_info,160187
cast_info,160262
cast_info,160301
cast_info,160378
cast_info,160404
cast_info,160448
cast_info,160527
cast_info,160534
cast_info,160547
cast_info,160549
cast_info,160592
cast_info,160603
cast_info,160667
cast_info,160694
cast_info,160710
cast_info,160740
cast_info,160821
cast_info,160834
cast_info,160849
cast_info,160861
cast_info,160862
cast_info,160875
cast_info,160893
cast_info,160938
cast_info,160940
cast_info,160977
cast_info,161081
cast_info,161128
cast_info,161157
cast_info,161220
cast_info,161266
cast_info,161343
cast_info,161456
cast_info,161505
cast_info,161545
cast_info,161558
cast_info,161644
cast_info,161687
cast_info,161705
cast_info,161715
cast_info,161754
cast_info,161787
cast_info,161794
cast_info,161938
cast_info,162135
cast_info,162225
cast_info,162246
cast_info,162279
cast_info,162287
cast_info,162304
cast_info,162323
cast_info,162469
cast_info,162605
cast_info,162619
cast_info,162620
cast_info,162621
cast_info,162653
cast_info,162657
cast_info,162726
cast_info,162727
cast_info,162767
cast_info,162803
cast_info,162879
cast_info,162926
cast_info,162992
cast_info,162996
cast_info,163052
cast_info,163364
cast_info,163378
cast_info,163441
cast_info,163489
cast_info,163493
cast_info,163514
cast_info,163536
cast_info,163550
cast_info,163608
cast_info,163615
cast_info,163621
cast_info,163623
cast_info,163644
cast_info,163719
cast_info,163744
cast_info,163758
cast_info,163798
cast_info,163847
cast_info,163863
cast_info,164056
cast_info,164082
cast_info,164254
cast_info,164256
cast_info,164317
cast_info,164474
cast_info,164486
cast_info,164493
cast_info,164593
cast_info,164595
cast_info,164771
cast_info,164784
cast_info,164829
cast_info,164908
cast_info,164925
cast_info,164938
cast_info,165027
cast_info,165054
cast_info,165143
cast_info,165236
cast_info,165264
cast_info,165392
cast_info,165458
cast_info,165465
cast_info,165472
cast_info,165616
cast_info,165670
cast_info,165735
cast_info,165736
cast_info,165763
cast_info,165768
cast_info,165781
cast_info,165826
cast_info,165860
cast_info,165896
cast_info,165897
cast_info,166028
cast_info,166062
cast_info,166073
cast_info,166091
cast_info,166092
cast_info,166093
cast_info,166144
cast_info,166333
cast_info,166341
cast_info,166369
cast_info,166370
cast_info,166374
cast_info,166380
cast_info,166483
cast_info,166508
cast_info,166579
cast_info,166599
cast_info,166655
cast_info,166719
cast_info,166720
cast_info,166770
cast_info,166804
cast_info,167035
cast_info,167038
cast_info,167108
cast_info,167113
cast_info,167120
cast_info,167123
cast_info,167180
cast_info,167249
cast_info,167265
cast_info,167289
cast_info,167313
cast_info,167350
cast_info,167365
cast_info,167447
cast_info,167474
cast_info,167567
cast_info,167661
cast_info,167662
cast_info,167682
cast_info,167760
cast_info,167790
cast_info,167807
cast_info,167811
cast_info,167947
cast_info,167992
cast_info,167993
cast_info,168123
cast_info,168162
cast_info,168277
cast_info,168280
cast_info,168361
cast_info,168402
cast_info,168405
cast_info,168489
cast_info,168827
cast_info,168850
cast_info,168855
cast_info,168862
cast_info,168950
cast_info,168959
cast_info,169035
cast_info,169094
cast_info,169106
cast_info,169107
cast_info,169146
cast_info,169205
cast_info,169330
cast_info,169343
cast_info,169348
cast_info,169410
cast_info,169503
cast_info,169515
cast_info,169591
cast_info,169657
cast_info,169670
cast_info,169672
cast_info,169682
cast_info,169714
cast_info,169732
cast_info,169792
cast_info,169830
cast_info,169859
cast_info,169890
cast_info,169940
cast_info,169981
cast_info,170165
cast_info,170184
cast_info,170204
cast_info,170257
cast_info,170270
cast_info,170278
cast_info,170411
cast_info,170499
cast_info,170506
cast_info,170548
cast_info,170620
cast_info,170626
cast_info,170649
cast_info,170661
cast_info,170667
cast_info,170676
cast_info,170749
cast_info,170778
cast_info,170790
cast_info,170803
cast_info,170904
cast_info,171039
cast_info,171065
cast_info,171073
cast_info,171080
cast_info,171290
cast_info,171311
cast_info,171318
cast_info,171345
cast_info,171349
cast_info,171369
cast_info,171370
cast_info,171547
cast_info,171569
cast_info,171583
cast_info,171591
cast_info,171681
cast_info,171690
cast_info,171757
cast_info,171776
cast_info,171863
cast_info,171948
cast_info,171950
cast_info,171985
cast_info,171991
cast_info,172012
cast_info,172049
cast_info,172183
cast_info,172210
cast_info,172289
cast_info,172290
cast_info,172328
cast_info,172340
cast_info,172440
cast_info,172456
cast_info,172458
cast_info,172492
cast_info,172535
cast_info,172664
cast_info,172706
cast_info,172745
cast_info,172802
cast_info,172808
cast_info,172833
cast_info,172842
cast_info,172906
cast_info,172910
cast_info,172944
cast_info,172959
cast_info,172962
cast_info,172977
cast_info,172988
cast_info,173016
cast_info,173017
cast_info,173020
cast_info,173033
cast_info,173044
cast_info,173070
cast_info,173087
cast_info,173176
cast_info,173177
cast_info,173186
cast_info,173192
cast_info,173194
cast_info,173246
cast_info,173310
cast_info,173360
cast_info,173418
cast_info,173435
cast_info,173472
cast_info,173481
cast_info,173488
cast_info,173499
cast_info,173504
cast_info,173629
cast_info,173650
cast_info,173661
cast_info,173686
cast_info,173698
cast_info,173719
cast_info,173749
cast_info,173880
cast_info,174013
cast_info,174063
cast_info,174194
cast_info,174242
cast_info,174315
cast_info,174334
cast_info,174404
cast_info,174472
cast_info,174497
cast_info,174505
cast_info,174644
cast_info,174646
cast_info,174668
cast_info,174705
cast_info,174795
cast_info,174868
cast_info,174939
cast_info,174956
cast_info,174969
cast_info,174980
cast_info,175061
cast_info,175371
cast_info,175422
cast_info,175452
cast_info,175483
cast_info,175487
cast_info,175520
cast_info,175560
cast_info,175569
cast_info,175626
cast_info,175785
cast_info,175787
cast_info,175792
cast_info,175807
cast_info,175810
cast_info,175852
cast_info,175873
cast_info,175897
cast_info,175923
cast_info,175976
cast_info,175989
cast_info,175996
cast_info,176027
cast_info,176072
cast_info,176087
cast_info,176102
cast_info,176142
cast_info,176179
cast_info,176186
cast_info,176243
cast_info,176244
cast_info,176247
cast_info,176259
cast_info,176327
cast_info,176360
cast_info,176458
cast_info,176627
cast_info,176637
cast_info,176706
cast_info,176711
cast_info,176772
cast_info,176838
cast_info,176925
cast_info,176973
cast_info,177036
cast_info,177048
cast_info,177049
cast_info,177074
cast_info,177132
cast_info,177135
cast_info,177166
cast_info,177208
cast_info,177209
cast_info,177218
cast_info,177241
cast_info,177264
cast_info,177269
cast_info,177312
cast_info,177375
cast_info,177430
cast_info,177461
cast_info,177657
cast_info,177659
cast_info,177669
cast_info,177830
cast_info,177844
cast_info,177847
cast_info,177877
cast_info,178002
cast_info,178056
cast_info,178101
cast_info,178125
cast_info,178305
cast_info,178347
cast_info,178351
cast_info,178510
cast_info,178612
cast_info,178634
cast_info,178636
cast_info,178720
cast_info,178743
cast_info,178938
cast_info,178939
cast_info,179039
cast_info,179105
cast_info,179132
cast_info,179240
cast_info,179276
cast_info,179298
cast_info,179365
cast_info,179409
cast_info,179456
cast_info,179547
cast_info,179556
cast_info,179576
cast_info,179641
cast_info,179649
cast_info,179680
cast_info,179689
cast_info,179717
cast_info,179753
cast_info,179807
cast_info,179832
cast_info,179943
cast_info,180003
cast_info,180038
cast_info,180121
cast_info,180219
cast_info,180282
cast_info,180308
cast_info,180324
cast_info,180366
cast_info,180386
cast_info,180390
cast_info,180397
cast_info,180401
cast_info,180413
cast_info,180469
cast_info,180503
cast_info,180617
cast_info,180669
cast_info,180693
cast_info,180708
cast_info,180975
cast_info,181044
cast_info,181061
cast_info,181191
cast_info,181213
cast_info,181230
cast_info,181291
cast_info,181352
cast_info,181366
cast_info,181477
cast_info,181504
cast_info,181607
cast_info,181639
cast_info,181665
cast_info,181755
cast_info,181811
cast_info,181867
cast_info,181931
cast_info,182017
cast_info,182039
cast_info,182086
cast_info,182107
cast_info,182373
cast_info,182427
cast_info,182468
cast_info,182543
cast_info,182544
cast_info,182609
cast_info,182610
cast_info,182613
cast_info,182647
cast_info,182709
cast_info,182736
cast_info,182750
cast_info,182768
cast_info,182791
cast_info,182809
cast_info,182879
cast_info,182950
cast_info,183019
cast_info,183103
cast_info,183146
cast_info,183247
cast_info,183294
cast_info,183352
cast_info,183391
cast_info,183411
cast_info,183448
cast_info,183507
cast_info,183562
cast_info,183646
cast_info,183731
cast_info,183807
cast_info,183906
cast_info,183927
cast_info,184103
cast_info,184110
cast_info,184131
cast_info,184197
cast_info,184205
cast_info,184265
cast_info,184294
cast_info,184427
cast_info,184437
cast_info,184442
cast_info,184463
cast_info,184536
cast_info,184588
cast_info,184598
cast_info,184605
cast_info,184610
cast_info,184611
cast_info,184643
cast_info,184648
cast_info,184751
cast_info,184752
cast_info,184822
cast_info,184831
cast_info,184849
cast_info,184884
cast_info,184896
cast_info,184993
cast_info,184998
cast_info,185001
cast_info,185009
cast_info,185032
cast_info,185147
cast_info,185152
cast_info,185214
cast_info,185216
cast_info,185272
cast_info,185326
cast_info,185375
cast_info,185730
cast_info,185801
cast_info,185920
cast_info,186102
cast_info,186145
cast_info,186179
cast_info,186290
cast_info,186294
cast_info,186329
cast_info,186382
cast_info,186722
cast_info,186741
cast_info,186786
cast_info,186886
cast_info,186920
cast_info,186950
cast_info,187067
cast_info,187122
cast_info,187248
cast_info,187395
cast_info,187472
cast_info,187571
cast_info,187598
cast_info,187780
cast_info,187781
cast_info,187862
cast_info,187976
cast_info,188012
cast_info,188030
cast_info,188127
cast_info,188153
cast_info,188186
cast_info,188256
cast_info,188302
cast_info,188313
cast_info,188363
cast_info,188383
cast_info,188391
cast_info,188762
cast_info,188800
cast_info,188995
cast_info,189056
cast_info,189193
cast_info,189235
cast_info,189269
cast_info,189440
cast_info,189479
cast_info,189528
cast_info,189798
cast_info,189852
cast_info,189986
cast_info,190004
cast_info,190114
cast_info,190261
cast_info,190525
cast_info,190582
cast_info,190750
cast_info,190811
cast_info,190884
cast_info,191031
cast_info,191108
cast_info,191157
cast_info,191206
cast_info,191208
cast_info,191209
cast_info,191228
cast_info,191381
cast_info,191411
cast_info,191474
cast_info,191482
cast_info,191518
cast_info,191519
cast_info,191543
cast_info,191643
cast_info,191708
cast_info,191755
cast_info,191810
cast_info,191864
cast_info,191882
cast_info,191904
cast_info,191929
cast_info,191950
cast_info,191973
cast_info,192002
cast_info,192010
cast_info,192029
cast_info,192042
cast_info,192105
cast_info,192112
cast_info,192146
cast_info,192239
cast_info,192278
cast_info,192356
cast_info,192360
cast_info,192426
cast_info,192440
cast_info,192485
cast_info,192549
cast_info,192551
cast_info,192556
cast_info,192562
cast_info,192597
cast_info,192683
cast_info,192707
cast_info,192711
cast_info,192795
cast_info,192798
cast_info,192831
cast_info,192872
cast_info,192917
cast_info,192976
cast_info,193009
cast_info,193013
cast_info,193086
cast_info,193102
cast_info,193118
cast_info,193234
cast_info,193236
cast_info,193307
cast_info,193319
cast_info,193321
cast_info,193365
cast_info,193450
cast_info,193453
cast_info,193477
cast_info,193478
cast_info,193523
cast_info,193528
cast_info,193643
cast_info,193645
cast_info,193672
cast_info,193673
cast_info,193752
cast_info,193794
cast_info,193809
cast_info,193864
cast_info,193887
cast_info,193892
cast_info,193905
cast_info,193913
cast_info,193921
cast_info,193942
cast_info,193943
cast_info,193957
cast_info,193965
cast_info,193986
cast_info,193991
cast_info,193999
cast_info,194099
cast_info,194116
cast_info,194169
cast_info,194220
cast_info,194254
cast_info,194258
cast_info,194293
cast_info,194381
cast_info,194390
cast_info,194418
cast_info,194426
cast_info,194454
cast_info,194551
cast_info,194599
cast_info,194605
cast_info,194688
cast_info,194841
cast_info,194903
cast_info,194933
cast_info,194951
cast_info,194952
cast_info,195038
cast_info,195046
cast_info,195129
cast_info,195145
cast_info,195173
cast_info,195174
cast_info,195186
cast_info,195229
cast_info,195247
cast_info,195281
cast_info,195312
cast_info,195436
cast_info,195447
cast_info,195467
cast_info,195506
cast_info,195569
cast_info,195598
cast_info,195820
cast_info,195960
cast_info,196167
cast_info,196284
cast_info,196406
cast_info,196428
cast_info,196480
cast_info,196483
cast_info,196577
cast_info,196598
cast_info,196605
cast_info,196689
cast_info,196745
cast_info,196763
cast_info,196864
cast_info,197063
cast_info,197066
cast_info,197088
cast_info,197102
cast_info,197108
cast_info,197143
cast_info,197154
cast_info,197160
cast_info,197161
cast_info,197194
cast_info,197197
cast_info,197267
cast_info,197272
cast_info,197282
cast_info,197332
cast_info,197368
cast_info,197394
cast_info,197411
cast_info,197475
cast_info,197492
cast_info,197519
cast_info,197523
cast_info,197528
cast_info,197585
cast_info,197606
cast_info,197748
cast_info,197825
cast_info,197838
cast_info,197873
cast_info,197929
cast_info,197982
cast_info,198019
cast_info,198041
cast_info,198056
cast_info,198175
cast_info,198193
cast_info,198311
cast_info,198366
cast_info,198426
cast_info,198536
cast_info,198558
cast_info,198622
cast_info,198635
cast_info,198642
cast_info,198674
cast_info,198731
cast_info,198765
cast_info,198941
cast_info,198949
cast_info,199043
cast_info,199045
cast_info,199064
cast_info,199078
cast_info,199112
cast_info,199144
cast_info,199202
cast_info,199254
cast_info,199313
cast_info,199348
cast_info,199352
cast_info,199478
cast_info,199491
cast_info,199536
cast_info,199542
cast_info,199550
cast_info,199569
cast_info,199679
cast_info,199743
cast_info,199854
cast_info,199864
cast_info,199946
cast_info,199954
cast_info,200024
cast_info,200041
cast_info,200066
cast_info,200067
cast_info,200076
cast_info,200091
cast_info,200116
cast_info,200132
cast_info,200164
cast_info,200338
cast_info,200382
cast_info,200478
cast_info,200553
cast_info,200575
cast_info,200606
cast_info,200607
cast_info,200655
cast_info,200669
cast_info,200706
cast_info,200750
cast_info,200766
cast_info,200809
cast_info,200853
cast_info,200907
cast_info,200947
cast_info,200989
cast_info,200994
cast_info,201008
cast_info,201029
cast_info,201057
cast_info,201074
cast_info,201077
cast_info,201109
cast_info,201161
cast_info,201254
cast_info,201299
cast_info,201307
cast_info,201391
cast_info,201394
cast_info,201414
cast_info,201469
cast_info,201470
cast_info,201526
cast_info,201573
cast_info,201595
cast_info,201605
cast_info,201623
cast_info,201629
cast_info,201687
cast_info,201756
cast_info,201885
cast_info,201937
cast_info,202007
cast_info,202015
cast_info,202032
cast_info,202058
cast_info,202072
cast_info,202077
cast_info,202098
cast_info,202150
cast_info,202165
cast_info,202209
cast_info,202212
cast_info,202249
cast_info,202353
cast_info,202463
cast_info,202529
cast_info,202543
cast_info,202597
cast_info,202709
cast_info,202886
cast_info,202887
cast_info,202892
cast_info,202916
cast_info,203066
cast_info,203078
cast_info,203162
cast_info,203245
cast_info,203274
cast_info,203345
cast_info,203402
cast_info,203411
cast_info,203414
cast_info,203428
cast_info,203504
cast_info,203583
cast_info,203621
cast_info,203718
cast_info,203824
cast_info,203892
cast_info,203897
cast_info,204122
cast_info,204171
cast_info,204227
cast_info,204257
cast_info,204361
cast_info,204397
cast_info,204613
cast_info,204614
cast_info,204640
cast_info,204641
cast_info,204650
cast_info,204681
cast_info,204737
cast_info,204999
cast_info,205095
cast_info,205118
cast_info,205140
cast_info,205228
cast_info,205231
cast_info,205242
cast_info,205282
cast_info,205357
cast_info,205358
cast_info,205373
cast_info,205380
cast_info,205388
cast_info,205432
cast_info,205510
cast_info,205643
cast_info,205654
cast_info,205679
cast_info,205736
cast_info,205774
cast_info,205893
cast_info,205905
cast_info,205914
cast_info,205963
cast_info,205988
cast_info,206085
cast_info,206110
cast_info,206142
cast_info,206190
cast_info,206279
cast_info,206312
cast_info,206348
cast_info,206395
cast_info,206405
cast_info,206444
cast_info,206456
cast_info,206592
cast_info,206618
cast_info,206649
cast_info,206699
cast_info,206727
cast_info,206756
cast_info,206791
cast_info,206793
cast_info,206813
cast_info,206910
cast_info,206920
cast_info,206930
cast_info,206964
cast_info,207013
cast_info,207054
cast_info,207064
cast_info,207098
cast_info,207163
cast_info,207182
cast_info,207200
cast_info,207234
cast_info,207277
cast_info,207302
cast_info,207320
cast_info,207385
cast_info,207406
cast_info,207493
cast_info,207499
cast_info,207510
cast_info,207571
cast_info,207581
cast_info,207610
cast_info,207632
cast_info,207638
cast_info,207667
cast_info,207684
cast_info,207767
cast_info,207775
cast_info,207777
cast_info,207977
cast_info,208029
cast_info,208071
cast_info,208276
cast_info,208369
cast_info,208372
cast_info,208386
cast_info,208416
cast_info,208524
cast_info,208540
cast_info,208543
cast_info,208620
cast_info,208631
cast_info,208702
cast_info,208744
cast_info,208778
cast_info,208789
cast_info,208837
cast_info,208854
cast_info,208875
cast_info,208895
cast_info,208991
cast_info,209012
cast_info,209070
cast_info,209126
cast_info,209154
cast_info,209180
cast_info,209192
cast_info,209238
cast_info,209271
cast_info,209291
cast_info,209292
cast_info,209426
cast_info,209556
cast_info,209576
cast_info,209586
cast_info,209632
cast_info,209677
cast_info,209682
cast_info,209731
cast_info,209808
cast_info,209854
cast_info,209879
cast_info,209935
cast_info,209968
cast_info,210062
cast_info,210073
cast_info,210185
cast_info,210410
cast_info,210478
cast_info,210518
cast_info,210536
cast_info,210574
cast_info,210624
cast_info,210677
cast_info,210832
cast_info,210836
cast_info,210840
cast_info,210865
cast_info,210982
cast_info,210998
cast_info,211017
cast_info,211097
cast_info,211115
cast_info,211117
cast_info,211244
cast_info,211313
cast_info,211338
cast_info,211412
cast_info,211438
cast_info,211468
cast_info,211494
cast_info,211564
cast_info,211576
cast_info,211586
cast_info,211595
cast_info,211603
cast_info,211607
cast_info,211616
cast_info,211660
cast_info,211684
cast_info,211733
cast_info,211762
cast_info,211779
cast_info,211806
cast_info,211964
cast_info,212036
cast_info,212044
cast_info,212046
cast_info,212093
cast_info,212127
cast_info,212165
cast_info,212202
cast_info,212403
cast_info,212466
cast_info,212525
cast_info,212602
cast_info,212606
cast_info,212628
cast_info,212677
cast_info,212705
cast_info,212748
cast_info,212818
cast_info,212940
cast_info,213002
cast_info,213003
cast_info,213008
cast_info,213034
cast_info,213064
cast_info,213079
cast_info,213097
cast_info,213109
cast_info,213113
cast_info,213119
cast_info,213126
cast_info,213141
cast_info,213146
cast_info,213148
cast_info,213153
cast_info,213157
cast_info,213162
cast_info,213173
cast_info,213175
cast_info,213217
cast_info,213218
cast_info,213233
cast_info,213252
cast_info,213258
cast_info,213300
cast_info,213322
cast_info,213348
cast_info,213350
cast_info,213355
cast_info,213358
cast_info,213368
cast_info,213413
cast_info,213414
cast_info,213422
cast_info,213443
cast_info,213444
cast_info,213503
cast_info,213507
cast_info,213574
cast_info,213575
cast_info,213578
cast_info,213596
cast_info,213607
cast_info,213611
cast_info,213614
cast_info,213617
cast_info,213618
cast_info,213655
cast_info,213670
cast_info,213690
cast_info,213696
cast_info,213701
cast_info,213707
cast_info,213711
cast_info,213718
cast_info,213721
cast_info,213727
cast_info,213729
cast_info,213733
cast_info,213734
cast_info,213738
cast_info,213740
cast_info,213742
cast_info,213743
cast_info,213751
cast_info,213760
cast_info,213764
cast_info,213765
cast_info,213816
cast_info,213825
cast_info,213829
cast_info,213844
cast_info,213845
cast_info,213858
cast_info,213867
cast_info,213882
cast_info,213886
cast_info,213912
cast_info,213915
cast_info,213922
cast_info,213926
cast_info,213927
cast_info,213929
cast_info,213935
cast_info,213938
cast_info,213990
cast_info,213993
cast_info,213994
cast_info,214001
cast_info,214006
cast_info,214039
cast_info,214051
cast_info,214052
cast_info,214054
cast_info,214055
cast_info,214082
cast_info,214091
cast_info,214094
cast_info,214119
cast_info,214137
cast_info,214141
cast_info,214144
cast_info,214153
cast_info,214177
cast_info,214190
cast_info,214195
cast_info,214208
cast_info,214210
cast_info,214228
cast_info,214249
cast_info,214274
cast_info,214275
cast_info,214310
cast_info,214311
cast_info,214319
cast_info,214327
cast_info,214330
cast_info,214341
cast_info,214348
cast_info,214352
cast_info,214358
cast_info,214363
cast_info,214366
cast_info,214391
cast_info,214403
cast_info,214406
cast_info,214414
cast_info,214431
cast_info,214460
cast_info,214489
cast_info,214491
cast_info,214495
cast_info,214508
cast_info,214513
cast_info,214517
cast_info,214547
cast_info,214551
cast_info,214553
cast_info,214558
cast_info,214571
cast_info,214582
cast_info,214604
cast_info,214618
cast_info,214623
cast_info,214637
cast_info,214670
cast_info,214702
cast_info,214723
cast_info,214725
cast_info,214736
cast_info,214740
cast_info,214762
cast_info,214769
cast_info,214772
cast_info,214775
cast_info,214781
cast_info,214806
cast_info,214818
cast_info,214832
cast_info,214856
cast_info,214868
cast_info,214869
cast_info,214876
cast_info,214901
cast_info,214907
cast_info,214929
cast_info,214945
cast_info,214946
cast_info,214949
cast_info,214951
cast_info,214961
cast_info,214981
cast_info,215000
cast_info,215008
cast_info,215030
cast_info,215068
cast_info,215104
cast_info,215113
cast_info,215120
cast_info,215126
cast_info,215143
cast_info,215146
cast_info,215166
cast_info,215173
cast_info,215193
cast_info,215217
cast_info,215218
cast_info,215219
cast_info,215228
cast_info,215246
cast_info,215266
cast_info,215280
cast_info,215282
cast_info,215311
cast_info,215315
cast_info,215347
cast_info,215350
cast_info,215353
cast_info,215364
cast_info,215371
cast_info,215374
cast_info,215377
cast_info,215394
cast_info,215396
cast_info,215397
cast_info,215403
cast_info,215420
cast_info,215440
cast_info,215442
cast_info,215447
cast_info,215483
cast_info,215487
cast_info,215513
cast_info,215533
cast_info,215536
cast_info,215538
cast_info,215540
cast_info,215541
cast_info,215545
cast_info,215595
cast_info,215603
cast_info,215615
cast_info,215619
cast_info,215643
cast_info,215664
cast_info,215670
cast_info,215675
cast_info,215682
cast_info,215685
cast_info,215694
cast_info,215698
cast_info,215715
cast_info,215752
cast_info,215776
cast_info,215778
cast_info,215797
cast_info,215804
cast_info,215822
cast_info,215836
cast_info,215842
cast_info,215843
cast_info,215864
cast_info,215865
cast_info,215866
cast_info,215905
cast_info,215906
cast_info,215914
cast_info,215928
cast_info,215962
cast_info,215966
cast_info,215971
cast_info,215974
cast_info,215995
cast_info,216002
cast_info,216020
cast_info,216022
cast_info,216037
cast_info,216068
cast_info,216080
cast_info,216097
cast_info,216111
cast_info,216115
cast_info,216133
cast_info,216139
cast_info,216142
cast_info,216162
cast_info,216168
cast_info,216169
cast_info,216170
cast_info,216172
cast_info,216180
cast_info,216193
cast_info,216200
cast_info,216201
cast_info,216202
cast_info,216212
cast_info,216217
cast_info,216218
cast_info,216234
cast_info,216235
cast_info,216240
cast_info,216241
cast_info,216244
cast_info,216253
cast_info,216255
cast_info,216257
cast_info,216277
cast_info,216292
cast_info,216303
cast_info,216311
cast_info,216318
cast_info,216325
cast_info,216328
cast_info,216350
cast_info,216357
cast_info,216360
cast_info,216375
cast_info,216383
cast_info,216391
cast_info,216393
cast_info,216399
cast_info,216404
cast_info,216408
cast_info,216410
cast_info,216415
cast_info,216435
cast_info,216443
cast_info,216444
cast_info,216459
cast_info,216461
cast_info,216477
cast_info,216478
cast_info,216481
cast_info,216484
cast_info,216500
cast_info,216533
cast_info,216537
cast_info,216578
cast_info,216594
cast_info,216620
cast_info,216629
cast_info,216630
cast_info,216634
cast_info,216637
cast_info,216650
cast_info,216663
cast_info,216665
cast_info,216698
cast_info,216715
cast_info,216719
cast_info,216723
cast_info,216724
cast_info,216754
cast_info,216757
cast_info,216758
cast_info,216761
cast_info,216773
cast_info,216776
cast_info,216778
cast_info,216819
cast_info,216822
cast_info,216838
cast_info,216854
cast_info,216866
cast_info,216873
cast_info,216897
cast_info,216916
cast_info,216923
cast_info,216927
cast_info,216929
cast_info,216935
cast_info,216936
cast_info,216947
cast_info,216954
cast_info,216966
cast_info,216969
cast_info,216994
cast_info,217013
cast_info,217088
cast_info,217096
cast_info,217111
cast_info,217118
cast_info,217159
cast_info,217179
cast_info,217205
cast_info,217240
cast_info,217266
cast_info,217270
cast_info,217284
cast_info,217290
cast_info,217296
cast_info,217316
cast_info,217325
cast_info,217333
cast_info,217367
cast_info,217393
cast_info,217420
cast_info,217445
cast_info,217450
cast_info,217455
cast_info,217465
cast_info,217472
cast_info,217483
cast_info,217487
cast_info,217515
cast_info,217520
cast_info,217522
cast_info,217537
cast_info,217541
cast_info,217559
cast_info,217568
cast_info,217585
cast_info,217598
cast_info,217599
cast_info,217602
cast_info,217617
cast_info,217621
cast_info,217623
cast_info,217626
cast_info,217627
cast_info,217635
cast_info,217636
cast_info,217653
cast_info,217661
cast_info,217670
cast_info,217672
cast_info,217686
cast_info,217689
cast_info,217693
cast_info,217696
cast_info,217726
cast_info,217752
cast_info,217786
cast_info,217796
cast_info,217829
cast_info,217861
cast_info,217904
cast_info,217923
cast_info,217930
cast_info,217932
cast_info,217948
cast_info,217953
cast_info,217955
cast_info,217969
cast_info,217990
cast_info,218002
cast_info,218007
cast_info,218013
cast_info,218014
cast_info,218027
cast_info,218038
cast_info,218045
cast_info,218047
cast_info,218054
cast_info,218068
cast_info,218078
cast_info,218082
cast_info,218086
cast_info,218087
cast_info,218097
cast_info,218098
cast_info,218135
cast_info,218144
cast_info,218146
cast_info,218148
cast_info,218149
cast_info,218175
cast_info,218188
cast_info,218196
cast_info,218197
cast_info,218204
cast_info,218207
cast_info,218208
cast_info,218217
cast_info,218225
cast_info,218227
cast_info,218232
cast_info,218233
cast_info,218248
cast_info,218252
cast_info,218255
cast_info,218266
cast_info,218269
cast_info,218277
cast_info,218279
cast_info,218282
cast_info,218287
cast_info,218332
cast_info,218339
cast_info,218349
cast_info,218354
cast_info,218359
cast_info,218360
cast_info,218404
cast_info,218422
cast_info,218427
cast_info,218445
cast_info,218449
cast_info,218457
cast_info,218467
cast_info,218474
cast_info,218476
cast_info,218523
cast_info,218536
cast_info,218550
cast_info,218551
cast_info,218570
cast_info,218589
cast_info,218599
cast_info,218619
cast_info,218650
cast_info,218664
cast_info,218667
cast_info,218672
cast_info,218683
cast_info,218687
cast_info,218707
cast_info,218737
cast_info,218739
cast_info,218745
cast_info,218760
cast_info,218763
cast_info,218769
cast_info,218771
cast_info,218773
cast_info,218774
cast_info,218776
cast_info,218778
cast_info,218779
cast_info,218781
cast_info,218783
cast_info,218786
cast_info,218787
cast_info,218792
cast_info,218793
cast_info,218819
cast_info,218820
cast_info,218845
cast_info,218847
cast_info,218849
cast_info,218853
cast_info,218868
cast_info,218879
cast_info,218892
cast_info,218902
cast_info,218903
cast_info,218906
cast_info,218911
cast_info,218912
cast_info,218916
cast_info,218921
cast_info,218955
cast_info,218963
cast_info,218964
cast_info,218965
cast_info,218972
cast_info,218973
cast_info,219001
cast_info,219017
cast_info,219024
cast_info,219039
cast_info,219042
cast_info,219048
cast_info,219049
cast_info,219069
cast_info,219075
cast_info,219102
cast_info,219111
cast_info,219134
cast_info,219136
cast_info,219143
cast_info,219147
cast_info,219176
cast_info,219185
cast_info,219188
cast_info,219204
cast_info,219216
cast_info,219217
cast_info,219224
cast_info,219225
cast_info,219251
cast_info,219260
cast_info,219261
cast_info,219273
cast_info,219290
cast_info,219299
cast_info,219305
cast_info,219316
cast_info,219328
cast_info,219344
cast_info,219361
cast_info,219371
cast_info,219372
cast_info,219400
cast_info,219450
cast_info,219452
cast_info,219474
cast_info,219475
cast_info,219516
cast_info,219518
cast_info,219538
cast_info,219548
cast_info,219553
cast_info,219593
cast_info,219601
cast_info,219628
cast_info,219648
cast_info,219649
cast_info,219661
cast_info,219668
cast_info,219682
cast_info,219696
cast_info,219704
cast_info,219717
cast_info,219740
cast_info,219773
cast_info,219788
cast_info,219810
cast_info,219824
cast_info,219827
cast_info,219831
cast_info,219856
cast_info,219859
cast_info,219868
cast_info,219871
cast_info,219876
cast_info,219918
cast_info,219934
cast_info,219939
cast_info,219964
cast_info,219983
cast_info,219984
cast_info,219990
cast_info,220019
cast_info,220022
cast_info,220064
cast_info,220069
cast_info,220081
cast_info,220094
cast_info,220107
cast_info,220130
cast_info,220132
cast_info,220135
cast_info,220147
cast_info,220172
cast_info,220196
cast_info,220203
cast_info,220216
cast_info,220245
cast_info,220268
cast_info,220310
cast_info,220318
cast_info,220320
cast_info,220341
cast_info,220347
cast_info,220371
cast_info,220394
cast_info,220423
cast_info,220447
cast_info,220451
cast_info,220474
cast_info,220488
cast_info,220489
cast_info,220503
cast_info,220507
cast_info,220521
cast_info,220545
cast_info,220547
cast_info,220555
cast_info,220569
cast_info,220593
cast_info,220594
cast_info,220600
cast_info,220603
cast_info,220605
cast_info,220619
cast_info,220651
cast_info,220677
cast_info,220688
cast_info,220699
cast_info,220715
cast_info,220720
cast_info,220724
cast_info,220769
cast_info,220783
cast_info,220784
cast_info,220787
cast_info,220806
cast_info,220807
cast_info,220838
cast_info,220847
cast_info,220862
cast_info,220866
cast_info,220871
cast_info,220877
cast_info,220879
cast_info,220940
cast_info,220988
cast_info,220994
cast_info,221015
cast_info,221021
cast_info,221022
cast_info,221034
cast_info,221035
cast_info,221042
cast_info,221046
cast_info,221049
cast_info,221057
cast_info,221069
cast_info,221083
cast_info,221109
cast_info,221110
cast_info,221112
cast_info,221115
cast_info,221161
cast_info,221174
cast_info,221183
cast_info,221184
cast_info,221187
cast_info,221200
cast_info,221207
cast_info,221208
cast_info,221235
cast_info,221252
cast_info,221254
cast_info,221260
cast_info,221262
cast_info,221266
cast_info,221284
cast_info,221296
cast_info,221299
cast_info,221320
cast_info,221327
cast_info,221333
cast_info,221349
cast_info,221371
cast_info,221377
cast_info,221411
cast_info,221443
cast_info,221444
cast_info,221460
cast_info,221475
cast_info,221478
cast_info,221487
cast_info,221522
cast_info,221550
cast_info,221574
cast_info,221583
cast_info,221605
cast_info,221621
cast_info,221622
cast_info,221625
cast_info,221632
cast_info,221650
cast_info,221655
cast_info,221671
cast_info,221677
cast_info,221679
cast_info,221699
cast_info,221722
cast_info,221752
cast_info,221756
cast_info,221759
cast_info,221781
cast_info,221794
cast_info,221795
cast_info,221826
cast_info,221855
cast_info,221875
cast_info,221899
cast_info,221911
cast_info,221934
cast_info,221952
cast_info,221976
cast_info,221991
cast_info,221994
cast_info,222015
cast_info,222021
cast_info,222026
cast_info,222045
cast_info,222055
cast_info,222060
cast_info,222061
cast_info,222080
cast_info,222112
cast_info,222113
cast_info,222119
cast_info,222120
cast_info,222122
cast_info,222132
cast_info,222138
cast_info,222141
cast_info,222175
cast_info,222211
cast_info,222238
cast_info,222255
cast_info,222263
cast_info,222270
cast_info,222279
cast_info,222280
cast_info,222283
cast_info,222288
cast_info,222289
cast_info,222296
cast_info,222299
cast_info,222307
cast_info,222310
cast_info,222312
cast_info,222348
cast_info,222356
cast_info,222359
cast_info,222367
cast_info,222374
cast_info,222392
cast_info,222394
cast_info,222397
cast_info,222404
cast_info,222418
cast_info,222428
cast_info,222429
cast_info,222440
cast_info,222450
cast_info,222459
cast_info,222473
cast_info,222474
cast_info,222500
cast_info,222507
cast_info,222525
cast_info,222531
cast_info,222558
cast_info,222570
cast_info,222572
cast_info,222620
cast_info,222624
cast_info,222625
cast_info,222642
cast_info,222657
cast_info,222667
cast_info,222677
cast_info,222683
cast_info,222689
cast_info,222698
cast_info,222699
cast_info,222706
cast_info,222708
cast_info,222720
cast_info,222722
cast_info,222730
cast_info,222736
cast_info,222739
cast_info,222763
cast_info,222773
cast_info,222776
cast_info,222787
cast_info,222791
cast_info,222792
cast_info,222804
cast_info,222816
cast_info,222822
cast_info,222825
cast_info,222834
cast_info,222851
cast_info,222859
cast_info,222876
cast_info,222878
cast_info,222892
cast_info,222900
cast_info,222913
cast_info,222917
cast_info,222935
cast_info,222936
cast_info,222942
cast_info,222944
cast_info,222945
cast_info,222952
cast_info,222954
cast_info,222964
cast_info,222982
cast_info,222992
cast_info,222998
cast_info,223014
cast_info,223020
cast_info,223029
cast_info,223043
cast_info,223048
cast_info,223057
cast_info,223068
cast_info,223072
cast_info,223089
cast_info,223097
cast_info,223130
cast_info,223135
cast_info,223139
cast_info,223174
cast_info,223183
cast_info,223189
cast_info,223193
cast_info,223198
cast_info,223200
cast_info,223252
cast_info,223254
cast_info,223267
cast_info,223275
cast_info,223279
cast_info,223315
cast_info,223316
cast_info,223326
cast_info,223328
cast_info,223332
cast_info,223333
cast_info,223360
cast_info,223364
cast_info,223374
cast_info,223387
cast_info,223390
cast_info,223391
cast_info,223393
cast_info,223396
cast_info,223427
cast_info,223440
cast_info,223451
cast_info,223460
cast_info,223463
cast_info,223467
cast_info,223493
cast_info,223494
cast_info,223515
cast_info,223516
cast_info,223518
cast_info,223532
cast_info,223538
cast_info,223541
cast_info,223543
cast_info,223549
cast_info,223561
cast_info,223563
cast_info,223572
cast_info,223573
cast_info,223576
cast_info,223585
cast_info,223586
cast_info,223587
cast_info,223588
cast_info,223592
cast_info,223609
cast_info,223613
cast_info,223615
cast_info,223630
cast_info,223631
cast_info,223637
cast_info,223647
cast_info,223698
cast_info,223702
cast_info,223703
cast_info,223706
cast_info,223710
cast_info,223734
cast_info,223740
cast_info,223741
cast_info,223764
cast_info,223765
cast_info,223785
cast_info,223794
cast_info,223800
cast_info,223823
cast_info,223829
cast_info,223833
cast_info,223834
cast_info,223851
cast_info,223862
cast_info,223884
cast_info,223899
cast_info,223902
cast_info,223913
cast_info,223939
cast_info,223942
cast_info,223946
cast_info,223963
cast_info,223969
cast_info,224021
cast_info,224038
cast_info,224042
cast_info,224052
cast_info,224057
cast_info,224065
cast_info,224068
cast_info,224070
cast_info,224103
cast_info,224129
cast_info,224134
cast_info,224136
cast_info,224143
cast_info,224149
cast_info,224151
cast_info,224157
cast_info,224169
cast_info,224173
cast_info,224174
cast_info,224175
cast_info,224214
cast_info,224220
cast_info,224221
cast_info,224222
cast_info,224227
cast_info,224267
cast_info,224268
cast_info,224275
cast_info,224280
cast_info,224284
cast_info,224292
cast_info,224309
cast_info,224314
cast_info,224325
cast_info,224340
cast_info,224353
cast_info,224354
cast_info,224355
cast_info,224381
cast_info,224383
cast_info,224392
cast_info,224441
cast_info,224442
cast_info,224454
cast_info,224468
cast_info,224484
cast_info,224501
cast_info,224512
cast_info,224534
cast_info,224541
cast_info,224592
cast_info,224615
cast_info,224621
cast_info,224660
cast_info,224664
cast_info,224672
cast_info,224679
cast_info,224717
cast_info,224722
cast_info,224730
cast_info,224731
cast_info,224732
cast_info,224735
cast_info,224755
cast_info,224763
cast_info,224766
cast_info,224767
cast_info,224774
cast_info,224789
cast_info,224806
cast_info,224818
cast_info,224825
cast_info,224837
cast_info,224842
cast_info,224849
cast_info,224864
cast_info,224883
cast_info,224885
cast_info,224906
cast_info,224933
cast_info,224946
cast_info,224950
cast_info,224974
cast_info,224988
cast_info,225019
cast_info,225024
cast_info,225027
cast_info,225037
cast_info,225043
cast_info,225045
cast_info,225052
cast_info,225056
cast_info,225058
cast_info,225066
cast_info,225080
cast_info,225088
cast_info,225090
cast_info,225093
cast_info,225099
cast_info,225106
cast_info,225122
cast_info,225132
cast_info,225133
cast_info,225159
cast_info,225184
cast_info,225189
cast_info,225192
cast_info,225210
cast_info,225215
cast_info,225221
cast_info,225224
cast_info,225239
cast_info,225255
cast_info,225266
cast_info,225270
cast_info,225284
cast_info,225285
cast_info,225294
cast_info,225295
cast_info,225298
cast_info,225321
cast_info,225326
cast_info,225357
cast_info,225400
cast_info,225405
cast_info,225408
cast_info,225422
cast_info,225431
cast_info,225446
cast_info,225481
cast_info,225482
cast_info,225538
cast_info,225542
cast_info,225546
cast_info,225565
cast_info,225597
cast_info,225615
cast_info,225618
cast_info,225628
cast_info,225649
cast_info,225653
cast_info,225672
cast_info,225701
cast_info,225738
cast_info,225747
cast_info,225752
cast_info,225768
cast_info,225793
cast_info,225803
cast_info,225808
cast_info,225840
cast_info,225844
cast_info,225853
cast_info,225888
cast_info,225891
cast_info,225892
cast_info,225907
cast_info,225908
cast_info,225979
cast_info,226001
cast_info,226009
cast_info,226049
cast_info,226058
cast_info,226064
cast_info,226071
cast_info,226072
cast_info,226078
cast_info,226098
cast_info,226106
cast_info,226113
cast_info,226117
cast_info,226129
cast_info,226137
cast_info,226165
cast_info,226169
cast_info,226171
cast_info,226172
cast_info,226178
cast_info,226183
cast_info,226210
cast_info,226228
cast_info,226229
cast_info,226231
cast_info,226234
cast_info,226239
cast_info,226244
cast_info,226259
cast_info,226262
cast_info,226273
cast_info,226274
cast_info,226278
cast_info,226287
cast_info,226304
cast_info,226310
cast_info,226314
cast_info,226369
cast_info,226382
cast_info,226395
cast_info,226402
cast_info,226409
cast_info,226426
cast_info,226436
cast_info,226441
cast_info,226446
cast_info,226450
cast_info,226456
cast_info,226457
cast_info,226464
cast_info,226484
cast_info,226488
cast_info,226491
cast_info,226508
cast_info,226512
cast_info,226535
cast_info,226539
cast_info,226545
cast_info,226550
cast_info,226567
cast_info,226577
cast_info,226602
cast_info,226625
cast_info,226649
cast_info,226651
cast_info,226657
cast_info,226668
cast_info,226701
cast_info,226706
cast_info,226709
cast_info,226715
cast_info,226730
cast_info,226731
cast_info,226742
cast_info,226778
cast_info,226794
cast_info,226800
cast_info,226827
cast_info,226830
cast_info,226845
cast_info,226856
cast_info,226868
cast_info,226872
cast_info,226875
cast_info,226876
cast_info,226887
cast_info,226906
cast_info,226922
cast_info,226926
cast_info,226931
cast_info,226955
cast_info,226957
cast_info,226965
cast_info,226967
cast_info,226972
cast_info,226975
cast_info,226995
cast_info,227002
cast_info,227008
cast_info,227025
cast_info,227048
cast_info,227051
cast_info,227053
cast_info,227067
cast_info,227107
cast_info,227117
cast_info,227121
cast_info,227138
cast_info,227140
cast_info,227147
cast_info,227154
cast_info,227163
cast_info,227189
cast_info,227195
cast_info,227207
cast_info,227210
cast_info,227216
cast_info,227223
cast_info,227226
cast_info,227234
cast_info,227241
cast_info,227242
cast_info,227261
cast_info,227275
cast_info,227296
cast_info,227300
cast_info,227306
cast_info,227308
cast_info,227312
cast_info,227325
cast_info,227328
cast_info,227382
cast_info,227385
cast_info,227398
cast_info,227410
cast_info,227421
cast_info,227472
cast_info,227478
cast_info,227479
cast_info,227500
cast_info,227510
cast_info,227528
cast_info,227531
cast_info,227546
cast_info,227606
cast_info,227641
cast_info,227642
cast_info,227647
cast_info,227654
cast_info,227655
cast_info,227671
cast_info,227680
cast_info,227691
cast_info,227713
cast_info,227719
cast_info,227722
cast_info,227734
cast_info,227741
cast_info,227745
cast_info,227756
cast_info,227757
cast_info,227767
cast_info,227768
cast_info,227787
cast_info,227798
cast_info,227824
cast_info,227836
cast_info,227837
cast_info,227843
cast_info,227848
cast_info,227851
cast_info,227857
cast_info,227860
cast_info,227861
cast_info,227894
cast_info,227915
cast_info,227921
cast_info,227924
cast_info,227928
cast_info,227943
cast_info,227988
cast_info,227991
cast_info,227994
cast_info,227996
cast_info,228006
cast_info,228009
cast_info,228055
cast_info,228080
cast_info,228085
cast_info,228094
cast_info,228095
cast_info,228101
cast_info,228103
cast_info,228104
cast_info,228114
cast_info,228125
cast_info,228131
cast_info,228133
cast_info,228140
cast_info,228146
cast_info,228157
cast_info,228180
cast_info,228191
cast_info,228195
cast_info,228208
cast_info,228226
cast_info,228238
cast_info,228253
cast_info,228255
cast_info,228262
cast_info,228283
cast_info,228285
cast_info,228293
cast_info,228296
cast_info,228298
cast_info,228324
cast_info,228332
cast_info,228358
cast_info,228360
cast_info,228364
cast_info,228390
cast_info,228395
cast_info,228402
cast_info,228421
cast_info,228422
cast_info,228432
cast_info,228436
cast_info,228443
cast_info,228448
cast_info,228456
cast_info,228458
cast_info,228460
cast_info,228534
cast_info,228535
cast_info,228542
cast_info,228562
cast_info,228565
cast_info,228572
cast_info,228580
cast_info,228582
cast_info,228583
cast_info,228585
cast_info,228593
cast_info,228619
cast_info,228640
cast_info,228644
cast_info,228668
cast_info,228676
cast_info,228680
cast_info,228687
cast_info,228711
cast_info,228715
cast_info,228717
cast_info,228720
cast_info,228727
cast_info,228732
cast_info,228749
cast_info,228758
cast_info,228764
cast_info,228765
cast_info,228774
cast_info,228776
cast_info,228777
cast_info,228781
cast_info,228784
cast_info,228798
cast_info,228801
cast_info,228805
cast_info,228807
cast_info,228825
cast_info,228831
cast_info,228859
cast_info,228860
cast_info,228862
cast_info,228865
cast_info,228881
cast_info,228889
cast_info,228901
cast_info,228915
cast_info,228923
cast_info,228943
cast_info,228944
cast_info,228951
cast_info,228961
cast_info,228963
cast_info,228964
cast_info,228983
cast_info,228994
cast_info,228997
cast_info,229002
cast_info,229013
cast_info,229018
cast_info,229049
cast_info,229055
cast_info,229075
cast_info,229091
cast_info,229094
cast_info,229095
cast_info,229097
cast_info,229109
cast_info,229120
cast_info,229127
cast_info,229149
cast_info,229182
cast_info,229186
cast_info,229198
cast_info,229208
cast_info,229213
cast_info,229231
cast_info,229239
cast_info,229241
cast_info,229242
cast_info,229248
cast_info,229276
cast_info,229291
cast_info,229302
cast_info,229303
cast_info,229306
cast_info,229309
cast_info,229310
cast_info,229317
cast_info,229318
cast_info,229319
cast_info,229321
cast_info,229325
cast_info,229331
cast_info,229339
cast_info,229353
cast_info,229359
cast_info,229367
cast_info,229387
cast_info,229393
cast_info,229407
cast_info,229409
cast_info,229412
cast_info,229440
cast_info,229443
cast_info,229445
cast_info,229447
cast_info,229448
cast_info,229474
cast_info,229525
cast_info,229540
cast_info,229547
cast_info,229555
cast_info,229560
cast_info,229567
cast_info,229569
cast_info,229588
cast_info,229595
cast_info,229608
cast_info,229629
cast_info,229631
cast_info,229632
cast_info,229639
cast_info,229651
cast_info,229656
cast_info,229657
cast_info,229672
cast_info,229673
cast_info,229675
cast_info,229677
cast_info,229678
cast_info,229681
cast_info,229687
cast_info,229703
cast_info,229720
cast_info,229741
cast_info,229755
cast_info,229762
cast_info,229773
cast_info,229791
cast_info,229801
cast_info,229812
cast_info,229813
cast_info,229815
cast_info,229822
cast_info,229823
cast_info,229825
cast_info,229826
cast_info,229827
cast_info,229840
cast_info,229842
cast_info,229857
cast_info,229860
cast_info,229896
cast_info,229900
cast_info,229902
cast_info,229903
cast_info,229916
cast_info,229919
cast_info,229922
cast_info,229949
cast_info,229958
cast_info,229967
cast_info,229973
cast_info,229985
cast_info,230007
cast_info,230022
cast_info,230036
cast_info,230056
cast_info,230062
cast_info,230067
cast_info,230068
cast_info,230085
cast_info,230120
cast_info,230126
cast_info,230142
cast_info,230147
cast_info,230158
cast_info,230166
cast_info,230179
cast_info,230191
cast_info,230207
cast_info,230211
cast_info,230222
cast_info,230234
cast_info,230238
cast_info,230260
cast_info,230267
cast_info,230270
cast_info,230271
cast_info,230296
cast_info,230301
cast_info,230306
cast_info,230335
cast_info,230336
cast_info,230373
cast_info,230378
cast_info,230386
cast_info,230388
cast_info,230397
cast_info,230401
cast_info,230413
cast_info,230416
cast_info,230429
cast_info,230441
cast_info,230445
cast_info,230447
cast_info,230455
cast_info,230457
cast_info,230483
cast_info,230486
cast_info,230488
cast_info,230514
cast_info,230516
cast_info,230518
cast_info,230530
cast_info,230553
cast_info,230572
cast_info,230587
cast_info,230593
cast_info,230604
cast_info,230635
cast_info,230636
cast_info,230658
cast_info,230664
cast_info,230670
cast_info,230688
cast_info,230699
cast_info,230720
cast_info,230739
cast_info,230742
cast_info,230767
cast_info,230787
cast_info,230796
cast_info,230800
cast_info,230837
cast_info,230846
cast_info,230852
cast_info,230861
cast_info,230865
cast_info,230872
cast_info,230875
cast_info,230876
cast_info,230877
cast_info,230893
cast_info,230897
cast_info,230910
cast_info,230912
cast_info,230920
cast_info,230922
cast_info,230926
cast_info,230933
cast_info,230952
cast_info,230960
cast_info,230973
cast_info,230992
cast_info,230996
cast_info,230998
cast_info,231001
cast_info,231004
cast_info,231005
cast_info,231007
cast_info,231008
cast_info,231011
cast_info,231020
cast_info,231024
cast_info,231036
cast_info,231045
cast_info,231058
cast_info,231064
cast_info,231071
cast_info,231081
cast_info,231086
cast_info,231108
cast_info,231113
cast_info,231116
cast_info,231124
cast_info,231127
cast_info,231131
cast_info,231156
cast_info,231158
cast_info,231166
cast_info,231168
cast_info,231171
cast_info,231177
cast_info,231183
cast_info,231193
cast_info,231196
cast_info,231204
cast_info,231208
cast_info,231209
cast_info,231224
cast_info,231247
cast_info,231256
cast_info,231278
cast_info,231283
cast_info,231288
cast_info,231301
cast_info,231305
cast_info,231306
cast_info,231309
cast_info,231319
cast_info,231325
cast_info,231333
cast_info,231337
cast_info,231376
cast_info,231378
cast_info,231407
cast_info,231417
cast_info,231421
cast_info,231461
cast_info,231489
cast_info,231490
cast_info,231521
cast_info,231525
cast_info,231529
cast_info,231532
cast_info,231533
cast_info,231550
cast_info,231568
cast_info,231573
cast_info,231586
cast_info,231600
cast_info,231629
cast_info,231633
cast_info,231650
cast_info,231663
cast_info,231668
cast_info,231669
cast_info,231671
cast_info,231676
cast_info,231679
cast_info,231769
cast_info,231777
cast_info,231781
cast_info,231782
cast_info,231783
cast_info,231785
cast_info,231805
cast_info,231806
cast_info,231810
cast_info,231823
cast_info,231829
cast_info,231846
cast_info,231857
cast_info,231867
cast_info,231875
cast_info,231876
cast_info,231877
cast_info,231878
cast_info,231880
cast_info,231881
cast_info,231889
cast_info,231893
cast_info,231894
cast_info,231920
cast_info,231931
cast_info,231940
cast_info,231945
cast_info,231984
cast_info,231995
cast_info,231998
cast_info,232015
cast_info,232024
cast_info,232040
cast_info,232042
cast_info,232049
cast_info,232063
cast_info,232078
cast_info,232079
cast_info,232080
cast_info,232108
cast_info,232109
cast_info,232116
cast_info,232117
cast_info,232124
cast_info,232131
cast_info,232147
cast_info,232149
cast_info,232169
cast_info,232171
cast_info,232177
cast_info,232206
cast_info,232217
cast_info,232218
cast_info,232231
cast_info,232236
cast_info,232244
cast_info,232248
cast_info,232253
cast_info,232270
cast_info,232272
cast_info,232283
cast_info,232287
cast_info,232295
cast_info,232296
cast_info,232324
cast_info,232326
cast_info,232343
cast_info,232372
cast_info,232373
cast_info,232419
cast_info,232422
cast_info,232425
cast_info,232426
cast_info,232436
cast_info,232437
cast_info,232439
cast_info,232445
cast_info,232455
cast_info,232456
cast_info,232460
cast_info,232488
cast_info,232493
cast_info,232499
cast_info,232503
cast_info,232506
cast_info,232510
cast_info,232514
cast_info,232516
cast_info,232519
cast_info,232521
cast_info,232529
cast_info,232546
cast_info,232547
cast_info,232549
cast_info,232574
cast_info,232576
cast_info,232581
cast_info,232593
cast_info,232598
cast_info,232600
cast_info,232606
cast_info,232610
cast_info,232619
cast_info,232626
cast_info,232627
cast_info,232640
cast_info,232676
cast_info,232685
cast_info,232690
cast_info,232694
cast_info,232697
cast_info,232705
cast_info,232711
cast_info,232717
cast_info,232723
cast_info,232724
cast_info,232735
cast_info,232738
cast_info,232750
cast_info,232762
cast_info,232787
cast_info,232808
cast_info,232825
cast_info,232830
cast_info,232832
cast_info,232842
cast_info,232854
cast_info,232858
cast_info,232868
cast_info,232870
cast_info,232908
cast_info,232916
cast_info,232962
cast_info,232965
cast_info,232972
cast_info,232976
cast_info,233020
cast_info,233022
cast_info,233043
cast_info,233050
cast_info,233056
cast_info,233074
cast_info,233080
cast_info,233114
cast_info,233126
cast_info,233147
cast_info,233151
cast_info,233155
cast_info,233159
cast_info,233161
cast_info,233165
cast_info,233169
cast_info,233171
cast_info,233206
cast_info,233207
cast_info,233225
cast_info,233245
cast_info,233252
cast_info,233265
cast_info,233266
cast_info,233275
cast_info,233282
cast_info,233284
cast_info,233297
cast_info,233319
cast_info,233327
cast_info,233330
cast_info,233331
cast_info,233343
cast_info,233347
cast_info,233353
cast_info,233362
cast_info,233363
cast_info,233376
cast_info,233390
cast_info,233399
cast_info,233402
cast_info,233422
cast_info,233424
cast_info,233425
cast_info,233466
cast_info,233480
cast_info,233500
cast_info,233516
cast_info,233529
cast_info,233532
cast_info,233542
cast_info,233573
cast_info,233588
cast_info,233595
cast_info,233598
cast_info,233599
cast_info,233609
cast_info,233611
cast_info,233618
cast_info,233619
cast_info,233636
cast_info,233648
cast_info,233656
cast_info,233663
cast_info,233694
cast_info,233711
cast_info,233713
cast_info,233717
cast_info,233718
cast_info,233733
cast_info,233736
cast_info,233742
cast_info,233755
cast_info,233757
cast_info,233775
cast_info,233790
cast_info,233791
cast_info,233820
cast_info,233825
cast_info,233833
cast_info,233843
cast_info,233862
cast_info,233878
cast_info,233889
cast_info,233898
cast_info,233902
cast_info,233921
cast_info,233936
cast_info,233953
cast_info,233991
cast_info,233994
cast_info,233997
cast_info,234024
cast_info,234028
cast_info,234029
cast_info,234035
cast_info,234036
cast_info,234038
cast_info,234040
cast_info,234077
cast_info,234078
cast_info,234089
cast_info,234118
cast_info,234125
cast_info,234129
cast_info,234142
cast_info,234186
cast_info,234188
cast_info,234199
cast_info,234244
cast_info,234249
cast_info,234250
cast_info,234259
cast_info,234282
cast_info,234288
cast_info,234321
cast_info,234333
cast_info,234341
cast_info,234360
cast_info,234361
cast_info,234370
cast_info,234385
cast_info,234395
cast_info,234430
cast_info,234434
cast_info,234444
cast_info,234458
cast_info,234468
cast_info,234471
cast_info,234479
cast_info,234511
cast_info,234537
cast_info,234540
cast_info,234548
cast_info,234551
cast_info,234563
cast_info,234566
cast_info,234568
cast_info,234617
cast_info,234627
cast_info,234630
cast_info,234658
cast_info,234675
cast_info,234693
cast_info,234706
cast_info,234708
cast_info,234710
cast_info,234733
cast_info,234735
cast_info,234776
cast_info,234780
cast_info,234817
cast_info,234875
cast_info,234876
cast_info,234881
cast_info,234901
cast_info,234906
cast_info,234907
cast_info,234929
cast_info,234936
cast_info,234939
cast_info,234941
cast_info,234973
cast_info,234988
cast_info,235033
cast_info,235040
cast_info,235083
cast_info,235108
cast_info,235129
cast_info,235133
cast_info,235135
cast_info,235142
cast_info,235143
cast_info,235162
cast_info,235172
cast_info,235176
cast_info,235181
cast_info,235201
cast_info,235216
cast_info,235222
cast_info,235246
cast_info,235248
cast_info,235251
cast_info,235256
cast_info,235262
cast_info,235264
cast_info,235297
cast_info,235302
cast_info,235328
cast_info,235354
cast_info,235365
cast_info,235383
cast_info,235391
cast_info,235395
cast_info,235412
cast_info,235425
cast_info,235431
cast_info,235433
cast_info,235437
cast_info,235440
cast_info,235456
cast_info,235457
cast_info,235487
cast_info,235493
cast_info,235504
cast_info,235517
cast_info,235524
cast_info,235534
cast_info,235543
cast_info,235545
cast_info,235556
cast_info,235562
cast_info,235583
cast_info,235593
cast_info,235601
cast_info,235609
cast_info,235615
cast_info,235622
cast_info,235627
cast_info,235655
cast_info,235659
cast_info,235675
cast_info,235678
cast_info,235697
cast_info,235720
cast_info,235722
cast_info,235732
cast_info,235735
cast_info,235743
cast_info,235768
cast_info,235794
cast_info,235801
cast_info,235852
cast_info,235857
cast_info,235864
cast_info,235866
cast_info,235869
cast_info,235875
cast_info,235880
cast_info,235894
cast_info,235913
cast_info,235916
cast_info,235928
cast_info,235975
cast_info,235979
cast_info,235982
cast_info,235989
cast_info,235990
cast_info,235996
cast_info,236023
cast_info,236036
cast_info,236048
cast_info,236058
cast_info,236063
cast_info,236064
cast_info,236080
cast_info,236085
cast_info,236091
cast_info,236106
cast_info,236129
cast_info,236137
cast_info,236138
cast_info,236140
cast_info,236151
cast_info,236166
cast_info,236182
cast_info,236184
cast_info,236185
cast_info,236186
cast_info,236190
cast_info,236192
cast_info,236193
cast_info,236207
cast_info,236209
cast_info,236228
cast_info,236250
cast_info,236252
cast_info,236259
cast_info,236262
cast_info,236270
cast_info,236285
cast_info,236294
cast_info,236328
cast_info,236361
cast_info,236374
cast_info,236382
cast_info,236387
cast_info,236398
cast_info,236412
cast_info,236421
cast_info,236431
cast_info,236445
cast_info,236460
cast_info,236478
cast_info,236482
cast_info,236493
cast_info,236497
cast_info,236518
cast_info,236524
cast_info,236544
cast_info,236545
cast_info,236557
cast_info,236569
cast_info,236584
cast_info,236589
cast_info,236604
cast_info,236623
cast_info,236685
cast_info,236686
cast_info,236726
cast_info,236759
cast_info,236766
cast_info,236767
cast_info,236773
cast_info,236782
cast_info,236797
cast_info,236801
cast_info,236812
cast_info,236815
cast_info,236831
cast_info,236835
cast_info,236846
cast_info,236847
cast_info,236855
cast_info,236857
cast_info,236872
cast_info,236880
cast_info,236906
cast_info,236922
cast_info,236924
cast_info,236956
cast_info,236957
cast_info,236960
cast_info,236964
cast_info,236974
cast_info,236991
cast_info,236993
cast_info,237003
cast_info,237036
cast_info,237073
cast_info,237086
cast_info,237090
cast_info,237096
cast_info,237119
cast_info,237136
cast_info,237137
cast_info,237138
cast_info,237139
cast_info,237142
cast_info,237148
cast_info,237150
cast_info,237158
cast_info,237170
cast_info,237176
cast_info,237191
cast_info,237194
cast_info,237204
cast_info,237207
cast_info,237229
cast_info,237322
cast_info,237334
cast_info,237359
cast_info,237374
cast_info,237385
cast_info,237415
cast_info,237416
cast_info,237439
cast_info,237480
cast_info,237492
cast_info,237507
cast_info,237510
cast_info,237512
cast_info,237520
cast_info,237528
cast_info,237538
cast_info,237543
cast_info,237585
cast_info,237586
cast_info,237617
cast_info,237647
cast_info,237653
cast_info,237656
cast_info,237657
cast_info,237667
cast_info,237705
cast_info,237711
cast_info,237715
cast_info,237716
cast_info,237718
cast_info,237740
cast_info,237759
cast_info,237767
cast_info,237785
cast_info,237797
cast_info,237798
cast_info,237833
cast_info,237839
cast_info,237842
cast_info,237844
cast_info,237854
cast_info,237858
cast_info,237861
cast_info,237868
cast_info,237869
cast_info,237873
cast_info,237874
cast_info,237906
cast_info,237913
cast_info,237914
cast_info,237918
cast_info,237927
cast_info,237935
cast_info,237946
cast_info,237947
cast_info,237952
cast_info,237971
cast_info,237978
cast_info,237985
cast_info,237987
cast_info,237999
cast_info,238011
cast_info,238030
cast_info,238045
cast_info,238072
cast_info,238080
cast_info,238081
cast_info,238122
cast_info,238123
cast_info,238125
cast_info,238130
cast_info,238131
cast_info,238138
cast_info,238141
cast_info,238160
cast_info,238167
cast_info,238229
cast_info,238243
cast_info,238244
cast_info,238245
cast_info,238246
cast_info,238252
cast_info,238267
cast_info,238273
cast_info,238279
cast_info,238288
cast_info,238303
cast_info,238331
cast_info,238332
cast_info,238338
cast_info,238339
cast_info,238356
cast_info,238362
cast_info,238363
cast_info,238370
cast_info,238376
cast_info,238385
cast_info,238389
cast_info,238410
cast_info,238413
cast_info,238414
cast_info,238416
cast_info,238419
cast_info,238429
cast_info,238451
cast_info,238455
cast_info,238475
cast_info,238513
cast_info,238518
cast_info,238522
cast_info,238544
cast_info,238565
cast_info,238579
cast_info,238592
cast_info,238601
cast_info,238607
cast_info,238612
cast_info,238613
cast_info,238627
cast_info,238641
cast_info,238642
cast_info,238675
cast_info,238681
cast_info,238689
cast_info,238756
cast_info,238779
cast_info,238783
cast_info,238790
cast_info,238802
cast_info,238823
cast_info,238837
cast_info,238838
cast_info,238846
cast_info,238867
cast_info,238900
cast_info,238920
cast_info,238980
cast_info,238990
cast_info,238991
cast_info,238993
cast_info,239007
cast_info,239008
cast_info,239009
cast_info,239025
cast_info,239027
cast_info,239042
cast_info,239061
cast_info,239067
cast_info,239068
cast_info,239109
cast_info,239130
cast_info,239140
cast_info,239163
cast_info,239165
cast_info,239203
cast_info,239205
cast_info,239210
cast_info,239217
cast_info,239218
cast_info,239221
cast_info,239231
cast_info,239248
cast_info,239251
cast_info,239253
cast_info,239263
cast_info,239268
cast_info,239277
cast_info,239284
cast_info,239294
cast_info,239310
cast_info,239328
cast_info,239329
cast_info,239353
cast_info,239362
cast_info,239363
cast_info,239384
cast_info,239390
cast_info,239396
cast_info,239404
cast_info,239405
cast_info,239429
cast_info,239438
cast_info,239449
cast_info,239453
cast_info,239464
cast_info,239467
cast_info,239477
cast_info,239487
cast_info,239532
cast_info,239534
cast_info,239555
cast_info,239556
cast_info,239560
cast_info,239562
cast_info,239565
cast_info,239574
cast_info,239585
cast_info,239587
cast_info,239594
cast_info,239596
cast_info,239603
cast_info,239612
cast_info,239615
cast_info,239656
cast_info,239661
cast_info,239709
cast_info,239712
cast_info,239718
cast_info,239739
cast_info,239766
cast_info,239768
cast_info,239769
cast_info,239790
cast_info,239805
cast_info,239809
cast_info,239859
cast_info,239862
cast_info,239878
cast_info,239887
cast_info,239913
cast_info,239940
cast_info,239961
cast_info,239972
cast_info,239992
cast_info,240012
cast_info,240020
cast_info,240052
cast_info,240057
cast_info,240060
cast_info,240061
cast_info,240069
cast_info,240080
cast_info,240082
cast_info,240087
cast_info,240089
cast_info,240122
cast_info,240131
cast_info,240137
cast_info,240149
cast_info,240152
cast_info,240175
cast_info,240176
cast_info,240183
cast_info,240188
cast_info,240190
cast_info,240210
cast_info,240218
cast_info,240224
cast_info,240229
cast_info,240236
cast_info,240247
cast_info,240260
cast_info,240267
cast_info,240270
cast_info,240272
cast_info,240279
cast_info,240296
cast_info,240304
cast_info,240305
cast_info,240306
cast_info,240307
cast_info,240317
cast_info,240340
cast_info,240356
cast_info,240364
cast_info,240375
cast_info,240377
cast_info,240379
cast_info,240438
cast_info,240444
cast_info,240445
cast_info,240446
cast_info,240453
cast_info,240470
cast_info,240482
cast_info,240486
cast_info,240507
cast_info,240519
cast_info,240523
cast_info,240570
cast_info,240583
cast_info,240605
cast_info,240612
cast_info,240613
cast_info,240628
cast_info,240634
cast_info,240636
cast_info,240664
cast_info,240680
cast_info,240681
cast_info,240688
cast_info,240708
cast_info,240741
cast_info,240743
cast_info,240755
cast_info,240783
cast_info,240791
cast_info,240795
cast_info,240813
cast_info,240815
cast_info,240845
cast_info,240846
cast_info,240851
cast_info,240865
cast_info,240879
cast_info,240888
cast_info,240891
cast_info,240902
cast_info,240905
cast_info,240931
cast_info,240935
cast_info,240940
cast_info,240941
cast_info,240950
cast_info,240960
cast_info,240961
cast_info,240976
cast_info,240980
cast_info,240984
cast_info,240988
cast_info,240989
cast_info,241008
cast_info,241019
cast_info,241037
cast_info,241039
cast_info,241043
cast_info,241054
cast_info,241058
cast_info,241059
cast_info,241061
cast_info,241097
cast_info,241103
cast_info,241104
cast_info,241146
cast_info,241158
cast_info,241168
cast_info,241169
cast_info,241188
cast_info,241194
cast_info,241198
cast_info,241220
cast_info,241254
cast_info,241259
cast_info,241279
cast_info,241295
cast_info,241308
cast_info,241309
cast_info,241319
cast_info,241325
cast_info,241332
cast_info,241336
cast_info,241347
cast_info,241367
cast_info,241373
cast_info,241406
cast_info,241412
cast_info,241417
cast_info,241420
cast_info,241422
cast_info,241454
cast_info,241477
cast_info,241481
cast_info,241504
cast_info,241505
cast_info,241506
cast_info,241514
cast_info,241521
cast_info,241538
cast_info,241559
cast_info,241572
cast_info,241595
cast_info,241628
cast_info,241632
cast_info,241643
cast_info,241644
cast_info,241650
cast_info,241654
cast_info,241655
cast_info,241656
cast_info,241669
cast_info,241689
cast_info,241690
cast_info,241710
cast_info,241715
cast_info,241727
cast_info,241752
cast_info,241769
cast_info,241787
cast_info,241794
cast_info,241802
cast_info,241805
cast_info,241829
cast_info,241864
cast_info,241887
cast_info,241891
cast_info,241912
cast_info,241914
cast_info,241922
cast_info,241950
cast_info,241956
cast_info,241959
cast_info,241975
cast_info,241976
cast_info,241978
cast_info,241995
cast_info,241998
cast_info,242034
cast_info,242035
cast_info,242041
cast_info,242059
cast_info,242070
cast_info,242097
cast_info,242114
cast_info,242130
cast_info,242131
cast_info,242144
cast_info,242147
cast_info,242158
cast_info,242180
cast_info,242182
cast_info,242234
cast_info,242247
cast_info,242265
cast_info,242271
cast_info,242281
cast_info,242285
cast_info,242286
cast_info,242297
cast_info,242309
cast_info,242339
cast_info,242368
cast_info,242376
cast_info,242379
cast_info,242390
cast_info,242394
cast_info,242402
cast_info,242410
cast_info,242413
cast_info,242436
cast_info,242447
cast_info,242456
cast_info,242476
cast_info,242484
cast_info,242485
cast_info,242499
cast_info,242510
cast_info,242514
cast_info,242528
cast_info,242538
cast_info,242559
cast_info,242567
cast_info,242574
cast_info,242580
cast_info,242592
cast_info,242593
cast_info,242602
cast_info,242657
cast_info,242670
cast_info,242685
cast_info,242692
cast_info,242705
cast_info,242706
cast_info,242734
cast_info,242744
cast_info,242745
cast_info,242752
cast_info,242774
cast_info,242783
cast_info,242788
cast_info,242795
cast_info,242817
cast_info,242824
cast_info,242854
cast_info,242866
cast_info,242914
cast_info,242918
cast_info,242919
cast_info,242931
cast_info,242936
cast_info,242945
cast_info,242953
cast_info,242957
cast_info,242967
cast_info,242974
cast_info,243011
cast_info,243015
cast_info,243021
cast_info,243030
cast_info,243034
cast_info,243045
cast_info,243076
cast_info,243102
cast_info,243109
cast_info,243112
cast_info,243113
cast_info,243143
cast_info,243146
cast_info,243151
cast_info,243154
cast_info,243182
cast_info,243185
cast_info,243200
cast_info,243260
cast_info,243266
cast_info,243282
cast_info,243312
cast_info,243320
cast_info,243331
cast_info,243332
cast_info,243336
cast_info,243340
cast_info,243368
cast_info,243376
cast_info,243397
cast_info,243399
cast_info,243404
cast_info,243405
cast_info,243441
cast_info,243476
cast_info,243479
cast_info,243483
cast_info,243519
cast_info,243554
cast_info,243557
cast_info,243564
cast_info,243565
cast_info,243569
cast_info,243571
cast_info,243575
cast_info,243579
cast_info,243581
cast_info,243597
cast_info,243602
cast_info,243618
cast_info,243625
cast_info,243638
cast_info,243642
cast_info,243653
cast_info,243655
cast_info,243659
cast_info,243667
cast_info,243675
cast_info,243686
cast_info,243691
cast_info,243715
cast_info,243721
cast_info,243753
cast_info,243765
cast_info,243766
cast_info,243773
cast_info,243776
cast_info,243777
cast_info,243784
cast_info,243795
cast_info,243819
cast_info,243825
cast_info,243846
cast_info,243867
cast_info,243885
cast_info,243889
cast_info,243890
cast_info,243898
cast_info,243899
cast_info,243900
cast_info,243902
cast_info,243916
cast_info,243917
cast_info,243954
cast_info,243956
cast_info,243983
cast_info,243986
cast_info,243989
cast_info,243993
cast_info,244018
cast_info,244020
cast_info,244021
cast_info,244022
cast_info,244045
cast_info,244061
cast_info,244072
cast_info,244076
cast_info,244083
cast_info,244105
cast_info,244108
cast_info,244122
cast_info,244123
cast_info,244131
cast_info,244176
cast_info,244200
cast_info,244204
cast_info,244207
cast_info,244209
cast_info,244212
cast_info,244227
cast_info,244232
cast_info,244233
cast_info,244241
cast_info,244284
cast_info,244285
cast_info,244309
cast_info,244312
cast_info,244324
cast_info,244328
cast_info,244344
cast_info,244350
cast_info,244353
cast_info,244368
cast_info,244372
cast_info,244402
cast_info,244408
cast_info,244433
cast_info,244434
cast_info,244438
cast_info,244441
cast_info,244449
cast_info,244463
cast_info,244464
cast_info,244474
cast_info,244493
cast_info,244532
cast_info,244533
cast_info,244534
cast_info,244549
cast_info,244571
cast_info,244574
cast_info,244577
cast_info,244580
cast_info,244582
cast_info,244592
cast_info,244601
cast_info,244604
cast_info,244607
cast_info,244611
cast_info,244625
cast_info,244660
cast_info,244718
cast_info,244730
cast_info,244734
cast_info,244736
cast_info,244737
cast_info,244752
cast_info,244756
cast_info,244765
cast_info,244772
cast_info,244781
cast_info,244784
cast_info,244785
cast_info,244787
cast_info,244807
cast_info,244812
cast_info,244834
cast_info,244842
cast_info,244846
cast_info,244868
cast_info,244869
cast_info,244897
cast_info,244917
cast_info,244973
cast_info,244981
cast_info,244985
cast_info,245039
cast_info,245054
cast_info,245055
cast_info,245056
cast_info,245063
cast_info,245087
cast_info,245091
cast_info,245119
cast_info,245138
cast_info,245148
cast_info,245149
cast_info,245165
cast_info,245183
cast_info,245192
cast_info,245205
cast_info,245206
cast_info,245208
cast_info,245209
cast_info,245238
cast_info,245239
cast_info,245240
cast_info,245255
cast_info,245259
cast_info,245278
cast_info,245284
cast_info,245286
cast_info,245288
cast_info,245292
cast_info,245308
cast_info,245320
cast_info,245321
cast_info,245325
cast_info,245335
cast_info,245358
cast_info,245387
cast_info,245401
cast_info,245405
cast_info,245425
cast_info,245430
cast_info,245433
cast_info,245465
cast_info,245466
cast_info,245471
cast_info,245487
cast_info,245510
cast_info,245534
cast_info,245548
cast_info,245556
cast_info,245559
cast_info,245564
cast_info,245577
cast_info,245584
cast_info,245599
cast_info,245663
cast_info,245703
cast_info,245705
cast_info,245717
cast_info,245718
cast_info,245723
cast_info,245737
cast_info,245777
cast_info,245790
cast_info,245804
cast_info,245808
cast_info,245812
cast_info,245831
cast_info,245873
cast_info,245891
cast_info,245899
cast_info,245901
cast_info,245918
cast_info,245921
cast_info,245935
cast_info,245946
cast_info,245963
cast_info,245982
cast_info,245997
cast_info,246001
cast_info,246003
cast_info,246015
cast_info,246018
cast_info,246031
cast_info,246053
cast_info,246057
cast_info,246059
cast_info,246066
cast_info,246070
cast_info,246081
cast_info,246125
cast_info,246126
cast_info,246133
cast_info,246137
cast_info,246138
cast_info,246144
cast_info,246152
cast_info,246161
cast_info,246179
cast_info,246182
cast_info,246185
cast_info,246187
cast_info,246202
cast_info,246207
cast_info,246230
cast_info,246235
cast_info,246236
cast_info,246237
cast_info,246238
cast_info,246248
cast_info,246252
cast_info,246255
cast_info,246257
cast_info,246259
cast_info,246274
cast_info,246282
cast_info,246283
cast_info,246298
cast_info,246299
cast_info,246300
cast_info,246318
cast_info,246323
cast_info,246376
cast_info,246389
cast_info,246404
cast_info,246416
cast_info,246430
cast_info,246447
cast_info,246448
cast_info,246453
cast_info,246464
cast_info,246474
cast_info,246500
cast_info,246502
cast_info,246505
cast_info,246526
cast_info,246539
cast_info,246540
cast_info,246541
cast_info,246554
cast_info,246560
cast_info,246564
cast_info,246566
cast_info,246583
cast_info,246595
cast_info,246625
cast_info,246628
cast_info,246632
cast_info,246633
cast_info,246655
cast_info,246656
cast_info,246663
cast_info,246666
cast_info,246668
cast_info,246688
cast_info,246703
cast_info,246727
cast_info,246746
cast_info,246750
cast_info,246754
cast_info,246762
cast_info,246787
cast_info,246792
cast_info,246804
cast_info,246811
cast_info,246814
cast_info,246820
cast_info,246847
cast_info,246859
cast_info,246861
cast_info,246869
cast_info,246896
cast_info,246903
cast_info,246905
cast_info,246911
cast_info,246926
cast_info,246928
cast_info,246929
cast_info,246930
cast_info,246935
cast_info,246936
cast_info,246950
cast_info,246953
cast_info,246964
cast_info,246967
cast_info,246970
cast_info,246972
cast_info,246977
cast_info,246981
cast_info,246997
cast_info,247006
cast_info,247015
cast_info,247020
cast_info,247021
cast_info,247022
cast_info,247045
cast_info,247056
cast_info,247094
cast_info,247108
cast_info,247138
cast_info,247140
cast_info,247173
cast_info,247180
cast_info,247200
cast_info,247201
cast_info,247215
cast_info,247231
cast_info,247246
cast_info,247248
cast_info,247252
cast_info,247268
cast_info,247274
cast_info,247280
cast_info,247293
cast_info,247307
cast_info,247309
cast_info,247311
cast_info,247321
cast_info,247327
cast_info,247352
cast_info,247360
cast_info,247385
cast_info,247386
cast_info,247387
cast_info,247393
cast_info,247436
cast_info,247454
cast_info,247481
cast_info,247488
cast_info,247490
cast_info,247498
cast_info,247507
cast_info,247508
cast_info,247510
cast_info,247516
cast_info,247522
cast_info,247531
cast_info,247545
cast_info,247551
cast_info,247563
cast_info,247564
cast_info,247567
cast_info,247602
cast_info,247613
cast_info,247620
cast_info,247630
cast_info,247640
cast_info,247641
cast_info,247660
cast_info,247666
cast_info,247726
cast_info,247737
cast_info,247749
cast_info,247775
cast_info,247778
cast_info,247785
cast_info,247793
cast_info,247794
cast_info,247822
cast_info,247868
cast_info,247895
cast_info,247924
cast_info,247930
cast_info,247950
cast_info,247963
cast_info,247999
cast_info,248005
cast_info,248011
cast_info,248020
cast_info,248028
cast_info,248043
cast_info,248076
cast_info,248082
cast_info,248084
cast_info,248090
cast_info,248106
cast_info,248130
cast_info,248133
cast_info,248156
cast_info,248169
cast_info,248174
cast_info,248185
cast_info,248226
cast_info,248231
cast_info,248282
cast_info,248284
cast_info,248286
cast_info,248301
cast_info,248324
cast_info,248342
cast_info,248353
cast_info,248366
cast_info,248368
cast_info,248375
cast_info,248402
cast_info,248416
cast_info,248425
cast_info,248426
cast_info,248431
cast_info,248432
cast_info,248460
cast_info,248477
cast_info,248497
cast_info,248504
cast_info,248514
cast_info,248531
cast_info,248532
cast_info,248547
cast_info,248548
cast_info,248560
cast_info,248584
cast_info,248590
cast_info,248619
cast_info,248644
cast_info,248656
cast_info,248663
cast_info,248665
cast_info,248684
cast_info,248686
cast_info,248693
cast_info,248695
cast_info,248705
cast_info,248707
cast_info,248717
cast_info,248718
cast_info,248735
cast_info,248742
cast_info,248744
cast_info,248745
cast_info,248746
cast_info,248757
cast_info,248760
cast_info,248789
cast_info,248796
cast_info,248804
cast_info,248811
cast_info,248838
cast_info,248849
cast_info,248853
cast_info,248864
cast_info,248868
cast_info,248871
cast_info,248872
cast_info,248873
cast_info,248875
cast_info,248878
cast_info,248886
cast_info,248890
cast_info,248893
cast_info,248894
cast_info,248896
cast_info,248902
cast_info,248903
cast_info,248920
cast_info,248926
cast_info,248938
cast_info,248940
cast_info,248955
cast_info,248999
cast_info,249002
cast_info,249006
cast_info,249019
cast_info,249026
cast_info,249046
cast_info,249051
cast_info,249066
cast_info,249074
cast_info,249092
cast_info,249138
cast_info,249149
cast_info,249166
cast_info,249173
cast_info,249176
cast_info,249177
cast_info,249185
cast_info,249186
cast_info,249189
cast_info,249200
cast_info,249206
cast_info,249219
cast_info,249230
cast_info,249237
cast_info,249253
cast_info,249263
cast_info,249275
cast_info,249290
cast_info,249300
cast_info,249303
cast_info,249317
cast_info,249345
cast_info,249360
cast_info,249376
cast_info,249403
cast_info,249413
cast_info,249420
cast_info,249432
cast_info,249450
cast_info,249451
cast_info,249454
cast_info,249457
cast_info,249472
cast_info,249476
cast_info,249489
cast_info,249490
cast_info,249525
cast_info,249533
cast_info,249541
cast_info,249559
cast_info,249580
cast_info,249601
cast_info,249620
cast_info,249639
cast_info,249656
cast_info,249670
cast_info,249690
cast_info,249729
cast_info,249735
cast_info,249754
cast_info,249759
cast_info,249760
cast_info,249767
cast_info,249800
cast_info,249802
cast_info,249803
cast_info,249804
cast_info,249808
cast_info,249811
cast_info,249813
cast_info,249816
cast_info,249829
cast_info,249875
cast_info,249879
cast_info,249891
cast_info,249917
cast_info,249918
cast_info,249933
cast_info,249947
cast_info,249950
cast_info,249951
cast_info,249953
cast_info,249960
cast_info,249961
cast_info,249962
cast_info,249997
cast_info,250012
cast_info,250024
cast_info,250037
cast_info,250043
cast_info,250058
cast_info,250064
cast_info,250082
cast_info,250087
cast_info,250121
cast_info,250144
cast_info,250145
cast_info,250150
cast_info,250176
cast_info,250186
cast_info,250189
cast_info,250240
cast_info,250247
cast_info,250248
cast_info,250271
cast_info,250277
cast_info,250317
cast_info,250318
cast_info,250323
cast_info,250329
cast_info,250336
cast_info,250348
cast_info,250367
cast_info,250368
cast_info,250369
cast_info,250377
cast_info,250417
cast_info,250458
cast_info,250478
cast_info,250490
cast_info,250522
cast_info,250527
cast_info,250528
cast_info,250545
cast_info,250550
cast_info,250559
cast_info,250572
cast_info,250575
cast_info,250587
cast_info,250594
cast_info,250596
cast_info,250597
cast_info,250599
cast_info,250604
cast_info,250610
cast_info,250636
cast_info,250639
cast_info,250689
cast_info,250697
cast_info,250699
cast_info,250711
cast_info,250714
cast_info,250717
cast_info,250718
cast_info,250723
cast_info,250725
cast_info,250736
cast_info,250739
cast_info,250747
cast_info,250750
cast_info,250751
cast_info,250763
cast_info,250795
cast_info,250814
cast_info,250825
cast_info,250850
cast_info,250862
cast_info,250869
cast_info,250870
cast_info,250902
cast_info,250916
cast_info,250938
cast_info,250945
cast_info,250949
cast_info,251002
cast_info,251028
cast_info,251032
cast_info,251057
cast_info,251108
cast_info,251132
cast_info,251155
cast_info,251158
cast_info,251178
cast_info,251188
cast_info,251218
cast_info,251220
cast_info,251275
cast_info,251343
cast_info,251367
cast_info,251373
cast_info,251402
cast_info,251416
cast_info,251433
cast_info,251471
cast_info,251580
cast_info,251609
cast_info,251638
cast_info,251663
cast_info,251667
cast_info,251681
cast_info,251697
cast_info,251704
cast_info,251705
cast_info,251777
cast_info,251796
cast_info,251856
cast_info,251900
cast_info,251923
cast_info,251952
cast_info,252012
cast_info,252013
cast_info,252039
cast_info,252092
cast_info,252094
cast_info,252174
cast_info,252225
cast_info,252232
cast_info,252269
cast_info,252327
cast_info,252333
cast_info,252349
cast_info,252360
cast_info,252387
cast_info,252465
cast_info,252480
cast_info,252522
cast_info,252551
cast_info,252596
cast_info,252643
cast_info,252647
cast_info,252677
char_name,0
char_name,1
char_name,2
char_name,6
char_name,9
char_name,15
char_name,18
char_name,21
char_name,22
char_name,23
char_name,24
char_name,28
char_name,31
char_name,36
char_name,37
char_name,40
char_name,41
char_name,43
char_name,45
char_name,46
char_name,48
char_name,50
char_name,51
char_name,57
char_name,58
char_name,64
char_name,69
char_name,71
char_name,72
char_name,76
char_name,82
char_name,83
char_name,84
char_name,85
char_name,87
char_name,89
char_name,90
char_name,91
char_name,93
char_name,94
char_name,98
char_name,99
char_name,102
char_name,103
char_name,104
char_name,105
char_name,106
char_name,111
char_name,113
char_name,117
char_name,118
char_name,119
char_name,120
char_name,127
char_name,134
char_name,136
char_name,137
char_name,139
char_name,140
char_name,141
char_name,142
char_name,143
char_name,144
char_name,148
char_name,152
char_name,155
char_name,156
char_name,157
char_name,158
char_name,159
char_name,161
char_name,164
char_name,167
char_name,168
char_name,169
char_name,170
char_name,175
char_name,176
char_name,182
char_name,184
char_name,185
char_name,187
char_name,188
char_name,189
char_name,192
char_name,193
char_name,194
char_name,197
char_name,198
char_name,199
char_name,206
char_name,212
char_name,216
char_name,217
char_name,220
char_name,221
char_name,222
char_name,223
char_name,225
char_name,226
char_name,230
char_name,232
char_name,233
char_name,234
char_name,237
char_name,241
char_name,243
char_name,244
char_name,249
char_name,254
char_name,258
char_name,262
char_name,268
char_name,271
char_name,273
char_name,275
char_name,278
char_name,279
char_name,285
char_name,287
char_name,288
char_name,289
char_name,293
char_name,294
char_name,296
char_name,298
char_name,301
char_name,303
char_name,305
char_name,307
char_name,315
char_name,319
char_name,320
char_name,324
char_name,330
char_name,332
char_name,335
char_name,336
char_name,341
char_name,343
char_name,347
char_name,352
char_name,354
char_name,355
char_name,358
char_name,359
char_name,360
char_name,361
char_name,365
char_name,366
char_name,369
char_name,370
char_name,371
char_name,374
char_name,376
char_name,381
char_name,382
char_name,384
char_name,386
char_name,387
char_name,388
char_name,391
char_name,394
char_name,396
char_name,402
char_name,404
char_name,406
char_name,412
char_name,413
char_name,416
char_name,417
char_name,419
char_name,420
char_name,421
char_name,427
char_name,428
char_name,429
char_name,430
char_name,432
char_name,433
char_name,436
char_name,442
char_name,446
char_name,447
char_name,449
char_name,450
char_name,452
char_name,455
char_name,467
char_name,471
char_name,472
char_name,478
char_name,484
char_name,488
char_name,490
char_name,491
char_name,493
char_name,494
char_name,496
char_name,498
char_name,501
char_name,503
char_name,504
char_name,505
char_name,506
char_name,509
char_name,510
char_name,511
char_name,512
char_name,514
char_name,516
char_name,517
char_name,518
char_name,519
char_name,523
char_name,524
char_name,525
char_name,526
char_name,529
char_name,530
char_name,532
char_name,534
char_name,536
char_name,538
char_name,542
char_name,543
char_name,545
char_name,546
char_name,550
char_name,551
char_name,554
char_name,562
char_name,563
char_name,570
char_name,571
char_name,574
char_name,575
char_name,578
char_name,579
char_name,582
char_name,583
char_name,585
char_name,586
char_name,587
char_name,590
char_name,591
char_name,593
char_name,597
char_name,599
char_name,601
char_name,604
char_name,606
char_name,609
char_name,610
char_name,612
char_name,614
char_name,615
char_name,616
char_name,618
char_name,619
char_name,620
char_name,622
char_name,626
char_name,627
char_name,628
char_name,631
char_name,632
char_name,636
char_name,637
char_name,638
char_name,641
char_name,646
char_name,647
char_name,649
char_name,653
char_name,656
char_name,657
char_name,659
char_name,660
char_name,662
char_name,671
char_name,673
char_name,675
char_name,677
char_name,682
char_name,686
char_name,689
char_name,690
char_name,694
char_name,697
char_name,699
char_name,703
char_name,706
char_name,708
char_name,709
char_name,710
char_name,712
char_name,715
char_name,716
char_name,722
char_name,723
char_name,725
char_name,726
char_name,728
char_name,731
char_name,732
char_name,737
char_name,740
char_name,741
char_name,742
char_name,743
char_name,745
char_name,748
char_name,756
char_name,762
char_name,764
char_name,765
char_name,766
char_name,773
char_name,779
char_name,780
char_name,783
char_name,787
char_name,790
char_name,793
char_name,796
char_name,797
char_name,800
char_name,801
char_name,805
char_name,806
char_name,807
char_name,808
char_name,809
char_name,814
char_name,815
char_name,820
char_name,821
char_name,822
char_name,827
char_name,831
char_name,832
char_name,834
char_name,841
char_name,843
char_name,845
char_name,851
char_name,852
char_name,854
char_name,860
char_name,861
char_name,866
char_name,867
char_name,868
char_name,877
char_name,880
char_name,882
char_name,885
char_name,887
char_name,889
char_name,892
char_name,895
char_name,896
char_name,897
char_name,902
char_name,903
char_name,906
char_name,907
char_name,910
char_name,911
char_name,912
char_name,916
char_name,920
char_name,921
char_name,922
char_name,923
char_name,926
char_name,928
char_name,929
char_name,930
char_name,931
char_name,934
char_name,939
char_name,944
char_name,947
char_name,948
char_name,951
char_name,952
char_name,953
char_name,954
char_name,957
char_name,958
char_name,959
char_name,960
char_name,961
char_name,963
char_name,977
char_name,978
char_name,979
char_name,983
char_name,985
char_name,992
char_name,993
char_name,996
char_name,997
char_name,1000
char_name,1001
char_name,1002
char_name,1006
char_name,1007
char_name,1009
char_name,1012
char_name,1013
char_name,1014
char_name,1016
char_name,1019
char_name,1021
char_name,1025
char_name,1028
char_name,1029
char_name,1030
char_name,1033
char_name,1037
char_name,1039
char_name,1043
char_name,1046
char_name,1050
char_name,1051
char_name,1052
char_name,1053
char_name,1055
char_name,1057
char_name,1062
char_name,1064
char_name,1073
char_name,1074
char_name,1078
char_name,1080
char_name,1081
char_name,1082
char_name,1083
char_name,1085
char_name,1087
char_name,1094
char_name,1098
char_name,1105
char_name,1111
char_name,1112
char_name,1114
char_name,1115
char_name,1119
char_name,1120
char_name,1121
char_name,1122
char_name,1125
char_name,1129
char_name,1131
char_name,1133
char_name,1148
char_name,1169
char_name,1170
char_name,1171
char_name,1186
char_name,1195
char_name,1212
char_name,1218
char_name,1227
char_name,1241
char_name,1244
char_name,1255
char_name,1267
char_name,1278
char_name,1280
char_name,1286
char_name,1300
char_name,1303
char_name,1311
char_name,1319
char_name,1330
char_name,1336
char_name,1337
char_name,1338
char_name,1357
char_name,1361
char_name,1402
char_name,1421
char_name,1425
char_name,1431
char_name,1434
char_name,1454
char_name,1469
char_name,1473
char_name,1492
char_name,1498
char_name,1508
char_name,1510
char_name,1518
char_name,1519
char_name,1533
char_name,1542
char_name,1543
char_name,1544
char_name,1556
char_name,1563
char_name,1566
char_name,1574
char_name,1577
char_name,1598
char_name,1606
char_name,1628
char_name,1643
char_name,1652
char_name,1667
char_name,1670
char_name,1701
char_name,1706
char_name,1707
char_name,1720
char_name,1731
char_name,1732
char_name,1735
char_name,1737
char_name,1738
char_name,1750
char_name,1763
char_name,1773
char_name,1776
char_name,1785
char_name,1810
char_name,1813
char_name,1819
char_name,1827
char_name,1831
char_name,1832
char_name,1838
char_name,1872
char_name,1878
char_name,1885
char_name,1890
char_name,1899
char_name,1909
char_name,1911
char_name,1921
char_name,1933
char_name,1955
char_name,1959
char_name,1969
char_name,1973
char_name,1984
char_name,1991
char_name,1999
char_name,2000
char_name,2010
char_name,2021
char_name,2023
char_name,2033
char_name,2035
char_name,2042
char_name,2055
char_name,2105
char_name,2106
char_name,2115
char_name,2144
char_name,2153
char_name,2175
char_name,2183
char_name,2186
char_name,2196
char_name,2209
char_name,2212
char_name,2213
char_name,2214
char_name,2231
char_name,2239
char_name,2240
char_name,2244
char_name,2251
char_name,2266
char_name,2276
char_name,2293
char_name,2305
char_name,2330
char_name,2334
char_name,2352
char_name,2367
char_name,2389
char_name,2412
char_name,2420
char_name,2435
char_name,2444
char_name,2457
char_name,2470
char_name,2475
char_name,2502
char_name,2504
char_name,2505
char_name,2519
char_name,2570
char_name,2585
char_name,2591
char_name,2606
char_name,2617
char_name,2631
char_name,2632
char_name,2634
char_name,2642
char_name,2654
char_name,2659
char_name,2660
char_name,2667
char_name,2676
char_name,2692
char_name,2710
char_name,2721
char_name,2767
char_name,2781
char_name,2787
char_name,2799
char_name,2808
char_name,2817
char_name,2819
char_name,2852
char_name,2856
char_name,2860
char_name,2885
char_name,2886
char_name,2907
char_name,2923
char_name,2933
char_name,2947
char_name,2951
char_name,2970
char_name,2982
char_name,3000
char_name,3035
char_name,3038
char_name,3046
char_name,3058
char_name,3065
char_name,3075
char_name,3079
char_name,3086
char_name,3087
char_name,3089
char_name,3101
char_name,3119
char_name,3121
char_name,3149
char_name,3153
char_name,3154
char_name,3208
char_name,3244
char_name,3249
char_name,3252
char_name,3255
char_name,3258
char_name,3273
char_name,3281
char_name,3287
char_name,3296
char_name,3299
char_name,3321
char_name,3325
char_name,3329
char_name,3331
char_name,3352
char_name,3362
char_name,3388
char_name,3402
char_name,3419
char_name,3448
char_name,3450
char_name,3482
char_name,3485
char_name,3493
char_name,3503
char_name,3509
char_name,3528
char_name,3538
char_name,3549
char_name,3558
char_name,3569
char_name,3575
char_name,3577
char_name,3578
char_name,3585
char_name,3627
char_name,3630
char_name,3646
char_name,3663
char_name,3670
char_name,3674
char_name,3707
char_name,3723
char_name,3729
char_name,3761
char_name,3762
char_name,3781
char_name,3782
char_name,3802
char_name,3818
char_name,3921
char_name,3934
char_name,3954
char_name,3979
char_name,3985
char_name,3988
char_name,3999
char_name,4000
char_name,4017
char_name,4052
char_name,4054
char_name,4068
char_name,4085
char_name,4097
char_name,4098
char_name,4116
char_name,4147
char_name,4164
char_name,4171
char_name,4187
char_name,4192
char_name,4211
char_name,4280
char_name,4284
char_name,4296
char_name,4297
char_name,4300
char_name,4304
char_name,4309
char_name,4313
char_name,4481
char_name,4485
char_name,4488
char_name,4489
char_name,4502
char_name,4509
char_name,4511
char_name,4533
char_name,4554
char_name,4559
char_name,4560
char_name,4576
char_name,4593
char_name,4599
char_name,4666
char_name,4667
char_name,4696
char_name,4707
char_name,4785
char_name,4831
char_name,4866
char_name,4901
char_name,4958
char_name,4968
char_name,4978
char_name,5001
char_name,5057
char_name,5141
char_name,5231
char_name,5237
char_name,5287
char_name,5305
char_name,5314
char_name,5320
char_name,5336
char_name,5376
char_name,5382
char_name,5391
char_name,5415
char_name,5455
char_name,5458
char_name,5489
char_name,5564
char_name,5565
char_name,5580
char_name,5606
char_name,5679
char_name,5681
char_name,5700
char_name,5762
char_name,5794
char_name,5799
char_name,5847
char_name,5852
char_name,5873
char_name,5895
char_name,5903
char_name,5914
char_name,5935
char_name,5946
char_name,5951
char_name,5963
char_name,5969
char_name,5976
char_name,5994
char_name,6008
char_name,6012
char_name,6063
char_name,6087
char_name,6099
char_name,6147
char_name,6151
char_name,6182
char_name,6246
char_name,6272
char_name,6376
char_name,6387
char_name,6391
char_name,6396
char_name,6449
char_name,6450
char_name,6513
char_name,6525
char_name,6571
char_name,6574
char_name,6579
char_name,6583
char_name,6603
char_name,6633
char_name,6635
char_name,6639
char_name,6643
char_name,6652
char_name,6653
char_name,6661
char_name,6666
char_name,6684
char_name,6694
char_name,6697
char_name,6735
char_name,6801
char_name,6829
char_name,6856
char_name,6859
char_name,6867
char_name,6871
char_name,6873
char_name,6880
char_name,6900
char_name,6911
char_name,6930
char_name,6948
char_name,6967
char_name,6995
char_name,7016
char_name,7017
char_name,7043
char_name,7142
char_name,7143
char_name,7149
char_name,7182
char_name,7187
char_name,7206
char_name,7223
char_name,7242
char_name,7253
char_name,7285
char_name,7289
char_name,7343
char_name,7355
char_name,7364
char_name,7396
char_name,7408
char_name,7423
char_name,7444
char_name,7478
char_name,7486
char_name,7499
char_name,7508
char_name,7572
char_name,7577
char_name,7584
char_name,7613
char_name,7620
char_name,7642
char_name,7658
char_name,7670
char_name,7674
char_name,7676
char_name,7683
char_name,7708
char_name,7715
char_name,7725
char_name,7731
char_name,7750
char_name,7753
char_name,7787
char_name,7797
char_name,7814
char_name,7843
char_name,7862
char_name,7868
char_name,7937
char_name,7938
char_name,7955
char_name,7997
char_name,8053
char_name,8079
char_name,8116
char_name,8127
char_name,8129
char_name,8140
char_name,8150
char_name,8155
char_name,8185
char_name,8191
char_name,8202
char_name,8238
char_name,8275
char_name,8283
char_name,8296
char_name,8298
char_name,8386
char_name,8399
char_name,8425
char_name,8432
char_name,8471
char_name,8476
char_name,8525
char_name,8550
char_name,8577
char_name,8591
char_name,8601
char_name,8612
char_name,8619
char_name,8627
char_name,8642
char_name,8649
char_name,8668
char_name,8685
char_name,8713
char_name,8717
char_name,8805
char_name,8807
char_name,8820
char_name,8823
char_name,8835
char_name,8858
char_name,8884
char_name,8899
char_name,8901
char_name,8907
char_name,8932
char_name,8946
char_name,8960
char_name,8963
char_name,9001
char_name,9002
char_name,9033
char_name,9060
char_name,9065
char_name,9072
char_name,9130
char_name,9156
char_name,9183
char_name,9187
char_name,9216
char_name,9227
char_name,9255
char_name,9293
char_name,9303
char_name,9349
char_name,9372
char_name,9393
char_name,9410
char_name,9445
char_name,9448
char_name,9477
char_name,9497
char_name,9540
char_name,9567
char_name,9568
char_name,9591
char_name,9619
char_name,9629
char_name,9642
char_name,9670
char_name,9672
char_name,9687
char_name,9691
char_name,9692
char_name,9697
char_name,9769
char_name,9788
char_name,9808
char_name,9822
char_name,9829
char_name,9859
char_name,9863
char_name,9887
char_name,9953
char_name,9998
char_name,10019
char_name,10031
char_name,10037
char_name,10040
char_name,10044
char_name,10051
char_name,10088
char_name,10096
char_name,10109
char_name,10140
char_name,10143
char_name,10149
char_name,10203
char_name,10225
char_name,10245
char_name,10248
char_name,10271
char_name,10276
char_name,10350
char_name,10352
char_name,10398
char_name,10438
char_name,10439
char_name,10471
char_name,10501
char_name,10516
char_name,10518
char_name,10519
char_name,10563
char_name,10631
char_name,10650
char_name,10690
char_name,10695
char_name,10697
char_name,10792
char_name,10848
char_name,10863
char_name,10875
char_name,10910
char_name,10953
char_name,10966
char_name,10980
char_name,11086
char_name,11162
char_name,11193
char_name,11199
char_name,11228
char_name,11230
char_name,11232
char_name,11267
char_name,11277
char_name,11314
char_name,11322
char_name,11357
char_name,11359
char_name,11365
char_name,11384
char_name,11388
char_name,11432
char_name,11465
char_name,11466
char_name,11469
char_name,11490
char_name,11511
char_name,11528
char_name,11531
char_name,11693
char_name,11704
char_name,11714
char_name,11755
char_name,11810
char_name,11820
char_name,11845
char_name,11858
char_name,11870
char_name,11898
char_name,11917
char_name,11932
char_name,11994
char_name,12004
char_name,12008
char_name,12043
char_name,12111
char_name,12151
char_name,12189
char_name,12220
char_name,12278
char_name,12281
char_name,12359
char_name,12473
char_name,12484
char_name,12486
char_name,12520
char_name,12587
char_name,12601
char_name,12603
char_name,12642
char_name,12664
char_name,12694
char_name,12719
char_name,12738
char_name,12772
char_name,12825
char_name,12849
char_name,12867
char_name,12872
char_name,12879
char_name,12903
char_name,12914
char_name,12924
char_name,13018
char_name,13059
char_name,13075
char_name,13100
char_name,13107
char_name,13169
char_name,13215
char_name,13228
char_name,13235
char_name,13252
char_name,13257
char_name,13282
char_name,13299
char_name,13335
char_name,13356
char_name,13391
char_name,13457
char_name,13495
char_name,13514
char_name,13521
char_name,13532
char_name,13541
char_name,13556
char_name,13584
char_name,13598
char_name,13611
char_name,13617
char_name,13648
char_name,13695
char_name,13721
char_name,13731
char_name,13741
char_name,13767
char_name,13779
char_name,13784
char_name,13872
char_name,13908
char_name,13981
char_name,14039
char_name,14051
char_name,14064
char_name,14068
char_name,14145
char_name,14149
char_name,14152
char_name,14165
char_name,14170
char_name,14184
char_name,14252
char_name,14266
char_name,14317
char_name,14335
char_name,14367
char_name,14382
char_name,14389
char_name,14492
char_name,14497
char_name,14503
char_name,14553
char_name,14563
char_name,14590
char_name,14595
char_name,14598
char_name,14612
char_name,14623
char_name,14678
char_name,14724
char_name,14843
char_name,14857
char_name,14858
char_name,14983
char_name,14985
char_name,15040
char_name,15077
char_name,15080
char_name,15126
char_name,15182
char_name,15244
char_name,15247
char_name,15273
char_name,15300
char_name,15302
char_name,15306
char_name,15371
char_name,15397
char_name,15419
char_name,15462
char_name,15524
char_name,15527
char_name,15568
char_name,15597
char_name,15607
char_name,15620
char_name,15635
char_name,15710
char_name,15876
char_name,15884
char_name,15906
char_name,15910
char_name,15914
char_name,15927
char_name,15933
char_name,15983
char_name,16045
char_name,16086
char_name,16108
char_name,16114
char_name,16137
char_name,16168
char_name,16196
char_name,16203
char_name,16221
char_name,16261
char_name,16324
char_name,16335
char_name,16345
char_name,16350
char_name,16352
char_name,16359
char_name,16366
char_name,16435
char_name,16482
char_name,16510
char_name,16512
char_name,16547
char_name,16549
char_name,16564
char_name,16707
char_name,16719
char_name,16831
char_name,16971
char_name,16977
char_name,17003
char_name,17024
char_name,17033
char_name,17047
char_name,17084
char_name,17093
char_name,17113
char_name,17135
char_name,17155
char_name,17181
char_name,17208
char_name,17209
char_name,17225
char_name,17259
char_name,17308
char_name,17390
char_name,17451
char_name,17498
char_name,17547
char_name,17561
char_name,17661
char_name,17673
char_name,17676
char_name,17730
char_name,17748
char_name,17790
char_name,17880
char_name,17888
char_name,17891
char_name,17897
char_name,17919
char_name,17927
char_name,18005
char_name,18016
char_name,18050
char_name,18074
char_name,18137
char_name,18149
char_name,18157
char_name,18159
char_name,18165
char_name,18211
char_name,18299
char_name,18310
char_name,18358
char_name,18375
char_name,18382
char_name,18388
char_name,18436
char_name,18438
char_name,18508
char_name,18510
char_name,18531
char_name,18628
char_name,18632
char_name,18659
char_name,18690
char_name,18709
char_name,18752
char_name,18792
char_name,18841
char_name,18857
char_name,18956
char_name,19027
char_name,19049
char_name,19050
char_name,19087
char_name,19146
char_name,19213
char_name,19233
char_name,19270
char_name,19273
char_name,19282
char_name,19292
char_name,19336
char_name,19352
char_name,19357
char_name,19382
char_name,19437
char_name,19460
char_name,19504
char_name,19667
char_name,19761
char_name,19796
char_name,19819
char_name,19830
char_name,19835
char_name,19850
char_name,19924
char_name,19973
char_name,19976
char_name,19995
char_name,20049
char_name,20079
char_name,20090
char_name,20113
char_name,20155
char_name,20182
char_name,20228
char_name,20230
char_name,20261
char_name,20382
char_name,20386
char_name,20414
char_name,20423
char_name,20439
char_name,20442
char_name,20457
char_name,20460
char_name,20537
char_name,20556
char_name,20637
char_name,20657
char_name,20676
char_name,20680
char_name,20709
char_name,20725
char_name,20733
char_name,20811
char_name,20824
char_name,20882
char_name,20889
char_name,20913
char_name,20975
char_name,20997
char_name,21185
char_name,21243
char_name,21321
char_name,21350
char_name,21359
char_name,21369
char_name,21373
char_name,21386
char_name,21430
char_name,21443
char_name,21446
char_name,21513
char_name,21537
char_name,21546
char_name,21591
char_name,21671
char_name,21690
char_name,21708
char_name,21728
char_name,21772
char_name,21784
char_name,21817
char_name,21872
char_name,21903
char_name,21950
char_name,21965
char_name,21970
char_name,22065
char_name,22085
char_name,22096
char_name,22102
char_name,22246
char_name,22300
char_name,22326
char_name,22368
char_name,22410
char_name,22439
char_name,22441
char_name,22451
char_name,22474
char_name,22636
char_name,22744
char_name,22857
char_name,22891
char_name,22896
char_name,22940
char_name,22942
char_name,23027
char_name,23054
char_name,23056
char_name,23107
char_name,23162
char_name,23186
char_name,23213
char_name,23217
char_name,23298
char_name,23301
char_name,23306
char_name,23312
char_name,23314
char_name,23322
char_name,23348
char_name,23365
char_name,23366
char_name,23368
char_name,23371
char_name,23377
char_name,23378
char_name,23385
char_name,23395
char_name,23422
char_name,23466
char_name,23472
char_name,23514
char_name,23521
char_name,23546
char_name,23566
char_name,23574
char_name,23602
char_name,23627
char_name,23640
char_name,23662
char_name,23675
char_name,23684
char_name,23687
char_name,23706
char_name,23717
char_name,23730
char_name,23744
char_name,23767
char_name,23779
char_name,23784
char_name,23787
char_name,23841
char_name,23858
char_name,23877
char_name,23884
char_name,23896
char_name,23912
char_name,23919
char_name,23931
char_name,24021
char_name,24028
char_name,24061
char_name,24066
char_name,24122
char_name,24140
char_name,24150
char_name,24160
char_name,24165
char_name,24179
char_name,24266
char_name,24273
char_name,24276
char_name,24292
char_name,24305
char_name,24316
char_name,24325
char_name,24335
char_name,24360
char_name,24407
char_name,24425
char_name,24452
char_name,24455
char_name,24473
char_name,24486
char_name,24502
char_name,24524
char_name,24542
char_name,24545
char_name,24579
char_name,24580
char_name,24590
char_name,24625
char_name,24716
char_name,24727
char_name,24744
char_name,24757
char_name,24761
char_name,24822
char_name,24837
char_name,24844
char_name,24903
char_name,24973
char_name,24974
char_name,25000
char_name,25005
char_name,25015
char_name,25036
char_name,25050
char_name,25177
char_name,25180
char_name,25193
char_name,25246
char_name,25247
char_name,25257
char_name,25275
char_name,25345
char_name,25476
char_name,25548
char_name,25566
char_name,25579
char_name,25599
char_name,25626
char_name,25658
char_name,25666
char_name,25715
char_name,25718
char_name,25735
char_name,25765
char_name,25766
char_name,25779
char_name,25906
char_name,25956
char_name,26020
char_name,26025
char_name,26036
char_name,26064
char_name,26067
char_name,26091
char_name,26145
char_name,26161
char_name,26175
char_name,26198
char_name,26229
char_name,26328
char_name,26435
char_name,26444
char_name,26499
char_name,26520
char_name,26557
char_name,26559
char_name,26578
char_name,26605
char_name,26658
char_name,26703
char_name,26711
char_name,26719
char_name,26739
char_name,26740
char_name,26894
char_name,26923
char_name,27027
char_name,27070
char_name,27187
char_name,27283
char_name,27528
char_name,27596
char_name,27640
char_name,27670
char_name,27768
char_name,27771
char_name,27788
char_name,27796
char_name,27841
char_name,27862
char_name,27887
char_name,27972
char_name,27989
char_name,28012
char_name,28050
char_name,28060
char_name,28066
char_name,28095
char_name,28132
char_name,28137
char_name,28144
char_name,28153
char_name,28203
char_name,28228
char_name,28243
char_name,28275
char_name,28277
char_name,28335
char_name,28354
char_name,28360
char_name,28361
char_name,28375
char_name,28379
char_name,28562
char_name,28565
char_name,28567
char_name,28611
char_name,28626
char_name,28672
char_name,28680
char_name,28747
char_name,28783
char_name,28784
char_name,28805
char_name,28816
char_name,28892
char_name,28921
char_name,28947
char_name,29153
char_name,29209
char_name,29310
char_name,29377
char_name,29434
char_name,29468
char_name,29474
char_name,29477
char_name,29478
char_name,29588
char_name,29746
char_name,29751
char_name,29761
char_name,29774
char_name,29851
char_name,29942
char_name,29995
char_name,30097
char_name,30210
char_name,30215
char_name,30252
char_name,30274
char_name,30286
char_name,30325
char_name,30370
char_name,30403
char_name,30421
char_name,30432
char_name,30557
char_name,30570
char_name,30575
char_name,30768
char_name,30796
char_name,30909
char_name,30925
char_name,31002
char_name,31008
char_name,31058
char_name,31098
char_name,31109
char_name,31157
char_name,31220
char_name,31241
char_name,31269
char_name,31306
char_name,31379
char_name,31403
char_name,31407
char_name,31408
char_name,31455
char_name,31531
char_name,31549
char_name,31649
char_name,31709
char_name,31778
char_name,31843
char_name,31873
char_name,31943
char_name,31964
char_name,31986
char_name,32034
char_name,32036
char_name,32046
char_name,32050
char_name,32074
char_name,32076
char_name,32106
char_name,32149
char_name,32220
char_name,32251
char_name,32254
char_name,32322
char_name,32329
char_name,32332
char_name,32360
char_name,32403
char_name,32412
char_name,32518
char_name,32693
char_name,32753
char_name,32840
char_name,32947
char_name,32953
char_name,32955
char_name,32991
char_name,33011
char_name,33062
char_name,33067
char_name,33143
char_name,33150
char_name,33169
char_name,33207
char_name,33320
char_name,33333
char_name,33341
char_name,33397
char_name,33527
char_name,33547
char_name,33623
char_name,33624
char_name,33697
char_name,33712
char_name,33776
char_name,33808
char_name,33874
char_name,33957
char_name,33998
char_name,34113
char_name,34142
char_name,34207
char_name,34208
char_name,34209
char_name,34228
char_name,34286
char_name,34370
char_name,34392
char_name,34431
char_name,34455
char_name,34497
char_name,34665
char_name,34855
char_name,34865
char_name,34870
char_name,34899
char_name,34906
char_name,34933
char_name,34962
char_name,35126
char_name,35205
char_name,35244
char_name,35256
char_name,35377
char_name,35390
char_name,35397
char_name,35442
char_name,35580
char_name,35614
char_name,35661
char_name,35726
char_name,35879
char_name,35950
char_name,36017
char_name,36132
char_name,36155
char_name,36208
char_name,36219
char_name,36228
char_name,36292
char_name,36307
comp_cast_type,0
comp_cast_type,0
company_name,0
company_name,16
company_name,29
company_name,31
company_name,35
company_name,41
company_name,45
company_name,48
company_name,49
company_name,53
company_name,78
company_name,79
company_name,81
company_name,87
company_name,96
company_name,100
company_name,108
company_name,109
company_name,120
company_name,123
company_name,124
company_name,144
company_name,152
company_name,170
company_name,174
company_name,175
company_name,187
company_name,230
company_name,238
company_name,243
company_name,245
company_name,247
company_name,254
company_name,260
company_name,270
company_name,274
company_name,281
company_name,282
company_name,295
company_name,297
company_name,306
company_name,314
company_name,333
company_name,339
company_name,343
company_name,347
company_name,348
company_name,360
company_name,364
company_name,390
company_name,395
company_name,398
company_name,399
company_name,400
company_name,402
company_name,406
company_name,407
company_name,423
company_name,424
company_name,430
company_name,442
company_name,454
company_name,455
company_name,468
company_name,470
company_name,472
company_name,474
company_name,490
company_name,500
company_name,519
company_name,520
company_name,528
company_name,532
company_name,533
company_name,545
company_name,547
company_name,549
company_name,552
company_name,559
company_name,560
company_name,570
company_name,576
company_name,581
company_name,593
company_name,609
company_name,614
company_name,625
company_name,636
company_name,650
company_name,667
company_name,672
company_name,681
company_name,692
company_name,711
company_name,713
company_name,715
company_name,717
company_name,719
company_name,724
company_name,732
company_name,741
company_name,750
company_name,757
company_name,760
company_name,762
company_name,767
company_name,772
company_name,793
company_name,810
company_name,814
company_name,824
company_name,837
company_name,838
company_name,840
company_name,843
company_name,854
company_name,863
company_name,868
company_name,869
company_name,877
company_name,883
company_name,887
company_name,892
company_name,895
company_name,897
company_name,1128
company_name,1219
company_name,1261
company_name,1352
company_name,2042
company_name,2484
company_name,2535
complete_cast,0
complete_cast,34
complete_cast,71
complete_cast,180
complete_cast,207
complete_cast,245
complete_cast,322
complete_cast,324
complete_cast,350
info_type,0
info_type,0
keyword,0
keyword,0
keyword,1
keyword,2
keyword,3
keyword,4
keyword,5
keyword,6
keyword,7
keyword,8
keyword,9
keyword,10
keyword,11
keyword,12
keyword,13
keyword,14
keyword,15
keyword,16
keyword,17
keyword,18
keyword,19
keyword,20
keyword,21
keyword,22
keyword,23
keyword,24
keyword,25
keyword,26
keyword,27
keyword,28
keyword,29
keyword,30
keyword,31
keyword,32
keyword,33
keyword,34
keyword,35
keyword,36
keyword,37
keyword,38
keyword,39
keyword,40
keyword,41
keyword,42
keyword,43
keyword,44
keyword,45
keyword,46
keyword,47
keyword,48
keyword,49
keyword,50
keyword,51
keyword,52
keyword,53
keyword,54
keyword,55
keyword,56
keyword,57
keyword,58
keyword,59
keyword,60
keyword,61
keyword,62
keyword,63
keyword,64
keyword,65
keyword,66
keyword,67
keyword,68
keyword,69
keyword,70
keyword,71
keyword,72
keyword,73
keyword,74
keyword,75
keyword,76
keyword,77
keyword,78
keyword,79
keyword,80
keyword,81
keyword,82
keyword,83
keyword,84
keyword,85
keyword,86
keyword,87
keyword,88
keyword,89
keyword,90
keyword,91
keyword,92
keyword,93
keyword,94
keyword,95
keyword,96
keyword,97
keyword,98
keyword,99
keyword,100
keyword,101
keyword,102
keyword,103
keyword,104
keyword,105
keyword,106
keyword,107
keyword,108
keyword,109
keyword,110
keyword,111
keyword,112
keyword,113
keyword,114
keyword,115
keyword,116
keyword,117
keyword,118
keyword,119
keyword,120
keyword,121
keyword,122
keyword,123
keyword,124
keyword,125
keyword,126
keyword,127
keyword,128
keyword,129
keyword,130
keyword,131
keyword,132
keyword,133
keyword,134
keyword,135
keyword,136
keyword,137
keyword,138
keyword,139
keyword,140
keyword,141
keyword,142
keyword,143
keyword,144
keyword,145
keyword,146
keyword,147
keyword,148
keyword,149
keyword,150
keyword,151
keyword,152
keyword,153
keyword,154
keyword,155
keyword,156
keyword,157
keyword,158
keyword,159
keyword,160
keyword,161
keyword,162
keyword,163
keyword,164
keyword,165
keyword,166
keyword,167
keyword,168
keyword,169
keyword,170
keyword,171
keyword,172
keyword,173
keyword,174
keyword,175
keyword,176
keyword,177
keyword,178
keyword,179
keyword,180
keyword,181
keyword,182
keyword,183
keyword,184
keyword,185
keyword,186
keyword,187
keyword,188
keyword,189
keyword,190
keyword,191
keyword,192
keyword,193
keyword,194
keyword,195
keyword,196
keyword,197
keyword,198
keyword,199
keyword,200
keyword,201
keyword,202
keyword,203
keyword,204
keyword,205
keyword,206
keyword,207
keyword,208
keyword,209
keyword,210
keyword,211
keyword,212
keyword,213
keyword,214
keyword,215
keyword,216
keyword,217
keyword,218
keyword,219
keyword,220
keyword,221
keyword,222
keyword,223
keyword,224
keyword,225
keyword,226
keyword,227
keyword,228
keyword,229
keyword,230
keyword,231
keyword,232
keyword,233
keyword,234
keyword,235
keyword,236
keyword,237
keyword,238
keyword,239
keyword,240
keyword,241
keyword,242
keyword,243
keyword,244
keyword,245
keyword,246
keyword,247
keyword,248
keyword,249
keyword,250
keyword,251
keyword,252
keyword,253
keyword,254
keyword,255
keyword,256
keyword,257
keyword,258
keyword,259
keyword,260
keyword,261
keyword,262
keyword,263
keyword,264
keyword,265
keyword,266
keyword,267
keyword,268
keyword,269
keyword,270
keyword,271
keyword,272
keyword,273
keyword,274
keyword,275
keyword,276
keyword,277
keyword,278
keyword,279
keyword,280
keyword,281
keyword,282
keyword,283
keyword,284
keyword,285
keyword,286
keyword,287
keyword,288
keyword,289
keyword,290
keyword,291
keyword,292
keyword,293
keyword,294
keyword,295
keyword,296
keyword,297
keyword,298
keyword,299
keyword,300
keyword,301
keyword,302
keyword,303
keyword,304
keyword,305
keyword,306
keyword,307
keyword,308
keyword,309
keyword,310
keyword,311
keyword,312
keyword,313
keyword,314
keyword,315
keyword,316
keyword,317
keyword,318
keyword,319
keyword,320
keyword,321
keyword,322
keyword,323
keyword,324
keyword,325
keyword,326
keyword,327
keyword,328
keyword,329
keyword,330
keyword,331
keyword,332
keyword,333
keyword,334
keyword,335
keyword,336
keyword,337
keyword,338
keyword,339
keyword,340
keyword,341
keyword,342
keyword,343
keyword,344
keyword,345
keyword,346
keyword,347
keyword,348
keyword,349
keyword,350
keyword,351
keyword,352
keyword,353
keyword,354
keyword,355
keyword,356
keyword,357
keyword,358
keyword,359
keyword,360
keyword,361
keyword,362
keyword,363
keyword,364
keyword,365
keyword,366
keyword,367
keyword,368
keyword,369
keyword,370
keyword,371
keyword,372
keyword,373
keyword,374
keyword,375
keyword,376
keyword,377
keyword,378
keyword,379
keyword,380
keyword,381
keyword,382
keyword,383
keyword,384
keyword,385
keyword,386
keyword,387
keyword,388
keyword,389
keyword,390
keyword,391
keyword,392
keyword,393
keyword,394
keyword,395
keyword,396
keyword,397
keyword,398
keyword,399
keyword,400
keyword,401
keyword,402
keyword,403
keyword,404
keyword,405
keyword,406
keyword,407
keyword,408
keyword,409
keyword,410
keyword,411
keyword,412
keyword,413
keyword,414
keyword,415
keyword,416
keyword,417
keyword,418
keyword,419
keyword,420
keyword,421
keyword,422
keyword,423
keyword,424
keyword,425
keyword,426
keyword,427
keyword,428
keyword,429
keyword,430
keyword,431
keyword,432
keyword,433
keyword,434
keyword,435
keyword,436
keyword,437
keyword,438
keyword,439
keyword,440
keyword,441
keyword,442
keyword,443
keyword,444
keyword,445
keyword,446
keyword,447
keyword,448
keyword,449
keyword,450
keyword,451
keyword,452
keyword,453
keyword,454
keyword,455
keyword,456
keyword,457
keyword,458
keyword,459
keyword,460
keyword,461
keyword,462
keyword,463
keyword,464
keyword,465
keyword,466
keyword,467
keyword,468
keyword,469
keyword,470
keyword,471
keyword,472
keyword,473
keyword,474
keyword,475
keyword,476
keyword,477
keyword,478
keyword,479
keyword,480
keyword,481
keyword,482
keyword,483
keyword,484
keyword,485
keyword,486
keyword,487
keyword,488
keyword,489
keyword,490
keyword,491
keyword,492
keyword,493
keyword,494
keyword,495
keyword,496
keyword,497
keyword,498
keyword,499
keyword,500
keyword,501
keyword,502
keyword,503
keyword,504
keyword,505
keyword,506
keyword,507
keyword,508
keyword,509
keyword,510
keyword,511
keyword,512
keyword,513
keyword,514
keyword,515
keyword,516
keyword,517
keyword,518
keyword,519
keyword,520
keyword,521
keyword,522
keyword,523
keyword,524
keyword,525
keyword,526
keyword,527
keyword,528
keyword,529
keyword,530
keyword,531
keyword,532
keyword,533
keyword,534
keyword,535
keyword,536
keyword,537
keyword,538
keyword,539
keyword,540
keyword,541
keyword,542
keyword,543
keyword,544
keyword,545
keyword,546
keyword,547
keyword,548
keyword,549
keyword,550
keyword,551
keyword,552
keyword,553
keyword,554
keyword,555
keyword,556
keyword,557
keyword,558
keyword,559
keyword,560
keyword,561
keyword,562
keyword,563
keyword,564
keyword,565
keyword,566
keyword,567
keyword,568
keyword,569
keyword,570
keyword,571
keyword,572
keyword,573
keyword,574
keyword,575
keyword,576
keyword,577
keyword,578
keyword,579
keyword,580
keyword,581
keyword,582
keyword,583
keyword,584
keyword,585
keyword,586
keyword,587
keyword,588
keyword,589
keyword,590
keyword,591
keyword,592
keyword,593
keyword,594
keyword,595
keyword,596
keyword,597
keyword,598
keyword,599
keyword,600
keyword,601
keyword,602
keyword,603
keyword,604
keyword,605
keyword,606
keyword,607
keyword,608
keyword,609
keyword,610
keyword,611
keyword,612
keyword,613
keyword,614
keyword,615
keyword,616
keyword,617
keyword,618
keyword,619
keyword,620
keyword,621
keyword,622
keyword,623
keyword,624
keyword,625
keyword,626
keyword,627
keyword,628
keyword,629
keyword,630
keyword,631
keyword,632
keyword,633
keyword,634
keyword,635
keyword,636
keyword,637
keyword,638
keyword,639
keyword,640
keyword,641
keyword,642
keyword,643
keyword,644
keyword,645
keyword,646
keyword,647
keyword,648
keyword,649
keyword,650
keyword,651
keyword,652
keyword,653
keyword,654
keyword,655
keyword,656
keyword,657
keyword,658
keyword,659
keyword,660
keyword,661
keyword,662
keyword,663
keyword,664
keyword,665
keyword,666
keyword,667
keyword,668
keyword,669
keyword,670
keyword,671
keyword,672
keyword,673
keyword,674
keyword,675
keyword,676
keyword,677
keyword,678
keyword,679
keyword,680
keyword,681
keyword,682
keyword,683
keyword,684
keyword,685
keyword,686
keyword,687
keyword,688
keyword,689
keyword,690
keyword,691
keyword,692
keyword,693
keyword,694
keyword,695
keyword,696
keyword,697
keyword,698
keyword,699
keyword,700
keyword,701
keyword,702
keyword,703
keyword,704
keyword,705
keyword,706
keyword,707
keyword,708
keyword,709
keyword,710
keyword,711
keyword,712
keyword,713
keyword,714
keyword,715
keyword,716
keyword,717
keyword,718
keyword,719
keyword,720
keyword,721
keyword,722
keyword,723
keyword,724
keyword,725
keyword,726
keyword,727
keyword,728
keyword,729
keyword,730
keyword,731
keyword,732
keyword,733
keyword,734
keyword,735
keyword,736
keyword,737
keyword,738
keyword,739
keyword,740
keyword,741
keyword,742
keyword,743
keyword,744
keyword,745
keyword,746
keyword,747
keyword,748
keyword,749
keyword,750
keyword,751
keyword,752
keyword,753
keyword,754
keyword,755
keyword,756
keyword,757
keyword,758
keyword,759
keyword,760
keyword,761
keyword,762
keyword,763
keyword,764
keyword,765
keyword,766
keyword,767
keyword,768
keyword,769
keyword,770
keyword,771
keyword,772
keyword,773
keyword,774
keyword,775
keyword,776
keyword,777
keyword,778
keyword,779
keyword,780
keyword,781
keyword,782
keyword,783
keyword,784
keyword,785
keyword,786
keyword,787
keyword,788
keyword,789
keyword,790
keyword,791
keyword,792
keyword,793
keyword,794
keyword,795
keyword,796
keyword,797
keyword,798
keyword,799
keyword,800
keyword,801
keyword,802
keyword,803
keyword,804
keyword,805
keyword,806
keyword,807
keyword,808
keyword,809
keyword,810
keyword,811
keyword,812
keyword,813
keyword,814
keyword,815
keyword,816
keyword,817
keyword,818
keyword,819
keyword,820
keyword,821
keyword,822
keyword,823
keyword,824
keyword,825
keyword,826
keyword,827
keyword,828
keyword,829
keyword,830
keyword,831
keyword,832
keyword,833
keyword,834
keyword,835
keyword,836
keyword,837
keyword,838
keyword,839
keyword,840
keyword,841
keyword,842
keyword,843
keyword,844
keyword,845
keyword,846
keyword,847
keyword,848
keyword,849
keyword,850
keyword,851
keyword,852
keyword,853
keyword,854
keyword,855
keyword,856
keyword,857
keyword,858
keyword,859
keyword,860
keyword,861
keyword,862
keyword,863
keyword,864
keyword,865
keyword,866
keyword,867
keyword,868
keyword,869
keyword,870
keyword,871
keyword,872
keyword,873
keyword,874
keyword,875
keyword,876
keyword,877
keyword,878
keyword,879
keyword,880
keyword,881
keyword,882
keyword,883
keyword,884
keyword,885
keyword,886
keyword,887
keyword,888
keyword,889
keyword,890
keyword,891
keyword,892
keyword,893
keyword,894
keyword,895
keyword,896
keyword,897
keyword,898
keyword,899
keyword,900
keyword,901
keyword,902
keyword,903
keyword,904
keyword,905
keyword,906
keyword,907
keyword,908
keyword,909
keyword,910
keyword,911
keyword,912
keyword,913
keyword,914
keyword,915
keyword,916
keyword,917
keyword,918
keyword,919
keyword,920
keyword,921
keyword,922
keyword,923
keyword,924
keyword,925
keyword,926
keyword,927
keyword,928
keyword,929
keyword,930
keyword,931
keyword,932
keyword,933
keyword,934
keyword,935
keyword,936
keyword,937
keyword,938
keyword,939
keyword,940
keyword,941
keyword,942
keyword,943
keyword,944
keyword,945
keyword,946
keyword,947
keyword,948
movie_companies,0
movie_companies,4200
movie_companies,4208
movie_companies,4786
movie_companies,5092
movie_companies,5658
movie_companies,5659
movie_companies,6247
movie_companies,6611
movie_companies,6684
movie_companies,6817
movie_companies,6818
movie_companies,7495
movie_companies,8830
movie_companies,8878
movie_companies,8879
movie_companies,9343
movie_companies,9344
movie_companies,10463
movie_companies,10490
movie_companies,14416
movie_companies,14421
movie_companies,14763
movie_companies,14954
movie_companies,15358
movie_companies,15707
movie_companies,15937
movie_companies,15983
movie_companies,16083
movie_companies,16590
movie_companies,17464
movie_companies,17490
movie_companies,17768
movie_companies,18294
movie_companies,18311
movie_info,0
movie_info,1
movie_info,3
movie_info,171
movie_info,200
movie_info,362
movie_info,447
movie_info,549
movie_info,561
movie_info,1076
movie_info,1080
movie_info,1091
movie_info,1116
movie_info,1140
movie_info,1199
movie_info,1284
movie_info,1322
movie_info,1365
movie_info,1386
movie_info,1460
movie_info,1530
movie_info,1570
movie_info,1573
movie_info,1627
movie_info,1662
movie_info,1687
movie_info,1699
movie_info,1701
movie_info,1730
movie_info,1779
movie_info,1793
movie_info,1813
movie_info,1820
movie_info,1834
movie_info,1846
movie_info,1858
movie_info,1868
movie_info,1872
movie_info,1893
movie_info,1954
movie_info,1960
movie_info,1976
movie_info,1995
movie_info,2104
movie_info,2113
movie_info,2157
movie_info,2172
movie_info,2226
movie_info,2298
movie_info,2301
movie_info,2334
movie_info,2338
movie_info,2418
movie_info,2443
movie_info,2448
movie_info,2488
movie_info,2491
movie_info,2553
movie_info,2554
movie_info,2600
movie_info,2622
movie_info,2679
movie_info,2699
movie_info,2705
movie_info,2722
movie_info,2795
movie_info,2819
movie_info,2893
movie_info,2901
movie_info,2902
movie_info,2905
movie_info,2916
movie_info,2932
movie_info,2963
movie_info,3012
movie_info,3046
movie_info,3096
movie_info,3180
movie_info,3190
movie_info,3192
movie_info,3208
movie_info,3237
movie_info,3255
movie_info,3257
movie_info,3300
movie_info,3313
movie_info,3320
movie_info,3341
movie_info,3342
movie_info,3403
movie_info,3413
movie_info,3447
movie_info,3534
movie_info,3585
movie_info,3601
movie_info,3608
movie_info,3630
movie_info,3639
movie_info,3650
movie_info,3671
movie_info,3683
movie_info,3703
movie_info,3729
movie_info,3761
movie_info,3980
movie_info,4005
movie_info,4055
movie_info,4076
movie_info,4161
movie_info,4270
movie_info,4297
movie_info,4318
movie_info,4327
movie_info,4373
movie_info,4374
movie_info,4685
movie_info,4704
movie_info,4722
movie_info,4842
movie_info,4852
movie_info,4865
movie_info,4885
movie_info,4961
movie_info,5020
movie_info,5026
movie_info,5099
movie_info,5102
movie_info,5108
movie_info,5160
movie_info,5201
movie_info,5311
movie_info,5343
movie_info,5362
movie_info,5399
movie_info,5410
movie_info,5436
movie_info,5460
movie_info,5500
movie_info,5534
movie_info,5544
movie_info,5580
movie_info,5607
movie_info,5614
movie_info,5639
movie_info,5681
movie_info,5682
movie_info,5718
movie_info,5719
movie_info,5785
movie_info,5808
movie_info,5823
movie_info,5928
movie_info,5937
movie_info,5953
movie_info,5984
movie_info,5985
movie_info,5990
movie_info,6059
movie_info,6062
movie_info,6141
movie_info,6176
movie_info,6202
movie_info,6212
movie_info,6247
movie_info,6249
movie_info,6267
movie_info,6281
movie_info,6316
movie_info,6341
movie_info,6404
movie_info,6458
movie_info,6464
movie_info,6479
movie_info,6492
movie_info,6555
movie_info,6565
movie_info,6740
movie_info,6786
movie_info,7145
movie_info,7526
movie_info,8613
movie_info,9406
movie_info,9771
movie_info,9989
movie_info,10059
movie_info,10224
movie_info,10372
movie_info,10459
movie_info,10488
movie_info,10540
movie_info,10840
movie_info,10904
movie_info,11026
movie_info,11033
movie_info,11034
movie_info,11207
movie_info,11378
movie_info,11599
movie_info,11636
movie_info,11722
movie_info,11797
movie_info,11871
movie_info,12091
movie_info,12102
movie_info,12118
movie_info,12395
movie_info,12427
movie_info,12437
movie_info,12536
movie_info,12568
movie_info,12951
movie_info,13125
movie_info,13193
movie_info,13196
movie_info,13345
movie_info,13379
movie_info,13545
movie_info,13604
movie_info,13802
movie_info,13944
movie_info,13959
movie_info,14081
movie_info,14107
movie_info,14164
movie_info,14178
movie_info,14275
movie_info,14343
movie_info,14347
movie_info,14494
movie_info,14763
movie_info,15037
movie_info,15041
movie_info,15049
movie_info,15060
movie_info,15077
movie_info,15117
movie_info,15171
movie_info,15196
movie_info,15210
movie_info,15254
movie_info,15295
movie_info,15319
movie_info,15322
movie_info,15356
movie_info,15375
movie_info,15391
movie_info,15399
movie_info,15400
movie_info,15416
movie_info,15447
movie_info,15455
movie_info,15466
movie_info,15467
movie_info,15471
movie_info,15479
movie_info,15487
movie_info,15494
movie_info,15501
movie_info,15503
movie_info,15516
movie_info,15552
movie_info,15556
movie_info,15565
movie_info,15578
movie_info,15647
movie_info,15654
movie_info,15682
movie_info,15691
movie_info,15726
movie_info,15774
movie_info,15796
movie_info,15799
movie_info,15851
movie_info,15867
movie_info,15871
movie_info,15899
movie_info,15901
movie_info,15938
movie_info,15941
movie_info,15970
movie_info,15984
movie_info,16021
movie_info,16035
movie_info,16039
movie_info,16052
movie_info,16104
movie_info,16119
movie_info,16167
movie_info,16173
movie_info,16175
movie_info,16182
movie_info,16194
movie_info,16202
movie_info,16213
movie_info,16245
movie_info,16265
movie_info,16270
movie_info,16296
movie_info,16355
movie_info,16357
movie_info,16367
movie_info,16374
movie_info,16385
movie_info,16396
movie_info,16398
movie_info,16424
movie_info,16425
movie_info,16432
movie_info,16437
movie_info,16450
movie_info,16489
movie_info,16496
movie_info,16510
movie_info,16515
movie_info,16536
movie_info,16570
movie_info,16600
movie_info,16610
movie_info,16615
movie_info,16629
movie_info,16634
movie_info,16650
movie_info,16657
movie_info,16669
movie_info,16686
movie_info,16704
movie_info,16833
movie_info,16846
movie_info,16864
movie_info,16897
movie_info,16911
movie_info,16938
movie_info,16965
movie_info,17029
movie_info,17046
movie_info,17060
movie_info,17066
movie_info,17095
movie_info,17210
movie_info,17295
movie_info,17308
movie_info,17321
movie_info,17396
movie_info,17402
movie_info,17410
movie_info,17422
movie_info,17472
movie_info,17507
movie_info,17511
movie_info,17559
movie_info,17561
movie_info,17564
movie_info,17590
movie_info,17598
movie_info,17620
movie_info,17667
movie_info,17690
movie_info,17709
movie_info,17721
movie_info,17746
movie_info,17753
movie_info,17771
movie_info,17786
movie_info,17812
movie_info,17836
movie_info,17842
movie_info,17864
movie_info,17882
movie_info,17886
movie_info,17901
movie_info,17926
movie_info,17927
movie_info,17948
movie_info,17992
movie_info,18006
movie_info,18017
movie_info,18081
movie_info,18087
movie_info,18097
movie_info,18117
movie_info,18118
movie_info,18166
movie_info,18168
movie_info,18218
movie_info,18240
movie_info,18257
movie_info,18263
movie_info,18281
movie_info,18288
movie_info,18300
movie_info,18310
movie_info,18332
movie_info,18388
movie_info,18423
movie_info,18428
movie_info,18436
movie_info,18444
movie_info,18445
movie_info,18485
movie_info,18491
movie_info,18601
movie_info,18630
movie_info,18631
movie_info,18754
movie_info,18825
movie_info,18826
movie_info,18885
movie_info,18996
movie_info,19000
movie_info,19004
movie_info,19264
movie_info,19572
movie_info,19632
movie_info,19641
movie_info,19733
movie_info,19735
movie_info,19755
movie_info,19775
movie_info,19780
movie_info,19790
movie_info,19819
movie_info,19821
movie_info,19831
movie_info,19835
movie_info,19839
movie_info,19840
movie_info,19866
movie_info,19874
movie_info,19929
movie_info,19952
movie_info,19972
movie_info,20001
movie_info,20013
movie_info,20015
movie_info,20049
movie_info,20057
movie_info,20058
movie_info,20080
movie_info,20108
movie_info,20124
movie_info,20194
movie_info,20201
movie_info,20231
movie_info,20234
movie_info,20235
movie_info,20246
movie_info,20277
movie_info,20307
movie_info,20342
movie_info,20371
movie_info,20398
movie_info,20401
movie_info,20409
movie_info,20410
movie_info,20430
movie_info,20434
movie_info,20450
movie_info,20452
movie_info,20467
movie_info,20503
movie_info,20509
movie_info,20512
movie_info,20520
movie_info,20523
movie_info,20533
movie_info,20564
movie_info,20689
movie_info,20731
movie_info,20748
movie_info,20787
movie_info,20805
movie_info,20808
movie_info,20825
movie_info,20826
movie_info,20939
movie_info,20954
movie_info,21003
movie_info,21006
movie_info,21011
movie_info,21019
movie_info,21068
movie_info,21098
movie_info,21101
movie_info,21121
movie_info,21122
movie_info,21135
movie_info,21177
movie_info,21190
movie_info,21197
movie_info,21212
movie_info,21236
movie_info,21267
movie_info,21279
movie_info,21290
movie_info,21292
movie_info,21299
movie_info,21312
movie_info,21313
movie_info,21328
movie_info,21364
movie_info,21378
movie_info,21447
movie_info,21453
movie_info,21461
movie_info,21480
movie_info,21524
movie_info,21606
movie_info,21625
movie_info,21629
movie_info,21630
movie_info,21636
movie_info,21654
movie_info,21713
movie_info,21715
movie_info,21720
movie_info,21726
movie_info,21749
movie_info,21752
movie_info,22233
movie_info,22361
movie_info,22623
movie_info,22645
movie_info,23112
movie_info,23246
movie_info,24029
movie_info,24053
movie_info,24197
movie_info,24581
movie_info,24587
movie_info,24662
movie_info,24732
movie_info,24748
movie_info,24750
movie_info,24784
movie_info,24845
movie_info,24859
movie_info,24879
movie_info,24884
movie_info,24919
movie_info,24931
movie_info,24945
movie_info,24946
movie_info,24972
movie_info,25039
movie_info,25045
movie_info,25067
movie_info,25090
movie_info,25256
movie_info,25313
movie_info,25331
movie_info,25397
movie_info,25492
movie_info,25539
movie_info,25544
movie_info,25643
movie_info,25668
movie_info,25674
movie_info,25734
movie_info,25813
movie_info,25867
movie_info,25984
movie_info,26006
movie_info,26079
movie_info,26102
movie_info,26204
movie_info,26215
movie_info,26218
movie_info,26259
movie_info,26283
movie_info,26373
movie_info,26408
movie_info,26471
movie_info,26572
movie_info,26584
movie_info,26586
movie_info,26607
movie_info,26696
movie_info,26777
movie_info,26794
movie_info,26795
movie_info,26803
movie_info,26804
movie_info,26835
movie_info,26836
movie_info,26909
movie_info,26910
movie_info,26922
movie_info,27003
movie_info,27172
movie_info,27194
movie_info,27202
movie_info,27241
movie_info,27263
movie_info,27273
movie_info,27357
movie_info,27749
movie_info,27790
movie_info,27930
movie_info,27931
movie_info,27991
movie_info,28117
movie_info,28172
movie_info,28183
movie_info,28238
movie_info,28239
movie_info,28454
movie_info,28616
movie_info,28665
movie_info,28822
movie_info,28834
movie_info,28835
movie_info,28848
movie_info,28874
movie_info,29021
movie_info,29022
movie_info,29028
movie_info,29125
movie_info,29136
movie_info,29203
movie_info,29204
movie_info,29343
movie_info,29381
movie_info,29426
movie_info,29447
movie_info,29495
movie_info,29509
movie_info,29579
movie_info,29682
movie_info,29722
movie_info,29754
movie_info,29761
movie_info,29784
movie_info,29785
movie_info,29826
movie_info,29827
movie_info,29881
movie_info,29882
movie_info,30031
movie_info,30089
movie_info,30386
movie_info,30409
movie_info,30444
movie_info,30524
movie_info,30699
movie_info,30706
movie_info,30909
movie_info,30997
movie_info,31059
movie_info,31085
movie_info,31150
movie_info,31174
movie_info,31237
movie_info,31272
movie_info,31351
movie_info,31436
movie_info,31437
movie_info,31445
movie_info,31458
movie_info,31541
movie_info,31549
movie_info,31859
movie_info,33631
movie_info,33929
movie_info,34270
movie_info,34332
movie_info,34645
movie_info,34760
movie_info,34761
movie_info,34899
movie_info,35816
movie_info,36670
movie_info,36961
movie_info,37338
movie_info,37353
movie_info,37421
movie_info,38929
movie_info,40489
movie_info,41299
movie_info,41750
movie_info,41990
movie_info,42394
movie_info,42478
movie_info,44133
movie_info,44170
movie_info,44354
movie_info,44528
movie_info,44834
movie_info,45176
movie_info,45403
movie_info,45494
movie_info,45544
movie_info,45692
movie_info,45823
movie_info,45904
movie_info,45911
movie_info,45912
movie_info,46031
movie_info,46093
movie_info,46147
movie_info,46173
movie_info,46178
movie_info,46223
movie_info,46224
movie_info,46225
movie_info,46330
movie_info,46355
movie_info,46396
movie_info,46397
movie_info,46408
movie_info,46439
movie_info,46469
movie_info,46493
movie_info,46518
movie_info,46526
movie_info,46564
movie_info,46681
movie_info,46695
movie_info,46727
movie_info,46767
movie_info,46768
movie_info,47011
movie_info,47033
movie_info,47130
movie_info,47160
movie_info,47277
movie_info,47278
movie_info,47433
movie_info,47441
movie_info,47505
movie_info,47514
movie_info,47686
movie_info,47740
movie_info,47752
movie_info,47837
movie_info,47844
movie_info,47845
movie_info,47965
movie_info,47975
movie_info,47976
movie_info,48071
movie_info,48120
movie_info,48274
movie_info,48275
movie_info,48287
movie_info,48320
movie_info,48472
movie_info,48518
movie_info,48679
movie_info,48697
movie_info,48698
movie_info,48702
movie_info,48703
movie_info,48704
movie_info,48705
movie_info,48730
movie_info,48769
movie_info,48770
movie_info,48798
movie_info,48799
movie_info,48835
movie_info,48944
movie_info,49013
movie_info,49028
movie_info,49304
movie_info,49328
movie_info,49333
movie_info,49373
movie_info,49395
movie_info,49472
movie_info,49476
movie_info,49567
movie_info,49573
movie_info,49594
movie_info,49611
movie_info,49612
movie_info,49656
movie_info,49658
movie_info,49659
movie_info,49786
movie_info,49787
movie_info,49788
movie_info,49811
movie_info,49875
movie_info,49892
movie_info,49964
movie_info,50075
movie_info,50180
movie_info,50217
movie_info,50232
movie_info,50283
movie_info,50300
movie_info,50316
movie_info,50353
movie_info,50376
movie_info,50414
movie_info,50539
movie_info,50540
movie_info,51032
movie_info,51080
movie_info,51148
movie_info,51149
movie_info,51255
movie_info,51301
movie_info,51395
movie_info,51482
movie_info,51483
movie_info,51486
movie_info,51487
movie_info,51488
movie_info,51715
movie_info,51716
movie_info,51774
movie_info,51819
movie_info,51838
movie_info,51938
movie_info,51941
movie_info,51942
movie_info,51943
movie_info,52322
movie_info,52582
movie_info,52618
movie_info,52658
movie_info,52659
movie_info,52698
movie_info,52901
movie_info,52924
movie_info,52948
movie_info,52990
movie_info,53137
movie_info,53253
movie_info,53254
movie_info,53266
movie_info,53429
movie_info,53436
movie_info,53450
movie_info,53539
movie_info,53565
movie_info,53566
movie_info,53644
movie_info,53794
movie_info,53869
movie_info,53870
movie_info,53937
movie_info,53938
movie_info,53939
movie_info,53982
movie_info,54065
movie_info,54091
movie_info,54149
movie_info,54207
movie_info,54292
movie_info,54377
movie_info,54397
movie_info,54474
movie_info,54475
movie_info,54534
movie_info,54549
movie_info,54595
movie_info,54597
movie_info,54598
movie_info,54681
movie_info,54685
movie_info,54686
movie_info,54767
movie_info,54768
movie_info,54936
movie_info,54995
movie_info,55041
movie_info,55316
movie_info,55317
movie_info,55343
movie_info,55386
movie_info,55476
movie_info,55479
movie_info,55669
movie_info,55676
movie_info,55883
movie_info,55976
movie_info,56041
movie_info,56150
movie_info,56154
movie_info,56191
movie_info,56192
movie_info,56220
movie_info,56297
movie_info,56352
movie_info,56476
movie_info,56596
movie_info,56597
movie_info,56610
movie_info,56611
movie_info,56637
movie_info,56666
movie_info,56782
movie_info,56784
movie_info,56787
movie_info,56788
movie_info,56808
movie_info,56989
movie_info,57190
movie_info,57283
movie_info,57284
movie_info,57285
movie_info,57347
movie_info,57406
movie_info,57407
movie_info,57414
movie_info,57501
movie_info,57508
movie_info,57511
movie_info,57516
movie_info,57536
movie_info,57537
movie_info,57546
movie_info,57549
movie_info,57552
movie_info,57558
movie_info,57587
movie_info,57634
movie_info,57647
movie_info,57651
movie_info,57666
movie_info,57703
movie_info,57704
movie_info,57735
movie_info,57743
movie_info,57753
movie_info,57766
movie_info,57811
movie_info,57838
movie_info,57840
movie_info,57851
movie_info,57878
movie_info,57885
movie_info,57901
movie_info,57928
movie_info,57931
movie_info,57932
movie_info,57937
movie_info,57970
movie_info,57973
movie_info,57981
movie_info,57997
movie_info,58000
movie_info,58042
movie_info,58046
movie_info,58079
movie_info,58124
movie_info,58144
movie_info,58154
movie_info,58180
movie_info,58193
movie_info,58205
movie_info,58206
movie_info,58286
movie_info,58296
movie_info,58328
movie_info,58371
movie_info,58401
movie_info,58402
movie_info,58405
movie_info,58421
movie_info,58462
movie_info,58472
movie_info,58478
movie_info,58530
movie_info,58548
movie_info,58560
movie_info,58575
movie_info,58587
movie_info,58601
movie_info,58635
movie_info,58646
movie_info,58707
movie_info,58711
movie_info,58720
movie_info,58739
movie_info,58776
movie_info,58845
movie_info,58866
movie_info,58871
movie_info,58872
movie_info,58881
movie_info,58882
movie_info,58884
movie_info,58893
movie_info,58927
movie_info,58947
movie_info,59025
movie_info,59103
movie_info,59152
movie_info,59158
movie_info,59160
movie_info,59174
movie_info,59190
movie_info,59196
movie_info,59230
movie_info,59237
movie_info,59277
movie_info,59278
movie_info,59280
movie_info,59333
movie_info,59336
movie_info,59341
movie_info,59375
movie_info,59410
movie_info,59420
movie_info,59429
movie_info,59488
movie_info,59490
movie_info,59499
movie_info,59506
movie_info,59522
movie_info,59526
movie_info,59527
movie_info,59570
movie_info,59620
movie_info,59625
movie_info,59687
movie_info,59707
movie_info,60023
movie_info,60097
movie_info,60226
movie_info,60571
movie_info,60737
movie_info,61267
movie_info,61285
movie_info,61327
movie_info,61348
movie_info,61404
movie_info,61419
movie_info,61421
movie_info,61456
movie_info,61475
movie_info,61565
movie_info,61566
movie_info,61677
movie_info,61678
movie_info,61679
movie_info,61732
movie_info,61776
movie_info,61952
movie_info,61988
movie_info,62153
movie_info,62154
movie_info,62224
movie_info,62225
movie_info,62226
movie_info,62227
movie_info,62228
movie_info,62258
movie_info,62259
movie_info,62335
movie_info,62336
movie_info,62493
movie_info,62599
movie_info,62606
movie_info,62630
movie_info,62631
movie_info,62658
movie_info,62659
movie_info,62660
movie_info,62666
movie_info,62790
movie_info,62804
movie_info,62805
movie_info,62845
movie_info,62898
movie_info,62899
movie_info,63009
movie_info,63045
movie_info,63047
movie_info,63048
movie_info,63116
movie_info,63193
movie_info,63194
movie_info,63195
movie_info,63196
movie_info,63326
movie_info,63390
movie_info,63406
movie_info,63484
movie_info,63594
movie_info,63674
movie_info,63675
movie_info,63720
movie_info,63822
movie_info,63854
movie_info,63855
movie_info,63856
movie_info,64062
movie_info,64094
movie_info,64113
movie_info,64129
movie_info,64207
movie_info,64323
movie_info,64564
movie_info,64565
movie_info,64585
movie_info,64674
movie_info,64801
movie_info,64803
movie_info,64804
movie_info,64997
movie_info,65030
movie_info,65086
movie_info,65095
movie_info,65144
movie_info,65145
movie_info,65248
movie_info,65249
movie_info,65262
movie_info,65276
movie_info,65296
movie_info,65297
movie_info,65298
movie_info,65507
movie_info,65560
movie_info,65562
movie_info,65587
movie_info,65590
movie_info,65591
movie_info,65593
movie_info,65598
movie_info,65599
movie_info,65607
movie_info,65610
movie_info,65613
movie_info,65624
movie_info,65637
movie_info,65641
movie_info,65643
movie_info,65647
movie_info,65657
movie_info,65663
movie_info,65665
movie_info,65667
movie_info,65675
movie_info,65676
movie_info,65682
movie_info,65689
movie_info,65691
movie_info,65696
movie_info,65700
movie_info,65714
movie_info,65715
movie_info,65720
movie_info,65726
movie_info,65731
movie_info,65733
movie_info,65739
movie_info,65741
movie_info,65744
movie_info,65751
movie_info,65755
movie_info,65756
movie_info,65759
movie_info,65762
movie_info,65767
movie_info,65770
movie_info,65776
movie_info,65781
movie_info,65789
movie_info,65799
movie_info,65803
movie_info,65805
movie_info,65806
movie_info,65811
movie_info,65812
movie_info,65813
movie_info,65814
movie_info,67752
movie_info,67829
movie_info,68000
movie_info,68698
movie_info,68699
movie_info,68700
movie_info,68701
movie_info,68702
movie_info,69724
movie_info,69931
movie_info,70020
movie_info,70792
movie_info,71330
movie_info,71331
movie_info,71345
movie_info,71837
movie_info,71838
movie_info,72017
movie_info,72019
movie_info,72053
movie_info,72063
movie_info,72066
movie_info,72074
movie_info,72615
movie_info,72617
movie_info,72620
movie_info,72724
movie_info,72726
movie_info,73684
movie_info,73685
movie_info,73686
movie_info,75429
movie_info,75482
movie_info,75483
movie_info,75571
movie_info,75783
movie_info,75798
movie_info,76405
movie_info,76778
movie_info,76830
movie_info,76942
movie_info,76944
movie_info,76973
movie_info,76976
movie_info,76977
movie_info,77074
movie_info,77075
movie_info,77076
movie_info,77099
movie_info,77111
movie_info,77113
movie_info,77114
movie_info,77115
movie_info,77280
movie_info,77305
movie_info,77308
movie_info,77320
movie_info,77321
movie_info,77322
movie_info,77357
movie_info,77599
movie_info,77603
movie_info,77604
movie_info,77605
movie_info,77606
movie_info,77607
movie_info,77703
movie_info,77715
movie_info,77718
movie_info,77719
movie_info,77832
movie_info,77833
movie_info,77834
movie_info,77835
movie_info,78040
movie_info,78233
movie_info,78263
movie_info,78264
movie_info,78349
movie_info,78350
movie_info,78351
movie_info,78443
movie_info,78503
movie_info,78628
movie_info,78740
movie_info,78854
movie_info,78860
movie_info,78916
movie_info,78927
movie_info,78928
movie_info,78929
movie_info,78930
movie_info,78931
movie_info,78932
movie_info,78933
movie_info,78938
movie_info,78939
movie_info,78940
movie_info,78941
movie_info,78942
movie_info,78943
movie_info,78944
movie_info,79008
movie_info,79009
movie_info,79177
movie_info,79617
movie_info,79621
movie_info,79622
movie_info,79623
movie_info,79624
movie_info,79876
movie_info,79908
movie_info,79909
movie_info,79910
movie_info,79911
movie_info,79912
movie_info,79913
movie_info,79934
movie_info,79935
movie_info,79989
movie_info,79990
movie_info,79994
movie_info,79995
movie_info,79996
movie_info,79997
movie_info,79998
movie_info,79999
movie_info,80018
movie_info,80060
movie_info,80063
movie_info,80069
movie_info,80073
movie_info,80074
movie_info,80077
movie_info,80078
movie_info,80079
movie_info,80081
movie_info,80082
movie_info,80083
movie_info,80084
movie_info,80085
movie_info,80086
movie_info,80093
movie_info,80102
movie_info,80103
movie_info,80104
movie_info,80121
movie_info,80390
movie_info,80423
movie_info,80424
movie_info,80650
movie_info,80651
movie_info,80652
movie_info,80653
movie_info,80654
movie_info,80794
movie_info,80795
movie_info,80934
movie_info,81056
movie_info,81057
movie_info,81058
movie_info,81059
movie_info,81060
movie_info,81061
movie_info,81062
movie_info,81063
movie_info,81258
movie_info,81259
movie_info,81260
movie_info,81261
movie_info,81321
movie_info,81322
movie_info,81343
movie_info,81344
movie_info,81353
movie_info,81433
movie_info,81435
movie_info,81436
movie_info,81439
movie_info,81440
movie_info,81441
movie_info,81442
movie_info,81443
movie_info,81444
movie_info,81445
movie_info,81446
movie_info,81447
movie_info,81448
movie_info,81492
movie_info,81951
movie_info,81952
movie_info,81997
movie_info,81998
movie_info,81999
movie_info,82000
movie_info,82139
movie_info,82174
movie_info,82175
movie_info,82438
movie_info,82439
movie_info,82440
movie_info,82441
movie_info,82442
movie_info,82443
movie_info,82444
movie_info,82456
movie_info,82613
movie_info,82643
movie_info,82644
movie_info,82645
movie_info,82646
movie_info,82729
movie_info,82732
movie_info,82769
movie_info,82770
movie_info,82771
movie_info,83021
movie_info,83022
movie_info,83023
movie_info,83024
movie_info,83098
movie_info,83099
movie_info,83100
movie_info,83101
movie_info,83102
movie_info,83103
movie_info,83104
movie_info,83105
movie_info,83106
movie_info,83108
movie_info,83109
movie_info,83110
movie_info,83326
movie_info,83569
movie_info,83729
movie_info,83730
movie_info,83731
movie_info,83732
movie_info,83782
movie_info,83783
movie_info,83784
movie_info,83820
movie_info,83821
movie_info,83822
movie_info,83823
movie_info,83880
movie_info,83881
movie_info,83904
movie_info,83906
movie_info,83911
movie_info,83996
movie_info,83999
movie_info,84001
movie_info,84003
movie_info,84004
movie_info,84005
movie_info,84103
movie_info,84109
movie_info,84242
movie_info,84750
movie_info,84754
movie_info,84755
movie_info,84756
movie_info,84757
movie_info,84758
movie_info,84759
movie_info,84760
movie_info,84798
movie_info,85011
movie_info,85020
movie_info,85029
movie_info,85031
movie_info,85032
movie_info,85033
movie_info,85320
movie_info,85755
movie_info,85826
movie_info,85827
movie_info,85867
movie_info,85958
movie_info,85959
movie_info,85983
movie_info,86087
movie_info,86088
movie_info,86089
movie_info,86090
movie_info,86294
movie_info,86295
movie_info,86296
movie_info,86297
movie_info,86327
movie_info,86328
movie_info,86354
movie_info,86355
movie_info,86396
movie_info,86397
movie_info,86425
movie_info,86426
movie_info,86796
movie_info,86892
movie_info,87185
movie_info,87186
movie_info,87215
movie_info,87243
movie_info,87316
movie_info,87490
movie_info,87524
movie_info,88067
movie_info,88266
movie_info,88283
movie_info,88417
movie_info,88541
movie_info,88542
movie_info,88543
movie_info,88544
movie_info,88545
movie_info,88546
movie_info,88744
movie_info,89241
movie_info,89252
movie_info,89340
movie_info,89512
movie_info,89541
movie_info,89884
movie_info,89957
movie_info,89993
movie_info,89994
movie_info,90047
movie_info,90077
movie_info,90103
movie_info,90171
movie_info,90172
movie_info,90203
movie_info,90316
movie_info,90348
movie_info,90349
movie_info,90378
movie_info,90549
movie_info,90563
movie_info,90569
movie_info,90570
movie_info,90571
movie_info,90572
movie_info,90617
movie_info,90620
movie_info,90659
movie_info,90741
movie_info,90742
movie_info,90743
movie_info,90879
movie_info,90974
movie_info,91020
movie_info,91021
movie_info,91022
movie_info,91031
movie_info,91055
movie_info,91056
movie_info,91115
movie_info,91184
movie_info,91308
movie_info,91324
movie_info,91405
movie_info,91533
movie_info,91534
movie_info,91535
movie_info,91536
movie_info,91538
movie_info,91539
movie_info,91540
movie_info,91541
movie_info,91585
movie_info,91586
movie_info,91606
movie_info,91610
movie_info,91611
movie_info,91718
movie_info,92010
movie_info,92011
movie_info,92012
movie_info,92211
movie_info,92224
movie_info,92258
movie_info,92261
movie_info,92262
movie_info,92328
movie_info,92329
movie_info,92330
movie_info,92342
movie_info,92360
movie_info,92562
movie_info,92581
movie_info,92629
movie_info,92651
movie_info,92730
movie_info,92746
movie_info,92747
movie_info,93096
movie_info,93097
movie_info,93231
movie_info,93232
movie_info,93300
movie_info,93320
movie_info,93342
movie_info,93366
movie_info,93368
movie_info,93369
movie_info,93370
movie_info,93371
movie_info,93611
movie_info,93756
movie_info,93790
movie_info,93791
movie_info,93942
movie_info,93988
movie_info,94156
movie_info,94157
movie_info,94296
movie_info,94298
movie_info,94369
movie_info,94388
movie_info,94389
movie_info,94566
movie_info,94567
movie_info,94614
movie_info,94616
movie_info,94617
movie_info,94618
movie_info,94619
movie_info,94620
movie_info,94621
movie_info,94640
movie_info,94716
movie_info,94732
movie_info,94804
movie_info,95032
movie_info,95101
movie_info,95141
movie_info,95142
movie_info,95167
movie_info,95168
movie_info,95169
movie_info,95217
movie_info,95218
movie_info,95220
movie_info,95221
movie_info,95235
movie_info,95316
movie_info,95501
movie_info,95620
movie_info,95919
movie_info,95920
movie_info,95921
movie_info,95922
movie_info,95923
movie_info,95950
movie_info,96113
movie_info,96116
movie_info,96329
movie_info,96330
movie_info,96667
movie_info,96722
movie_info,96834
movie_info,96854
movie_info,96943
movie_info,96944
movie_info,96945
movie_info,97109
movie_info,97110
movie_info,97111
movie_info,97137
movie_info,97154
movie_info,97155
movie_info,97200
movie_info,97201
movie_info,97202
movie_info,97203
movie_info,97218
movie_info,97219
movie_info,97493
movie_info,98500
movie_info,98501
movie_info,98520
movie_info,98521
movie_info,98692
movie_info,98693
movie_info,98714
movie_info,98804
movie_info,98805
movie_info,98806
movie_info,98930
movie_info,98931
movie_info,98932
movie_info,98984
movie_info,98985
movie_info,99029
movie_info,99093
movie_info,99137
movie_info,99138
movie_info,99139
movie_info,99140
movie_info,99144
movie_info,99150
movie_info,99151
movie_info,99152
movie_info,99153
movie_info,99202
movie_info,99203
movie_info,99204
movie_info,99205
movie_info,99206
movie_info,99213
movie_info,99247
movie_info,99248
movie_info,99257
movie_info,99263
movie_info,99343
movie_info,99348
movie_info,99349
movie_info,99352
movie_info,99379
movie_info,99404
movie_info,99405
movie_info,99410
movie_info,99447
movie_info,99473
movie_info,99474
movie_info,99479
movie_info,99480
movie_info,99481
movie_info,99521
movie_info,99542
movie_info,99557
movie_info,99580
movie_info,99608
movie_info,99609
movie_info,99622
movie_info,99623
movie_info,99624
movie_info,99633
movie_info,99690
movie_info,99691
movie_info,99706
movie_info,99710
movie_info,99715
movie_info,99716
movie_info,99727
movie_info,99728
movie_info,99730
movie_info,99766
movie_info,99767
movie_info,99800
movie_info,99801
movie_info,99802
movie_info,99835
movie_info,99878
movie_info,99891
movie_info,99892
movie_info,99909
movie_info,99911
movie_info,99912
movie_info,99918
movie_info,99938
movie_info,99939
movie_info,99956
movie_info,99960
movie_info,99961
movie_info,99964
movie_info,99971
movie_info,99972
movie_info,99975
movie_info,99990
movie_info,99991
movie_info,100022
movie_info,100045
movie_info,100058
movie_info,100061
movie_info,100062
movie_info,100068
movie_info,100110
movie_info,100124
movie_info,100125
movie_info,100128
movie_info,100129
movie_info,100146
movie_info,100165
movie_info,100166
movie_info,100172
movie_info,100173
movie_info,100196
movie_info,100197
movie_info,100201
movie_info,100202
movie_info,100215
movie_info,100216
movie_info,100225
movie_info,100228
movie_info,100229
movie_info,100233
movie_info,100234
movie_info,100240
movie_info,100282
movie_info,100283
movie_info,100297
movie_info,100312
movie_info,100355
movie_info,100367
movie_info,100368
movie_info,100445
movie_info,100446
movie_info,100449
movie_info,100462
movie_info,100463
movie_info,100465
movie_info,100673
movie_info,100674
movie_info,100780
movie_info,100781
movie_info,100787
movie_info,100827
movie_info,100828
movie_info,100847
movie_info,100899
movie_info,100900
movie_info,100911
movie_info,100922
movie_info,100923
movie_info,100953
movie_info,101097
movie_info,101098
movie_info,101099
movie_info,101135
movie_info,101136
movie_info,101221
movie_info,101251
movie_info,101268
movie_info,101312
movie_info,101334
movie_info,101365
movie_info,101410
movie_info,101446
movie_info,101447
movie_info,101493
movie_info,101687
movie_info,101690
movie_info,101691
movie_info,103825
movie_info,103896
movie_info,104029
movie_info,104070
movie_info,104080
movie_info,104107
movie_info,104119
movie_info,104128
movie_info,104154
movie_info,104161
movie_info,104215
movie_info,104238
movie_info,104256
movie_info,104331
movie_info,104332
movie_info,104333
movie_info,104352
movie_info,104377
movie_info,104378
movie_info,104391
movie_info,104424
movie_info,104458
movie_info,104489
movie_info,104490
movie_info,104501
movie_info,104512
movie_info,104530
movie_info,104588
movie_info,104589
movie_info,104630
movie_info,104632
movie_info,104640
movie_info,104659
movie_info,104660
movie_info,104664
movie_info,104676
movie_info,104722
movie_info,104729
movie_info,104747
movie_info,104773
movie_info,104976
movie_info,105012
movie_info,105050
movie_info,105051
movie_info,105052
movie_info,105150
movie_info,105161
movie_info,105203
movie_info,105252
movie_info,105284
movie_info,105306
movie_info,105350
movie_info,105361
movie_info,105362
movie_info,105381
movie_info,105403
movie_info,105447
movie_info,105458
movie_info,105464
movie_info,105478
movie_info,105479
movie_info,105494
movie_info,105554
movie_info,105609
movie_info,105610
movie_info,105626
movie_info,105648
movie_info,105701
movie_info,105791
movie_info,105815
movie_info,105816
movie_info,105840
movie_info,105841
movie_info,105893
movie_info,105899
movie_info,105922
movie_info,105924
movie_info,105925
movie_info,106009
movie_info,106013
movie_info,106014
movie_info,106015
movie_info,106016
movie_info,106017
movie_info,106018
movie_info,106022
movie_info,106028
movie_info,106030
movie_info,106038
movie_info,106039
movie_info,106044
movie_info,106049
movie_info,106050
movie_info,106053
movie_info,106058
movie_info,106059
movie_info,106062
movie_info,106063
movie_info,106065
movie_info,106066
movie_info,106072
movie_info,106074
movie_info,106083
movie_info,106088
movie_info,106096
movie_info,106097
movie_info,106100
movie_info,106108
movie_info,106109
movie_info,106114
movie_info,106115
movie_info,106126
movie_info,106127
movie_info,106128
movie_info,106138
movie_info,106140
movie_info,106153
movie_info,106154
movie_info,106159
movie_info,106161
movie_info,106168
movie_info,106252
movie_info,106360
movie_info,107267
movie_info,107493
movie_info,107666
movie_info,108291
movie_info,109402
movie_info,109884
movie_info,110230
movie_info,110725
movie_info,111956
movie_info,112520
movie_info,112869
movie_info,113374
movie_info,114314
movie_info,114315
movie_info,115052
movie_info,115055
movie_info,115455
movie_info,115974
movie_info,116192
movie_info,116297
movie_info,116504
movie_info,116505
movie_info,116657
movie_info,116737
movie_info,116844
movie_info,116910
movie_info,117026
movie_info,117110
movie_info,117162
movie_info,117201
movie_info,117272
movie_info,117349
movie_info,117511
movie_info,117531
movie_info,117570
movie_info,117630
movie_info,117957
movie_info,117995
movie_info,118085
movie_info,118120
movie_info,118271
movie_info,118485
movie_info,118493
movie_info,118580
movie_info,118581
movie_info,118728
movie_info,118729
movie_info,118732
movie_info,118782
movie_info,118867
movie_info,118885
movie_info,118948
movie_info,119078
movie_info,119079
movie_info,119207
movie_info,119208
movie_info,119268
movie_info,119457
movie_info,119460
movie_info,119639
movie_info,119691
movie_info,119901
movie_info,119927
movie_info,119928
movie_info,119939
movie_info,119940
movie_info,119975
movie_info,120032
movie_info,120075
movie_info,120136
movie_info,120263
movie_info,120342
movie_info,120481
movie_info,120536
movie_info,120606
movie_info,120607
movie_info,120746
movie_info,120754
movie_info,120799
movie_info,120937
movie_info,120941
movie_info,121094
movie_info,121115
movie_info,121116
movie_info,121174
movie_info,121180
movie_info,121335
movie_info,121336
movie_info,121365
movie_info,121409
movie_info,121425
movie_info,121809
movie_info,121853
movie_info,121954
movie_info,122011
movie_info,122085
movie_info,122160
movie_info,122216
movie_info,122217
movie_info,122565
movie_info,122609
movie_info,122968
movie_info,123065
movie_info,123337
movie_info,123338
movie_info,123339
movie_info,123467
movie_info,123489
movie_info,123608
movie_info,123612
movie_info,124410
movie_info,124452
movie_info,124510
movie_info,124825
movie_info,124851
movie_info,124881
movie_info,125116
movie_info,125272
movie_info,125305
movie_info,125525
movie_info,125534
movie_info,125542
movie_info,125694
movie_info,126092
movie_info,126093
movie_info,126181
movie_info,126182
movie_info,126185
movie_info,126186
movie_info,126238
movie_info,126350
movie_info,126535
movie_info,126771
movie_info,126895
movie_info,127036
movie_info,127133
movie_info,127138
movie_info,127244
movie_info,127247
movie_info,127494
movie_info,127578
movie_info,127647
movie_info,128050
movie_info,128051
movie_info,128089
movie_info,128280
movie_info,128285
movie_info,128300
movie_info,128576
movie_info,128586
movie_info,128896
movie_info,128898
movie_info,129133
movie_info,129169
movie_info,129305
movie_info,129364
movie_info,129468
movie_info,129822
movie_info,129839
movie_info,129875
movie_info,129909
movie_info,129910
movie_info,130062
movie_info,130078
movie_info,130596
movie_info,130761
movie_info,130818
movie_info,130844
movie_info,130848
movie_info,130925
movie_info,130927
movie_info,130932
movie_info,130946
movie_info,130996
movie_info,131026
movie_info,131073
movie_info,131076
movie_info,131107
movie_info,131137
movie_info,131142
movie_info,131143
movie_info,131154
movie_info,131155
movie_info,131178
movie_info,131186
movie_info,131196
movie_info,131197
movie_info,131199
movie_info,131216
movie_info,131223
movie_info,131229
movie_info,131242
movie_info,131277
movie_info,131292
movie_info,131304
movie_info,131365
movie_info,131371
movie_info,131397
movie_info,131404
movie_info,131433
movie_info,131473
movie_info,131493
movie_info,131495
movie_info,131558
movie_info,131561
movie_info,131579
movie_info,131607
movie_info,131631
movie_info,131648
movie_info,131682
movie_info,131690
movie_info,131731
movie_info,131771
movie_info,131776
movie_info,131777
movie_info,131778
movie_info,131795
movie_info,131802
movie_info,131840
movie_info,131857
movie_info,131936
movie_info,131937
movie_info,131938
movie_info,131950
movie_info,131976
movie_info,132006
movie_info,132010
movie_info,132024
movie_info,132025
movie_info,132054
movie_info,132055
movie_info,132060
movie_info,132074
movie_info,132090
movie_info,132117
movie_info,132142
movie_info,132152
movie_info,132155
movie_info,132173
movie_info,132175
movie_info,132181
movie_info,132185
movie_info,132222
movie_info,132398
movie_info,132418
movie_info,132419
movie_info,132471
movie_info,132485
movie_info,132496
movie_info,132522
movie_info,132523
movie_info,132524
movie_info,132616
movie_info,132668
movie_info,132684
movie_info,132685
movie_info,132739
movie_info,132744
movie_info,132752
movie_info,132762
movie_info,132827
movie_info,132871
movie_info,132873
movie_info,132877
movie_info,132905
movie_info,132923
movie_info,132924
movie_info,132986
movie_info,132987
movie_info,133005
movie_info,133015
movie_info,133038
movie_info,133072
movie_info,133119
movie_info,133144
movie_info,133145
movie_info,133163
movie_info,133174
movie_info,133195
movie_info,133197
movie_info,133219
movie_info,133270
movie_info,133287
movie_info,133381
movie_info,133382
movie_info,133403
movie_info,133429
movie_info,133430
movie_info,133485
movie_info,133487
movie_info,133548
movie_info,133575
movie_info,133592
movie_info,133621
movie_info,133623
movie_info,133632
movie_info,133657
movie_info,133725
movie_info,133730
movie_info,133735
movie_info,133743
movie_info,133767
movie_info,133772
movie_info,133869
movie_info,134191
movie_info,134218
movie_info,134258
movie_info,134366
movie_info,134411
movie_info,134428
movie_info,134450
movie_info,134596
movie_info,134617
movie_info,134793
movie_info,134868
movie_info,134953
movie_info,134961
movie_info,134971
movie_info,135299
movie_info,135587
movie_info,135615
movie_info,135773
movie_info,135858
movie_info,135958
movie_info,135971
movie_info,136497
movie_info,136502
movie_info,136513
movie_info,136535
movie_info,136559
movie_info,136616
movie_info,136741
movie_info,136783
movie_info,136803
movie_info,136892
movie_info,136965
movie_info,137004
movie_info,137007
movie_info,137063
movie_info,137097
movie_info,137122
movie_info,137134
movie_info,137136
movie_info,137166
movie_info,137217
movie_info,137230
movie_info,137249
movie_info,137256
movie_info,137271
movie_info,137284
movie_info,137295
movie_info,137306
movie_info,137310
movie_info,137331
movie_info,137394
movie_info,137400
movie_info,137416
movie_info,137435
movie_info,137551
movie_info,137560
movie_info,137606
movie_info,137620
movie_info,137675
movie_info,137751
movie_info,137755
movie_info,137789
movie_info,137793
movie_info,137877
movie_info,137901
movie_info,137906
movie_info,137951
movie_info,137955
movie_info,138014
movie_info,138020
movie_info,138067
movie_info,138089
movie_info,138148
movie_info,138168
movie_info,138175
movie_info,138193
movie_info,138269
movie_info,138293
movie_info,138372
movie_info,138382
movie_info,138385
movie_info,138397
movie_info,138415
movie_info,138430
movie_info,138447
movie_info,138498
movie_info,138533
movie_info,138540
movie_info,138585
movie_info,138669
movie_info,138679
movie_info,138681
movie_info,138698
movie_info,138728
movie_info,138749
movie_info,138751
movie_info,138798
movie_info,138800
movie_info,138810
movie_info,138818
movie_info,138841
movie_info,138842
movie_info,138902
movie_info,138903
movie_info,138913
movie_info,138941
movie_info,138949
movie_info,138984
movie_info,139039
movie_info,139089
movie_info,139105
movie_info,139113
movie_info,139135
movie_info,139144
movie_info,139154
movie_info,139173
movie_info,139184
movie_info,139204
movie_info,139230
movie_info,139262
movie_info,139473
movie_info,139494
movie_info,139520
movie_info,139572
movie_info,139594
movie_info,139636
movie_info,139682
movie_info,139790
movie_info,139817
movie_info,139839
movie_info,139848
movie_info,139894
movie_info,139895
movie_info,140082
movie_info,140214
movie_info,140233
movie_info,140254
movie_info,140379
movie_info,140388
movie_info,140402
movie_info,140423
movie_info,140501
movie_info,140559
movie_info,140566
movie_info,140642
movie_info,140645
movie_info,140651
movie_info,140692
movie_info,140705
movie_info,140743
movie_info,140819
movie_info,140856
movie_info,140857
movie_info,140890
movie_info,140908
movie_info,140947
movie_info,140959
movie_info,140986
movie_info,141010
movie_info,141052
movie_info,141088
movie_info,141097
movie_info,141134
movie_info,141161
movie_info,141168
movie_info,141193
movie_info,141235
movie_info,141236
movie_info,141274
movie_info,141275
movie_info,141349
movie_info,141376
movie_info,141393
movie_info,141508
movie_info,141519
movie_info,141536
movie_info,141572
movie_info,141573
movie_info,141579
movie_info,141657
movie_info,141660
movie_info,141791
movie_info,141821
movie_info,141833
movie_info,141861
movie_info,141871
movie_info,141872
movie_info,141891
movie_info,141905
movie_info,141941
movie_info,141969
movie_info,142033
movie_info,142089
movie_info,142096
movie_info,142110
movie_info,142123
movie_info,142188
movie_info,142198
movie_info,142381
movie_info,142426
movie_info,142494
movie_info,142709
movie_info,142730
movie_info,142763
movie_info,142856
movie_info,142896
movie_info,142910
movie_info,142932
movie_info,143052
movie_info,143065
movie_info,143196
movie_info,143261
movie_info,143330
movie_info,143335
movie_info,143340
movie_info,143605
movie_info,143836
movie_info,143989
movie_info,144058
movie_info,144131
movie_info,144140
movie_info,144471
movie_info,144474
movie_info,144484
movie_info,144501
movie_info,144523
movie_info,144576
movie_info,144644
movie_info,144675
movie_info,144716
movie_info,144736
movie_info,144813
movie_info,144886
movie_info,144927
movie_info,144930
movie_info,144985
movie_info,145018
movie_info,145043
movie_info,145056
movie_info,145058
movie_info,145087
movie_info,145139
movie_info,145152
movie_info,145172
movie_info,145178
movie_info,145193
movie_info,145205
movie_info,145216
movie_info,145226
movie_info,145230
movie_info,145252
movie_info,145312
movie_info,145333
movie_info,145352
movie_info,145463
movie_info,145472
movie_info,145517
movie_info,145532
movie_info,145587
movie_info,145660
movie_info,145663
movie_info,145671
movie_info,145696
movie_info,145700
movie_info,145785
movie_info,145808
movie_info,145814
movie_info,145862
movie_info,145865
movie_info,145929
movie_info,145935
movie_info,145981
movie_info,146003
movie_info,146061
movie_info,146084
movie_info,146090
movie_info,146110
movie_info,146188
movie_info,146213
movie_info,146290
movie_info,146299
movie_info,146302
movie_info,146313
movie_info,146331
movie_info,146344
movie_info,146361
movie_info,146410
movie_info,146445
movie_info,146453
movie_info,146496
movie_info,146579
movie_info,146589
movie_info,146591
movie_info,146608
movie_info,146636
movie_info,146655
movie_info,146657
movie_info,146701
movie_info,146713
movie_info,146720
movie_info,146741
movie_info,146742
movie_info,146802
movie_info,146813
movie_info,146842
movie_info,146850
movie_info,146884
movie_info,146938
movie_info,146989
movie_info,147005
movie_info,147012
movie_info,147034
movie_info,147044
movie_info,147054
movie_info,147076
movie_info,147087
movie_info,147108
movie_info,147134
movie_info,147168
movie_info,147397
movie_info,147419
movie_info,147449
movie_info,147499
movie_info,147520
movie_info,147562
movie_info,147607
movie_info,147717
movie_info,147745
movie_info,147766
movie_info,147775
movie_info,147822
movie_info,147823
movie_info,148010
movie_info,148142
movie_info,148161
movie_info,148181
movie_info,148203
movie_info,148305
movie_info,148315
movie_info,148328
movie_info,148349
movie_info,148430
movie_info,148490
movie_info,148497
movie_info,148571
movie_info,148574
movie_info,148579
movie_info,148619
movie_info,148632
movie_info,148673
movie_info,148748
movie_info,148786
movie_info,148818
movie_info,148838
movie_info,148876
movie_info,148887
movie_info,148913
movie_info,148938
movie_info,148977
movie_info,149011
movie_info,149020
movie_info,149056
movie_info,149084
movie_info,149091
movie_info,149116
movie_info,149157
movie_info,149158
movie_info,149194
movie_info,149260
movie_info,149283
movie_info,149298
movie_info,149399
movie_info,149408
movie_info,149424
movie_info,149455
movie_info,149456
movie_info,149461
movie_info,149530
movie_info,149533
movie_info,149612
movie_info,149647
movie_info,149673
movie_info,149684
movie_info,149710
movie_info,149718
movie_info,149720
movie_info,149739
movie_info,149753
movie_info,149788
movie_info,149816
movie_info,149879
movie_info,149939
movie_info,149945
movie_info,149946
movie_info,149960
movie_info,149974
movie_info,149975
movie_info,150042
movie_info,150052
movie_info,150227
movie_info,150276
movie_info,150277
movie_info,150320
movie_info,150408
movie_info,150416
movie_info,150427
movie_info,150446
movie_info,150463
movie_info,150479
movie_info,150522
movie_info,150530
movie_info,150581
movie_info,150596
movie_info,150620
movie_info,150622
movie_info,150624
movie_info,150626
movie_info,150716
movie_info,150799
movie_info,150859
movie_info,150888
movie_info,150929
movie_info,150934
movie_info,151010
movie_info,151013
movie_info,151015
movie_info,151023
movie_info,151034
movie_info,151052
movie_info,151071
movie_info,151097
movie_info,151160
movie_info,151192
movie_info,151348
movie_info,151463
movie_info,151522
movie_info,151528
movie_info,151616
movie_info,151668
movie_info,151706
movie_info,151725
movie_info,151728
movie_info,151773
movie_info,151851
movie_info,151872
movie_info,151901
movie_info,151910
movie_info,151934
movie_info,151956
movie_info,151975
movie_info,151991
movie_info,151997
movie_info,152029
movie_info,152126
movie_info,152137
movie_info,152162
movie_info,152194
movie_info,152381
movie_info,152397
movie_info,152470
movie_info,152491
movie_info,152580
movie_info,152708
movie_info,152713
movie_info,152727
movie_info,152769
movie_info,152776
movie_info,152892
movie_info,152935
movie_info,152944
movie_info,152994
movie_info,152999
movie_info,153080
movie_info,153155
movie_info,153191
movie_info,153283
movie_info,153308
movie_info,153318
movie_info,153344
movie_info,153458
movie_info,153494
movie_info,153623
movie_info,153638
movie_info,153644
movie_info,153665
movie_info,153695
movie_info,153720
movie_info,153750
movie_info,153829
movie_info,153879
movie_info,153890
movie_info,153957
movie_info,154093
movie_info,154108
movie_info,154112
movie_info,154139
movie_info,154158
movie_info,154189
movie_info,154222
movie_info,154226
movie_info,154298
movie_info,154303
movie_info,154320
movie_info,154332
movie_info,154333
movie_info,154367
movie_info,154370
movie_info,154463
movie_info,154464
movie_info,154480
movie_info,154511
movie_info,154521
movie_info,154582
movie_info,154670
movie_info,154745
movie_info,154770
movie_info,154780
movie_info,154817
movie_info,154830
movie_info,154842
movie_info,154867
movie_info,154883
movie_info,154913
movie_info,154955
movie_info,154998
movie_info,155276
movie_info,155305
movie_info,155340
movie_info,155420
movie_info,155457
movie_info,155528
movie_info,155599
movie_info,155763
movie_info,155804
movie_info,155839
movie_info,155852
movie_info,155853
movie_info,155922
movie_info,155925
movie_info,156214
movie_info,156418
movie_info,156447
movie_info,156481
movie_info,156515
movie_info,156679
movie_info,156695
movie_info,156716
movie_info,156750
movie_info,156871
movie_info,156959
movie_info,156970
movie_info,157099
movie_info,157104
movie_info,157115
movie_info,157180
movie_info,157201
movie_info,157258
movie_info,157374
movie_info,157429
movie_info,157430
movie_info,157481
movie_info,157510
movie_info,157574
movie_info,157593
movie_info,157639
movie_info,157679
movie_info,157748
movie_info,157809
movie_info,157825
movie_info,157883
movie_info,157927
movie_info,157937
movie_info,157974
movie_info,158036
movie_info,158038
movie_info,158096
movie_info,158097
movie_info,158232
movie_info,158280
movie_info,158311
movie_info,158521
movie_info,158540
movie_info,158572
movie_info,158637
movie_info,158638
movie_info,158640
movie_info,158650
movie_info,158791
movie_info,158796
movie_info,158959
movie_info,159033
movie_info,159086
movie_info,159106
movie_info,159157
movie_info,159174
movie_info,159176
movie_info,159206
movie_info,159229
movie_info,159284
movie_info,159329
movie_info,159428
movie_info,159515
movie_info,159526
movie_info,159527
movie_info,159547
movie_info,159567
movie_info,159661
movie_info,159675
movie_info,159976
movie_info,160039
movie_info,160040
movie_info,160118
movie_info,160396
movie_info,160423
movie_info,160464
movie_info,160573
movie_info,160627
movie_info,160644
movie_info,160668
movie_info,160818
movie_info,160839
movie_info,161013
movie_info,161091
movie_info,161176
movie_info,161184
movie_info,161190
movie_info,161524
movie_keyword,0
movie_keyword,100
movie_keyword,307
movie_keyword,368
movie_keyword,369
movie_keyword,605
movie_keyword,646
movie_keyword,678
movie_keyword,900
movie_keyword,922
movie_keyword,1039
movie_keyword,1066
movie_keyword,1067
movie_keyword,1068
movie_keyword,1103
movie_keyword,1156
movie_keyword,1335
movie_keyword,1371
movie_keyword,1603
movie_keyword,1726
movie_keyword,1818
movie_keyword,1832
movie_keyword,1835
movie_keyword,1863
movie_keyword,1871
movie_keyword,1958
movie_keyword,2086
movie_keyword,2087
movie_keyword,2293
movie_keyword,2294
movie_keyword,2414
movie_keyword,2752
movie_keyword,2792
movie_keyword,2850
movie_keyword,2868
movie_keyword,2952
movie_keyword,3042
movie_keyword,3071
movie_keyword,3187
movie_keyword,3214
movie_keyword,3301
movie_keyword,3377
movie_keyword,3409
movie_keyword,3877
movie_keyword,4094
movie_keyword,4101
movie_keyword,4107
movie_keyword,4188
movie_keyword,4225
movie_keyword,4265
movie_keyword,4302
movie_keyword,4328
movie_keyword,4329
movie_keyword,4356
movie_keyword,4365
movie_keyword,4423
movie_keyword,4496
movie_keyword,4638
movie_keyword,4716
movie_keyword,4741
movie_keyword,4762
movie_keyword,4928
movie_keyword,4956
movie_keyword,5076
movie_keyword,5123
movie_keyword,5199
movie_keyword,5241
movie_keyword,5257
movie_keyword,5261
movie_keyword,5391
movie_keyword,5459
movie_keyword,5507
movie_keyword,5572
movie_keyword,5597
movie_keyword,5616
movie_keyword,5631
movie_keyword,5662
movie_keyword,5701
movie_keyword,5706
movie_keyword,5790
movie_keyword,5937
movie_keyword,5991
movie_keyword,6009
movie_keyword,6056
movie_keyword,6097
movie_keyword,6167
movie_keyword,6181
movie_keyword,6214
movie_keyword,6252
movie_keyword,6294
movie_keyword,6303
movie_keyword,6359
movie_keyword,6373
movie_keyword,6463
movie_keyword,6476
movie_keyword,6644
movie_keyword,6680
movie_keyword,6736
movie_keyword,6767
movie_keyword,6793
movie_keyword,6834
movie_keyword,6870
movie_keyword,7037
movie_keyword,7256
movie_keyword,7294
movie_keyword,7322
movie_keyword,7461
movie_keyword,7511
movie_keyword,7591
movie_keyword,7711
movie_keyword,7769
movie_keyword,7832
movie_keyword,7994
movie_keyword,8009
movie_keyword,8041
movie_keyword,8134
movie_keyword,8147
movie_keyword,8215
movie_keyword,8410
movie_keyword,8537
movie_keyword,8538
movie_keyword,8562
movie_keyword,8647
movie_keyword,8666
movie_keyword,8667
movie_keyword,8820
movie_keyword,8834
movie_keyword,8835
movie_keyword,8994
movie_keyword,9079
movie_keyword,9102
movie_keyword,9296
movie_keyword,9325
movie_keyword,9336
movie_keyword,9363
movie_keyword,9554
movie_keyword,9556
movie_keyword,9583
movie_keyword,9619
movie_keyword,9728
movie_keyword,9896
movie_keyword,9927
movie_keyword,9928
movie_keyword,9929
movie_keyword,9938
movie_keyword,9979
movie_keyword,10052
movie_keyword,10054
movie_keyword,10074
movie_keyword,10096
movie_keyword,10157
movie_keyword,10341
movie_keyword,10456
movie_keyword,10477
movie_keyword,10482
movie_keyword,10642
movie_keyword,10813
movie_keyword,10965
movie_keyword,11000
movie_keyword,11009
movie_keyword,11084
movie_keyword,11121
movie_keyword,11198
movie_keyword,11256
movie_keyword,11260
movie_keyword,11284
movie_keyword,11403
movie_keyword,11413
movie_keyword,11450
movie_keyword,11480
movie_keyword,11481
movie_keyword,11520
movie_keyword,11567
movie_keyword,11572
movie_keyword,11613
movie_keyword,11652
movie_keyword,11788
movie_keyword,11789
movie_keyword,11821
movie_keyword,11893
movie_keyword,11915
movie_keyword,12022
movie_keyword,12027
movie_keyword,12066
movie_keyword,12201
movie_keyword,12216
movie_keyword,12386
movie_keyword,12454
movie_keyword,12476
movie_keyword,12569
movie_keyword,12593
movie_keyword,12612
movie_keyword,12655
movie_keyword,12682
movie_keyword,12749
movie_keyword,12854
movie_keyword,12864
movie_keyword,12894
movie_keyword,12936
movie_keyword,12937
movie_keyword,13060
movie_keyword,13068
movie_keyword,13354
movie_keyword,13361
movie_keyword,13520
movie_keyword,13583
movie_keyword,13664
movie_keyword,13825
movie_keyword,13900
movie_keyword,13984
movie_keyword,14037
movie_keyword,14096
movie_keyword,14118
movie_keyword,14190
movie_keyword,14234
movie_keyword,14271
movie_keyword,14428
movie_keyword,14540
movie_keyword,14544
movie_keyword,14614
movie_keyword,14621
movie_keyword,14696
movie_keyword,14725
movie_keyword,14859
movie_keyword,14865
movie_keyword,14866
movie_keyword,15073
movie_keyword,15447
movie_keyword,15515
movie_keyword,15681
movie_keyword,15714
movie_keyword,15721
movie_keyword,15772
movie_keyword,15898
movie_keyword,15914
movie_keyword,15950
movie_keyword,16019
movie_keyword,16089
movie_keyword,16163
movie_keyword,16247
movie_keyword,16262
movie_keyword,16411
movie_keyword,16451
movie_keyword,16457
movie_keyword,16539
movie_keyword,16540
movie_keyword,16600
movie_keyword,16821
movie_keyword,16830
movie_keyword,16836
movie_keyword,16890
movie_keyword,16962
movie_keyword,16976
movie_keyword,16982
movie_keyword,17077
movie_keyword,17100
movie_keyword,17124
movie_keyword,17166
movie_keyword,17377
movie_keyword,17390
movie_keyword,17419
movie_keyword,17502
movie_keyword,17564
movie_keyword,17604
movie_keyword,17731
movie_keyword,17811
movie_keyword,17991
movie_keyword,18164
movie_keyword,18165
movie_keyword,18291
movie_keyword,18292
movie_keyword,18293
movie_keyword,18357
movie_keyword,18518
movie_keyword,18558
movie_keyword,18633
movie_keyword,18659
movie_keyword,18738
movie_keyword,18755
movie_keyword,18799
movie_keyword,18844
movie_keyword,18917
movie_keyword,18928
movie_keyword,18935
movie_keyword,18947
movie_keyword,19091
movie_keyword,19127
movie_keyword,19273
movie_keyword,19388
movie_keyword,19405
movie_keyword,19484
movie_keyword,19611
movie_keyword,19652
movie_keyword,19662
movie_keyword,19756
movie_keyword,19810
movie_keyword,19811
movie_keyword,19829
movie_keyword,19838
movie_keyword,20149
movie_keyword,20262
movie_keyword,20356
movie_keyword,20376
movie_keyword,20419
movie_keyword,20595
movie_keyword,20882
movie_keyword,20936
movie_keyword,21029
movie_keyword,21128
movie_keyword,21170
movie_keyword,21209
movie_keyword,21212
movie_keyword,21214
movie_keyword,21227
movie_keyword,21231
movie_keyword,21232
movie_keyword,21334
movie_keyword,21439
movie_keyword,21457
movie_keyword,21592
movie_keyword,21604
movie_keyword,22025
movie_keyword,22204
movie_keyword,22332
movie_keyword,22389
movie_keyword,22496
movie_keyword,22512
movie_keyword,22513
movie_keyword,22548
movie_keyword,22561
movie_keyword,22594
movie_keyword,22623
movie_keyword,22627
movie_keyword,22648
movie_keyword,22668
movie_keyword,22716
movie_keyword,22801
movie_keyword,22802
movie_keyword,22803
movie_keyword,22901
movie_keyword,22969
movie_keyword,22987
movie_keyword,23114
movie_keyword,23271
movie_keyword,23298
movie_keyword,23299
movie_keyword,23339
movie_keyword,23391
movie_keyword,23392
movie_keyword,23393
movie_keyword,23550
movie_keyword,23591
movie_keyword,23685
movie_keyword,23925
movie_keyword,24070
movie_keyword,24082
movie_keyword,24272
movie_keyword,24401
movie_keyword,24402
name,0
name,1
name,287
name,290
name,340
name,393
name,397
name,420
name,608
name,787
name,823
name,921
name,931
name,1045
name,1087
name,1100
name,1109
name,1142
name,1197
name,1207
name,1300
name,1506
name,1507
name,1663
name,1669
name,1693
name,1932
name,1933
name,1982
name,1995
name,2073
name,2152
name,2259
name,2378
name,2392
name,2414
name,2439
name,2484
name,2527
name,2549
name,2566
name,2571
name,2775
name,2783
name,2882
name,2887
name,2888
name,2953
name,2975
name,2984
name,3097
name,3135
name,3182
name,3185
name,3198
name,3238
name,3259
name,3330
name,3336
name,3453
name,3484
name,3508
name,3531
name,3628
name,3671
name,3777
name,3809
name,3866
name,3906
name,3914
name,3957
name,3983
name,4132
name,4148
name,4219
name,4241
name,4296
name,4363
name,4424
name,4470
name,4521
name,4540
name,4560
name,4631
name,4700
name,4765
name,4842
name,4944
name,4982
name,5025
name,5042
name,5095
name,5116
name,5148
name,5170
name,5177
name,5296
name,5315
name,5358
name,5397
name,5406
name,5409
name,5439
name,5443
name,5519
name,5548
name,5690
name,5845
name,5863
name,5870
name,5884
name,5894
name,5966
name,5973
name,5985
name,6085
name,6122
name,6194
name,6223
name,6225
name,6234
name,6236
name,6248
name,6249
name,6253
name,6280
name,6293
name,6375
name,6385
name,6538
name,6562
name,6565
name,6569
name,6574
name,6698
name,6701
name,6703
name,6706
name,6761
name,6785
name,6845
name,6894
name,6976
name,6979
name,6987
name,7109
name,7275
name,7278
name,7280
name,7314
name,7411
name,7413
name,7483
name,7621
name,7639
name,7709
name,7778
name,7784
name,7810
name,7855
name,7861
name,8016
name,8099
name,8151
name,8293
name,8338
name,8349
name,8371
name,8434
name,8440
name,8476
name,8554
name,8566
name,8576
name,8586
name,8727
name,8740
name,8780
name,8795
name,8816
name,8824
name,8856
name,8954
name,9023
name,9057
name,9169
name,9246
name,9287
name,9301
name,9330
name,9486
name,9537
name,9557
name,9645
name,9672
name,9701
name,9756
name,9773
name,9780
name,9812
name,9820
name,9835
name,9881
name,9897
name,9963
name,10097
name,10147
name,10171
name,10197
name,10227
name,10274
name,10293
name,10462
name,10591
name,10621
name,10643
name,10679
name,10746
name,10784
name,10870
name,10897
name,10907
name,10914
name,10943
name,10948
name,10971
name,11073
name,11105
name,11111
name,11115
name,11129
name,11280
name,11307
name,11428
name,11457
name,11504
name,11547
name,11576
name,11588
name,11628
name,11668
name,11695
name,11757
name,11794
name,11875
name,11904
name,11947
name,11972
name,12012
name,12120
name,12270
name,12278
name,12282
name,12379
name,12382
name,12510
name,12522
name,12542
name,12587
name,12700
name,12734
name,12761
name,12770
name,12865
name,12963
name,12993
name,13074
name,13125
name,13151
name,13161
name,13162
name,13362
name,13368
name,13517
name,13518
name,13590
name,13603
name,13623
name,13643
name,13651
name,13658
name,13736
name,13747
name,14334
name,14501
name,14560
name,14574
name,14601
name,14635
name,14714
name,14754
name,14756
name,14766
name,14938
name,15004
name,15038
name,15083
name,15168
name,15196
name,15239
name,15264
name,15337
name,15409
name,15513
name,15526
name,15698
name,15706
name,15722
name,15858
name,15901
name,16016
name,16020
name,16029
name,16065
name,16157
name,16163
name,16259
name,16332
name,16389
name,16456
name,16561
name,16673
name,16777
name,16809
name,16826
name,16837
name,16940
name,17120
name,17129
name,17170
name,17182
name,17308
name,17339
name,17351
name,17390
name,17420
name,17422
name,17441
name,17470
name,17491
name,17495
name,17512
name,17635
name,17711
name,17761
name,17786
name,17814
name,17856
name,17871
name,17908
name,17942
name,17948
name,18090
name,18093
name,18176
name,18186
name,18240
name,18324
name,18398
name,18555
name,18602
name,18679
name,18736
name,18756
name,18758
name,18782
name,18819
name,18824
name,18833
name,18883
name,18908
name,18961
name,19016
name,19022
name,19028
name,19056
name,19076
name,19085
name,19137
name,19143
name,19217
name,19377
name,19404
name,19449
name,19566
name,19567
name,19571
name,19577
name,19895
name,19904
name,19965
name,20009
name,20046
name,20057
name,20068
name,20069
name,20071
name,20075
name,20220
name,20245
name,20289
name,20305
name,20306
name,20357
name,20380
name,20511
name,20582
name,20587
name,20617
name,20778
name,20796
name,20807
name,20811
name,20843
name,20919
name,20958
name,21025
name,21031
name,21094
name,21101
name,21210
name,21230
name,21465
name,21620
name,21728
name,21797
name,21843
name,21990
name,22021
name,22100
name,22115
name,22142
name,22235
name,22262
name,22281
name,22345
name,22358
name,22376
name,22386
name,22401
name,22533
name,22543
name,22587
name,22595
name,22599
name,22609
name,22614
name,22631
name,22633
name,22658
name,22671
name,22684
name,22714
name,22777
name,22817
name,22852
name,22870
name,22907
name,22926
name,23091
name,23318
name,23344
name,23403
name,23411
name,23630
name,23767
name,23903
name,23905
name,23972
name,23988
name,24032
name,24096
name,24102
name,24203
name,24321
name,24372
name,24625
name,24750
name,24839
name,24884
name,24888
name,24936
name,24951
name,25139
name,25198
name,25278
name,25317
name,25403
name,25482
name,25547
name,25603
name,25677
name,25709
name,25756
name,25790
name,25802
name,25807
name,25850
name,25904
name,25941
name,25979
name,26096
name,26133
name,26150
name,26180
name,26188
name,26200
name,26237
name,26242
name,26271
name,26324
name,26352
name,26426
name,26498
name,26588
name,26620
name,26645
name,26678
name,26707
name,26796
name,26815
name,26894
name,26977
name,26982
name,26996
name,27053
name,27125
name,27136
name,27182
name,27197
name,27219
name,27309
name,27323
name,27388
name,27453
name,27474
name,27567
name,27592
name,27653
name,27812
name,27855
name,27870
name,27925
name,28049
name,28100
name,28106
name,28146
name,28177
name,28209
name,28272
name,28295
name,28365
name,28370
name,28463
name,28535
name,28546
name,28557
name,28572
name,28738
name,28892
name,28940
name,29046
name,29052
name,29155
name,29174
name,29288
name,29329
name,29348
name,29515
name,29524
name,29565
name,29575
name,29801
name,29841
name,29888
name,29910
name,29932
name,29962
name,29983
name,29986
name,29999
name,30130
name,30299
name,30349
name,30381
name,30396
name,30539
name,30555
name,30563
name,30636
name,30639
name,30645
name,30788
name,30801
name,30808
name,30863
name,30873
name,30907
name,31000
name,31063
name,31068
name,31110
name,31152
name,31183
name,31419
name,31472
name,31478
name,31486
name,31496
name,31542
name,31601
name,31602
name,31692
name,31702
name,31713
name,31885
name,31891
name,31916
name,31997
name,32046
name,32104
name,32140
name,32319
name,32406
name,32412
name,32415
name,32463
name,32478
name,32508
name,32519
name,32603
name,32845
name,32881
name,32900
name,33038
name,33074
name,33080
name,33083
name,33305
name,33307
name,33417
name,33455
name,33511
name,33608
name,33757
name,33846
name,33858
name,33872
name,33972
name,34027
name,34029
name,34135
name,34247
name,34297
name,34301
name,34315
name,34358
name,34415
name,34473
name,34477
name,34483
name,34484
name,34507
name,34525
name,34537
name,34620
name,34622
name,34632
name,34681
name,34744
name,34785
name,34805
name,34887
name,34944
name,35074
name,35346
name,35478
name,35519
name,35589
name,35627
name,35681
name,35697
name,35715
name,35722
name,35755
name,35766
name,35808
name,35832
name,35856
name,35864
name,35865
name,35873
name,35878
name,35907
name,36126
name,36131
person_info,0
person_info,1
person_info,71
person_info,74
person_info,75
person_info,76
person_info,264
person_info,317
person_info,384
person_info,385
person_info,386
person_info,387
person_info,388
person_info,389
person_info,390
person_info,519
person_info,582
person_info,661
person_info,662
person_info,750
person_info,752
person_info,753
person_info,808
person_info,809
person_info,919
person_info,920
person_info,1209
person_info,1237
person_info,1238
person_info,1239
person_info,1240
person_info,1259
person_info,1260
person_info,1262
person_info,1263
person_info,1264
person_info,1265
person_info,1266
person_info,1267
person_info,1300
person_info,1665
person_info,1666
person_info,1712
person_info,1713
person_info,1714
person_info,1771
person_info,1995
person_info,2004
person_info,2015
person_info,2016
person_info,2017
person_info,2228
person_info,2259
person_info,2277
person_info,2290
person_info,2345
person_info,2390
person_info,2426
person_info,2428
person_info,2429
person_info,2430
person_info,2431
person_info,2432
person_info,2433
person_info,2434
person_info,2435
person_info,2439
person_info,2529
person_info,2530
person_info,2532
person_info,2533
person_info,2534
person_info,2535
person_info,2537
person_info,2538
person_info,2539
person_info,2540
person_info,2546
person_info,2547
person_info,2548
person_info,2549
person_info,2783
person_info,2784
person_info,2785
person_info,2800
person_info,2836
person_info,3015
person_info,3017
person_info,3018
person_info,3019
person_info,3061
person_info,3062
person_info,3063
person_info,3256
person_info,3316
person_info,3471
person_info,3472
person_info,3473
person_info,3474
person_info,3475
person_info,3476
person_info,3640
person_info,3668
person_info,3670
person_info,3671
person_info,3756
person_info,3791
person_info,3966
person_info,3968
person_info,3969
person_info,3970
person_info,3971
person_info,3972
person_info,3973
person_info,3974
person_info,4061
person_info,4080
person_info,4153
person_info,4154
person_info,4155
person_info,4201
person_info,4238
person_info,4246
person_info,4247
person_info,4345
person_info,4346
person_info,4347
person_info,4445
person_info,4446
person_info,4452
person_info,4609
person_info,4612
person_info,4613
person_info,4614
person_info,4615
person_info,4780
person_info,4936
person_info,5011
person_info,5108
person_info,5126
person_info,5127
person_info,5179
person_info,5293
person_info,5294
person_info,5310
person_info,5311
person_info,5313
person_info,5314
person_info,5325
person_info,5326
person_info,5327
person_info,5328
person_info,5329
person_info,5330
person_info,5332
person_info,5333
person_info,5385
person_info,5431
person_info,5448
person_info,5504
person_info,5620
person_info,5621
person_info,5622
person_info,5623
person_info,5624
person_info,5712
person_info,5713
person_info,5714
person_info,5810
person_info,5811
person_info,5812
person_info,5835
person_info,5841
person_info,5842
person_info,5843
person_info,5844
person_info,5845
person_info,6242
person_info,6279
person_info,6291
person_info,6375
person_info,6393
person_info,6406
person_info,6408
person_info,6409
person_info,6410
person_info,6527
person_info,6533
person_info,6534
person_info,6538
person_info,6539
person_info,6540
person_info,6541
person_info,6592
person_info,6593
person_info,6655
person_info,6656
person_info,6657
person_info,6658
person_info,6659
person_info,6660
person_info,6661
person_info,6662
person_info,6663
person_info,6726
person_info,6727
person_info,6728
person_info,6729
person_info,6730
person_info,6731
person_info,6739
person_info,6741
person_info,6783
person_info,6784
person_info,6785
person_info,6786
person_info,6787
person_info,6788
person_info,6789
person_info,6874
person_info,6997
person_info,6999
person_info,7000
person_info,7001
person_info,7103
person_info,7157
person_info,7221
person_info,7222
person_info,7223
person_info,7232
person_info,7233
person_info,7234
person_info,7274
person_info,7275
person_info,7276
person_info,7277
person_info,7414
person_info,7415
person_info,7446
person_info,7447
person_info,7448
person_info,7449
person_info,7450
person_info,7451
person_info,7452
person_info,7495
person_info,7571
person_info,7646
person_info,7647
person_info,7658
person_info,7691
person_info,7692
person_info,7693
person_info,7826
person_info,7873
person_info,7874
person_info,7959
person_info,8007
person_info,8008
person_info,8010
person_info,8011
person_info,8012
person_info,8013
person_info,8014
person_info,8096
person_info,8156
person_info,8158
person_info,8159
person_info,8160
person_info,8260
person_info,8261
person_info,8262
person_info,8276
person_info,8277
person_info,8278
person_info,8321
person_info,8452
person_info,8521
person_info,8522
person_info,8586
person_info,8677
person_info,8691
person_info,8692
person_info,8754
person_info,8755
person_info,8756
person_info,8757
person_info,8758
person_info,8759
person_info,8816
person_info,8848
person_info,8849
person_info,8850
person_info,8851
person_info,8852
person_info,8910
person_info,8912
person_info,8913
person_info,8941
person_info,9017
person_info,9018
person_info,9019
person_info,9020
person_info,9021
person_info,9199
person_info,9200
person_info,9338
person_info,9339
person_info,9445
person_info,9446
person_info,9450
person_info,9451
person_info,9612
person_info,9633
person_info,9748
person_info,9827
person_info,9828
person_info,9891
person_info,9907
person_info,9908
person_info,9909
person_info,9910
person_info,9911
person_info,9912
person_info,9913
person_info,9914
person_info,9915
person_info,9916
person_info,10201
person_info,10202
person_info,10222
person_info,10223
person_info,10224
person_info,10225
person_info,10226
person_info,10227
person_info,10228
person_info,10305
person_info,10306
person_info,10307
person_info,10379
person_info,10380
person_info,10381
person_info,10382
person_info,10433
person_info,10434
person_info,10452
person_info,10453
person_info,10454
person_info,10488
person_info,10491
person_info,10492
person_info,10493
person_info,10494
person_info,10524
person_info,10527
person_info,10528
person_info,10529
person_info,10530
person_info,10531
person_info,10569
person_info,10571
person_info,10572
person_info,10631
person_info,10632
person_info,10633
person_info,10634
person_info,10816
person_info,10818
person_info,10819
person_info,10899
person_info,10967
person_info,10983
person_info,10984
person_info,10985
person_info,11099
person_info,11127
person_info,11128
person_info,11129
person_info,11150
person_info,11190
person_info,11337
person_info,11339
person_info,11396
person_info,11397
person_info,11398
person_info,11399
person_info,11400
person_info,11401
person_info,11402
person_info,11443
person_info,11513
person_info,11546
person_info,11601
person_info,11602
person_info,11603
person_info,11604
person_info,11605
person_info,11644
person_info,11655
person_info,11680
person_info,11705
person_info,11706
person_info,11772
person_info,11795
person_info,11796
person_info,11797
person_info,11798
person_info,11799
person_info,11800
person_info,11801
person_info,11802
person_info,11819
person_info,11820
person_info,11826
person_info,11827
person_info,11828
person_info,11829
person_info,11839
person_info,11915
person_info,11934
person_info,11935
person_info,11936
person_info,11937
person_info,11938
person_info,11962
person_info,11972
person_info,12061
person_info,12104
person_info,12105
person_info,12106
person_info,12107
person_info,12108
person_info,12109
person_info,12110
person_info,12111
person_info,12142
person_info,12143
person_info,12178
person_info,12195
person_info,12255
person_info,12260
person_info,12269
person_info,12282
person_info,12318
person_info,12375
person_info,12376
person_info,12414
person_info,12417
person_info,12418
person_info,12423
person_info,12439
person_info,12579
person_info,12590
person_info,12605
person_info,12660
person_info,12719
person_info,12720
person_info,12826
person_info,12827
person_info,12972
person_info,13077
person_info,13078
person_info,13079
person_info,13080
person_info,13142
person_info,13143
person_info,13144
person_info,13145
person_info,13146
person_info,13347
person_info,13348
person_info,13349
person_info,13350
person_info,13351
person_info,13491
person_info,13505
person_info,13506
person_info,13529
person_info,13620
person_info,13625
person_info,13632
person_info,13709
person_info,13710
person_info,13720
person_info,13723
person_info,13776
person_info,13777
person_info,13778
person_info,13779
person_info,13793
person_info,13911
person_info,13912
person_info,13970
person_info,13971
person_info,14022
person_info,14023
person_info,14086
person_info,14093
person_info,14096
person_info,14159
person_info,14160
person_info,14222
person_info,14224
person_info,14225
person_info,14226
person_info,14227
person_info,14300
person_info,14303
person_info,14305
person_info,14306
person_info,14313
person_info,14314
person_info,14361
person_info,14362
person_info,14363
person_info,14373
person_info,14374
person_info,14375
person_info,14394
person_info,14395
person_info,14427
person_info,14428
person_info,14443
person_info,14445
person_info,14550
person_info,14551
person_info,14614
person_info,14704
person_info,14708
person_info,14709
person_info,14710
person_info,14953
person_info,14956
person_info,14957
person_info,14958
person_info,14959
person_info,14960
person_info,14978
person_info,14990
person_info,14998
person_info,15055
person_info,15056
person_info,15057
person_info,15058
person_info,15061
person_info,15072
person_info,15073
person_info,15074
person_info,15075
person_info,15157
person_info,15158
person_info,15230
person_info,15261
person_info,15283
person_info,15303
person_info,15304
person_info,15305
person_info,15321
person_info,15324
person_info,15326
person_info,15422
person_info,15490
person_info,15522
person_info,15540
person_info,15541
person_info,15542
person_info,15702
person_info,15703
person_info,15704
person_info,15705
person_info,15919
person_info,15920
person_info,15925
person_info,15926
person_info,15961
person_info,16031
person_info,16093
person_info,16111
person_info,16114
person_info,16115
person_info,16122
person_info,16123
person_info,16154
person_info,16156
person_info,16157
person_info,16224
person_info,16232
person_info,16282
person_info,16333
person_info,16479
person_info,16510
person_info,16606
person_info,16608
person_info,16609
person_info,16614
person_info,16615
person_info,16616
person_info,16626
person_info,16629
person_info,16630
person_info,16631
person_info,16632
person_info,16637
person_info,16638
person_info,16639
person_info,16640
person_info,16692
person_info,16697
person_info,16698
person_info,16770
person_info,16817
person_info,16823
person_info,16825
person_info,16826
person_info,16827
person_info,16828
person_info,16829
person_info,16830
person_info,16831
person_info,16832
person_info,16833
person_info,16936
person_info,16937
person_info,16969
person_info,16970
person_info,16971
person_info,16972
person_info,16973
person_info,17018
person_info,17019
person_info,17020
person_info,17021
person_info,17054
person_info,17240
person_info,17241
person_info,17242
person_info,17410
person_info,17411
person_info,17475
person_info,17527
person_info,17528
person_info,17529
person_info,17530
person_info,17531
person_info,17620
person_info,17621
person_info,17622
person_info,17623
person_info,17701
person_info,17702
person_info,17703
person_info,17714
person_info,17792
person_info,17848
person_info,17849
person_info,17850
person_info,17887
person_info,17889
person_info,17988
person_info,17990
person_info,17991
person_info,18014
person_info,18015
person_info,18016
person_info,18017
person_info,18147
person_info,18240
person_info,18260
person_info,18278
person_info,18399
person_info,18596
person_info,18622
person_info,18640
person_info,18641
person_info,18820
person_info,18821
person_info,18822
person_info,18858
person_info,18876
person_info,18952
person_info,18953
person_info,18959
person_info,18961
person_info,18962
person_info,19016
person_info,19045
person_info,19046
person_info,19173
person_info,19174
person_info,19175
person_info,19194
person_info,19328
person_info,19340
person_info,19341
person_info,19342
person_info,19343
person_info,19344
person_info,19345
person_info,19346
person_info,19347
person_info,19348
person_info,19552
person_info,19553
person_info,19628
person_info,19653
person_info,19654
person_info,19655
person_info,19658
person_info,19659
person_info,19660
person_info,19661
person_info,19663
person_info,19666
person_info,19720
person_info,19753
person_info,19754
person_info,19755
person_info,19756
person_info,19757
person_info,19758
person_info,19760
person_info,19761
person_info,19787
person_info,19841
person_info,19855
person_info,19906
person_info,19907
person_info,19908
person_info,19909
person_info,19910
person_info,19911
person_info,19912
person_info,20014
person_info,20020
person_info,20061
person_info,20063
person_info,20064
person_info,20065
person_info,20093
person_info,20160
person_info,20161
person_info,20183
person_info,20201
person_info,20202
person_info,20203
person_info,20205
person_info,20206
person_info,20271
person_info,20322
person_info,20323
person_info,20324
person_info,20425
person_info,20543
person_info,20651
person_info,20663
person_info,20664
person_info,20665
person_info,20666
person_info,20748
person_info,20749
person_info,20755
person_info,20796
person_info,20797
person_info,20798
person_info,20804
person_info,20814
person_info,20817
person_info,20818
person_info,20819
person_info,20871
person_info,20872
person_info,21046
person_info,21047
person_info,21048
person_info,21049
person_info,21050
person_info,21051
person_info,21052
person_info,21053
person_info,21054
person_info,21055
person_info,21174
person_info,21201
person_info,21202
person_info,21203
person_info,21204
person_info,21205
person_info,21290
person_info,21291
person_info,21415
person_info,21431
person_info,21432
person_info,21433
person_info,21434
person_info,21435
person_info,21504
person_info,21820
person_info,21822
person_info,21823
person_info,21837
person_info,21838
person_info,21866
person_info,21868
person_info,21869
person_info,21870
person_info,21871
person_info,21938
person_info,21939
person_info,21940
person_info,21941
person_info,21946
person_info,21957
person_info,21958
person_info,21959
person_info,21960
person_info,21961
person_info,21962
person_info,21999
person_info,22039
person_info,22096
person_info,22097
person_info,22150
person_info,22151
person_info,22152
person_info,22153
person_info,22215
person_info,22253
person_info,22273
person_info,22274
person_info,22276
person_info,22277
person_info,22300
person_info,22302
person_info,22304
person_info,22359
person_info,22360
person_info,22361
person_info,22374
person_info,22376
person_info,22377
person_info,22378
person_info,22379
person_info,22380
person_info,22381
person_info,22382
person_info,22461
person_info,22467
person_info,22468
person_info,22469
person_info,22470
person_info,22471
person_info,22472
person_info,22473
person_info,22474
person_info,22503
person_info,22561
person_info,22613
person_info,22614
person_info,22646
person_info,22683
person_info,22684
person_info,22685
person_info,22815
person_info,22947
person_info,22988
person_info,22989
person_info,22990
person_info,22991
person_info,22992
person_info,23021
person_info,23076
person_info,23081
person_info,23086
person_info,23087
person_info,23088
person_info,23089
person_info,23090
person_info,23190
person_info,23191
person_info,23205
person_info,23206
person_info,23207
person_info,23208
person_info,23209
person_info,23210
person_info,23211
person_info,23212
person_info,23213
person_info,23214
person_info,23215
person_info,23299
person_info,23300
person_info,23301
person_info,23470
person_info,23476
person_info,23505
person_info,23690
person_info,23738
person_info,23744
person_info,23796
person_info,23797
person_info,23945
person_info,24025
person_info,24026
person_info,24027
person_info,24028
person_info,24091
person_info,24092
person_info,24093
person_info,24094
person_info,24175
person_info,24194
person_info,24198
person_info,24199
person_info,24405
person_info,24569
person_info,24570
person_info,24626
person_info,24627
person_info,24628
person_info,24629
person_info,24630
person_info,24631
person_info,24632
person_info,24633
person_info,24634
person_info,24635
person_info,24636
person_info,24637
person_info,24638
person_info,24639
person_info,24687
person_info,24688
person_info,24689
person_info,24690
person_info,24691
person_info,24692
person_info,24693
person_info,24711
person_info,24730
person_info,24740
person_info,24741
person_info,24798
person_info,24799
person_info,24813
person_info,24814
person_info,24863
person_info,24864
person_info,24865
person_info,24944
person_info,24990
person_info,24991
person_info,25123
person_info,25124
person_info,25147
person_info,25148
person_info,25199
person_info,25203
person_info,25215
person_info,25216
person_info,25251
person_info,25390
person_info,25438
person_info,25461
person_info,25462
person_info,25463
person_info,25464
person_info,25490
person_info,25666
person_info,25734
person_info,25735
person_info,25747
person_info,25766
person_info,25767
person_info,25768
person_info,25776
person_info,25798
person_info,25875
person_info,25876
person_info,25877
person_info,25878
person_info,25879
person_info,25947
person_info,25948
person_info,26020
person_info,26021
person_info,26025
person_info,26105
person_info,26106
person_info,26165
person_info,26166
person_info,26276
person_info,26277
person_info,26278
person_info,26383
person_info,26384
person_info,26385
person_info,26442
person_info,26443
person_info,26444
person_info,26445
person_info,26446
person_info,26478
person_info,26479
person_info,26480
person_info,26481
person_info,26540
person_info,26541
person_info,26542
person_info,26543
person_info,26679
person_info,26681
person_info,26682
person_info,26683
person_info,26684
person_info,26802
person_info,26805
person_info,26806
person_info,26868
person_info,26911
person_info,26912
person_info,26913
person_info,26959
person_info,27062
person_info,27063
person_info,27064
person_info,27065
person_info,27066
person_info,27081
person_info,27083
person_info,27148
person_info,27150
person_info,27152
person_info,27270
person_info,27271
person_info,27298
person_info,27300
person_info,27324
person_info,27325
person_info,27335
person_info,27336
person_info,27626
person_info,27627
person_info,27628
person_info,27652
person_info,27674
person_info,27676
person_info,27677
person_info,27678
person_info,27679
person_info,27707
person_info,27708
person_info,27709
person_info,27892
person_info,27894
person_info,27895
person_info,27977
person_info,27978
person_info,28007
person_info,28074
person_info,28215
person_info,28266
person_info,28269
person_info,28270
person_info,28293
person_info,28415
person_info,28479
person_info,28480
person_info,28520
person_info,28536
person_info,28581
person_info,28603
person_info,28604
person_info,28605
person_info,28652
person_info,28653
person_info,28656
person_info,28658
person_info,28659
person_info,28660
person_info,28767
person_info,28786
person_info,28803
person_info,28810
person_info,28811
person_info,28812
person_info,28813
person_info,28814
person_info,29018
person_info,29046
person_info,29087
person_info,29186
person_info,29260
person_info,29261
person_info,29262
person_info,29296
person_info,29407
person_info,29408
person_info,29410
person_info,29411
person_info,29437
person_info,29523
person_info,29545
person_info,29550
person_info,29551
person_info,29581
person_info,29607
person_info,29619
person_info,29633
person_info,29656
person_info,29657
person_info,29699
person_info,29700
person_info,29845
person_info,29861
person_info,29862
person_info,30029
person_info,30030
person_info,30102
person_info,30104
person_info,30105
person_info,30134
person_info,30148
person_info,30149
person_info,30150
person_info,30251
person_info,30267
person_info,30314
person_info,30315
person_info,30316
person_info,30390
person_info,30391
person_info,30434
person_info,30519
person_info,30521
person_info,30522
person_info,30523
person_info,30569
person_info,30575
person_info,30600
person_info,30614
person_info,30627
person_info,30629
person_info,30634
person_info,30635
person_info,30636
person_info,30637
person_info,30638
person_info,30639
person_info,30640
person_info,30641
person_info,30712
person_info,30713
person_info,30714
person_info,30715
person_info,30716
person_info,30717
person_info,30718
person_info,30719
person_info,30720
person_info,30741
person_info,30752
person_info,30762
person_info,30868
person_info,30911
person_info,31065
person_info,31274
person_info,31275
person_info,31276
person_info,31289
person_info,31290
person_info,31512
person_info,31513
person_info,31514
person_info,31515
person_info,31516
person_info,31670
person_info,31720
person_info,31767
person_info,31772
person_info,31774
person_info,31776
person_info,31779
person_info,31784
person_info,31785
person_info,31787
person_info,31788
person_info,31789
person_info,31790
person_info,31791
person_info,31792
person_info,31793
person_info,31794
person_info,31795
person_info,31796
person_info,31797
person_info,31798
person_info,31799
person_info,31800
person_info,31801
person_info,31831
person_info,31851
person_info,31911
person_info,31931
person_info,32055
person_info,32164
person_info,32166
person_info,32167
person_info,32168
person_info,32536
person_info,32627
person_info,32645
person_info,32696
person_info,32733
person_info,32734
person_info,32751
person_info,32801
person_info,32802
person_info,32803
person_info,32861
person_info,32862
person_info,32863
person_info,32902
person_info,32948
person_info,32968
person_info,32969
person_info,32970
person_info,32971
person_info,32972
person_info,32982
person_info,32983
person_info,32984
person_info,32985
person_info,33078
person_info,33117
person_info,33118
person_info,33119
person_info,33225
person_info,33226
person_info,33233
person_info,33309
person_info,33366
person_info,33469
person_info,33470
person_info,33590
person_info,33591
person_info,33592
person_info,33620
person_info,33621
person_info,33623
person_info,33624
person_info,33626
person_info,33627
person_info,33628
person_info,33629
person_info,33630
person_info,33631
person_info,33632
person_info,33633
person_info,33634
person_info,33635
person_info,33638
person_info,33660
person_info,33800
person_info,33801
person_info,33802
person_info,33803
person_info,33931
person_info,33932
person_info,33933
person_info,33934
person_info,33990
person_info,34007
person_info,34033
person_info,34195
person_info,34231
person_info,34290
person_info,34387
person_info,34402
person_info,34403
person_info,34404
person_info,34405
person_info,34406
person_info,34533
person_info,34555
person_info,34556
person_info,34557
person_info,34558
person_info,34559
person_info,34560
person_info,34592
person_info,34777
person_info,34785
person_info,34825
person_info,34864
person_info,34865
person_info,34867
person_info,34948
person_info,34949
person_info,35082
person_info,35156
person_info,35158
person_info,35173
person_info,35182
person_info,35186
person_info,35187
person_info,35188
person_info,35189
person_info,35190
person_info,35234
person_info,35276
person_info,35506
person_info,35507
person_info,35529
person_info,35532
person_info,35534
person_info,35535
person_info,35536
person_info,35595
person_info,35634
person_info,35756
person_info,35773
person_info,35787
person_info,35788
person_info,35789
person_info,35790
person_info,35960
person_info,35973
person_info,35974
person_info,35975
person_info,35976
person_info,36030
person_info,36178
person_info,36182
person_info,36183
person_info,36199
person_info,36238
person_info,36239
person_info,36240
person_info,36371
person_info,36471
person_info,36473
person_info,36474
person_info,36475
person_info,36476
person_info,36482
person_info,36630
person_info,36631
person_info,36632
person_info,36634
person_info,36635
person_info,36636
person_info,36637
person_info,36638
person_info,36639
person_info,36642
person_info,36644
person_info,36645
person_info,36646
person_info,36647
person_info,36673
person_info,36675
person_info,36676
person_info,36898
person_info,37108
person_info,37109
person_info,37110
person_info,37143
person_info,37223
person_info,37224
person_info,37225
person_info,37226
person_info,37246
person_info,37257
person_info,37258
person_info,37346
person_info,37420
person_info,37421
person_info,37422
person_info,37544
person_info,37799
person_info,37860
person_info,37889
person_info,37890
person_info,37907
person_info,37908
person_info,38109
person_info,38143
person_info,38145
person_info,38146
person_info,38147
person_info,38148
person_info,38149
person_info,38150
person_info,38152
person_info,38159
person_info,38160
person_info,38270
person_info,38271
person_info,38310
person_info,38311
person_info,38318
person_info,38319
person_info,38351
person_info,38354
person_info,38355
person_info,38356
person_info,38432
person_info,38434
person_info,38435
person_info,38436
person_info,38437
person_info,38438
person_info,38439
person_info,38440
person_info,38468
person_info,38469
person_info,38470
person_info,38505
person_info,38506
person_info,38507
person_info,38508
person_info,38603
person_info,38604
person_info,38624
person_info,38625
person_info,38653
person_info,38666
person_info,38798
person_info,38813
person_info,38815
person_info,38816
person_info,38817
person_info,38906
person_info,38907
person_info,38908
person_info,38909
person_info,38958
person_info,39001
person_info,39002
person_info,39003
person_info,39004
person_info,39005
person_info,39006
person_info,39007
person_info,39043
person_info,39088
person_info,39179
person_info,39180
person_info,39181
person_info,39182
person_info,39183
person_info,39266
person_info,39312
person_info,39313
person_info,39380
person_info,39404
person_info,39427
person_info,39428
person_info,39431
person_info,39459
person_info,39524
person_info,39525
person_info,39606
person_info,39608
person_info,39609
person_info,39674
person_info,39675
person_info,39676
person_info,39677
person_info,39678
person_info,39686
person_info,39927
person_info,39928
person_info,39929
person_info,39934
person_info,39944
person_info,39945
person_info,39956
person_info,40016
person_info,40017
person_info,40018
person_info,40248
person_info,40249
person_info,40320
person_info,40321
person_info,40362
person_info,40426
person_info,40466
person_info,40467
person_info,40547
person_info,40673
person_info,40694
person_info,40695
person_info,40696
person_info,40761
person_info,40762
person_info,40787
person_info,40788
person_info,40904
person_info,41075
person_info,41076
person_info,41169
person_info,41173
person_info,41183
person_info,41184
person_info,41185
person_info,41198
person_info,41230
person_info,41261
person_info,41262
person_info,41263
person_info,41301
person_info,41302
person_info,41303
person_info,41304
person_info,41305
person_info,41306
person_info,41307
person_info,41308
person_info,41309
person_info,41310
person_info,41383
person_info,41384
person_info,41406
person_info,41466
person_info,41467
person_info,41523
person_info,41524
person_info,41525
person_info,41567
person_info,41568
person_info,41569
person_info,41570
person_info,41654
person_info,41655
person_info,41755
person_info,41758
person_info,41761
person_info,41799
person_info,41800
person_info,41811
person_info,41836
person_info,41837
person_info,41887
person_info,41888
person_info,41889
person_info,41890
person_info,41891
person_info,41892
person_info,41893
person_info,41894
person_info,41895
person_info,41940
person_info,41949
person_info,41950
person_info,41971
person_info,41976
person_info,42048
person_info,42068
person_info,42069
person_info,42090
person_info,42175
person_info,42176
person_info,42177
person_info,42186
person_info,42191
person_info,42195
person_info,42201
person_info,42206
person_info,42243
person_info,42247
person_info,42248
person_info,42249
person_info,42396
person_info,42441
person_info,42475
person_info,42476
person_info,42477
person_info,42478
person_info,42479
person_info,42480
person_info,42593
person_info,42622
person_info,42642
person_info,42644
person_info,42645
person_info,42646
person_info,42647
person_info,42661
person_info,42662
person_info,42781
person_info,42782
person_info,42783
person_info,42784
person_info,42786
person_info,42787
person_info,43011
person_info,43012
person_info,43013
person_info,43014
person_info,43015
person_info,43067
person_info,43075
person_info,43104
person_info,43105
person_info,43106
person_info,43107
person_info,43108
person_info,43109
person_info,43113
person_info,43200
person_info,43225
person_info,43351
person_info,43395
person_info,43396
person_info,43690
person_info,43693
person_info,43712
person_info,43735
person_info,43736
person_info,43737
person_info,43738
person_info,43749
person_info,43827
person_info,43828
person_info,43840
person_info,43929
person_info,43988
person_info,43989
person_info,44028
person_info,44061
person_info,44076
person_info,44160
person_info,44195
person_info,44196
person_info,44197
person_info,44198
person_info,44210
person_info,44218
person_info,44219
person_info,44220
person_info,44221
person_info,44222
person_info,44223
person_info,44224
person_info,44225
person_info,44247
person_info,44253
person_info,44254
person_info,44256
person_info,44257
person_info,44258
person_info,44259
person_info,44261
person_info,44272
person_info,44273
person_info,44274
person_info,44275
person_info,44276
person_info,44424
person_info,44476
person_info,44502
person_info,44504
person_info,44505
person_info,44506
person_info,44507
person_info,44508
person_info,44509
person_info,44510
person_info,44555
person_info,44556
person_info,44564
person_info,44616
person_info,44661
person_info,44662
person_info,44663
person_info,44704
person_info,44713
person_info,44726
person_info,44790
person_info,44797
person_info,44798
person_info,44799
person_info,44800
person_info,44801
person_info,44803
person_info,44804
person_info,44805
person_info,44806
person_info,44807
person_info,44821
person_info,44824
person_info,44825
person_info,44833
person_info,44886
person_info,44899
person_info,44968
person_info,44969
person_info,45016
person_info,45017
person_info,45107
person_info,45145
person_info,45166
person_info,45167
person_info,45198
person_info,45272
person_info,45289
person_info,45356
person_info,45386
person_info,45553
person_info,45626
person_info,45627
person_info,45628
person_info,45629
person_info,45630
person_info,45631
person_info,45632
person_info,45633
person_info,45696
person_info,45711
person_info,45712
person_info,45761
person_info,45792
person_info,45793
person_info,45841
person_info,45843
person_info,45844
person_info,45859
person_info,45910
person_info,45912
person_info,45951
person_info,45952
person_info,45953
person_info,45958
person_info,45959
person_info,45960
person_info,45961
person_info,45962
person_info,45963
person_info,46033
person_info,46034
person_info,46035
person_info,46119
person_info,46120
person_info,46121
person_info,46122
person_info,46179
person_info,46185
person_info,46187
person_info,46191
person_info,46192
person_info,46193
person_info,46194
person_info,46195
person_info,46200
person_info,46347
person_info,46348
person_info,46349
person_info,46350
person_info,46351
person_info,46352
person_info,46353
person_info,46372
person_info,46373
person_info,46374
person_info,46456
person_info,46544
person_info,46552
person_info,46554
person_info,46555
person_info,46556
person_info,46579
person_info,46580
person_info,46655
person_info,46656
person_info,46657
person_info,46658
person_info,46659
person_info,47016
person_info,47017
person_info,47018
person_info,47019
person_info,47027
person_info,47373
person_info,47374
person_info,47417
person_info,47489
person_info,47490
person_info,47491
person_info,47492
person_info,47569
person_info,47570
person_info,47582
person_info,47632
person_info,47633
person_info,47675
person_info,47676
person_info,47677
person_info,47948
person_info,47949
person_info,47950
person_info,47951
person_info,47963
person_info,48031
person_info,48032
person_info,48074
person_info,48075
person_info,48228
person_info,48231
person_info,48267
person_info,48268
person_info,48284
person_info,48285
person_info,48291
person_info,48483
person_info,48484
person_info,48485
person_info,48611
person_info,48612
person_info,48613
person_info,48614
person_info,48615
person_info,48616
person_info,48618
person_info,48619
person_info,48686
person_info,48810
person_info,48811
person_info,48812
person_info,48813
person_info,48907
person_info,48908
person_info,48917
person_info,48918
person_info,48919
person_info,48920
person_info,48921
person_info,48922
person_info,48923
person_info,49057
person_info,49060
person_info,49061
person_info,49085
person_info,49086
person_info,49087
person_info,49088
person_info,49128
person_info,49199
person_info,49200
person_info,49235
person_info,49277
person_info,49278
person_info,49288
person_info,49289
person_info,49393
person_info,49394
person_info,49472
person_info,49520
person_info,49523
person_info,49538
person_info,49539
person_info,49540
person_info,49541
person_info,49542
person_info,49543
person_info,49569
person_info,49598
person_info,49599
person_info,49600
person_info,49601
person_info,49602
person_info,49603
person_info,49604
person_info,49605
person_info,49606
person_info,49607
person_info,49664
person_info,49675
person_info,49678
person_info,49696
person_info,49697
person_info,49706
person_info,49707
person_info,49708
person_info,49709
person_info,49710
person_info,49711
person_info,49714
person_info,49715
person_info,49737
person_info,49742
person_info,49744
person_info,49747
person_info,49750
person_info,49756
person_info,49758
person_info,49762
person_info,49792
person_info,49793
person_info,49794
person_info,49795
person_info,49796
person_info,49797
person_info,49798
person_info,49799
person_info,49800
person_info,49808
person_info,49809
person_info,49834
person_info,49835
person_info,49836
person_info,49837
person_info,49838
person_info,49839
person_info,49840
person_info,49841
person_info,49842
person_info,49856
person_info,49864
person_info,49868
person_info,49869
person_info,49870
person_info,49871
person_info,49920
person_info,49929
person_info,49930
person_info,49931
person_info,49932
person_info,49933
person_info,49934
person_info,49945
person_info,50030
person_info,50076
person_info,50077
person_info,50078
person_info,50079
person_info,50080
person_info,50081
person_info,50082
person_info,50149
person_info,50150
person_info,50151
person_info,50152
person_info,50153
person_info,50288
person_info,50299
person_info,50353
person_info,50395
person_info,50396
person_info,50397
person_info,50414
person_info,50415
person_info,50445
person_info,50709
person_info,50716
person_info,50717
person_info,50718
person_info,50772
person_info,50778
person_info,50822
person_info,50823
person_info,50824
person_info,50825
person_info,50826
person_info,50862
person_info,50863
person_info,51036
pg_aggregate,0
pg_am,0
pg_amop,0
pg_amop,1
pg_amop,2
pg_amop,3
pg_amop,4
pg_amproc,0
pg_amproc,1
pg_amproc,2
pg_amproc,3
pg_amproc,4
pg_cast,0
pg_cast,1
pg_index,0
pg_index,1
pg_index,2
pg_index,3
pg_index,4
pg_namespace,0
pg_opclass,0
pg_opclass,1
pg_operator,0
pg_operator,1
pg_operator,2
pg_operator,3
pg_operator,4
pg_operator,5
pg_operator,6
pg_operator,7
pg_operator,8
pg_operator,9
pg_operator,10
pg_operator,11
pg_operator,12
pg_operator,13
pg_rewrite,12
pg_statistic,0
pg_statistic,5
pg_statistic,6
pg_statistic,12
pg_statistic,14
pg_statistic,16
pg_statistic,17
pg_statistic,25
pg_statistic,26
pg_statistic,27
pg_statistic,28
pg_statistic,29
pg_statistic,31
pg_statistic,32
pg_statistic,33
pg_statistic,35
pg_statistic,38
pg_statistic,44
role_type,0
role_type,0
title,0
title,1
title,1319
title,1519
title,1718
title,2644
title,3201
title,3367
title,3472
title,3639
title,3961
title,4244
title,4554
title,4585
title,4885
title,4916
title,4960
title,5053
title,5119
title,5322
title,5416
title,5471
title,5829
title,5956
title,6354
title,7411
title,8756
title,8757
title,8805
title,9538
title,9553
title,9626
title,9670
title,9779
title,10033
title,10249
title,10719
title,10884
title,12410
title,12999
title,13028
title,14725
title,14768
title,15041
title,15244
title,15780
title,16297
title,16661
title,16682
title,16895
title,17570
title,17992
title,18043
title,18418
title,18903
title,20977
title,21054
title,21556
title,21700
title,22022
title,22064
title,22065
title,22404
title,22458
title,22622
title,22754
title,23255
title,23309
title,23320
title,23417
title,23441
title,23493
title,23569
title,23634
title,23682
title,23709
title,23730
title,23760
title,23765
title,23849
title,24037
title,24052
title,24301
title,24351
title,24372
title,24390
title,24482
title,24570
title,24629
title,24665
title,24672
title,24677
title,24684
title,24716
title,24739
title,24744
title,24780
title,24820
title,24873
title,24941
title,24951
title,24975
title,24989
title,25032
title,25050
title,25059
title,25083
title,25090
title,25092
title,25154
title,25160
title,25170
title,25217
title,25285
title,25332
title,25362
title,25373
title,25383
title,25410
title,25483
title,25494
title,25573
title,25607
title,25625
title,25642
title,25680
title,25738
title,25794
title,25807
title,25821
title,25838
title,25869
title,25918
title,25990
title,26061
title,26062
title,26113
title,26126
title,26135
title,26225
title,26294
title,26324
title,26368
title,26393
title,26394
title,26468
title,26472
title,26507
title,26519
title,26523
title,26618
title,26670
title,26728
title,26774
title,26788
title,26852
title,26864
title,26974
title,26991
title,26999
title,27021
title,27023
title,27099
title,27151
title,27228
title,27230
title,27314
title,27316
title,27342
title,27362
title,27379
title,27454
title,27595
title,27626
title,27662
title,27664
title,27685
title,27820
title,27843
title,27885
title,27941
title,27947
title,27982
title,27985
title,28093
title,28102
title,28126
title,28144
title,28162
title,28188
title,28214
title,28233
title,28285
title,28303
title,28352
title,28364
title,28373
title,28404
title,28442
title,28448
title,28492
title,28504
title,28548
title,28573
title,28578
title,28626
title,28658
title,28667
title,28693
title,28731
title,28753
title,28782
title,28795
title,28798
title,28801
title,28813
title,29030
title,29033
title,29042
title,29113
title,29131
title,29204
title,29245
title,29313
title,29392
title,29471
title,29550
title,29551
title,29575
title,29630
title,29631
title,29636
title,29679
title,29707
title,29717
title,29726
title,29730
title,29743
title,29792
title,29829
title,29997
title,30097
title,30101
title,30109
title,30149
title,30203
title,30303
title,30369
title,30370
title,30427
title,30501
title,30604
title,30645
title,30647
title,30751
title,30756
title,30774
title,30808
title,30819
title,30961
title,30968
title,30974
title,31134
title,31208
title,31290
title,31304
title,31308
title,31310
title,31312
title,31331
title,31454
title,31553
title,31556
title,31583
title,31671
title,31674
title,31691
title,31710
title,31721
title,31791
title,31870
title,31877
title,31880
title,31915
title,31930
title,32065
title,32102
title,32108
title,32170
title,32180
title,32199
title,32211
title,32239
title,32251
title,32277
title,32283
title,32286
title,32325
title,32359
title,32362
title,32364
title,32375
title,32378
title,32440
title,32504
title,32614
title,32651
title,32673
title,32810
title,32851
title,32911
title,33013
title,33016
title,33063
title,33071
title,33088
title,33092
title,33102
title,33168
title,33207
title,33249
title,33289
title,33295
title,33311
title,33313
title,33343
title,33346
title,33373
title,33385
title,33420
title,33434
title,33486
title,33489
title,33546
title,33593
title,33617
title,33636
title,33641
title,33651
title,33660
title,33673
title,33676
title,33684
title,33694
title,33732
title,33756
title,33854
title,33868
title,33907
title,33910
title,33926
title,33958
title,33981
title,33982
title,34070
title,34128
title,34218
title,34257
title,34362
title,34381
title,34414
title,34472
title,34502
title,34507
title,34529
title,34552
title,34606
title,34617
title,34728
title,34751
title,34768
title,34770
title,34784
title,34835
title,34854
title,34896
title,34917
title,34928
title,34945
title,35042
title,35045
title,35070
title,35080
title,35146
title,35179
title,35186
title,35197
title,35213
title,35246
title,35283
title,35296
title,35314
title,35349
title,35370
title,35414
title,35440
title,35451
title,35491
title,35541
title,35543
title,35554
title,35558
title,35576
title,35593
title,35658
title,35720
title,35781
title,35868
title,35949
