table,block
part,0
part,0
part,1
part,1
part,2
part,3
part,4
part,5
part,6
part,7
part,8
part,9
part,10
part,11
part,12
part,13
part,14
part,15
part,16
part,17
part,18
part,19
part,20
part,21
part,22
part,23
part,24
part,25
part,26
part,27
part,28
part,29
part,30
part,31
part,32
part,33
part,34
part,35
part,36
part,37
part,38
part,39
part,40
part,41
part,42
part,43
part,44
part,45
part,46
part,47
part,48
part,49
part,50
part,51
part,52
part,53
part,54
part,55
part,56
part,57
part,58
part,59
part,60
part,61
part,62
part,63
part,64
part,65
part,66
part,67
part,68
part,69
part,70
part,71
part,72
part,73
part,74
part,75
part,76
part,77
part,78
part,79
part,80
part,81
part,82
part,83
part,84
part,85
part,86
part,87
part,88
part,89
part,90
part,91
part,92
part,93
part,94
part,95
part,96
part,97
part,98
part,99
part,100
part,101
part,102
part,103
part,104
part,105
part,106
part,107
part,108
part,109
part,110
part,111
part,112
part,113
part,114
part,115
part,116
part,117
part,118
part,119
part,120
part,121
part,122
part,123
part,124
part,125
part,126
part,127
part,128
part,129
part,130
part,131
part,132
part,133
part,134
part,135
part,136
part,137
part,138
part,139
part,140
part,141
part,142
part,143
part,144
part,145
part,146
part,147
part,148
part,149
part,150
part,151
part,152
part,153
part,154
part,155
part,156
part,157
part,158
part,159
part,160
part,161
part,162
part,163
part,164
part,165
part,166
part,167
part,168
part,169
part,170
part,171
part,172
part,173
part,174
part,175
part,176
part,177
part,178
part,179
part,180
part,181
part,182
part,183
part,184
part,185
part,186
part,187
part,188
part,189
part,190
part,191
part,192
part,193
part,194
part,195
part,196
part,197
part,198
part,199
part,200
part,201
part,202
part,203
part,204
part,205
part,206
part,207
part,208
part,209
part,210
part,211
part,212
part,213
part,214
part,215
part,216
part,217
part,218
part,219
part,220
part,221
part,222
part,223
part,224
part,225
part,226
part,227
part,228
part,229
part,230
part,231
part,232
part,233
part,234
part,235
part,236
part,237
part,238
part,239
part,240
part,241
part,242
part,243
part,244
part,245
part,246
part,247
part,248
part,249
part,250
part,251
part,252
part,253
part,254
part,255
part,256
part,257
part,258
part,259
part,260
part,261
part,262
part,263
part,264
part,265
part,266
part,267
part,268
part,269
part,270
part,271
part,272
part,273
part,274
part,275
part,276
part,277
part,278
part,279
part,280
part,281
part,282
part,283
part,284
part,285
part,286
part,287
part,288
part,289
part,290
part,291
part,292
part,293
part,294
part,295
part,296
part,297
part,298
part,299
part,300
part,301
part,302
part,303
part,304
part,305
part,306
part,307
part,308
part,309
part,310
part,311
part,312
part,313
part,314
part,315
part,316
part,317
part,318
part,319
part,320
part,321
part,322
part,323
part,324
part,325
part,326
part,327
part,328
part,329
part,330
part,331
part,332
part,333
part,334
part,335
part,336
part,337
part,338
part,339
part,340
part,341
part,342
part,343
part,344
part,345
part,346
part,347
part,348
part,349
part,350
part,351
part,352
part,353
part,354
part,355
part,356
part,357
part,358
part,359
part,360
part,361
part,362
part,363
part,364
part,365
part,366
part,367
part,368
part,369
part,370
part,371
part,372
part,373
part,374
part,375
part,376
part,377
part,378
part,379
part,380
part,381
part,382
part,383
part,384
part,385
part,386
part,387
part,388
part,389
part,390
part,391
part,392
part,393
part,394
part,395
part,396
part,397
part,398
part,399
part,400
part,401
part,402
part,403
part,404
part,405
part,406
part,407
part,408
part,409
part,410
part,411
part,412
part,413
part,414
part,415
part,416
part,417
part,418
part,419
part,420
part,421
part,422
part,423
part,424
part,425
part,426
part,427
part,428
part,429
part,430
part,431
part,432
part,433
part,434
part,435
part,436
part,437
part,438
part,439
part,440
part,441
part,442
part,443
part,444
part,445
part,446
part,447
part,448
part,449
part,450
part,451
part,452
part,453
part,454
part,455
part,456
part,457
part,458
part,459
part,460
part,461
part,462
part,463
part,464
part,465
part,466
part,467
part,468
part,469
part,470
part,471
part,472
part,473
part,474
part,475
part,476
part,477
part,478
part,479
part,480
part,481
part,482
part,483
part,484
part,485
part,486
part,487
part,488
part,489
part,490
part,491
part,492
part,493
part,494
part,495
part,496
part,497
part,498
part,499
part,500
part,501
part,502
part,503
part,504
part,505
part,506
part,507
part,508
part,509
part,510
part,511
part,512
part,513
part,514
part,515
part,516
part,517
part,518
part,519
part,520
part,521
part,522
part,523
part,524
part,525
part,526
part,527
part,528
part,529
part,530
part,531
part,532
part,533
part,534
part,535
part,536
part,537
part,538
part,539
part,540
part,541
part,542
part,543
part,544
part,545
part,546
part,547
part,548
part,549
part,550
part,551
part,552
part,553
part,554
part,555
part,556
part,557
part,558
part,559
part,560
part,561
part,562
part,563
part,564
part,565
part,566
part,567
part,568
part,569
part,570
part,571
part,572
part,573
part,574
part,575
part,576
part,577
part,578
part,579
part,580
part,581
part,582
part,583
part,584
part,585
part,586
part,587
part,588
part,589
part,590
part,591
part,592
part,593
part,594
part,595
part,596
part,597
part,598
part,599
part,600
part,601
part,602
part,603
part,604
part,605
part,606
part,607
part,608
part,609
part,610
part,611
part,612
part,613
part,614
part,615
part,616
part,617
part,618
part,619
part,620
part,621
part,622
part,623
part,624
part,625
part,626
part,627
part,628
part,629
part,630
part,631
part,632
part,633
part,634
part,635
part,636
part,637
part,638
part,639
part,640
part,641
part,642
part,643
part,644
part,645
part,646
part,647
part,648
part,649
part,650
part,651
part,652
part,653
part,654
part,655
part,656
part,657
part,658
part,659
part,660
part,661
part,662
part,663
part,664
part,665
part,666
part,667
part,668
part,669
part,670
part,671
part,672
part,673
part,674
part,675
part,676
part,677
part,678
part,679
part,680
part,681
part,682
part,683
part,684
part,685
part,686
part,687
part,688
part,689
part,690
part,691
part,692
part,693
part,694
part,695
part,696
part,697
part,698
part,699
part,700
part,701
part,702
part,703
part,704
part,705
part,706
part,707
part,708
part,709
part,710
part,711
part,712
part,713
part,714
part,715
part,716
part,717
part,718
part,719
part,720
part,721
part,722
part,723
part,724
part,725
part,726
part,727
part,728
part,729
part,730
part,731
part,732
part,733
part,734
part,735
part,736
part,737
part,738
part,739
part,740
part,741
part,742
part,743
part,744
part,745
part,746
part,747
part,748
part,749
part,750
part,751
part,752
part,753
part,754
part,755
part,756
part,757
part,758
part,759
part,760
part,761
part,762
part,763
part,764
part,765
part,766
part,767
part,768
part,769
part,770
part,771
part,772
part,773
part,774
part,775
part,776
part,777
part,778
part,779
part,780
part,781
part,782
part,783
part,784
part,785
part,786
part,787
part,788
part,789
part,790
part,791
part,792
part,793
part,794
part,795
part,796
part,797
part,798
part,799
part,800
part,801
part,802
part,803
part,804
part,805
part,806
part,807
part,808
part,809
part,810
part,811
part,812
part,813
part,814
part,815
part,816
part,817
part,818
part,819
part,820
part,821
part,822
part,823
part,824
part,825
part,826
part,827
part,828
part,829
part,830
part,831
part,832
part,833
part,834
part,835
part,836
part,837
part,838
part,839
part,840
part,841
part,842
part,843
part,844
part,845
part,846
part,847
part,848
part,849
part,850
part,851
part,852
part,853
part,854
part,855
part,856
part,857
part,858
part,859
part,860
part,861
part,862
part,863
part,864
part,865
part,866
part,867
part,868
part,869
part,870
part,871
part,872
part,873
part,874
part,875
part,876
part,877
part,878
part,879
part,880
part,881
part,882
part,883
part,884
part,885
part,886
part,887
part,888
part,889
part,890
part,891
part,892
part,893
part,894
part,895
part,896
part,897
part,898
part,899
part,900
part,901
part,902
part,903
part,904
part,905
part,906
part,907
part,908
part,909
part,910
part,911
part,912
part,913
part,914
part,915
part,916
part,917
part,918
part,919
part,920
part,921
part,922
part,923
part,924
part,925
part,926
part,927
part,928
part,929
part,930
part,931
part,932
part,933
part,934
part,935
part,936
part,937
part,938
part,939
part,940
part,941
part,942
part,943
part,944
part,945
part,946
part,947
part,948
part,949
part,950
part,951
part,952
part,953
part,954
part,955
part,956
part,957
part,958
part,959
part,960
part,961
part,962
part,963
part,964
part,965
part,966
part,967
part,968
part,969
part,970
part,971
part,972
part,973
part,974
part,975
part,976
part,977
part,978
part,979
part,980
part,981
part,982
part,983
part,984
part,985
part,986
part,987
part,988
part,989
part,990
part,991
part,992
part,993
part,994
part,995
part,996
part,997
part,998
part,999
part,1000
part,1001
part,1002
part,1003
part,1004
part,1005
part,1006
part,1007
part,1008
part,1009
part,1010
part,1011
part,1012
part,1013
part,1014
part,1015
part,1016
part,1017
part,1018
part,1019
part,1020
part,1021
part,1022
part,1023
part,1024
part,1025
part,1026
part,1027
part,1028
part,1029
part,1030
part,1031
part,1032
part,1033
part,1034
part,1035
part,1036
part,1037
part,1038
part,1039
part,1040
part,1041
part,1042
part,1043
part,1044
part,1045
part,1046
part,1047
part,1048
part,1049
part,1050
part,1051
part,1052
part,1053
part,1054
part,1055
part,1056
part,1057
part,1058
part,1059
part,1060
part,1061
part,1062
part,1063
part,1064
part,1065
part,1066
part,1067
part,1068
part,1069
part,1070
part,1071
part,1072
part,1073
part,1074
part,1075
part,1076
part,1077
part,1078
part,1079
part,1080
part,1081
part,1082
part,1083
part,1084
part,1085
part,1086
part,1087
part,1088
part,1089
part,1090
part,1091
part,1092
part,1093
part,1094
part,1095
part,1096
part,1097
part,1098
part,1099
part,1100
part,1101
part,1102
part,1103
part,1104
part,1105
part,1106
part,1107
part,1108
part,1109
part,1110
part,1111
part,1112
part,1113
part,1114
part,1115
part,1116
part,1117
part,1118
part,1119
part,1120
part,1121
part,1122
part,1123
part,1124
part,1125
part,1126
part,1127
part,1128
part,1129
part,1130
part,1131
part,1132
part,1133
part,1134
part,1135
part,1136
part,1137
part,1138
part,1139
part,1140
part,1141
part,1142
part,1143
part,1144
part,1145
part,1146
part,1147
part,1148
part,1149
part,1150
part,1151
part,1152
part,1153
part,1154
part,1155
part,1156
part,1157
part,1158
part,1159
part,1160
part,1161
part,1162
part,1163
part,1164
part,1165
part,1166
part,1167
part,1168
part,1169
part,1170
part,1171
part,1172
part,1173
part,1174
part,1175
part,1176
part,1177
part,1178
part,1179
part,1180
part,1181
part,1182
part,1183
part,1184
part,1185
part,1186
part,1187
part,1188
part,1189
part,1190
part,1191
part,1192
part,1193
part,1194
part,1195
part,1196
part,1197
part,1198
part,1199
part,1200
part,1201
part,1202
part,1203
part,1204
part,1205
part,1206
part,1207
part,1208
part,1209
part,1210
part,1211
part,1212
part,1213
part,1214
part,1215
part,1216
part,1217
part,1218
part,1219
part,1220
part,1221
part,1222
part,1223
part,1224
part,1225
part,1226
part,1227
part,1228
part,1229
part,1230
part,1231
part,1232
part,1233
part,1234
part,1235
part,1236
part,1237
part,1238
part,1239
part,1240
part,1241
part,1242
part,1243
part,1244
part,1245
part,1246
part,1247
part,1248
part,1249
part,1250
part,1251
part,1252
part,1253
part,1254
part,1255
part,1256
part,1257
part,1258
part,1259
part,1260
part,1261
part,1262
part,1263
part,1264
part,1265
part,1266
part,1267
part,1268
part,1269
part,1270
part,1271
part,1272
part,1273
part,1274
part,1275
part,1276
part,1277
part,1278
part,1279
part,1280
part,1281
part,1282
part,1283
part,1284
part,1285
part,1286
part,1287
part,1288
part,1289
part,1290
part,1291
part,1292
part,1293
part,1294
part,1295
part,1296
part,1297
part,1298
part,1299
part,1300
part,1301
part,1302
part,1303
part,1304
part,1305
part,1306
part,1307
part,1308
part,1309
part,1310
part,1311
part,1312
part,1313
part,1314
part,1315
part,1316
part,1317
part,1318
part,1319
part,1320
part,1321
part,1322
part,1323
part,1324
part,1325
part,1326
part,1327
part,1328
part,1329
part,1330
part,1331
part,1332
part,1333
part,1334
part,1335
part,1336
part,1337
part,1338
part,1339
part,1340
part,1341
part,1342
part,1343
part,1344
part,1345
part,1346
part,1347
part,1348
part,1349
part,1350
part,1351
part,1352
part,1353
part,1354
part,1355
part,1356
part,1357
part,1358
part,1359
part,1360
part,1361
part,1362
part,1363
part,1364
part,1365
part,1366
part,1367
part,1368
part,1369
part,1370
part,1371
part,1372
part,1373
part,1374
part,1375
part,1376
part,1377
part,1378
part,1379
part,1380
part,1381
part,1382
part,1383
part,1384
part,1385
part,1386
part,1387
part,1388
part,1389
part,1390
part,1391
part,1392
part,1393
part,1394
part,1395
part,1396
part,1397
part,1398
part,1399
part,1400
part,1401
part,1402
part,1403
part,1404
part,1405
part,1406
part,1407
part,1408
part,1409
part,1410
part,1411
part,1412
part,1413
part,1414
part,1415
part,1416
part,1417
part,1418
part,1419
part,1420
part,1421
part,1422
part,1423
part,1424
part,1425
part,1426
part,1427
part,1428
part,1429
part,1430
part,1431
part,1432
part,1433
part,1434
part,1435
part,1436
part,1437
part,1438
part,1439
part,1440
part,1441
part,1442
part,1443
part,1444
part,1445
part,1446
part,1447
part,1448
part,1449
part,1450
part,1451
part,1452
part,1453
part,1454
part,1455
part,1456
part,1457
part,1458
part,1459
part,1460
part,1461
part,1462
part,1463
part,1464
part,1465
part,1466
part,1467
part,1468
part,1469
part,1470
part,1471
part,1472
part,1473
part,1474
part,1475
part,1476
part,1477
part,1478
part,1479
part,1480
part,1481
part,1482
part,1483
part,1484
part,1485
part,1486
part,1487
part,1488
part,1489
part,1490
part,1491
part,1492
part,1493
part,1494
part,1495
part,1496
part,1497
part,1498
part,1499
part,1500
part,1501
part,1502
part,1503
part,1504
part,1505
part,1506
part,1507
part,1508
part,1509
part,1510
part,1511
part,1512
part,1513
part,1514
part,1515
part,1516
part,1517
part,1518
part,1519
part,1520
part,1521
part,1522
part,1523
part,1524
part,1525
part,1526
part,1527
part,1528
part,1529
part,1530
part,1531
part,1532
part,1533
part,1534
part,1535
part,1536
part,1537
part,1538
part,1539
part,1540
part,1541
part,1542
part,1543
part,1544
part,1545
part,1546
part,1547
part,1548
part,1549
part,1550
part,1551
part,1552
part,1553
part,1554
part,1555
part,1556
part,1557
part,1558
part,1559
part,1560
part,1561
part,1562
part,1563
part,1564
part,1565
part,1566
part,1567
part,1568
part,1569
part,1570
part,1571
part,1572
part,1573
part,1574
part,1575
part,1576
part,1577
part,1578
part,1579
part,1580
part,1581
part,1582
part,1583
part,1584
part,1585
part,1586
part,1587
part,1588
part,1589
part,1590
part,1591
part,1592
part,1593
part,1594
part,1595
part,1596
part,1597
part,1598
part,1599
part,1600
part,1601
part,1602
part,1603
part,1604
part,1605
part,1606
part,1607
part,1608
part,1609
part,1610
part,1611
part,1612
part,1613
part,1614
part,1615
part,1616
part,1617
part,1618
part,1619
part,1620
part,1621
part,1622
part,1623
part,1624
part,1625
part,1626
part,1627
part,1628
part,1629
part,1630
part,1631
part,1632
part,1633
part,1634
part,1635
part,1636
part,1637
part,1638
part,1639
part,1640
part,1641
part,1642
part,1643
part,1644
part,1645
part,1646
part,1647
part,1648
part,1649
part,1650
part,1651
part,1652
part,1653
part,1654
part,1655
part,1656
part,1657
part,1658
part,1659
part,1660
part,1661
part,1662
part,1663
part,1664
part,1665
part,1666
part,1667
part,1668
part,1669
part,1670
part,1671
part,1672
part,1673
part,1674
part,1675
part,1676
part,1677
part,1678
part,1679
part,1680
part,1681
part,1682
part,1683
part,1684
part,1685
part,1686
part,1687
part,1688
part,1689
part,1690
part,1691
part,1692
part,1693
part,1694
part,1695
part,1696
part,1697
part,1698
part,1699
part,1700
part,1701
part,1702
part,1703
part,1704
part,1705
part,1706
part,1707
part,1708
part,1709
part,1710
part,1711
part,1712
part,1713
part,1714
part,1715
part,1716
part,1717
part,1718
part,1719
part,1720
part,1721
part,1722
part,1723
part,1724
part,1725
part,1726
part,1727
part,1728
part,1729
part,1730
part,1731
part,1732
part,1733
part,1734
part,1735
part,1736
part,1737
part,1738
part,1739
part,1740
part,1741
part,1742
part,1743
part,1744
part,1745
part,1746
part,1747
part,1748
part,1749
part,1750
part,1751
part,1752
part,1753
part,1754
part,1755
part,1756
part,1757
part,1758
part,1759
part,1760
part,1761
part,1762
part,1763
part,1764
part,1765
part,1766
part,1767
part,1768
part,1769
part,1770
part,1771
part,1772
part,1773
part,1774
part,1775
part,1776
part,1777
part,1778
part,1779
part,1780
part,1781
part,1782
part,1783
part,1784
part,1785
part,1786
part,1787
part,1788
part,1789
part,1790
part,1791
part,1792
part,1793
part,1794
part,1795
part,1796
part,1797
part,1798
part,1799
part,1800
part,1801
part,1802
part,1803
part,1804
part,1805
part,1806
part,1807
part,1808
part,1809
part,1810
part,1811
part,1812
part,1813
part,1814
part,1815
part,1816
part,1817
part,1818
part,1819
part,1820
part,1821
part,1822
part,1823
part,1824
part,1825
part,1826
part,1827
part,1828
part,1829
part,1830
part,1831
part,1832
part,1833
part,1834
part,1835
part,1836
part,1837
part,1838
part,1839
part,1840
part,1841
part,1842
part,1843
part,1844
part,1845
part,1846
part,1847
part,1848
part,1849
part,1850
part,1851
part,1852
part,1853
part,1854
part,1855
part,1856
part,1857
part,1858
part,1859
part,1860
part,1861
part,1862
part,1863
part,1864
part,1865
part,1866
part,1867
part,1868
part,1869
part,1870
part,1871
part,1872
part,1873
part,1874
part,1875
part,1876
part,1877
part,1878
part,1879
part,1880
part,1881
part,1882
part,1883
part,1884
part,1885
part,1886
part,1887
part,1888
part,1889
part,1890
part,1891
part,1892
part,1893
part,1894
part,1895
part,1896
part,1897
part,1898
part,1899
part,1900
part,1901
part,1902
part,1903
part,1904
part,1905
part,1906
part,1907
part,1908
part,1909
part,1910
part,1911
part,1912
part,1913
part,1914
part,1915
part,1916
part,1917
part,1918
part,1919
part,1920
part,1921
part,1922
part,1923
part,1924
part,1925
part,1926
part,1927
part,1928
part,1929
part,1930
part,1931
part,1932
part,1933
part,1934
part,1935
part,1936
part,1937
part,1938
part,1939
part,1940
part,1941
part,1942
part,1943
part,1944
part,1945
part,1946
part,1947
part,1948
part,1949
part,1950
part,1951
part,1952
part,1953
part,1954
part,1955
part,1956
part,1957
part,1958
part,1959
part,1960
part,1961
part,1962
part,1963
part,1964
part,1965
part,1966
part,1967
part,1968
part,1969
part,1970
part,1971
part,1972
part,1973
part,1974
part,1975
part,1976
part,1977
part,1978
part,1979
part,1980
part,1981
part,1982
part,1983
part,1984
part,1985
part,1986
part,1987
part,1988
part,1989
part,1990
part,1991
part,1992
part,1993
part,1994
part,1995
part,1996
part,1997
part,1998
part,1999
part,2000
part,2001
part,2002
part,2003
part,2004
part,2005
part,2006
part,2007
part,2008
part,2009
part,2010
part,2011
part,2012
part,2013
part,2014
part,2015
part,2016
part,2017
part,2018
part,2019
part,2020
part,2021
part,2022
part,2023
part,2024
part,2025
part,2026
part,2027
part,2028
part,2029
part,2030
part,2031
part,2032
part,2033
part,2034
part,2035
part,2036
part,2037
part,2038
part,2039
part,2040
part,2041
part,2042
part,2043
part,2044
part,2045
part,2046
part,2047
part,2048
part,2049
part,2050
part,2051
part,2052
part,2053
part,2054
part,2055
part,2056
part,2057
part,2058
part,2059
part,2060
part,2061
part,2062
part,2063
part,2064
part,2065
part,2066
part,2067
part,2068
part,2069
part,2070
part,2071
part,2072
part,2073
part,2074
part,2075
part,2076
part,2077
part,2078
part,2079
part,2080
part,2081
part,2082
part,2083
part,2084
part,2085
part,2086
part,2087
part,2088
part,2089
part,2090
part,2091
part,2092
part,2093
part,2094
part,2095
part,2096
part,2097
part,2098
part,2099
part,2100
part,2101
part,2102
part,2103
part,2104
part,2105
part,2106
part,2107
part,2108
part,2109
part,2110
part,2111
part,2112
part,2113
part,2114
part,2115
part,2116
part,2117
part,2118
part,2119
part,2120
part,2121
part,2122
part,2123
part,2124
part,2125
part,2126
part,2127
part,2128
part,2129
part,2130
part,2131
part,2132
part,2133
part,2134
part,2135
part,2136
part,2137
part,2138
part,2139
part,2140
part,2141
part,2142
part,2143
part,2144
part,2145
part,2146
part,2147
part,2148
part,2149
part,2150
part,2151
part,2152
part,2153
part,2154
part,2155
part,2156
part,2157
part,2158
part,2159
part,2160
part,2161
part,2162
part,2163
part,2164
part,2165
part,2166
part,2167
part,2168
part,2169
part,2170
part,2171
part,2172
part,2173
part,2174
part,2175
part,2176
part,2177
part,2178
part,2179
part,2180
part,2181
part,2182
part,2183
part,2184
part,2185
part,2186
part,2187
part,2188
part,2189
part,2190
part,2191
part,2192
part,2193
part,2194
part,2195
part,2196
part,2197
part,2198
part,2199
part,2200
part,2201
part,2202
part,2203
part,2204
part,2205
part,2206
part,2207
part,2208
part,2209
part,2210
part,2211
part,2212
part,2213
part,2214
part,2215
part,2216
part,2217
part,2218
part,2219
part,2220
part,2221
part,2222
part,2223
part,2224
part,2225
part,2226
part,2227
part,2228
part,2229
part,2230
part,2231
part,2232
part,2233
part,2234
part,2235
part,2236
part,2237
part,2238
part,2239
part,2240
part,2241
part,2242
part,2243
part,2244
part,2245
part,2246
part,2247
part,2248
part,2249
part,2250
part,2251
part,2252
part,2253
part,2254
part,2255
part,2256
part,2257
part,2258
part,2259
part,2260
part,2261
part,2262
part,2263
part,2264
part,2265
part,2266
part,2267
part,2268
part,2269
part,2270
part,2271
part,2272
part,2273
part,2274
part,2275
part,2276
part,2277
part,2278
part,2279
part,2280
part,2281
part,2282
part,2283
part,2284
part,2285
part,2286
part,2287
part,2288
part,2289
part,2290
part,2291
part,2292
part,2293
part,2294
part,2295
part,2296
part,2297
part,2298
part,2299
part,2300
part,2301
part,2302
part,2303
part,2304
part,2305
part,2306
part,2307
part,2308
part,2309
part,2310
part,2311
part,2312
part,2313
part,2314
part,2315
part,2316
part,2317
part,2318
part,2319
part,2320
part,2321
part,2322
part,2323
part,2324
part,2325
part,2326
part,2327
part,2328
part,2329
part,2330
part,2331
part,2332
part,2333
part,2334
part,2335
part,2336
part,2337
part,2338
part,2339
part,2340
part,2341
part,2342
part,2343
part,2344
part,2345
part,2346
part,2347
part,2348
part,2349
part,2350
part,2351
part,2352
part,2353
part,2354
part,2355
part,2356
part,2357
part,2358
part,2359
part,2360
part,2361
part,2362
part,2363
part,2364
part,2365
part,2366
part,2367
part,2368
part,2369
part,2370
part,2371
part,2372
part,2373
part,2374
part,2375
part,2376
part,2377
part,2378
part,2379
part,2380
part,2381
part,2382
part,2383
part,2384
part,2385
part,2386
part,2387
part,2388
part,2389
part,2390
part,2391
part,2392
part,2393
part,2394
part,2395
part,2396
part,2397
part,2398
part,2399
part,2400
part,2401
part,2402
part,2403
part,2404
part,2405
part,2406
part,2407
part,2408
part,2409
part,2410
part,2411
part,2412
part,2413
part,2414
part,2415
part,2416
part,2417
part,2418
part,2419
part,2420
part,2421
part,2422
part,2423
part,2424
part,2425
part,2426
part,2427
part,2428
part,2429
part,2430
part,2431
part,2432
part,2433
part,2434
part,2435
part,2436
part,2437
part,2438
part,2439
part,2440
part,2441
part,2442
part,2443
part,2444
part,2445
part,2446
part,2447
part,2448
part,2449
part,2450
part,2451
part,2452
part,2453
part,2454
part,2455
part,2456
part,2457
part,2458
part,2459
part,2460
part,2461
part,2462
part,2463
part,2464
part,2465
part,2466
part,2467
part,2468
part,2469
part,2470
part,2471
part,2472
part,2473
part,2474
part,2475
part,2476
part,2477
part,2478
part,2479
part,2480
part,2481
part,2482
part,2483
part,2484
part,2485
part,2486
part,2487
part,2488
part,2489
part,2490
part,2491
part,2492
part,2493
part,2494
part,2495
part,2496
part,2497
part,2498
part,2499
part,2500
part,2501
part,2502
part,2503
part,2504
part,2505
part,2506
part,2507
part,2508
part,2509
part,2510
part,2511
part,2512
part,2513
part,2514
part,2515
part,2516
part,2517
part,2518
part,2519
part,2520
part,2521
part,2522
part,2523
part,2524
part,2525
part,2526
part,2527
part,2528
part,2529
part,2530
part,2531
part,2532
part,2533
part,2534
part,2535
part,2536
part,2537
part,2538
part,2539
part,2540
part,2541
part,2542
part,2543
part,2544
part,2545
part,2546
part,2547
part,2548
part,2549
part,2550
part,2551
part,2552
part,2553
part,2554
part,2555
part,2556
part,2557
part,2558
part,2559
part,2560
part,2561
part,2562
part,2563
part,2564
part,2565
part,2566
part,2567
part,2568
part,2569
part,2570
part,2571
part,2572
part,2573
part,2574
part,2575
part,2576
part,2577
part,2578
part,2579
part,2580
part,2581
part,2582
part,2583
part,2584
part,2585
part,2586
part,2587
part,2588
part,2589
part,2590
part,2591
part,2592
part,2593
part,2594
part,2595
part,2596
part,2597
part,2598
part,2599
part,2600
part,2601
part,2602
part,2603
part,2604
part,2605
part,2606
part,2607
part,2608
part,2609
part,2610
part,2611
part,2612
part,2613
part,2614
part,2615
part,2616
part,2617
part,2618
part,2619
part,2620
part,2621
part,2622
part,2623
part,2624
part,2625
part,2626
part,2627
part,2628
part,2629
part,2630
part,2631
part,2632
part,2633
part,2634
part,2635
part,2636
part,2637
part,2638
part,2639
part,2640
part,2641
part,2642
part,2643
part,2644
part,2645
part,2646
part,2647
part,2648
part,2649
part,2650
part,2651
part,2652
part,2653
part,2654
part,2655
part,2656
part,2657
part,2658
part,2659
part,2660
part,2661
part,2662
part,2663
part,2664
part,2665
part,2666
part,2667
part,2668
part,2669
part,2670
part,2671
part,2672
part,2673
part,2674
part,2675
part,2676
part,2677
part,2678
part,2679
part,2680
part,2681
part,2682
part,2683
part,2684
part,2685
part,2686
part,2687
part,2688
part,2689
part,2690
part,2691
part,2692
part,2693
part,2694
part,2695
part,2696
part,2697
part,2698
part,2699
part,2700
part,2701
part,2702
part,2703
part,2704
part,2705
part,2706
part,2707
part,2708
part,2709
part,2710
part,2711
part,2712
part,2713
part,2714
part,2715
part,2716
part,2717
part,2718
part,2719
part,2720
part,2721
part,2722
part,2723
part,2724
part,2725
part,2726
part,2727
part,2728
part,2729
part,2730
part,2731
part,2732
part,2733
part,2734
part,2735
part,2736
part,2737
part,2738
part,2739
part,2740
part,2741
part,2742
part,2743
part,2744
part,2745
part,2746
part,2747
part,2748
part,2749
part,2750
part,2751
part,2752
part,2753
part,2754
part,2755
part,2756
part,2757
part,2758
part,2759
part,2760
part,2761
part,2762
part,2763
part,2764
part,2765
part,2766
part,2767
part,2768
part,2769
part,2770
part,2771
part,2772
part,2773
part,2774
part,2775
part,2776
part,2777
part,2778
part,2779
part,2780
part,2781
part,2782
part,2783
part,2784
part,2785
part,2786
part,2787
part,2788
part,2789
part,2790
part,2791
part,2792
part,2793
part,2794
part,2795
part,2796
part,2797
part,2798
part,2799
part,2800
part,2801
part,2802
part,2803
part,2804
part,2805
part,2806
part,2807
part,2808
part,2809
part,2810
part,2811
part,2812
part,2813
part,2814
part,2815
part,2816
part,2817
part,2818
part,2819
part,2820
part,2821
part,2822
part,2823
part,2824
part,2825
part,2826
part,2827
part,2828
part,2829
part,2830
part,2831
part,2832
part,2833
part,2834
part,2835
part,2836
part,2837
part,2838
part,2839
part,2840
part,2841
part,2842
part,2843
part,2844
part,2845
part,2846
part,2847
part,2848
part,2849
part,2850
part,2851
part,2852
part,2853
part,2854
part,2855
part,2856
part,2857
part,2858
part,2859
part,2860
part,2861
part,2862
part,2863
part,2864
part,2865
part,2866
part,2867
part,2868
part,2869
part,2870
part,2871
part,2872
part,2873
part,2874
part,2875
part,2876
part,2877
part,2878
part,2879
part,2880
part,2881
part,2882
part,2883
part,2884
part,2885
part,2886
part,2887
part,2888
part,2889
part,2890
part,2891
part,2892
part,2893
part,2894
part,2895
part,2896
part,2897
part,2898
part,2899
part,2900
part,2901
part,2902
part,2903
part,2904
part,2905
part,2906
part,2907
part,2908
part,2909
part,2910
part,2911
part,2912
part,2913
part,2914
part,2915
part,2916
part,2917
part,2918
part,2919
part,2920
part,2921
part,2922
part,2923
part,2924
part,2925
part,2926
part,2927
part,2928
part,2929
part,2930
part,2931
part,2932
part,2933
part,2934
part,2935
part,2936
part,2937
part,2938
part,2939
part,2940
part,2941
part,2942
part,2943
part,2944
part,2945
part,2946
part,2947
part,2948
part,2949
part,2950
part,2951
part,2952
part,2953
part,2954
part,2955
part,2956
part,2957
part,2958
part,2959
part,2960
part,2961
part,2962
part,2963
part,2964
part,2965
part,2966
part,2967
part,2968
part,2969
part,2970
part,2971
part,2972
part,2973
part,2974
part,2975
part,2976
part,2977
part,2978
part,2979
part,2980
part,2981
part,2982
part,2983
part,2984
part,2985
part,2986
part,2987
part,2988
part,2989
part,2990
part,2991
part,2992
part,2993
part,2994
part,2995
part,2996
part,2997
part,2998
part,2999
part,3000
part,3001
part,3002
part,3003
part,3004
part,3005
part,3006
part,3007
part,3008
part,3009
part,3010
part,3011
part,3012
part,3013
part,3014
part,3015
part,3016
part,3017
part,3018
part,3019
part,3020
part,3021
part,3022
part,3023
part,3024
part,3025
part,3026
part,3027
part,3028
part,3029
part,3030
part,3031
part,3032
part,3033
part,3034
part,3035
part,3036
part,3037
part,3038
part,3039
part,3040
part,3041
part,3042
part,3043
part,3044
part,3045
part,3046
part,3047
part,3048
part,3049
part,3050
part,3051
part,3052
part,3053
part,3054
part,3055
part,3056
part,3057
part,3058
part,3059
part,3060
part,3061
part,3062
part,3063
part,3064
part,3065
part,3066
part,3067
part,3068
part,3069
part,3070
part,3071
part,3072
part,3073
part,3074
part,3075
part,3076
part,3077
part,3078
part,3079
part,3080
part,3081
part,3082
part,3083
part,3084
part,3085
part,3086
part,3087
part,3088
part,3089
part,3090
part,3091
part,3092
part,3093
part,3094
part,3095
part,3096
part,3097
part,3098
part,3099
part,3100
part,3101
part,3102
part,3103
part,3104
part,3105
part,3106
part,3107
part,3108
part,3109
part,3110
part,3111
part,3112
part,3113
part,3114
part,3115
part,3116
part,3117
part,3118
part,3119
part,3120
part,3121
part,3122
part,3123
part,3124
part,3125
part,3126
part,3127
part,3128
part,3129
part,3130
part,3131
part,3132
part,3133
part,3134
part,3135
part,3136
part,3137
part,3138
part,3139
part,3140
part,3141
part,3142
part,3143
part,3144
part,3145
part,3146
part,3147
part,3148
part,3149
part,3150
part,3151
part,3152
part,3153
part,3154
part,3155
part,3156
part,3157
part,3158
part,3159
part,3160
part,3161
part,3162
part,3163
part,3164
part,3165
part,3166
part,3167
part,3168
part,3169
part,3170
part,3171
part,3172
part,3173
part,3174
part,3175
part,3176
part,3177
part,3178
part,3179
part,3180
part,3181
part,3182
part,3183
part,3184
part,3185
part,3186
part,3187
part,3188
part,3189
part,3190
part,3191
part,3192
part,3193
part,3194
part,3195
part,3196
part,3197
part,3198
part,3199
part,3200
part,3201
part,3202
part,3203
part,3204
part,3205
part,3206
part,3207
part,3208
part,3209
part,3210
part,3211
part,3212
part,3213
part,3214
part,3215
part,3216
part,3217
part,3218
part,3219
part,3220
part,3221
part,3222
part,3223
part,3224
part,3225
part,3226
part,3227
part,3228
part,3229
part,3230
part,3231
part,3232
part,3233
part,3234
part,3235
part,3236
part,3237
part,3238
part,3239
part,3240
part,3241
part,3242
part,3243
part,3244
part,3245
part,3246
part,3247
part,3248
part,3249
part,3250
part,3251
part,3252
part,3253
part,3254
part,3255
part,3256
part,3257
part,3258
part,3259
part,3260
part,3261
part,3262
part,3263
part,3264
part,3265
part,3266
part,3267
part,3268
part,3269
part,3270
part,3271
part,3272
part,3273
part,3274
part,3275
part,3276
part,3277
part,3278
part,3279
part,3280
part,3281
part,3282
part,3283
part,3284
part,3285
part,3286
part,3287
part,3288
part,3289
part,3290
part,3291
part,3292
part,3293
part,3294
part,3295
part,3296
part,3297
part,3298
part,3299
part,3300
part,3301
part,3302
part,3303
part,3304
part,3305
part,3306
part,3307
part,3308
part,3309
part,3310
part,3311
part,3312
part,3313
part,3314
part,3315
part,3316
part,3317
part,3318
part,3319
part,3320
part,3321
part,3322
part,3323
part,3324
part,3325
part,3326
part,3327
part,3328
part,3329
part,3330
part,3331
part,3332
part,3333
part,3334
part,3335
part,3336
part,3337
part,3338
part,3339
part,3340
part,3341
part,3342
part,3343
part,3344
part,3345
part,3346
part,3347
part,3348
part,3349
part,3350
part,3351
part,3352
part,3353
part,3354
part,3355
part,3356
part,3357
part,3358
part,3359
part,3360
part,3361
part,3362
part,3363
part,3364
part,3365
part,3366
part,3367
part,3368
part,3369
part,3370
part,3371
part,3372
part,3373
part,3374
part,3375
part,3376
part,3377
part,3378
part,3379
part,3380
part,3381
part,3382
part,3383
part,3384
part,3385
part,3386
part,3387
part,3388
part,3389
part,3390
part,3391
part,3392
part,3393
part,3394
part,3395
part,3396
part,3397
part,3398
part,3399
part,3400
part,3401
part,3402
part,3403
part,3404
part,3405
part,3406
part,3407
part,3408
part,3409
part,3410
part,3411
part,3412
part,3413
part,3414
part,3415
part,3416
part,3417
part,3418
part,3419
part,3420
part,3421
part,3422
part,3423
part,3424
part,3425
part,3426
part,3427
part,3428
part,3429
part,3430
part,3431
part,3432
part,3433
part,3434
part,3435
part,3436
part,3437
part,3438
part,3439
part,3440
part,3441
part,3442
part,3443
part,3444
part,3445
part,3446
part,3447
part,3448
part,3449
part,3450
part,3451
part,3452
part,3453
part,3454
part,3455
part,3456
part,3457
part,3458
part,3459
part,3460
part,3461
part,3462
part,3463
part,3464
part,3465
part,3466
part,3467
part,3468
part,3469
part,3470
part,3471
part,3472
part,3473
part,3474
part,3475
part,3476
part,3477
part,3478
part,3479
part,3480
part,3481
part,3482
part,3483
part,3484
part,3485
part,3486
part,3487
part,3488
part,3489
part,3490
part,3491
part,3492
part,3493
part,3494
part,3495
part,3496
part,3497
part,3498
part,3499
part,3500
part,3501
part,3502
part,3503
part,3504
part,3505
part,3506
part,3507
part,3508
part,3509
part,3510
part,3511
part,3512
part,3513
part,3514
part,3515
part,3516
part,3517
part,3518
part,3519
part,3520
part,3521
part,3522
part,3523
part,3524
part,3525
part,3526
part,3527
part,3528
part,3529
part,3530
part,3531
part,3532
part,3533
part,3534
part,3535
part,3536
part,3537
part,3538
part,3539
part,3540
part,3541
part,3542
part,3543
part,3544
part,3545
part,3546
part,3547
part,3548
part,3549
part,3550
part,3551
part,3552
part,3553
part,3554
part,3555
part,3556
part,3557
part,3558
part,3559
part,3560
part,3561
part,3562
part,3563
part,3564
part,3565
part,3566
part,3567
part,3568
part,3569
part,3570
part,3571
part,3572
part,3573
part,3574
part,3575
part,3576
part,3577
part,3578
part,3579
part,3580
part,3581
part,3582
part,3583
part,3584
part,3585
part,3586
part,3587
part,3588
part,3589
part,3590
part,3591
part,3592
part,3593
part,3594
part,3595
part,3596
part,3597
part,3598
part,3599
part,3600
part,3601
part,3602
part,3603
part,3604
part,3605
part,3606
part,3607
part,3608
part,3609
part,3610
part,3611
part,3612
part,3613
part,3614
part,3615
part,3616
part,3617
part,3618
part,3619
part,3620
part,3621
part,3622
part,3623
part,3624
part,3625
part,3626
part,3627
part,3628
part,3629
part,3630
part,3631
part,3632
part,3633
part,3634
part,3635
part,3636
part,3637
part,3638
part,3639
part,3640
part,3641
part,3642
part,3643
part,3644
part,3645
part,3646
part,3647
part,3648
part,3649
part,3650
part,3651
part,3652
part,3653
part,3654
part,3655
part,3656
part,3657
part,3658
part,3659
part,3660
part,3661
part,3662
part,3663
part,3664
part,3665
part,3666
part,3667
part,3668
part,3669
part,3670
part,3671
part,3672
part,3673
part,3674
part,3675
part,3676
part,3677
part,3678
part,3679
part,3680
part,3681
part,3682
part,3683
part,3684
part,3685
part,3686
part,3687
part,3688
part,3689
part,3690
part,3691
part,3692
part,3693
part,3694
part,3695
part,3696
part,3697
part,3698
part,3699
part,3700
part,3701
part,3702
part,3703
part,3704
part,3705
part,3706
part,3707
part,3708
part,3709
part,3710
part,3711
part,3712
part,3713
part,3714
part,3715
part,3716
part,3717
part,3718
part,3719
part,3720
part,3721
part,3722
part,3723
part,3724
part,3725
part,3726
part,3727
part,3728
part,3729
part,3730
part,3731
part,3732
part,3733
part,3734
part,3735
part,3736
part,3737
part,3738
part,3739
part,3740
part,3741
part,3742
part,3743
part,3744
part,3745
part,3746
part,3747
part,3748
part,3749
part,3750
part,3751
part,3752
part,3753
part,3754
part,3755
part,3756
part,3757
part,3758
part,3759
part,3760
part,3761
part,3762
part,3763
part,3764
part,3765
part,3766
part,3767
part,3768
part,3769
part,3770
part,3771
part,3772
part,3773
part,3774
part,3775
part,3776
part,3777
part,3778
part,3779
part,3780
part,3781
part,3782
part,3783
part,3784
part,3785
part,3786
part,3787
part,3788
part,3789
part,3790
part,3791
part,3792
part,3793
part,3794
part,3795
part,3796
part,3797
part,3798
part,3799
part,3800
part,3801
part,3802
part,3803
part,3804
part,3805
part,3806
part,3807
part,3808
part,3809
part,3810
part,3811
part,3812
part,3813
part,3814
part,3815
part,3816
part,3817
part,3818
part,3819
part,3820
part,3821
part,3822
part,3823
part,3824
part,3825
part,3826
part,3827
part,3828
part,3829
part,3830
part,3831
part,3832
part,3833
part,3834
part,3835
part,3836
part,3837
part,3838
part,3839
part,3840
part,3841
part,3842
part,3843
part,3844
part,3845
part,3846
part,3847
part,3848
part,3849
part,3850
part,3851
part,3852
part,3853
part,3854
part,3855
part,3856
part,3857
part,3858
part,3859
part,3860
part,3861
part,3862
part,3863
part,3864
part,3865
part,3866
part,3867
part,3868
part,3869
part,3870
part,3871
part,3872
part,3873
part,3874
part,3875
part,3876
part,3877
part,3878
part,3879
part,3880
part,3881
part,3882
part,3883
part,3884
part,3885
part,3886
part,3887
part,3888
part,3889
part,3890
part,3891
part,3892
part,3893
part,3894
part,3895
part,3896
part,3897
part,3898
part,3899
part,3900
part,3901
part,3902
part,3903
part,3904
part,3905
part,3906
part,3907
part,3908
part,3909
part,3910
part,3911
part,3912
part,3913
part,3914
part,3915
part,3916
part,3917
part,3918
part,3919
part,3920
part,3921
part,3922
part,3923
part,3924
part,3925
part,3926
part,3927
part,3928
part,3929
part,3930
part,3931
part,3932
part,3933
part,3934
part,3935
part,3936
part,3937
part,3938
part,3939
part,3940
part,3941
part,3942
part,3943
part,3944
part,3945
part,3946
part,3947
part,3948
part,3949
part,3950
part,3951
part,3952
part,3953
part,3954
part,3955
part,3956
part,3957
part,3958
part,3959
part,3960
part,3961
part,3962
part,3963
part,3964
part,3965
part,3966
part,3967
part,3968
part,3969
part,3970
part,3971
part,3972
part,3973
part,3974
part,3975
part,3976
part,3977
part,3978
part,3979
part,3980
part,3981
part,3982
part,3983
part,3984
part,3985
part,3986
part,3987
part,3988
part,3989
part,3990
part,3991
part,3992
part,3993
part,3994
part,3995
part,3996
part,3997
part,3998
part,3999
part,4000
part,4001
part,4002
part,4003
part,4004
part,4005
part,4006
part,4007
part,4008
part,4009
part,4010
part,4011
part,4012
part,4013
part,4014
part,4015
part,4016
part,4017
part,4018
part,4019
part,4020
part,4021
part,4022
part,4023
part,4024
part,4025
part,4026
part,4027
part,4028
part,4029
part,4030
part,4031
part,4032
part,4033
part,4034
part,4035
part,4036
part,4037
part,4038
part,4039
part,4040
part,4041
part,4042
part,4043
part,4044
part,4045
part,4046
part,4047
part,4048
part,4049
part,4050
part,4051
part,4052
part,4053
part,4054
part,4055
part,4056
part,4057
part,4058
part,4059
part,4060
part,4061
part,4062
part,4063
part,4064
part,4065
part,4066
part,4067
part,4068
part,4069
part,4070
part,4071
part,4072
part,4073
part,4074
part,4075
part,4076
part,4077
part,4078
part,4079
part,4080
part,4081
part,4082
part,4083
part,4084
part,4085
part,4086
part,4087
part,4088
part,4089
part,4090
part,4091
part,4092
part,4093
part,4094
part,4095
part,4096
part,4097
part,4098
part,4099
part,4100
part,4101
part,4102
part,4103
part,4104
part,4105
part,4106
part,4107
part,4108
part,4109
part,4110
part,4111
part,4112
part,4113
part,4114
part,4115
part,4116
part,4117
part,4118
part,4119
part,4120
part,4121
part,4122
part,4123
part,4124
part,4125
part,4126
part,4127
part,4128
part,4129
part,4130
part,4131
part,4132
part,4133
part,4134
part,4135
part,4136
part,4137
part,4138
part,4139
part,4140
part,4141
part,4142
part,4143
part,4144
part,4145
part,4146
part,4147
part,4148
part,4149
part,4150
part,4151
part,4152
part,4153
part,4154
part,4155
part,4156
part,4157
part,4158
part,4159
part,4160
part,4161
part,4162
part,4163
part,4164
part,4165
part,4166
part,4167
part,4168
part,4169
part,4170
part,4171
part,4172
part,4173
part,4174
part,4175
part,4176
part,4177
part,4178
part,4179
part,4180
part,4181
part,4182
part,4183
part,4184
part,4185
part,4186
part,4187
part,4188
part,4189
part,4190
part,4191
part,4192
part,4193
part,4194
part,4195
part,4196
part,4197
part,4198
part,4199
part,4200
part,4201
part,4202
part,4203
part,4204
part,4205
part,4206
part,4207
part,4208
part,4209
part,4210
part,4211
part,4212
part,4213
part,4214
part,4215
part,4216
part,4217
part,4218
part,4219
part,4220
part,4221
part,4222
part,4223
part,4224
part,4225
part,4226
part,4227
part,4228
part,4229
part,4230
part,4231
part,4232
part,4233
part,4234
part,4235
part,4236
part,4237
part,4238
part,4239
part,4240
part,4241
part,4242
part,4243
part,4244
part,4245
part,4246
part,4247
part,4248
part,4249
part,4250
part,4251
part,4252
part,4253
part,4254
part,4255
part,4256
part,4257
part,4258
part,4259
part,4260
part,4261
part,4262
part,4263
part,4264
part,4265
part,4266
part,4267
part,4268
part,4269
part,4270
part,4271
part,4272
part,4273
part,4274
part,4275
part,4276
part,4277
part,4278
part,4279
part,4280
part,4281
part,4282
part,4283
part,4284
part,4285
part,4286
part,4287
part,4288
part,4289
part,4290
part,4291
part,4292
part,4293
part,4294
part,4295
part,4296
part,4297
part,4298
part,4299
part,4300
part,4301
part,4302
part,4303
part,4304
part,4305
part,4306
part,4307
part,4308
part,4309
part,4310
part,4311
part,4312
part,4313
part,4314
part,4315
part,4316
part,4317
part,4318
part,4319
part,4320
part,4321
part,4322
part,4323
part,4324
part,4325
part,4326
part,4327
part,4328
part,4329
part,4330
part,4331
part,4332
part,4333
part,4334
part,4335
part,4336
part,4337
part,4338
part,4339
part,4340
part,4341
part,4342
part,4343
part,4344
part,4345
part,4346
part,4347
part,4348
part,4349
part,4350
part,4351
part,4352
part,4353
part,4354
part,4355
part,4356
part,4357
part,4358
part,4359
part,4360
part,4361
part,4362
part,4363
part,4364
part,4365
part,4366
part,4367
part,4368
part,4369
part,4370
part,4371
part,4372
part,4373
part,4374
part,4375
part,4376
part,4377
part,4378
part,4379
part,4380
part,4381
part,4382
part,4383
part,4384
part,4385
part,4386
part,4387
part,4388
part,4389
part,4390
part,4391
part,4392
part,4393
part,4394
part,4395
part,4396
part,4397
part,4398
part,4399
part,4400
part,4401
part,4402
part,4403
part,4404
part,4405
part,4406
part,4407
part,4408
part,4409
part,4410
part,4411
part,4412
part,4413
part,4414
part,4415
part,4416
part,4417
part,4418
part,4419
part,4420
part,4421
part,4422
part,4423
part,4424
part,4425
part,4426
part,4427
part,4428
part,4429
part,4430
part,4431
part,4432
part,4433
part,4434
part,4435
part,4436
part,4437
part,4438
part,4439
part,4440
part,4441
part,4442
part,4443
part,4444
part,4445
part,4446
part,4447
part,4448
part,4449
part,4450
part,4451
part,4452
part,4453
part,4454
part,4455
part,4456
part,4457
part,4458
part,4459
part,4460
part,4461
part,4462
part,4463
part,4464
part,4465
part,4466
part,4467
part,4468
part,4469
part,4470
part,4471
part,4472
part,4473
part,4474
part,4475
part,4476
part,4477
part,4478
part,4479
part,4480
part,4481
part,4482
part,4483
part,4484
part,4485
part,4486
part,4487
part,4488
part,4489
part,4490
part,4491
part,4492
part,4493
part,4494
part,4495
part,4496
part,4497
part,4498
part,4499
part,4500
part,4501
part,4502
part,4503
part,4504
part,4505
part,4506
part,4507
part,4508
part,4509
part,4510
part,4511
part,4512
part,4513
part,4514
part,4515
part,4516
part,4517
part,4518
part,4519
part,4520
part,4521
part,4522
part,4523
part,4524
part,4525
part,4526
part,4527
part,4528
part,4529
part,4530
part,4531
part,4532
part,4533
part,4534
part,4535
part,4536
part,4537
part,4538
part,4539
part,4540
part,4541
part,4542
part,4543
part,4544
part,4545
part,4546
part,4547
part,4548
part,4549
part,4550
part,4551
part,4552
part,4553
part,4554
part,4555
part,4556
part,4557
part,4558
part,4559
part,4560
part,4561
part,4562
part,4563
part,4564
part,4565
part,4566
part,4567
part,4568
part,4569
part,4570
part,4571
part,4572
part,4573
part,4574
part,4575
part,4576
part,4577
part,4578
part,4579
part,4580
part,4581
part,4582
part,4583
part,4584
part,4585
part,4586
part,4587
part,4588
part,4589
part,4590
part,4591
part,4592
part,4593
part,4594
part,4595
part,4596
part,4597
part,4598
part,4599
part,4600
part,4601
part,4602
part,4603
part,4604
part,4605
part,4606
part,4607
part,4608
part,4609
part,4610
part,4611
part,4612
part,4613
part,4614
part,4615
part,4616
part,4617
part,4618
part,4619
part,4620
part,4621
part,4622
part,4623
part,4624
part,4625
part,4626
part,4627
part,4628
part,4629
part,4630
part,4631
part,4632
part,4633
part,4634
part,4635
part,4636
part,4637
part,4638
part,4639
part,4640
part,4641
part,4642
part,4643
part,4644
part,4645
part,4646
part,4647
part,4648
part,4649
part,4650
part,4651
part,4652
part,4653
part,4654
part,4655
part,4656
part,4657
part,4658
part,4659
part,4660
part,4661
part,4662
part,4663
part,4664
part,4665
part,4666
part,4667
part,4668
part,4669
part,4670
part,4671
part,4672
part,4673
part,4674
part,4675
part,4676
part,4677
part,4678
part,4679
part,4680
part,4681
part,4682
part,4683
part,4684
part,4685
part,4686
part,4687
part,4688
part,4689
part,4690
part,4691
part,4692
part,4693
part,4694
part,4695
part,4696
part,4697
part,4698
part,4699
part,4700
part,4701
part,4702
part,4703
part,4704
part,4705
part,4706
part,4707
part,4708
part,4709
part,4710
part,4711
part,4712
part,4713
part,4714
part,4715
part,4716
part,4717
part,4718
part,4719
part,4720
part,4721
part,4722
part,4723
part,4724
part,4725
part,4726
part,4727
part,4728
part,4729
part,4730
part,4731
part,4732
part,4733
part,4734
part,4735
part,4736
part,4737
part,4738
part,4739
part,4740
part,4741
part,4742
part,4743
part,4744
part,4745
part,4746
part,4747
part,4748
part,4749
part,4750
part,4751
part,4752
part,4753
part,4754
part,4755
part,4756
part,4757
part,4758
part,4759
part,4760
part,4761
part,4762
part,4763
part,4764
part,4765
part,4766
part,4767
part,4768
part,4769
part,4770
part,4771
part,4772
part,4773
part,4774
part,4775
part,4776
part,4777
part,4778
part,4779
part,4780
part,4781
part,4782
part,4783
part,4784
part,4785
part,4786
part,4787
part,4788
part,4789
part,4790
part,4791
part,4792
part,4793
part,4794
part,4795
part,4796
part,4797
part,4798
part,4799
part,4800
part,4801
part,4802
part,4803
part,4804
part,4805
part,4806
part,4807
part,4808
part,4809
part,4810
part,4811
part,4812
part,4813
part,4814
part,4815
part,4816
part,4817
part,4818
part,4819
part,4820
part,4821
part,4822
part,4823
part,4824
part,4825
part,4826
part,4827
part,4828
part,4829
part,4830
part,4831
part,4832
part,4833
part,4834
part,4835
part,4836
part,4837
part,4838
part,4839
part,4840
part,4841
part,4842
part,4843
part,4844
part,4845
part,4846
part,4847
part,4848
part,4849
part,4850
part,4851
part,4852
part,4853
part,4854
part,4855
part,4856
part,4857
part,4858
part,4859
part,4860
part,4861
part,4862
part,4863
part,4864
part,4865
part,4866
part,4867
part,4868
part,4869
part,4870
part,4871
part,4872
part,4873
part,4874
part,4875
part,4876
part,4877
part,4878
part,4879
part,4880
part,4881
part,4882
part,4883
part,4884
part,4885
part,4886
part,4887
part,4888
part,4889
part,4890
part,4891
part,4892
part,4893
part,4894
part,4895
part,4896
part,4897
part,4898
part,4899
part,4900
part,4901
part,4902
part,4903
part,4904
part,4905
part,4906
part,4907
part,4908
part,4909
part,4910
part,4911
part,4912
part,4913
part,4914
part,4915
part,4916
part,4917
part,4918
part,4919
part,4920
part,4921
part,4922
part,4923
part,4924
part,4925
part,4926
part,4927
part,4928
part,4929
part,4930
part,4931
part,4932
part,4933
part,4934
part,4935
part,4936
part,4937
part,4938
part,4939
part,4940
part,4941
part,4942
part,4943
part,4944
part,4945
part,4946
part,4947
part,4948
part,4949
part,4950
part,4951
part,4952
part,4953
part,4954
part,4955
part,4956
part,4957
part,4958
part,4959
part,4960
part,4961
part,4962
part,4963
part,4964
part,4965
part,4966
part,4967
part,4968
part,4969
part,4970
part,4971
part,4972
part,4973
part,4974
part,4975
part,4976
part,4977
part,4978
part,4979
part,4980
part,4981
part,4982
part,4983
part,4984
part,4985
part,4986
part,4987
part,4988
part,4989
part,4990
part,4991
part,4992
part,4993
part,4994
part,4995
part,4996
part,4997
part,4998
part,4999
part,5000
part,5001
part,5002
part,5003
part,5004
part,5005
part,5006
part,5007
part,5008
part,5009
part,5010
part,5011
part,5012
part,5013
part,5014
part,5015
part,5016
part,5017
part,5018
part,5019
part,5020
part,5021
part,5022
part,5023
part,5024
part,5025
part,5026
part,5027
part,5028
part,5029
part,5030
part,5031
part,5032
part,5033
part,5034
part,5035
part,5036
part,5037
part,5038
part,5039
part,5040
part,5041
part,5042
part,5043
part,5044
part,5045
part,5046
part,5047
part,5048
part,5049
part,5050
part,5051
part,5052
part,5053
part,5054
part,5055
part,5056
part,5057
part,5058
part,5059
part,5060
part,5061
part,5062
part,5063
part,5064
part,5065
part,5066
part,5067
part,5068
part,5069
part,5070
part,5071
part,5072
part,5073
part,5074
part,5075
part,5076
part,5077
part,5078
part,5079
part,5080
part,5081
part,5082
part,5083
part,5084
part,5085
part,5086
part,5087
part,5088
part,5089
part,5090
part,5091
part,5092
part,5093
part,5094
part,5095
part,5096
part,5097
part,5098
part,5099
part,5100
part,5101
part,5102
part,5103
part,5104
part,5105
part,5106
part,5107
part,5108
part,5109
part,5110
part,5111
part,5112
part,5113
part,5114
part,5115
part,5116
part,5117
part,5118
part,5119
part,5120
part,5121
part,5122
part,5123
part,5124
part,5125
part,5126
part,5127
part,5128
part,5129
part,5130
part,5131
part,5132
part,5133
part,5134
part,5135
part,5136
part,5137
part,5138
part,5139
part,5140
part,5141
part,5142
part,5143
part,5144
part,5145
part,5146
part,5147
part,5148
part,5149
part,5150
part,5151
part,5152
part,5153
part,5154
part,5155
part,5156
part,5157
part,5158
part,5159
part,5160
part,5161
part,5162
part,5163
part,5164
part,5165
part,5166
part,5167
part,5168
part,5169
part,5170
part,5171
part,5172
part,5173
part,5174
part,5175
part,5176
part,5177
part,5178
part,5179
part,5180
part,5181
part,5182
part,5183
part,5184
part,5185
part,5186
part,5187
part,5188
part,5189
part,5190
part,5191
part,5192
part,5193
part,5194
part,5195
part,5196
part,5197
part,5198
part,5199
part,5200
part,5201
part,5202
part,5203
part,5204
part,5205
part,5206
part,5207
part,5208
part,5209
part,5210
part,5211
part,5212
part,5213
part,5214
part,5215
part,5216
part,5217
part,5218
part,5219
part,5220
part,5221
part,5222
part,5223
part,5224
part,5225
part,5226
part,5227
part,5228
part,5229
part,5230
part,5231
part,5232
part,5233
part,5234
part,5235
part,5236
part,5237
part,5238
part,5239
part,5240
part,5241
part,5242
part,5243
part,5244
part,5245
part,5246
part,5247
part,5248
part,5249
part,5250
part,5251
part,5252
part,5253
part,5254
part,5255
part,5256
part,5257
part,5258
part,5259
part,5260
part,5261
part,5262
part,5263
part,5264
part,5265
part,5266
part,5267
part,5268
part,5269
part,5270
part,5271
part,5272
part,5273
part,5274
part,5275
part,5276
part,5277
part,5278
part,5279
part,5280
part,5281
part,5282
part,5283
part,5284
part,5285
part,5286
part,5287
part,5288
part,5289
part,5290
part,5291
part,5292
part,5293
part,5294
part,5295
part,5296
part,5297
part,5298
part,5299
part,5300
part,5301
part,5302
part,5303
part,5304
part,5305
part,5306
part,5307
part,5308
part,5309
part,5310
part,5311
part,5312
part,5313
part,5314
part,5315
part,5316
part,5317
part,5318
part,5319
part,5320
part,5321
part,5322
part,5323
part,5324
part,5325
part,5326
part,5327
part,5328
part,5329
part,5330
part,5331
part,5332
part,5333
part,5334
part,5335
part,5336
part,5337
part,5338
part,5339
part,5340
part,5341
part,5342
part,5343
part,5344
part,5345
part,5346
part,5347
part,5348
part,5349
part,5350
part,5351
part,5352
part,5353
part,5354
part,5355
part,5356
part,5357
part,5358
part,5359
part,5360
part,5361
part,5362
part,5363
part,5364
part,5365
part,5366
part,5367
part,5368
part,5369
part,5370
part,5371
part,5372
part,5373
part,5374
part,5375
part,5376
part,5377
part,5378
part,5379
part,5380
part,5381
part,5382
part,5383
part,5384
part,5385
part,5386
part,5387
part,5388
part,5389
part,5390
part,5391
part,5392
part,5393
part,5394
part,5395
part,5396
part,5397
part,5398
part,5399
part,5400
part,5401
part,5402
part,5403
part,5404
part,5405
part,5406
part,5407
part,5408
part,5409
part,5410
part,5411
part,5412
part,5413
part,5414
part,5415
part,5416
part,5417
part,5418
part,5419
part,5420
part,5421
part,5422
part,5423
part,5424
part,5425
part,5426
part,5427
part,5428
part,5429
part,5430
part,5431
part,5432
part,5433
part,5434
part,5435
part,5436
part,5437
part,5438
part,5439
part,5440
part,5441
part,5442
part,5443
part,5444
part,5445
part,5446
part,5447
part,5448
part,5449
part,5450
part,5451
part,5452
part,5453
part,5454
part,5455
part,5456
part,5457
part,5458
part,5459
part,5460
part,5461
part,5462
part,5463
part,5464
part,5465
part,5466
part,5467
part,5468
part,5469
part,5470
part,5471
part,5472
part,5473
part,5474
part,5475
part,5476
part,5477
part,5478
part,5479
part,5480
part,5481
part,5482
part,5483
part,5484
part,5485
part,5486
part,5487
part,5488
part,5489
part,5490
part,5491
part,5492
part,5493
part,5494
part,5495
part,5496
part,5497
part,5498
part,5499
part,5500
part,5501
part,5502
part,5503
part,5504
part,5505
part,5506
part,5507
part,5508
part,5509
part,5510
part,5511
part,5512
part,5513
part,5514
part,5515
part,5516
part,5517
part,5518
part,5519
part,5520
part,5521
part,5522
part,5523
part,5524
part,5525
part,5526
part,5527
part,5528
part,5529
part,5530
part,5531
part,5532
part,5533
part,5534
part,5535
part,5536
part,5537
part,5538
part,5539
part,5540
part,5541
part,5542
part,5543
part,5544
part,5545
part,5546
part,5547
part,5548
part,5549
part,5550
part,5551
part,5552
part,5553
part,5554
part,5555
part,5556
part,5557
part,5558
part,5559
part,5560
part,5561
part,5562
part,5563
part,5564
part,5565
part,5566
part,5567
part,5568
part,5569
part,5570
part,5571
part,5572
part,5573
part,5574
part,5575
part,5576
part,5577
part,5578
part,5579
part,5580
part,5581
part,5582
part,5583
part,5584
part,5585
part,5586
part,5587
part,5588
part,5589
part,5590
part,5591
part,5592
part,5593
part,5594
part,5595
part,5596
part,5597
part,5598
part,5599
part,5600
part,5601
part,5602
part,5603
part,5604
part,5605
part,5606
part,5607
part,5608
part,5609
part,5610
part,5611
part,5612
part,5613
part,5614
part,5615
part,5616
part,5617
part,5618
part,5619
part,5620
part,5621
part,5622
part,5623
part,5624
part,5625
part,5626
part,5627
part,5628
part,5629
part,5630
part,5631
part,5632
part,5633
part,5634
part,5635
part,5636
part,5637
part,5638
part,5639
part,5640
part,5641
part,5642
part,5643
part,5644
part,5645
part,5646
part,5647
part,5648
part,5649
part,5650
part,5651
part,5652
part,5653
part,5654
part,5655
part,5656
part,5657
part,5658
part,5659
part,5660
part,5661
part,5662
part,5663
part,5664
part,5665
part,5666
part,5667
part,5668
part,5669
part,5670
part,5671
part,5672
part,5673
part,5674
part,5675
part,5676
part,5677
part,5678
part,5679
part,5680
part,5681
part,5682
part,5683
part,5684
part,5685
part,5686
part,5687
part,5688
part,5689
part,5690
part,5691
part,5692
part,5693
part,5694
part,5695
part,5696
part,5697
part,5698
part,5699
part,5700
part,5701
part,5702
part,5703
part,5704
part,5705
part,5706
part,5707
part,5708
part,5709
part,5710
part,5711
part,5712
part,5713
part,5714
part,5715
part,5716
part,5717
part,5718
part,5719
part,5720
part,5721
part,5722
part,5723
part,5724
part,5725
part,5726
part,5727
part,5728
part,5729
part,5730
part,5731
part,5732
part,5733
part,5734
part,5735
part,5736
part,5737
part,5738
part,5739
part,5740
part,5741
part,5742
part,5743
part,5744
part,5745
part,5746
part,5747
part,5748
part,5749
part,5750
part,5751
part,5752
part,5753
part,5754
part,5755
part,5756
part,5757
part,5758
part,5759
part,5760
part,5761
part,5762
part,5763
part,5764
part,5765
part,5766
part,5767
part,5768
part,5769
part,5770
part,5771
part,5772
part,5773
part,5774
part,5775
part,5776
part,5777
part,5778
part,5779
part,5780
part,5781
part,5782
part,5783
part,5784
part,5785
part,5786
part,5787
part,5788
part,5789
part,5790
part,5791
part,5792
part,5793
part,5794
part,5795
part,5796
part,5797
part,5798
part,5799
part,5800
part,5801
part,5802
part,5803
part,5804
part,5805
part,5806
part,5807
part,5808
part,5809
part,5810
part,5811
part,5812
part,5813
part,5814
part,5815
part,5816
part,5817
part,5818
part,5819
part,5820
part,5821
part,5822
part,5823
part,5824
part,5825
part,5826
part,5827
part,5828
part,5829
part,5830
part,5831
part,5832
part,5833
part,5834
part,5835
part,5836
part,5837
part,5838
part,5839
part,5840
part,5841
part,5842
part,5843
part,5844
part,5845
part,5846
part,5847
part,5848
part,5849
part,5850
part,5851
part,5852
part,5853
part,5854
part,5855
part,5856
part,5857
part,5858
part,5859
part,5860
part,5861
part,5862
part,5863
part,5864
part,5865
part,5866
part,5867
part,5868
part,5869
part,5870
part,5871
part,5872
part,5873
part,5874
part,5875
part,5876
part,5877
part,5878
part,5879
part,5880
part,5881
part,5882
part,5883
part,5884
part,5885
part,5886
part,5887
part,5888
part,5889
part,5890
part,5891
part,5892
part,5893
part,5894
part,5895
part,5896
part,5897
part,5898
part,5899
part,5900
part,5901
part,5902
part,5903
part,5904
part,5905
part,5906
part,5907
part,5908
part,5909
part,5910
part,5911
part,5912
part,5913
part,5914
part,5915
part,5916
part,5917
part,5918
part,5919
part,5920
part,5921
part,5922
part,5923
part,5924
part,5925
part,5926
part,5927
part,5928
part,5929
part,5930
part,5931
part,5932
part,5933
part,5934
part,5935
part,5936
part,5937
part,5938
part,5939
part,5940
part,5941
part,5942
part,5943
part,5944
part,5945
part,5946
part,5947
part,5948
part,5949
part,5950
part,5951
part,5952
part,5953
part,5954
part,5955
part,5956
part,5957
part,5958
part,5959
part,5960
part,5961
part,5962
part,5963
part,5964
part,5965
part,5966
part,5967
part,5968
part,5969
part,5970
part,5971
part,5972
part,5973
part,5974
part,5975
part,5976
part,5977
part,5978
part,5979
part,5980
part,5981
part,5982
part,5983
part,5984
part,5985
part,5986
part,5987
part,5988
part,5989
part,5990
part,5991
part,5992
part,5993
part,5994
part,5995
part,5996
part,5997
part,5998
part,5999
part,6000
part,6001
part,6002
part,6003
part,6004
part,6005
part,6006
part,6007
part,6008
part,6009
part,6010
part,6011
part,6012
part,6013
part,6014
part,6015
part,6016
part,6017
part,6018
part,6019
part,6020
part,6021
part,6022
part,6023
part,6024
part,6025
part,6026
part,6027
part,6028
part,6029
part,6030
part,6031
part,6032
part,6033
part,6034
part,6035
part,6036
part,6037
part,6038
part,6039
part,6040
part,6041
part,6042
part,6043
part,6044
part,6045
part,6046
part,6047
part,6048
part,6049
part,6050
part,6051
part,6052
part,6053
part,6054
part,6055
part,6056
part,6057
part,6058
part,6059
part,6060
part,6061
part,6062
part,6063
part,6064
part,6065
part,6066
part,6067
part,6068
part,6069
part,6070
part,6071
part,6072
part,6073
part,6074
part,6075
part,6076
part,6077
part,6078
part,6079
part,6080
part,6081
part,6082
part,6083
part,6084
part,6085
part,6086
part,6087
part,6088
part,6089
part,6090
part,6091
part,6092
part,6093
part,6094
part,6095
part,6096
part,6097
part,6098
part,6099
part,6100
part,6101
part,6102
part,6103
part,6104
part,6105
part,6106
part,6107
part,6108
part,6109
part,6110
part,6111
part,6112
part,6113
part,6114
part,6115
part,6116
part,6117
part,6118
part,6119
part,6120
part,6121
part,6122
part,6123
part,6124
part,6125
part,6126
part,6127
part,6128
part,6129
part,6130
part,6131
part,6132
part,6133
part,6134
part,6135
part,6136
part,6137
part,6138
part,6139
part,6140
part,6141
part,6142
part,6143
part,6144
part,6145
part,6146
part,6147
part,6148
part,6149
part,6150
part,6151
part,6152
part,6153
part,6154
part,6155
part,6156
part,6157
part,6158
part,6159
part,6160
part,6161
part,6162
part,6163
part,6164
part,6165
part,6166
part,6167
part,6168
part,6169
part,6170
part,6171
part,6172
part,6173
part,6174
part,6175
part,6176
part,6177
part,6178
part,6179
part,6180
part,6181
part,6182
part,6183
part,6184
part,6185
part,6186
part,6187
part,6188
part,6189
part,6190
part,6191
part,6192
part,6193
part,6194
part,6195
part,6196
part,6197
part,6198
part,6199
part,6200
part,6201
part,6202
part,6203
part,6204
part,6205
part,6206
part,6207
part,6208
part,6209
part,6210
part,6211
part,6212
part,6213
part,6214
part,6215
part,6216
part,6217
part,6218
part,6219
part,6220
part,6221
part,6222
part,6223
part,6224
part,6225
part,6226
part,6227
part,6228
part,6229
part,6230
part,6231
part,6232
part,6233
part,6234
part,6235
part,6236
part,6237
part,6238
part,6239
part,6240
part,6241
part,6242
part,6243
part,6244
part,6245
part,6246
part,6247
part,6248
part,6249
part,6250
part,6251
part,6252
part,6253
part,6254
part,6255
part,6256
part,6257
part,6258
part,6259
part,6260
part,6261
part,6262
part,6263
part,6264
part,6265
part,6266
part,6267
part,6268
part,6269
part,6270
part,6271
part,6272
part,6273
part,6274
part,6275
part,6276
part,6277
part,6278
part,6279
part,6280
part,6281
part,6282
part,6283
part,6284
part,6285
part,6286
part,6287
part,6288
part,6289
part,6290
part,6291
part,6292
part,6293
part,6294
part,6295
part,6296
part,6297
part,6298
part,6299
part,6300
part,6301
part,6302
part,6303
part,6304
part,6305
part,6306
part,6307
part,6308
part,6309
part,6310
part,6311
part,6312
part,6313
part,6314
part,6315
part,6316
part,6317
part,6318
part,6319
part,6320
part,6321
part,6322
part,6323
part,6324
part,6325
part,6326
part,6327
part,6328
part,6329
part,6330
part,6331
part,6332
part,6333
part,6334
part,6335
part,6336
part,6337
part,6338
part,6339
part,6340
part,6341
part,6342
part,6343
part,6344
part,6345
part,6346
part,6347
part,6348
part,6349
part,6350
part,6351
part,6352
part,6353
part,6354
part,6355
part,6356
part,6357
part,6358
part,6359
part,6360
part,6361
part,6362
part,6363
part,6364
part,6365
part,6366
part,6367
part,6368
part,6369
part,6370
part,6371
part,6372
part,6373
part,6374
part,6375
part,6376
part,6377
part,6378
part,6379
part,6380
part,6381
part,6382
part,6383
part,6384
part,6385
part,6386
part,6387
part,6388
part,6389
part,6390
part,6391
part,6392
part,6393
part,6394
part,6395
part,6396
part,6397
part,6398
part,6399
part,6400
part,6401
part,6402
part,6403
part,6404
part,6405
part,6406
part,6407
part,6408
part,6409
part,6410
part,6411
part,6412
part,6413
part,6414
part,6415
part,6416
part,6417
part,6418
part,6419
part,6420
part,6421
part,6422
part,6423
part,6424
part,6425
part,6426
part,6427
part,6428
part,6429
part,6430
part,6431
part,6432
part,6433
part,6434
part,6435
part,6436
part,6437
part,6438
part,6439
part,6440
part,6441
part,6442
part,6443
part,6444
part,6445
part,6446
part,6447
part,6448
part,6449
part,6450
part,6451
part,6452
part,6453
part,6454
part,6455
part,6456
part,6457
part,6458
part,6459
part,6460
part,6461
part,6462
part,6463
part,6464
part,6465
part,6466
part,6467
part,6468
part,6469
part,6470
part,6471
part,6472
part,6473
part,6474
part,6475
part,6476
part,6477
part,6478
part,6479
part,6480
part,6481
part,6482
part,6483
part,6484
part,6485
part,6486
part,6487
part,6488
part,6489
part,6490
part,6491
part,6492
part,6493
part,6494
part,6495
part,6496
part,6497
part,6498
part,6499
part,6500
part,6501
part,6502
part,6503
part,6504
part,6505
part,6506
part,6507
part,6508
part,6509
part,6510
part,6511
part,6512
part,6513
part,6514
part,6515
part,6516
part,6517
part,6518
part,6519
part,6520
part,6521
part,6522
part,6523
part,6524
part,6525
part,6526
part,6527
part,6528
part,6529
part,6530
part,6531
part,6532
part,6533
part,6534
part,6535
part,6536
part,6537
part,6538
part,6539
part,6540
part,6541
part,6542
part,6543
part,6544
part,6545
part,6546
part,6547
part,6548
part,6549
part,6550
part,6551
part,6552
part,6553
part,6554
part,6555
part,6556
part,6557
part,6558
part,6559
part,6560
part,6561
part,6562
part,6563
part,6564
part,6565
part,6566
part,6567
part,6568
part,6569
part,6570
part,6571
part,6572
part,6573
part,6574
part,6575
part,6576
part,6577
part,6578
part,6579
part,6580
part,6581
part,6582
part,6583
part,6584
part,6585
part,6586
part,6587
part,6588
part,6589
part,6590
part,6591
part,6592
part,6593
part,6594
part,6595
part,6596
part,6597
part,6598
part,6599
part,6600
part,6601
part,6602
part,6603
part,6604
part,6605
part,6606
part,6607
part,6608
part,6609
part,6610
part,6611
part,6612
part,6613
part,6614
part,6615
part,6616
part,6617
part,6618
part,6619
part,6620
part,6621
part,6622
part,6623
part,6624
part,6625
part,6626
part,6627
part,6628
part,6629
part,6630
part,6631
part,6632
part,6633
part,6634
part,6635
part,6636
part,6637
part,6638
part,6639
part,6640
part,6641
part,6642
part,6643
part,6644
part,6645
part,6646
part,6647
part,6648
part,6649
part,6650
part,6651
part,6652
part,6653
part,6654
part,6655
part,6656
part,6657
part,6658
part,6659
part,6660
part,6661
part,6662
part,6663
part,6664
part,6665
part,6666
part,6667
part,6668
part,6669
part,6670
part,6671
part,6672
part,6673
part,6674
part,6675
part,6676
part,6677
part,6678
part,6679
part,6680
part,6681
part,6682
part,6683
part,6684
part,6685
part,6686
part,6687
part,6688
part,6689
part,6690
part,6691
part,6692
part,6693
part,6694
part,6695
part,6696
part,6697
part,6698
part,6699
part,6700
part,6701
part,6702
part,6703
part,6704
part,6705
part,6706
part,6707
part,6708
part,6709
part,6710
part,6711
part,6712
part,6713
part,6714
part,6715
part,6716
part,6717
part,6718
part,6719
part,6720
part,6721
part,6722
part,6723
part,6724
part,6725
part,6726
part,6727
part,6728
part,6729
part,6730
part,6731
part,6732
part,6733
part,6734
part,6735
part,6736
part,6737
part,6738
part,6739
part,6740
part,6741
part,6742
part,6743
part,6744
part,6745
part,6746
part,6747
part,6748
part,6749
part,6750
part,6751
part,6752
part,6753
part,6754
part,6755
part,6756
part,6757
part,6758
part,6759
part,6760
part,6761
part,6762
part,6763
part,6764
part,6765
part,6766
part,6767
part,6768
part,6769
part,6770
part,6771
part,6772
part,6773
part,6774
part,6775
part,6776
part,6777
part,6778
part,6779
part,6780
part,6781
part,6782
part,6783
part,6784
part,6785
part,6786
part,6787
part,6788
part,6789
part,6790
part,6791
part,6792
part,6793
part,6794
part,6795
part,6796
part,6797
part,6798
part,6799
part,6800
part,6801
part,6802
part,6803
part,6804
part,6805
part,6806
part,6807
part,6808
part,6809
part,6810
part,6811
part,6812
part,6813
part,6814
part,6815
part,6816
part,6817
part,6818
part,6819
part,6820
part,6821
part,6822
part,6823
part,6824
part,6825
part,6826
part,6827
part,6828
part,6829
part,6830
part,6831
part,6832
part,6833
part,6834
part,6835
part,6836
part,6837
part,6838
part,6839
part,6840
part,6841
part,6842
part,6843
part,6844
part,6845
part,6846
part,6847
part,6848
part,6849
part,6850
part,6851
part,6852
part,6853
part,6854
part,6855
part,6856
part,6857
part,6858
part,6859
part,6860
part,6861
part,6862
part,6863
part,6864
part,6865
part,6866
part,6867
part,6868
part,6869
part,6870
part,6871
part,6872
part,6873
part,6874
part,6875
part,6876
part,6877
part,6878
part,6879
part,6880
part,6881
part,6882
part,6883
part,6884
part,6885
part,6886
part,6887
part,6888
part,6889
part,6890
part,6891
part,6892
part,6893
part,6894
part,6895
part,6896
part,6897
part,6898
part,6899
part,6900
part,6901
part,6902
part,6903
part,6904
part,6905
part,6906
part,6907
part,6908
part,6909
part,6910
part,6911
part,6912
part,6913
part,6914
part,6915
part,6916
part,6917
part,6918
part,6919
part,6920
part,6921
part,6922
part,6923
part,6924
part,6925
part,6926
part,6927
part,6928
part,6929
part,6930
part,6931
part,6932
part,6933
part,6934
part,6935
part,6936
part,6937
part,6938
part,6939
part,6940
part,6941
part,6942
part,6943
part,6944
part,6945
part,6946
part,6947
part,6948
part,6949
part,6950
part,6951
part,6952
part,6953
part,6954
part,6955
part,6956
part,6957
part,6958
part,6959
part,6960
part,6961
part,6962
part,6963
part,6964
part,6965
part,6966
part,6967
part,6968
part,6969
part,6970
part,6971
part,6972
part,6973
part,6974
part,6975
part,6976
part,6977
part,6978
part,6979
part,6980
part,6981
part,6982
part,6983
part,6984
part,6985
part,6986
part,6987
part,6988
part,6989
part,6990
part,6991
part,6992
part,6993
part,6994
part,6995
part,6996
part,6997
part,6998
part,6999
part,7000
part,7001
part,7002
part,7003
part,7004
part,7005
part,7006
part,7007
part,7008
part,7009
part,7010
part,7011
part,7012
part,7013
part,7014
part,7015
part,7016
part,7017
part,7018
part,7019
part,7020
part,7021
part,7022
part,7023
part,7024
part,7025
part,7026
part,7027
part,7028
part,7029
part,7030
part,7031
part,7032
part,7033
part,7034
part,7035
part,7036
part,7037
part,7038
part,7039
part,7040
part,7041
part,7042
part,7043
part,7044
part,7045
part,7046
part,7047
part,7048
part,7049
part,7050
part,7051
part,7052
part,7053
part,7054
part,7055
part,7056
part,7057
part,7058
part,7059
part,7060
part,7061
part,7062
part,7063
part,7064
part,7065
part,7066
part,7067
part,7068
part,7069
part,7070
part,7071
part,7072
part,7073
part,7074
part,7075
part,7076
part,7077
part,7078
part,7079
part,7080
part,7081
part,7082
part,7083
part,7084
part,7085
part,7086
part,7087
part,7088
part,7089
part,7090
part,7091
part,7092
part,7093
part,7094
part,7095
part,7096
part,7097
part,7098
part,7099
part,7100
part,7101
part,7102
part,7103
part,7104
part,7105
part,7106
part,7107
part,7108
part,7109
part,7110
part,7111
part,7112
part,7113
part,7114
part,7115
part,7116
part,7117
part,7118
part,7119
part,7120
part,7121
part,7122
part,7123
part,7124
part,7125
part,7126
part,7127
part,7128
part,7129
part,7130
part,7131
part,7132
part,7133
part,7134
part,7135
part,7136
part,7137
part,7138
part,7139
part,7140
part,7141
part,7142
part,7143
part,7144
part,7145
part,7146
part,7147
part,7148
part,7149
part,7150
part,7151
part,7152
part,7153
part,7154
part,7155
part,7156
part,7157
part,7158
part,7159
part,7160
part,7161
part,7162
part,7163
part,7164
part,7165
part,7166
part,7167
part,7168
part,7169
part,7170
part,7171
part,7172
part,7173
part,7174
part,7175
part,7176
part,7177
part,7178
part,7179
part,7180
part,7181
part,7182
part,7183
part,7184
part,7185
part,7186
part,7187
part,7188
part,7189
part,7190
part,7191
part,7192
part,7193
part,7194
part,7195
part,7196
part,7197
part,7198
part,7199
part,7200
part,7201
part,7202
part,7203
part,7204
part,7205
part,7206
part,7207
part,7208
part,7209
part,7210
part,7211
part,7212
part,7213
part,7214
part,7215
part,7216
part,7217
part,7218
part,7219
part,7220
part,7221
part,7222
part,7223
part,7224
part,7225
part,7226
part,7227
part,7228
part,7229
part,7230
part,7231
part,7232
part,7233
part,7234
part,7235
part,7236
part,7237
part,7238
part,7239
part,7240
part,7241
part,7242
part,7243
part,7244
part,7245
part,7246
part,7247
part,7248
part,7249
part,7250
part,7251
part,7252
part,7253
part,7254
part,7255
part,7256
part,7257
part,7258
part,7259
part,7260
part,7261
part,7262
part,7263
part,7264
part,7265
part,7266
part,7267
part,7268
part,7269
part,7270
part,7271
part,7272
part,7273
part,7274
part,7275
part,7276
part,7277
part,7278
part,7279
part,7280
part,7281
part,7282
part,7283
part,7284
part,7285
part,7286
part,7287
part,7288
part,7289
part,7290
part,7291
part,7292
part,7293
part,7294
part,7295
part,7296
part,7297
part,7298
part,7299
part,7300
part,7301
part,7302
part,7303
part,7304
part,7305
part,7306
part,7307
part,7308
part,7309
part,7310
part,7311
part,7312
part,7313
part,7314
part,7315
part,7316
part,7317
part,7318
part,7319
part,7320
part,7321
part,7322
part,7323
part,7324
part,7325
part,7326
part,7327
part,7328
part,7329
part,7330
part,7331
part,7332
part,7333
part,7334
part,7335
part,7336
part,7337
part,7338
part,7339
part,7340
part,7341
part,7342
part,7343
part,7344
part,7345
part,7346
part,7347
part,7348
part,7349
part,7350
part,7351
part,7352
part,7353
part,7354
part,7355
part,7356
part,7357
part,7358
part,7359
part,7360
part,7361
part,7362
part,7363
part,7364
part,7365
part,7366
part,7367
part,7368
part,7369
part,7370
part,7371
part,7372
part,7373
part,7374
part,7375
part,7376
part,7377
part,7378
part,7379
part,7380
part,7381
part,7382
part,7383
part,7384
part,7385
part,7386
part,7387
part,7388
part,7389
part,7390
part,7391
part,7392
part,7393
part,7394
part,7395
part,7396
part,7397
part,7398
part,7399
part,7400
part,7401
part,7402
part,7403
part,7404
part,7405
part,7406
part,7407
part,7408
part,7409
part,7410
part,7411
part,7412
part,7413
part,7414
part,7415
part,7416
part,7417
part,7418
part,7419
part,7420
part,7421
part,7422
part,7423
part,7424
part,7425
part,7426
part,7427
part,7428
part,7429
part,7430
part,7431
part,7432
part,7433
part,7434
part,7435
part,7436
part,7437
part,7438
part,7439
part,7440
part,7441
part,7442
part,7443
part,7444
part,7445
part,7446
part,7447
part,7448
part,7449
part,7450
part,7451
part,7452
part,7453
part,7454
part,7455
part,7456
part,7457
part,7458
part,7459
part,7460
part,7461
part,7462
part,7463
part,7464
part,7465
part,7466
part,7467
part,7468
part,7469
part,7470
part,7471
part,7472
part,7473
part,7474
part,7475
part,7476
part,7477
part,7478
part,7479
part,7480
part,7481
part,7482
part,7483
part,7484
part,7485
part,7486
part,7487
part,7488
part,7489
part,7490
part,7491
part,7492
part,7493
part,7494
part,7495
part,7496
part,7497
part,7498
part,7499
part,7500
part,7501
part,7502
part,7503
part,7504
part,7505
part,7506
part,7507
part,7508
part,7509
part,7510
part,7511
part,7512
part,7513
part,7514
part,7515
part,7516
part,7517
part,7518
part,7519
part,7520
part,7521
part,7522
part,7523
part,7524
part,7525
part,7526
part,7527
part,7528
part,7529
part,7530
part,7531
part,7532
part,7533
part,7534
part,7535
part,7536
part,7537
part,7538
part,7539
part,7540
part,7541
part,7542
part,7543
part,7544
part,7545
part,7546
part,7547
part,7548
part,7549
part,7550
part,7551
part,7552
part,7553
part,7554
part,7555
part,7556
part,7557
part,7558
part,7559
part,7560
part,7561
part,7562
part,7563
part,7564
part,7565
part,7566
part,7567
part,7568
part,7569
part,7570
part,7571
part,7572
part,7573
part,7574
part,7575
part,7576
part,7577
part,7578
part,7579
part,7580
part,7581
part,7582
part,7583
part,7584
part,7585
part,7586
part,7587
part,7588
part,7589
part,7590
part,7591
part,7592
part,7593
part,7594
part,7595
part,7596
part,7597
part,7598
part,7599
part,7600
part,7601
part,7602
part,7603
part,7604
part,7605
part,7606
part,7607
part,7608
part,7609
part,7610
part,7611
part,7612
part,7613
part,7614
part,7615
part,7616
part,7617
part,7618
part,7619
part,7620
part,7621
part,7622
part,7623
part,7624
part,7625
part,7626
part,7627
part,7628
part,7629
part,7630
part,7631
part,7632
part,7633
part,7634
part,7635
part,7636
part,7637
part,7638
part,7639
part,7640
part,7641
part,7642
part,7643
part,7644
part,7645
part,7646
part,7647
part,7648
part,7649
part,7650
part,7651
part,7652
part,7653
part,7654
part,7655
part,7656
part,7657
part,7658
part,7659
part,7660
part,7661
part,7662
part,7663
part,7664
part,7665
part,7666
part,7667
part,7668
part,7669
part,7670
part,7671
part,7672
part,7673
part,7674
part,7675
part,7676
part,7677
part,7678
part,7679
part,7680
part,7681
part,7682
part,7683
part,7684
part,7685
part,7686
part,7687
part,7688
part,7689
part,7690
part,7691
part,7692
part,7693
part,7694
part,7695
part,7696
part,7697
part,7698
part,7699
part,7700
part,7701
part,7702
part,7703
part,7704
part,7705
part,7706
part,7707
part,7708
part,7709
part,7710
part,7711
part,7712
part,7713
part,7714
part,7715
part,7716
part,7717
part,7718
part,7719
part,7720
part,7721
part,7722
part,7723
part,7724
part,7725
part,7726
part,7727
part,7728
part,7729
part,7730
part,7731
part,7732
part,7733
part,7734
part,7735
part,7736
part,7737
part,7738
part,7739
part,7740
part,7741
part,7742
part,7743
part,7744
part,7745
part,7746
part,7747
part,7748
part,7749
part,7750
part,7751
part,7752
part,7753
part,7754
part,7755
part,7756
part,7757
part,7758
part,7759
part,7760
part,7761
part,7762
part,7763
part,7764
part,7765
part,7766
part,7767
part,7768
part,7769
part,7770
part,7771
part,7772
part,7773
part,7774
part,7775
part,7776
part,7777
part,7778
part,7779
part,7780
part,7781
part,7782
part,7783
part,7784
part,7785
part,7786
part,7787
part,7788
part,7789
part,7790
part,7791
part,7792
part,7793
part,7794
part,7795
part,7796
part,7797
part,7798
part,7799
part,7800
part,7801
part,7802
part,7803
part,7804
part,7805
part,7806
part,7807
part,7808
part,7809
part,7810
part,7811
part,7812
part,7813
part,7814
part,7815
part,7816
part,7817
part,7818
part,7819
part,7820
part,7821
part,7822
part,7823
part,7824
part,7825
part,7826
part,7827
part,7828
part,7829
part,7830
part,7831
part,7832
part,7833
part,7834
part,7835
part,7836
part,7837
part,7838
part,7839
part,7840
part,7841
part,7842
part,7843
part,7844
part,7845
part,7846
part,7847
part,7848
part,7849
part,7850
part,7851
part,7852
part,7853
part,7854
part,7855
part,7856
part,7857
part,7858
part,7859
part,7860
part,7861
part,7862
part,7863
part,7864
part,7865
part,7866
part,7867
part,7868
part,7869
part,7870
part,7871
part,7872
part,7873
part,7874
part,7875
part,7876
part,7877
part,7878
part,7879
part,7880
part,7881
part,7882
part,7883
part,7884
part,7885
part,7886
part,7887
part,7888
part,7889
part,7890
part,7891
part,7892
part,7893
part,7894
part,7895
part,7896
part,7897
part,7898
part,7899
part,7900
part,7901
part,7902
part,7903
part,7904
part,7905
part,7906
part,7907
part,7908
part,7909
part,7910
part,7911
part,7912
part,7913
part,7914
part,7915
part,7916
part,7917
part,7918
part,7919
part,7920
part,7921
part,7922
part,7923
part,7924
part,7925
part,7926
part,7927
part,7928
part,7929
part,7930
part,7931
part,7932
part,7933
part,7934
part,7935
part,7936
part,7937
part,7938
part,7939
part,7940
part,7941
part,7942
part,7943
part,7944
part,7945
part,7946
part,7947
part,7948
part,7949
part,7950
part,7951
part,7952
part,7953
part,7954
part,7955
part,7956
part,7957
part,7958
part,7959
part,7960
part,7961
part,7962
part,7963
part,7964
part,7965
part,7966
part,7967
part,7968
part,7969
part,7970
part,7971
part,7972
part,7973
part,7974
part,7975
part,7976
part,7977
part,7978
part,7979
part,7980
part,7981
part,7982
part,7983
part,7984
part,7985
part,7986
part,7987
part,7988
part,7989
part,7990
part,7991
part,7992
part,7993
part,7994
part,7995
part,7996
part,7997
part,7998
part,7999
part,8000
part,8001
part,8002
part,8003
part,8004
part,8005
part,8006
part,8007
part,8008
part,8009
part,8010
part,8011
part,8012
part,8013
part,8014
part,8015
part,8016
part,8017
part,8018
part,8019
part,8020
part,8021
part,8022
part,8023
part,8024
part,8025
part,8026
part,8027
part,8028
part,8029
part,8030
part,8031
part,8032
part,8033
part,8034
part,8035
part,8036
part,8037
part,8038
part,8039
part,8040
part,8041
part,8042
part,8043
part,8044
part,8045
part,8046
part,8047
part,8048
part,8049
part,8050
part,8051
part,8052
part,8053
part,8054
part,8055
part,8056
part,8057
part,8058
part,8059
part,8060
part,8061
part,8062
part,8063
part,8064
part,8065
part,8066
part,8067
part,8068
part,8069
part,8070
part,8071
part,8072
part,8073
part,8074
part,8075
part,8076
part,8077
part,8078
part,8079
part,8080
part,8081
part,8082
part,8083
part,8084
part,8085
part,8086
part,8087
part,8088
part,8089
part,8090
part,8091
part,8092
part,8093
part,8094
part,8095
part,8096
part,8097
part,8098
part,8099
part,8100
part,8101
part,8102
part,8103
part,8104
part,8105
part,8106
part,8107
part,8108
part,8109
part,8110
part,8111
part,8112
part,8113
part,8114
part,8115
part,8116
part,8117
part,8118
part,8119
part,8120
part,8121
part,8122
part,8123
part,8124
part,8125
part,8126
part,8127
part,8128
part,8129
part,8130
part,8131
part,8132
part,8133
part,8134
part,8135
part,8136
part,8137
part,8138
part,8139
part,8140
part,8141
part,8142
part,8143
part,8144
part,8145
part,8146
part,8147
part,8148
part,8149
part,8150
part,8151
part,8152
part,8153
part,8154
part,8155
part,8156
part,8157
part,8158
part,8159
part,8160
part,8161
part,8162
part,8163
part,8164
part,8165
part,8166
part,8167
part,8168
part,8169
part,8170
part,8171
part,8172
part,8173
part,8174
part,8175
part,8176
part,8177
part,8178
part,8179
part,8180
part,8181
part,8182
part,8183
part,8184
part,8185
part,8186
part,8187
part,8188
part,8189
part,8190
part,8191
part,8192
part,8193
part,8194
part,8195
part,8196
part,8197
part,8198
part,8199
part,8200
part,8201
part,8202
part,8203
part,8204
part,8205
part,8206
part,8207
part,8208
part,8209
part,8210
part,8211
part,8212
part,8213
part,8214
part,8215
part,8216
part,8217
part,8218
part,8219
part,8220
part,8221
part,8222
part,8223
part,8224
part,8225
part,8226
part,8227
part,8228
part,8229
part,8230
part,8231
part,8232
part,8233
part,8234
part,8235
part,8236
part,8237
part,8238
part,8239
part,8240
part,8241
part,8242
part,8243
part,8244
part,8245
part,8246
part,8247
part,8248
part,8249
part,8250
part,8251
part,8252
part,8253
part,8254
part,8255
part,8256
part,8257
part,8258
part,8259
part,8260
part,8261
part,8262
part,8263
part,8264
part,8265
part,8266
part,8267
part,8268
part,8269
part,8270
part,8271
part,8272
part,8273
part,8274
part,8275
part,8276
part,8277
part,8278
part,8279
part,8280
part,8281
part,8282
part,8283
part,8284
part,8285
part,8286
part,8287
part,8288
part,8289
part,8290
part,8291
part,8292
part,8293
part,8294
part,8295
part,8296
part,8297
part,8298
part,8299
part,8300
part,8301
part,8302
part,8303
part,8304
part,8305
part,8306
part,8307
part,8308
part,8309
part,8310
part,8311
part,8312
part,8313
part,8314
part,8315
part,8316
part,8317
part,8318
part,8319
part,8320
part,8321
part,8322
part,8323
part,8324
part,8325
part,8326
part,8327
part,8328
part,8329
part,8330
part,8331
part,8332
part,8333
part,8334
part,8335
part,8336
part,8337
part,8338
part,8339
part,8340
part,8341
part,8342
part,8343
part,8344
part,8345
part,8346
part,8347
part,8348
part,8349
part,8350
part,8351
part,8352
part,8353
part,8354
part,8355
part,8356
part,8357
part,8358
part,8359
part,8360
part,8361
part,8362
part,8363
part,8364
part,8365
part,8366
part,8367
part,8368
part,8369
part,8370
part,8371
part,8372
part,8373
part,8374
part,8375
part,8376
part,8377
part,8378
part,8379
part,8380
part,8381
part,8382
part,8383
part,8384
part,8385
part,8386
part,8387
part,8388
part,8389
part,8390
part,8391
part,8392
part,8393
part,8394
part,8395
part,8396
part,8397
part,8398
part,8399
part,8400
part,8401
part,8402
part,8403
part,8404
part,8405
part,8406
part,8407
part,8408
part,8409
part,8410
part,8411
part,8412
part,8413
part,8414
part,8415
part,8416
part,8417
part,8418
part,8419
part,8420
part,8421
part,8422
part,8423
part,8424
part,8425
part,8426
part,8427
part,8428
part,8429
part,8430
part,8431
part,8432
part,8433
part,8434
part,8435
part,8436
part,8437
part,8438
part,8439
part,8440
part,8441
part,8442
part,8443
part,8444
part,8445
part,8446
part,8447
part,8448
part,8449
part,8450
part,8451
part,8452
part,8453
part,8454
part,8455
part,8456
part,8457
part,8458
part,8459
part,8460
part,8461
part,8462
part,8463
part,8464
part,8465
part,8466
part,8467
part,8468
part,8469
part,8470
part,8471
part,8472
part,8473
part,8474
part,8475
part,8476
part,8477
part,8478
part,8479
part,8480
part,8481
part,8482
part,8483
part,8484
part,8485
part,8486
part,8487
part,8488
part,8489
part,8490
part,8491
part,8492
part,8493
part,8494
part,8495
part,8496
part,8497
part,8498
part,8499
part,8500
part,8501
part,8502
part,8503
part,8504
part,8505
part,8506
part,8507
part,8508
part,8509
part,8510
part,8511
part,8512
part,8513
part,8514
part,8515
part,8516
part,8517
part,8518
part,8519
part,8520
part,8521
part,8522
part,8523
part,8524
part,8525
part,8526
part,8527
part,8528
part,8529
part,8530
part,8531
part,8532
part,8533
part,8534
part,8535
part,8536
part,8537
part,8538
part,8539
part,8540
part,8541
part,8542
part,8543
part,8544
part,8545
part,8546
part,8547
part,8548
part,8549
part,8550
part,8551
part,8552
part,8553
part,8554
part,8555
part,8556
part,8557
part,8558
part,8559
part,8560
part,8561
part,8562
part,8563
part,8564
part,8565
part,8566
part,8567
part,8568
part,8569
part,8570
part,8571
part,8572
part,8573
part,8574
part,8575
part,8576
part,8577
part,8578
part,8579
part,8580
part,8581
part,8582
part,8583
part,8584
part,8585
part,8586
part,8587
part,8588
part,8589
part,8590
part,8591
part,8592
part,8593
part,8594
part,8595
part,8596
part,8597
part,8598
part,8599
part,8600
part,8601
part,8602
part,8603
part,8604
part,8605
part,8606
part,8607
part,8608
part,8609
part,8610
part,8611
part,8612
part,8613
part,8614
part,8615
part,8616
part,8617
part,8618
part,8619
part,8620
part,8621
part,8622
part,8623
part,8624
part,8625
part,8626
part,8627
part,8628
part,8629
part,8630
part,8631
part,8632
part,8633
part,8634
part,8635
part,8636
part,8637
part,8638
part,8639
part,8640
part,8641
part,8642
part,8643
part,8644
part,8645
part,8646
part,8647
part,8648
part,8649
part,8650
part,8651
part,8652
part,8653
part,8654
part,8655
part,8656
part,8657
part,8658
part,8659
part,8660
part,8661
part,8662
part,8663
part,8664
part,8665
part,8666
part,8667
part,8668
part,8669
part,8670
part,8671
part,8672
part,8673
part,8674
part,8675
part,8676
part,8677
part,8678
part,8679
part,8680
part,8681
part,8682
part,8683
part,8684
part,8685
part,8686
part,8687
part,8688
part,8689
part,8690
part,8691
part,8692
part,8693
part,8694
part,8695
part,8696
part,8697
part,8698
part,8699
part,8700
part,8701
part,8702
part,8703
part,8704
part,8705
part,8706
part,8707
part,8708
part,8709
part,8710
part,8711
part,8712
part,8713
part,8714
part,8715
part,8716
part,8717
part,8718
part,8719
part,8720
part,8721
part,8722
part,8723
part,8724
part,8725
part,8726
part,8727
part,8728
part,8729
part,8730
part,8731
part,8732
part,8733
part,8734
part,8735
part,8736
part,8737
part,8738
part,8739
part,8740
part,8741
part,8742
part,8743
part,8744
part,8745
part,8746
part,8747
part,8748
part,8749
part,8750
part,8751
part,8752
part,8753
part,8754
part,8755
part,8756
part,8757
part,8758
part,8759
part,8760
part,8761
part,8762
part,8763
part,8764
part,8765
part,8766
part,8767
part,8768
part,8769
part,8770
part,8771
part,8772
part,8773
part,8774
part,8775
part,8776
part,8777
part,8778
part,8779
part,8780
part,8781
part,8782
part,8783
part,8784
part,8785
part,8786
part,8787
part,8788
part,8789
part,8790
part,8791
part,8792
part,8793
part,8794
part,8795
part,8796
part,8797
part,8798
part,8799
part,8800
part,8801
part,8802
part,8803
part,8804
part,8805
part,8806
part,8807
part,8808
part,8809
part,8810
part,8811
part,8812
part,8813
part,8814
part,8815
part,8816
part,8817
part,8818
part,8819
part,8820
part,8821
part,8822
part,8823
part,8824
part,8825
part,8826
part,8827
part,8828
part,8829
part,8830
part,8831
part,8832
part,8833
part,8834
part,8835
part,8836
part,8837
part,8838
part,8839
part,8840
part,8841
part,8842
part,8843
part,8844
part,8845
part,8846
part,8847
part,8848
part,8849
part,8850
part,8851
part,8852
part,8853
part,8854
part,8855
part,8856
part,8857
part,8858
part,8859
part,8860
part,8861
part,8862
part,8863
part,8864
part,8865
part,8866
part,8867
part,8868
part,8869
part,8870
part,8871
part,8872
part,8873
part,8874
part,8875
part,8876
part,8877
part,8878
part,8879
part,8880
part,8881
part,8882
part,8883
part,8884
part,8885
part,8886
part,8887
part,8888
part,8889
part,8890
part,8891
part,8892
part,8893
part,8894
part,8895
part,8896
part,8897
part,8898
part,8899
part,8900
part,8901
part,8902
part,8903
part,8904
part,8905
part,8906
part,8907
part,8908
part,8909
part,8910
part,8911
part,8912
part,8913
part,8914
part,8915
part,8916
part,8917
part,8918
part,8919
part,8920
part,8921
part,8922
part,8923
part,8924
part,8925
part,8926
part,8927
part,8928
part,8929
part,8930
part,8931
part,8932
part,8933
part,8934
part,8935
part,8936
part,8937
part,8938
part,8939
part,8940
part,8941
part,8942
part,8943
part,8944
part,8945
part,8946
part,8947
part,8948
part,8949
part,8950
part,8951
part,8952
part,8953
part,8954
part,8955
part,8956
part,8957
part,8958
part,8959
part,8960
part,8961
part,8962
part,8963
part,8964
part,8965
part,8966
part,8967
part,8968
part,8969
part,8970
part,8971
part,8972
part,8973
part,8974
part,8975
part,8976
part,8977
part,8978
part,8979
part,8980
part,8981
part,8982
part,8983
part,8984
part,8985
part,8986
part,8987
part,8988
part,8989
part,8990
part,8991
part,8992
part,8993
part,8994
part,8995
part,8996
part,8997
part,8998
part,8999
part,9000
part,9001
part,9002
part,9003
part,9004
part,9005
part,9006
part,9007
part,9008
part,9009
part,9010
part,9011
part,9012
part,9013
part,9014
part,9015
part,9016
part,9017
part,9018
part,9019
part,9020
part,9021
part,9022
part,9023
part,9024
part,9025
part,9026
part,9027
part,9028
part,9029
part,9030
part,9031
part,9032
part,9033
part,9034
part,9035
part,9036
part,9037
part,9038
part,9039
part,9040
part,9041
part,9042
part,9043
part,9044
part,9045
part,9046
part,9047
part,9048
part,9049
part,9050
part,9051
part,9052
part,9053
part,9054
part,9055
part,9056
part,9057
part,9058
part,9059
part,9060
part,9061
part,9062
part,9063
part,9064
part,9065
part,9066
part,9067
part,9068
part,9069
part,9070
part,9071
part,9072
part,9073
part,9074
part,9075
part,9076
part,9077
part,9078
part,9079
part,9080
part,9081
part,9082
part,9083
part,9084
part,9085
part,9086
part,9087
part,9088
part,9089
part,9090
part,9091
part,9092
part,9093
part,9094
part,9095
part,9096
part,9097
part,9098
part,9099
part,9100
part,9101
part,9102
part,9103
part,9104
part,9105
part,9106
part,9107
part,9108
part,9109
part,9110
part,9111
part,9112
part,9113
part,9114
part,9115
part,9116
part,9117
part,9118
part,9119
part,9120
part,9121
part,9122
part,9123
part,9124
part,9125
part,9126
part,9127
part,9128
part,9129
part,9130
part,9131
part,9132
part,9133
part,9134
part,9135
part,9136
part,9137
part,9138
part,9139
part,9140
part,9141
part,9142
part,9143
part,9144
part,9145
part,9146
part,9147
part,9148
part,9149
part,9150
part,9151
part,9152
part,9153
part,9154
part,9155
part,9156
part,9157
part,9158
part,9159
part,9160
part,9161
part,9162
part,9163
part,9164
part,9165
part,9166
part,9167
part,9168
part,9169
part,9170
part,9171
part,9172
part,9173
part,9174
part,9175
part,9176
part,9177
part,9178
part,9179
part,9180
part,9181
part,9182
part,9183
part,9184
part,9185
part,9186
part,9187
part,9188
part,9189
part,9190
part,9191
part,9192
part,9193
part,9194
part,9195
part,9196
part,9197
part,9198
part,9199
part,9200
part,9201
part,9202
part,9203
part,9204
part,9205
part,9206
part,9207
part,9208
part,9209
part,9210
part,9211
part,9212
part,9213
part,9214
part,9215
part,9216
part,9217
part,9218
part,9219
part,9220
part,9221
part,9222
part,9223
part,9224
part,9225
part,9226
part,9227
part,9228
part,9229
part,9230
part,9231
part,9232
part,9233
part,9234
part,9235
part,9236
part,9237
part,9238
part,9239
part,9240
part,9241
part,9242
part,9243
part,9244
part,9245
part,9246
part,9247
part,9248
part,9249
part,9250
part,9251
part,9252
part,9253
part,9254
part,9255
part,9256
part,9257
part,9258
part,9259
part,9260
part,9261
part,9262
part,9263
part,9264
part,9265
part,9266
part,9267
part,9268
part,9269
part,9270
part,9271
part,9272
part,9273
part,9274
part,9275
part,9276
part,9277
part,9278
part,9279
part,9280
part,9281
part,9282
part,9283
part,9284
part,9285
part,9286
part,9287
part,9288
part,9289
part,9290
part,9291
part,9292
part,9293
part,9294
part,9295
part,9296
part,9297
part,9298
part,9299
part,9300
part,9301
part,9302
part,9303
part,9304
part,9305
part,9306
part,9307
part,9308
part,9309
part,9310
part,9311
part,9312
part,9313
part,9314
part,9315
part,9316
part,9317
part,9318
part,9319
part,9320
part,9321
part,9322
part,9323
part,9324
part,9325
part,9326
part,9327
part,9328
part,9329
part,9330
part,9331
part,9332
part,9333
part,9334
part,9335
part,9336
part,9337
part,9338
part,9339
part,9340
part,9341
part,9342
part,9343
part,9344
part,9345
part,9346
part,9347
part,9348
part,9349
part,9350
part,9351
part,9352
part,9353
part,9354
part,9355
part,9356
part,9357
part,9358
part,9359
part,9360
part,9361
part,9362
part,9363
part,9364
part,9365
part,9366
part,9367
part,9368
part,9369
part,9370
part,9371
part,9372
part,9373
part,9374
part,9375
part,9376
part,9377
part,9378
part,9379
part,9380
part,9381
part,9382
part,9383
part,9384
part,9385
part,9386
part,9387
part,9388
part,9389
part,9390
part,9391
part,9392
part,9393
part,9394
part,9395
part,9396
part,9397
part,9398
part,9399
part,9400
part,9401
part,9402
part,9403
part,9404
part,9405
part,9406
part,9407
part,9408
part,9409
part,9410
part,9411
part,9412
part,9413
part,9414
part,9415
part,9416
part,9417
part,9418
part,9419
part,9420
part,9421
part,9422
part,9423
part,9424
part,9425
part,9426
part,9427
part,9428
part,9429
part,9430
part,9431
part,9432
part,9433
part,9434
part,9435
part,9436
part,9437
part,9438
part,9439
part,9440
part,9441
part,9442
part,9443
part,9444
part,9445
part,9446
part,9447
part,9448
part,9449
part,9450
part,9451
part,9452
part,9453
part,9454
part,9455
part,9456
part,9457
part,9458
part,9459
part,9460
part,9461
part,9462
part,9463
part,9464
part,9465
part,9466
part,9467
part,9468
part,9469
part,9470
part,9471
part,9472
part,9473
part,9474
part,9475
part,9476
part,9477
part,9478
part,9479
part,9480
part,9481
part,9482
part,9483
part,9484
part,9485
part,9486
part,9487
part,9488
part,9489
part,9490
part,9491
part,9492
part,9493
part,9494
part,9495
part,9496
part,9497
part,9498
part,9499
part,9500
part,9501
part,9502
part,9503
part,9504
part,9505
part,9506
part,9507
part,9508
part,9509
part,9510
part,9511
part,9512
part,9513
part,9514
part,9515
part,9516
part,9517
part,9518
part,9519
part,9520
part,9521
part,9522
part,9523
part,9524
part,9525
part,9526
part,9527
part,9528
part,9529
part,9530
part,9531
part,9532
part,9533
part,9534
part,9535
part,9536
part,9537
part,9538
part,9539
part,9540
part,9541
part,9542
part,9543
part,9544
part,9545
part,9546
part,9547
part,9548
part,9549
part,9550
part,9551
part,9552
part,9553
part,9554
part,9555
part,9556
part,9557
part,9558
part,9559
part,9560
part,9561
part,9562
part,9563
part,9564
part,9565
part,9566
part,9567
part,9568
part,9569
part,9570
part,9571
part,9572
part,9573
part,9574
part,9575
part,9576
part,9577
part,9578
part,9579
part,9580
part,9581
part,9582
part,9583
part,9584
part,9585
part,9586
part,9587
part,9588
part,9589
part,9590
part,9591
part,9592
part,9593
part,9594
part,9595
part,9596
part,9597
part,9598
part,9599
part,9600
part,9601
part,9602
part,9603
part,9604
part,9605
part,9606
part,9607
part,9608
part,9609
part,9610
part,9611
part,9612
part,9613
part,9614
part,9615
part,9616
part,9617
part,9618
part,9619
part,9620
part,9621
part,9622
part,9623
part,9624
part,9625
part,9626
part,9627
part,9628
part,9629
part,9630
part,9631
part,9632
part,9633
part,9634
part,9635
part,9636
part,9637
part,9638
part,9639
part,9640
part,9641
part,9642
part,9643
part,9644
part,9645
part,9646
part,9647
part,9648
part,9649
part,9650
part,9651
part,9652
part,9653
part,9654
part,9655
part,9656
part,9657
part,9658
part,9659
part,9660
part,9661
part,9662
part,9663
part,9664
part,9665
part,9666
part,9667
part,9668
part,9669
part,9670
part,9671
part,9672
part,9673
part,9674
part,9675
part,9676
part,9677
part,9678
part,9679
part,9680
part,9681
part,9682
part,9683
part,9684
part,9685
part,9686
part,9687
part,9688
part,9689
part,9690
part,9691
part,9692
part,9693
part,9694
part,9695
part,9696
part,9697
part,9698
part,9699
part,9700
part,9701
part,9702
part,9703
part,9704
part,9705
part,9706
part,9707
part,9708
part,9709
part,9710
part,9711
part,9712
part,9713
part,9714
part,9715
part,9716
part,9717
part,9718
part,9719
part,9720
part,9721
part,9722
part,9723
part,9724
part,9725
part,9726
part,9727
part,9728
part,9729
part,9730
part,9731
part,9732
part,9733
part,9734
part,9735
part,9736
part,9737
part,9738
part,9739
part,9740
part,9741
part,9742
part,9743
part,9744
part,9745
part,9746
part,9747
part,9748
part,9749
part,9750
part,9751
part,9752
part,9753
part,9754
part,9755
part,9756
part,9757
part,9758
part,9759
part,9760
part,9761
part,9762
part,9763
part,9764
part,9765
part,9766
part,9767
part,9768
part,9769
part,9770
part,9771
part,9772
part,9773
part,9774
part,9775
part,9776
part,9777
part,9778
part,9779
part,9780
part,9781
part,9782
part,9783
part,9784
part,9785
part,9786
part,9787
part,9788
part,9789
part,9790
part,9791
part,9792
part,9793
part,9794
part,9795
part,9796
part,9797
part,9798
part,9799
part,9800
part,9801
part,9802
part,9803
part,9804
part,9805
part,9806
part,9807
part,9808
part,9809
part,9810
part,9811
part,9812
part,9813
part,9814
part,9815
part,9816
part,9817
part,9818
part,9819
part,9820
part,9821
part,9822
part,9823
part,9824
part,9825
part,9826
part,9827
part,9828
part,9829
part,9830
part,9831
part,9832
part,9833
part,9834
part,9835
part,9836
part,9837
part,9838
part,9839
part,9840
part,9841
part,9842
part,9843
part,9844
part,9845
part,9846
part,9847
part,9848
part,9849
part,9850
part,9851
part,9852
part,9853
part,9854
part,9855
part,9856
part,9857
part,9858
part,9859
part,9860
part,9861
part,9862
part,9863
part,9864
part,9865
part,9866
part,9867
part,9868
part,9869
part,9870
part,9871
part,9872
part,9873
part,9874
part,9875
part,9876
part,9877
part,9878
part,9879
part,9880
part,9881
part,9882
part,9883
part,9884
part,9885
part,9886
part,9887
part,9888
part,9889
part,9890
part,9891
part,9892
part,9893
part,9894
part,9895
part,9896
part,9897
part,9898
part,9899
part,9900
part,9901
part,9902
part,9903
part,9904
part,9905
part,9906
part,9907
part,9908
part,9909
part,9910
part,9911
part,9912
part,9913
part,9914
part,9915
part,9916
part,9917
part,9918
part,9919
part,9920
part,9921
part,9922
part,9923
part,9924
part,9925
part,9926
part,9927
part,9928
part,9929
part,9930
part,9931
part,9932
part,9933
part,9934
part,9935
part,9936
part,9937
part,9938
part,9939
part,9940
part,9941
part,9942
part,9943
part,9944
part,9945
part,9946
part,9947
part,9948
part,9949
part,9950
part,9951
part,9952
part,9953
part,9954
part,9955
part,9956
part,9957
part,9958
part,9959
part,9960
part,9961
part,9962
part,9963
part,9964
part,9965
part,9966
part,9967
part,9968
part,9969
part,9970
part,9971
part,9972
part,9973
part,9974
part,9975
part,9976
part,9977
part,9978
part,9979
part,9980
part,9981
part,9982
part,9983
part,9984
part,9985
part,9986
part,9987
part,9988
part,9989
part,9990
part,9991
part,9992
part,9993
part,9994
part,9995
part,9996
part,9997
part,9998
part,9999
part,10000
part,10001
part,10002
part,10003
part,10004
part,10005
part,10006
part,10007
part,10008
part,10009
part,10010
part,10011
part,10012
part,10013
part,10014
part,10015
part,10016
part,10017
part,10018
part,10019
part,10020
part,10021
part,10022
part,10023
part,10024
part,10025
part,10026
part,10027
part,10028
part,10029
part,10030
part,10031
part,10032
part,10033
part,10034
part,10035
part,10036
part,10037
part,10038
part,10039
part,10040
part,10041
part,10042
part,10043
part,10044
part,10045
part,10046
part,10047
part,10048
part,10049
part,10050
part,10051
part,10052
part,10053
part,10054
part,10055
part,10056
part,10057
part,10058
part,10059
part,10060
part,10061
part,10062
part,10063
part,10064
part,10065
part,10066
part,10067
part,10068
part,10069
part,10070
part,10071
part,10072
part,10073
part,10074
part,10075
part,10076
part,10077
part,10078
part,10079
part,10080
part,10081
part,10082
part,10083
part,10084
part,10085
part,10086
part,10087
part,10088
part,10089
part,10090
part,10091
part,10092
part,10093
part,10094
part,10095
part,10096
part,10097
part,10098
part,10099
part,10100
part,10101
part,10102
part,10103
part,10104
part,10105
part,10106
part,10107
part,10108
part,10109
part,10110
part,10111
part,10112
part,10113
part,10114
part,10115
part,10116
part,10117
part,10118
part,10119
part,10120
part,10121
part,10122
part,10123
part,10124
part,10125
part,10126
part,10127
part,10128
part,10129
part,10130
part,10131
part,10132
part,10133
part,10134
part,10135
part,10136
part,10137
part,10138
part,10139
part,10140
part,10141
part,10142
part,10143
part,10144
part,10145
part,10146
part,10147
part,10148
part,10149
part,10150
part,10151
part,10152
part,10153
part,10154
part,10155
part,10156
part,10157
part,10158
part,10159
part,10160
part,10161
part,10162
part,10163
part,10164
part,10165
part,10166
part,10167
part,10168
part,10169
part,10170
part,10171
part,10172
part,10173
part,10174
part,10175
part,10176
part,10177
part,10178
part,10179
part,10180
part,10181
part,10182
part,10183
part,10184
part,10185
part,10186
part,10187
part,10188
part,10189
part,10190
part,10191
part,10192
part,10193
part,10194
part,10195
part,10196
part,10197
part,10198
part,10199
part,10200
part,10201
part,10202
part,10203
part,10204
part,10205
part,10206
part,10207
part,10208
part,10209
part,10210
part,10211
part,10212
part,10213
part,10214
part,10215
part,10216
part,10217
part,10218
part,10219
part,10220
part,10221
part,10222
part,10223
part,10224
part,10225
part,10226
part,10227
part,10228
part,10229
part,10230
part,10231
part,10232
part,10233
part,10234
part,10235
part,10236
part,10237
part,10238
part,10239
part,10240
part,10241
part,10242
part,10243
part,10244
part,10245
part,10246
part,10247
part,10248
part,10249
part,10250
part,10251
part,10252
part,10253
part,10254
part,10255
part,10256
part,10257
part,10258
part,10259
part,10260
part,10261
part,10262
part,10263
part,10264
part,10265
part,10266
part,10267
part,10268
part,10269
part,10270
part,10271
part,10272
part,10273
part,10274
part,10275
part,10276
part,10277
part,10278
part,10279
part,10280
part,10281
part,10282
part,10283
part,10284
part,10285
part,10286
part,10287
part,10288
part,10289
part,10290
part,10291
part,10292
part,10293
part,10294
part,10295
part,10296
part,10297
part,10298
part,10299
part,10300
part,10301
part,10302
part,10303
part,10304
part,10305
part,10306
part,10307
part,10308
part,10309
part,10310
part,10311
part,10312
part,10313
part,10314
part,10315
part,10316
part,10317
part,10318
part,10319
part,10320
part,10321
part,10322
part,10323
part,10324
part,10325
part,10326
part,10327
part,10328
part,10329
part,10330
part,10331
part,10332
part,10333
part,10334
part,10335
part,10336
part,10337
part,10338
part,10339
part,10340
part,10341
part,10342
part,10343
part,10344
part,10345
part,10346
part,10347
part,10348
part,10349
part,10350
part,10351
part,10352
part,10353
part,10354
part,10355
part,10356
part,10357
part,10358
part,10359
part,10360
part,10361
part,10362
part,10363
part,10364
part,10365
part,10366
part,10367
part,10368
part,10369
part,10370
part,10371
part,10372
part,10373
part,10374
part,10375
part,10376
part,10377
part,10378
part,10379
part,10380
part,10381
part,10382
part,10383
part,10384
part,10385
part,10386
part,10387
part,10388
part,10389
part,10390
part,10391
part,10392
part,10393
part,10394
part,10395
part,10396
part,10397
part,10398
part,10399
part,10400
part,10401
part,10402
part,10403
part,10404
part,10405
part,10406
part,10407
part,10408
part,10409
part,10410
part,10411
part,10412
part,10413
part,10414
part,10415
part,10416
part,10417
part,10418
part,10419
part,10420
part,10421
part,10422
part,10423
part,10424
part,10425
part,10426
part,10427
part,10428
part,10429
part,10430
part,10431
part,10432
part,10433
part,10434
part,10435
part,10436
part,10437
part,10438
part,10439
part,10440
part,10441
part,10442
part,10443
part,10444
part,10445
part,10446
part,10447
part,10448
part,10449
part,10450
part,10451
part,10452
part,10453
part,10454
part,10455
part,10456
part,10457
part,10458
part,10459
part,10460
part,10461
part,10462
part,10463
part,10464
part,10465
part,10466
part,10467
part,10468
part,10469
part,10470
part,10471
part,10472
part,10473
part,10474
part,10475
part,10476
part,10477
part,10478
part,10479
part,10480
part,10481
part,10482
part,10483
part,10484
part,10485
part,10486
part,10487
part,10488
part,10489
part,10490
part,10491
part,10492
part,10493
part,10494
part,10495
part,10496
part,10497
part,10498
part,10499
part,10500
part,10501
part,10502
part,10503
part,10504
part,10505
part,10506
part,10507
part,10508
part,10509
part,10510
part,10511
part,10512
part,10513
part,10514
part,10515
part,10516
part,10517
part,10518
part,10519
part,10520
part,10521
part,10522
part,10523
part,10524
part,10525
part,10526
part,10527
part,10528
part,10529
part,10530
part,10531
part,10532
part,10533
part,10534
part,10535
part,10536
part,10537
part,10538
part,10539
part,10540
part,10541
part,10542
part,10543
part,10544
part,10545
part,10546
part,10547
part,10548
part,10549
part,10550
part,10551
part,10552
part,10553
part,10554
part,10555
part,10556
part,10557
part,10558
part,10559
part,10560
part,10561
part,10562
part,10563
part,10564
part,10565
part,10566
part,10567
part,10568
part,10569
part,10570
part,10571
part,10572
part,10573
part,10574
part,10575
part,10576
part,10577
part,10578
part,10579
part,10580
part,10581
part,10582
part,10583
part,10584
part,10585
part,10586
part,10587
part,10588
part,10589
part,10590
part,10591
part,10592
part,10593
part,10594
part,10595
part,10596
part,10597
part,10598
part,10599
part,10600
part,10601
part,10602
part,10603
part,10604
part,10605
part,10606
part,10607
part,10608
part,10609
part,10610
part,10611
part,10612
part,10613
part,10614
part,10615
part,10616
part,10617
part,10618
part,10619
part,10620
part,10621
part,10622
part,10623
part,10624
part,10625
part,10626
part,10627
part,10628
part,10629
part,10630
part,10631
part,10632
part,10633
part,10634
part,10635
part,10636
part,10637
part,10638
part,10639
part,10640
part,10641
part,10642
part,10643
part,10644
part,10645
part,10646
part,10647
part,10648
part,10649
part,10650
part,10651
part,10652
part,10653
part,10654
part,10655
part,10656
part,10657
part,10658
part,10659
part,10660
part,10661
part,10662
part,10663
part,10664
part,10665
part,10666
part,10667
part,10668
part,10669
part,10670
part,10671
part,10672
part,10673
part,10674
part,10675
part,10676
part,10677
part,10678
part,10679
part,10680
part,10681
part,10682
part,10683
part,10684
part,10685
part,10686
part,10687
part,10688
part,10689
part,10690
part,10691
part,10692
part,10693
part,10694
part,10695
part,10696
part,10697
part,10698
part,10699
part,10700
part,10701
part,10702
part,10703
part,10704
part,10705
part,10706
part,10707
part,10708
part,10709
part,10710
part,10711
part,10712
part,10713
part,10714
part,10715
part,10716
part,10717
part,10718
part,10719
part,10720
part,10721
part,10722
part,10723
part,10724
part,10725
part,10726
part,10727
part,10728
part,10729
part,10730
part,10731
part,10732
part,10733
part,10734
part,10735
part,10736
part,10737
part,10738
part,10739
part,10740
part,10741
part,10742
part,10743
part,10744
part,10745
part,10746
part,10747
part,10748
part,10749
part,10750
part,10751
part,10752
part,10753
part,10754
part,10755
part,10756
part,10757
part,10758
part,10759
part,10760
part,10761
part,10762
part,10763
part,10764
part,10765
part,10766
part,10767
part,10768
part,10769
part,10770
part,10771
part,10772
part,10773
part,10774
part,10775
part,10776
part,10777
part,10778
part,10779
part,10780
part,10781
part,10782
part,10783
part,10784
part,10785
part,10786
part,10787
part,10788
part,10789
part,10790
part,10791
part,10792
part,10793
part,10794
part,10795
part,10796
part,10797
part,10798
part,10799
part,10800
part,10801
part,10802
part,10803
part,10804
part,10805
part,10806
part,10807
part,10808
part,10809
part,10810
part,10811
part,10812
part,10813
part,10814
part,10815
part,10816
part,10817
part,10818
part,10819
part,10820
part,10821
part,10822
part,10823
part,10824
part,10825
part,10826
part,10827
part,10828
part,10829
part,10830
part,10831
part,10832
part,10833
part,10834
part,10835
part,10836
part,10837
part,10838
part,10839
part,10840
part,10841
part,10842
part,10843
part,10844
part,10845
part,10846
part,10847
part,10848
part,10849
part,10850
part,10851
part,10852
part,10853
part,10854
part,10855
part,10856
part,10857
part,10858
part,10859
part,10860
part,10861
part,10862
part,10863
part,10864
part,10865
part,10866
part,10867
part,10868
part,10869
part,10870
part,10871
part,10872
part,10873
part,10874
part,10875
part,10876
part,10877
part,10878
part,10879
part,10880
part,10881
part,10882
part,10883
part,10884
part,10885
part,10886
part,10887
part,10888
part,10889
part,10890
part,10891
part,10892
part,10893
part,10894
part,10895
part,10896
part,10897
part,10898
part,10899
part,10900
part,10901
part,10902
part,10903
part,10904
part,10905
part,10906
part,10907
part,10908
part,10909
part,10910
part,10911
part,10912
part,10913
part,10914
part,10915
part,10916
part,10917
part,10918
part,10919
part,10920
part,10921
part,10922
part,10923
part,10924
part,10925
part,10926
part,10927
part,10928
part,10929
part,10930
part,10931
part,10932
part,10933
part,10934
part,10935
part,10936
part,10937
part,10938
part,10939
part,10940
part,10941
part,10942
part,10943
part,10944
part,10945
part,10946
part,10947
part,10948
part,10949
part,10950
part,10951
part,10952
part,10953
part,10954
part,10955
part,10956
part,10957
part,10958
part,10959
part,10960
part,10961
part,10962
part,10963
part,10964
part,10965
part,10966
part,10967
part,10968
part,10969
part,10970
part,10971
part,10972
part,10973
part,10974
part,10975
part,10976
part,10977
part,10978
part,10979
part,10980
part,10981
part,10982
part,10983
part,10984
part,10985
part,10986
part,10987
part,10988
part,10989
part,10990
part,10991
part,10992
part,10993
part,10994
part,10995
part,10996
part,10997
part,10998
part,10999
part,11000
part,11001
part,11002
part,11003
part,11004
part,11005
part,11006
part,11007
part,11008
part,11009
part,11010
part,11011
part,11012
part,11013
part,11014
part,11015
part,11016
part,11017
part,11018
part,11019
part,11020
part,11021
part,11022
part,11023
part,11024
part,11025
part,11026
part,11027
part,11028
part,11029
part,11030
part,11031
part,11032
part,11033
part,11034
part,11035
part,11036
part,11037
part,11038
part,11039
part,11040
part,11041
part,11042
part,11043
part,11044
part,11045
part,11046
part,11047
part,11048
part,11049
part,11050
part,11051
part,11052
part,11053
part,11054
part,11055
part,11056
part,11057
part,11058
part,11059
part,11060
part,11061
part,11062
part,11063
part,11064
part,11065
part,11066
part,11067
part,11068
part,11069
part,11070
part,11071
part,11072
part,11073
part,11074
part,11075
part,11076
part,11077
part,11078
part,11079
part,11080
part,11081
part,11082
part,11083
part,11084
part,11085
part,11086
part,11087
part,11088
part,11089
part,11090
part,11091
part,11092
part,11093
part,11094
part,11095
part,11096
part,11097
part,11098
part,11099
part,11100
part,11101
part,11102
part,11103
part,11104
part,11105
part,11106
part,11107
part,11108
part,11109
part,11110
part,11111
part,11112
part,11113
part,11114
part,11115
part,11116
part,11117
part,11118
part,11119
part,11120
part,11121
part,11122
part,11123
part,11124
part,11125
part,11126
part,11127
part,11128
part,11129
part,11130
part,11131
part,11132
part,11133
part,11134
part,11135
part,11136
part,11137
part,11138
part,11139
part,11140
part,11141
part,11142
part,11143
part,11144
part,11145
part,11146
part,11147
part,11148
part,11149
part,11150
part,11151
part,11152
part,11153
part,11154
part,11155
part,11156
part,11157
part,11158
part,11159
part,11160
part,11161
part,11162
part,11163
part,11164
part,11165
part,11166
part,11167
part,11168
part,11169
part,11170
part,11171
part,11172
part,11173
part,11174
part,11175
part,11176
part,11177
part,11178
part,11179
part,11180
part,11181
part,11182
part,11183
part,11184
part,11185
part,11186
part,11187
part,11188
part,11189
part,11190
part,11191
part,11192
part,11193
part,11194
part,11195
part,11196
part,11197
part,11198
part,11199
part,11200
part,11201
part,11202
part,11203
part,11204
part,11205
part,11206
part,11207
part,11208
part,11209
part,11210
part,11211
part,11212
part,11213
part,11214
part,11215
part,11216
part,11217
part,11218
part,11219
part,11220
part,11221
part,11222
part,11223
part,11224
part,11225
part,11226
part,11227
part,11228
part,11229
part,11230
part,11231
part,11232
part,11233
part,11234
part,11235
part,11236
part,11237
part,11238
part,11239
part,11240
part,11241
part,11242
part,11243
part,11244
part,11245
part,11246
part,11247
part,11248
part,11249
part,11250
part,11251
part,11252
part,11253
part,11254
part,11255
part,11256
part,11257
part,11258
part,11259
part,11260
part,11261
part,11262
part,11263
part,11264
part,11265
part,11266
part,11267
part,11268
part,11269
part,11270
part,11271
part,11272
part,11273
part,11274
part,11275
part,11276
part,11277
part,11278
part,11279
part,11280
part,11281
part,11282
part,11283
part,11284
part,11285
part,11286
part,11287
part,11288
part,11289
part,11290
part,11291
part,11292
part,11293
part,11294
part,11295
part,11296
part,11297
part,11298
part,11299
part,11300
part,11301
part,11302
part,11303
part,11304
part,11305
part,11306
part,11307
part,11308
part,11309
part,11310
part,11311
part,11312
part,11313
part,11314
part,11315
part,11316
part,11317
part,11318
part,11319
part,11320
part,11321
part,11322
part,11323
part,11324
part,11325
part,11326
part,11327
part,11328
part,11329
part,11330
part,11331
part,11332
part,11333
part,11334
part,11335
part,11336
part,11337
part,11338
part,11339
part,11340
part,11341
part,11342
part,11343
part,11344
part,11345
part,11346
part,11347
part,11348
part,11349
part,11350
part,11351
part,11352
part,11353
part,11354
part,11355
part,11356
part,11357
part,11358
part,11359
part,11360
part,11361
part,11362
part,11363
part,11364
part,11365
part,11366
part,11367
part,11368
part,11369
part,11370
part,11371
part,11372
part,11373
part,11374
part,11375
part,11376
part,11377
part,11378
part,11379
part,11380
part,11381
part,11382
part,11383
part,11384
part,11385
part,11386
part,11387
part,11388
part,11389
part,11390
part,11391
part,11392
part,11393
part,11394
part,11395
part,11396
part,11397
part,11398
part,11399
part,11400
part,11401
part,11402
part,11403
part,11404
part,11405
part,11406
part,11407
part,11408
part,11409
part,11410
part,11411
part,11412
part,11413
part,11414
part,11415
part,11416
part,11417
part,11418
part,11419
part,11420
part,11421
part,11422
part,11423
part,11424
part,11425
part,11426
part,11427
part,11428
part,11429
part,11430
part,11431
part,11432
part,11433
part,11434
part,11435
part,11436
part,11437
part,11438
part,11439
part,11440
part,11441
part,11442
part,11443
part,11444
part,11445
part,11446
part,11447
part,11448
part,11449
part,11450
part,11451
part,11452
part,11453
part,11454
part,11455
part,11456
part,11457
part,11458
part,11459
part,11460
part,11461
part,11462
part,11463
part,11464
part,11465
part,11466
part,11467
part,11468
part,11469
part,11470
part,11471
part,11472
part,11473
part,11474
part,11475
part,11476
part,11477
part,11478
part,11479
part,11480
part,11481
part,11482
part,11483
part,11484
part,11485
part,11486
part,11487
part,11488
part,11489
part,11490
part,11491
part,11492
part,11493
part,11494
part,11495
part,11496
part,11497
part,11498
part,11499
part,11500
part,11501
part,11502
part,11503
part,11504
part,11505
part,11506
part,11507
part,11508
part,11509
part,11510
part,11511
part,11512
part,11513
part,11514
part,11515
part,11516
part,11517
part,11518
part,11519
part,11520
part,11521
part,11522
part,11523
part,11524
part,11525
part,11526
part,11527
part,11528
part,11529
part,11530
part,11531
part,11532
part,11533
part,11534
part,11535
part,11536
part,11537
part,11538
part,11539
part,11540
part,11541
part,11542
part,11543
part,11544
part,11545
part,11546
part,11547
part,11548
part,11549
part,11550
part,11551
part,11552
part,11553
part,11554
part,11555
part,11556
part,11557
part,11558
part,11559
part,11560
part,11561
part,11562
part,11563
part,11564
part,11565
part,11566
part,11567
part,11568
part,11569
part,11570
part,11571
part,11572
part,11573
part,11574
part,11575
part,11576
part,11577
part,11578
part,11579
part,11580
part,11581
part,11582
part,11583
part,11584
part,11585
part,11586
part,11587
part,11588
part,11589
part,11590
part,11591
part,11592
part,11593
part,11594
part,11595
part,11596
part,11597
part,11598
part,11599
part,11600
part,11601
part,11602
part,11603
part,11604
part,11605
part,11606
part,11607
part,11608
part,11609
part,11610
part,11611
part,11612
part,11613
part,11614
part,11615
part,11616
part,11617
part,11618
part,11619
part,11620
part,11621
part,11622
part,11623
part,11624
part,11625
part,11626
part,11627
part,11628
part,11629
part,11630
part,11631
part,11632
part,11633
part,11634
part,11635
part,11636
part,11637
part,11638
part,11639
part,11640
part,11641
part,11642
part,11643
part,11644
part,11645
part,11646
part,11647
part,11648
part,11649
part,11650
part,11651
part,11652
part,11653
part,11654
part,11655
part,11656
part,11657
part,11658
part,11659
part,11660
part,11661
part,11662
part,11663
part,11664
part,11665
part,11666
part,11667
part,11668
part,11669
part,11670
part,11671
part,11672
part,11673
part,11674
part,11675
part,11676
part,11677
part,11678
part,11679
part,11680
part,11681
part,11682
part,11683
part,11684
part,11685
part,11686
part,11687
part,11688
part,11689
part,11690
part,11691
part,11692
part,11693
part,11694
part,11695
part,11696
part,11697
part,11698
part,11699
part,11700
part,11701
part,11702
part,11703
part,11704
part,11705
part,11706
part,11707
part,11708
part,11709
part,11710
part,11711
part,11712
part,11713
part,11714
part,11715
part,11716
part,11717
part,11718
part,11719
part,11720
part,11721
part,11722
part,11723
part,11724
part,11725
part,11726
part,11727
part,11728
part,11729
part,11730
part,11731
part,11732
part,11733
part,11734
part,11735
part,11736
part,11737
part,11738
part,11739
part,11740
part,11741
part,11742
part,11743
part,11744
part,11745
part,11746
part,11747
part,11748
part,11749
part,11750
part,11751
part,11752
part,11753
part,11754
part,11755
part,11756
part,11757
part,11758
part,11759
part,11760
part,11761
part,11762
part,11763
part,11764
part,11765
part,11766
part,11767
part,11768
part,11769
part,11770
part,11771
part,11772
part,11773
part,11774
part,11775
part,11776
part,11777
part,11778
part,11779
part,11780
part,11781
part,11782
part,11783
part,11784
part,11785
part,11786
part,11787
part,11788
part,11789
part,11790
part,11791
part,11792
part,11793
part,11794
part,11795
part,11796
part,11797
part,11798
part,11799
part,11800
part,11801
part,11802
part,11803
part,11804
part,11805
part,11806
part,11807
part,11808
part,11809
part,11810
part,11811
part,11812
part,11813
part,11814
part,11815
part,11816
part,11817
part,11818
part,11819
part,11820
part,11821
part,11822
part,11823
part,11824
part,11825
part,11826
part,11827
part,11828
part,11829
part,11830
part,11831
part,11832
part,11833
part,11834
part,11835
part,11836
part,11837
part,11838
part,11839
part,11840
part,11841
part,11842
part,11843
part,11844
part,11845
part,11846
part,11847
part,11848
part,11849
part,11850
part,11851
part,11852
part,11853
part,11854
part,11855
part,11856
part,11857
part,11858
part,11859
part,11860
part,11861
part,11862
part,11863
part,11864
part,11865
part,11866
part,11867
part,11868
part,11869
part,11870
part,11871
part,11872
part,11873
part,11874
part,11875
part,11876
part,11877
part,11878
part,11879
part,11880
part,11881
part,11882
part,11883
part,11884
part,11885
part,11886
part,11887
part,11888
part,11889
part,11890
part,11891
part,11892
part,11893
part,11894
part,11895
part,11896
part,11897
part,11898
part,11899
part,11900
part,11901
part,11902
part,11903
part,11904
part,11905
part,11906
part,11907
part,11908
part,11909
part,11910
part,11911
part,11912
part,11913
part,11914
part,11915
part,11916
part,11917
part,11918
part,11919
part,11920
part,11921
part,11922
part,11923
part,11924
part,11925
part,11926
part,11927
part,11928
part,11929
part,11930
part,11931
part,11932
part,11933
part,11934
part,11935
part,11936
part,11937
part,11938
part,11939
part,11940
part,11941
part,11942
part,11943
part,11944
part,11945
part,11946
part,11947
part,11948
part,11949
part,11950
part,11951
part,11952
part,11953
part,11954
part,11955
part,11956
part,11957
part,11958
part,11959
part,11960
part,11961
part,11962
part,11963
part,11964
part,11965
part,11966
part,11967
part,11968
part,11969
part,11970
part,11971
part,11972
part,11973
part,11974
part,11975
part,11976
part,11977
part,11978
part,11979
part,11980
part,11981
part,11982
part,11983
part,11984
part,11985
part,11986
part,11987
part,11988
part,11989
part,11990
part,11991
part,11992
part,11993
part,11994
part,11995
part,11996
part,11997
part,11998
part,11999
part,12000
part,12001
part,12002
part,12003
part,12004
part,12005
part,12006
part,12007
part,12008
part,12009
part,12010
part,12011
part,12012
part,12013
part,12014
part,12015
part,12016
part,12017
part,12018
part,12019
part,12020
part,12021
part,12022
part,12023
part,12024
part,12025
part,12026
part,12027
part,12028
part,12029
part,12030
part,12031
part,12032
part,12033
part,12034
part,12035
part,12036
part,12037
part,12038
part,12039
part,12040
part,12041
part,12042
part,12043
part,12044
part,12045
part,12046
part,12047
part,12048
part,12049
part,12050
part,12051
part,12052
part,12053
part,12054
part,12055
part,12056
part,12057
part,12058
part,12059
part,12060
part,12061
part,12062
part,12063
part,12064
part,12065
part,12066
part,12067
part,12068
part,12069
part,12070
part,12071
part,12072
part,12073
part,12074
part,12075
part,12076
part,12077
part,12078
part,12079
part,12080
part,12081
part,12082
part,12083
part,12084
part,12085
part,12086
part,12087
part,12088
part,12089
part,12090
part,12091
part,12092
part,12093
part,12094
part,12095
part,12096
part,12097
part,12098
part,12099
part,12100
part,12101
part,12102
part,12103
part,12104
part,12105
part,12106
part,12107
part,12108
part,12109
part,12110
part,12111
part,12112
part,12113
part,12114
part,12115
part,12116
part,12117
part,12118
part,12119
part,12120
part,12121
part,12122
part,12123
part,12124
part,12125
part,12126
part,12127
part,12128
part,12129
part,12130
part,12131
part,12132
part,12133
part,12134
part,12135
part,12136
part,12137
part,12138
part,12139
part,12140
part,12141
part,12142
part,12143
part,12144
part,12145
part,12146
part,12147
part,12148
part,12149
part,12150
part,12151
part,12152
part,12153
part,12154
part,12155
part,12156
part,12157
part,12158
part,12159
part,12160
part,12161
part,12162
part,12163
part,12164
part,12165
part,12166
part,12167
part,12168
part,12169
part,12170
part,12171
part,12172
part,12173
part,12174
part,12175
part,12176
part,12177
part,12178
part,12179
part,12180
part,12181
part,12182
part,12183
part,12184
part,12185
part,12186
part,12187
part,12188
part,12189
part,12190
part,12191
part,12192
part,12193
part,12194
part,12195
part,12196
part,12197
part,12198
part,12199
part,12200
part,12201
part,12202
part,12203
part,12204
part,12205
part,12206
part,12207
part,12208
part,12209
part,12210
part,12211
part,12212
part,12213
part,12214
part,12215
part,12216
part,12217
part,12218
part,12219
part,12220
part,12221
part,12222
part,12223
part,12224
part,12225
part,12226
part,12227
part,12228
part,12229
part,12230
part,12231
part,12232
part,12233
part,12234
part,12235
part,12236
part,12237
part,12238
part,12239
part,12240
part,12241
part,12242
part,12243
part,12244
part,12245
part,12246
part,12247
part,12248
part,12249
part,12250
part,12251
part,12252
part,12253
part,12254
part,12255
part,12256
part,12257
part,12258
part,12259
part,12260
part,12261
part,12262
part,12263
part,12264
part,12265
part,12266
part,12267
part,12268
part,12269
part,12270
part,12271
part,12272
part,12273
part,12274
part,12275
part,12276
part,12277
part,12278
part,12279
part,12280
part,12281
part,12282
part,12283
part,12284
part,12285
part,12286
part,12287
part,12288
part,12289
part,12290
part,12291
part,12292
part,12293
part,12294
part,12295
part,12296
part,12297
part,12298
part,12299
part,12300
part,12301
part,12302
part,12303
part,12304
part,12305
part,12306
part,12307
part,12308
part,12309
part,12310
part,12311
part,12312
part,12313
part,12314
part,12315
part,12316
part,12317
part,12318
part,12319
part,12320
part,12321
part,12322
part,12323
part,12324
part,12325
part,12326
part,12327
part,12328
part,12329
part,12330
part,12331
part,12332
part,12333
part,12334
part,12335
part,12336
part,12337
part,12338
part,12339
part,12340
part,12341
part,12342
part,12343
part,12344
part,12345
part,12346
part,12347
part,12348
part,12349
part,12350
part,12351
part,12352
part,12353
part,12354
part,12355
part,12356
part,12357
part,12358
part,12359
part,12360
part,12361
part,12362
part,12363
part,12364
part,12365
part,12366
part,12367
part,12368
part,12369
part,12370
part,12371
part,12372
part,12373
part,12374
part,12375
part,12376
part,12377
part,12378
part,12379
part,12380
part,12381
part,12382
part,12383
part,12384
part,12385
part,12386
part,12387
part,12388
part,12389
part,12390
part,12391
part,12392
part,12393
part,12394
part,12395
part,12396
part,12397
part,12398
part,12399
part,12400
part,12401
part,12402
part,12403
part,12404
part,12405
part,12406
part,12407
part,12408
part,12409
part,12410
part,12411
part,12412
part,12413
part,12414
part,12415
part,12416
part,12417
part,12418
part,12419
part,12420
part,12421
part,12422
part,12423
part,12424
part,12425
part,12426
part,12427
part,12428
part,12429
part,12430
part,12431
part,12432
part,12433
part,12434
part,12435
part,12436
part,12437
part,12438
part,12439
part,12440
part,12441
part,12442
part,12443
part,12444
part,12445
part,12446
part,12447
part,12448
part,12449
part,12450
part,12451
part,12452
part,12453
part,12454
part,12455
part,12456
part,12457
part,12458
part,12459
part,12460
part,12461
part,12462
part,12463
part,12464
part,12465
part,12466
part,12467
part,12468
part,12469
part,12470
part,12471
part,12472
part,12473
part,12474
part,12475
part,12476
part,12477
part,12478
part,12479
part,12480
part,12481
part,12482
part,12483
part,12484
part,12485
part,12486
part,12487
part,12488
part,12489
part,12490
part,12491
part,12492
part,12493
part,12494
part,12495
part,12496
part,12497
part,12498
part,12499
part,12500
part,12501
part,12502
part,12503
part,12504
part,12505
part,12506
part,12507
part,12508
part,12509
part,12510
part,12511
part,12512
part,12513
part,12514
part,12515
part,12516
part,12517
part,12518
part,12519
part,12520
part,12521
part,12522
part,12523
part,12524
part,12525
part,12526
part,12527
part,12528
part,12529
part,12530
part,12531
part,12532
part,12533
part,12534
part,12535
part,12536
part,12537
part,12538
part,12539
part,12540
part,12541
part,12542
part,12543
part,12544
part,12545
part,12546
part,12547
part,12548
part,12549
part,12550
part,12551
part,12552
part,12553
part,12554
part,12555
part,12556
part,12557
part,12558
part,12559
part,12560
part,12561
part,12562
part,12563
part,12564
part,12565
part,12566
part,12567
part,12568
part,12569
part,12570
part,12571
part,12572
part,12573
part,12574
part,12575
part,12576
part,12577
part,12578
part,12579
part,12580
part,12581
part,12582
part,12583
part,12584
part,12585
part,12586
part,12587
part,12588
part,12589
part,12590
part,12591
part,12592
part,12593
part,12594
part,12595
part,12596
part,12597
part,12598
part,12599
part,12600
part,12601
part,12602
part,12603
part,12604
part,12605
part,12606
part,12607
part,12608
part,12609
part,12610
part,12611
part,12612
part,12613
part,12614
part,12615
part,12616
part,12617
part,12618
part,12619
part,12620
part,12621
part,12622
part,12623
part,12624
part,12625
part,12626
part,12627
part,12628
part,12629
part,12630
part,12631
part,12632
part,12633
part,12634
part,12635
part,12636
part,12637
part,12638
part,12639
part,12640
part,12641
part,12642
part,12643
part,12644
part,12645
part,12646
part,12647
part,12648
part,12649
part,12650
part,12651
part,12652
part,12653
part,12654
part,12655
part,12656
part,12657
part,12658
part,12659
part,12660
part,12661
part,12662
part,12663
part,12664
part,12665
part,12666
part,12667
part,12668
part,12669
part,12670
part,12671
part,12672
part,12673
part,12674
part,12675
part,12676
part,12677
part,12678
part,12679
part,12680
part,12681
part,12682
part,12683
part,12684
part,12685
part,12686
part,12687
part,12688
part,12689
part,12690
part,12691
part,12692
part,12693
part,12694
part,12695
part,12696
part,12697
part,12698
part,12699
part,12700
part,12701
part,12702
part,12703
part,12704
part,12705
part,12706
part,12707
part,12708
part,12709
part,12710
part,12711
part,12712
part,12713
part,12714
part,12715
part,12716
part,12717
part,12718
part,12719
part,12720
part,12721
part,12722
part,12723
part,12724
part,12725
part,12726
part,12727
part,12728
part,12729
part,12730
part,12731
part,12732
part,12733
part,12734
part,12735
part,12736
part,12737
part,12738
part,12739
part,12740
part,12741
part,12742
part,12743
part,12744
part,12745
part,12746
part,12747
part,12748
part,12749
part,12750
part,12751
part,12752
part,12753
part,12754
part,12755
part,12756
part,12757
part,12758
part,12759
part,12760
part,12761
part,12762
part,12763
part,12764
part,12765
part,12766
part,12767
part,12768
part,12769
part,12770
part,12771
part,12772
part,12773
part,12774
part,12775
part,12776
part,12777
part,12778
part,12779
part,12780
part,12781
part,12782
part,12783
part,12784
part,12785
part,12786
part,12787
part,12788
part,12789
part,12790
part,12791
part,12792
part,12793
part,12794
part,12795
part,12796
part,12797
part,12798
part,12799
part,12800
part,12801
part,12802
part,12803
part,12804
part,12805
part,12806
part,12807
part,12808
part,12809
part,12810
part,12811
part,12812
part,12813
part,12814
part,12815
part,12816
part,12817
part,12818
part,12819
part,12820
part,12821
part,12822
part,12823
part,12824
part,12825
part,12826
part,12827
part,12828
part,12829
part,12830
part,12831
part,12832
part,12833
part,12834
part,12835
part,12836
part,12837
part,12838
part,12839
part,12840
part,12841
part,12842
part,12843
part,12844
part,12845
part,12846
part,12847
part,12848
part,12849
part,12850
part,12851
part,12852
part,12853
part,12854
part,12855
part,12856
part,12857
part,12858
part,12859
part,12860
part,12861
part,12862
part,12863
part,12864
part,12865
part,12866
part,12867
part,12868
part,12869
part,12870
part,12871
part,12872
part,12873
part,12874
part,12875
part,12876
part,12877
part,12878
part,12879
part,12880
part,12881
part,12882
part,12883
part,12884
part,12885
part,12886
part,12887
part,12888
part,12889
part,12890
part,12891
part,12892
part,12893
part,12894
part,12895
part,12896
part,12897
part,12898
part,12899
part,12900
part,12901
part,12902
part,12903
part,12904
part,12905
part,12906
part,12907
part,12908
part,12909
part,12910
part,12911
part,12912
part,12913
part,12914
part,12915
part,12916
part,12917
part,12918
part,12919
part,12920
part,12921
part,12922
part,12923
part,12924
part,12925
part,12926
part,12927
part,12928
part,12929
part,12930
part,12931
part,12932
part,12933
part,12934
part,12935
part,12936
part,12937
part,12938
part,12939
part,12940
part,12941
part,12942
part,12943
part,12944
part,12945
part,12946
part,12947
part,12948
part,12949
part,12950
part,12951
part,12952
part,12953
part,12954
part,12955
part,12956
part,12957
part,12958
part,12959
part,12960
part,12961
part,12962
part,12963
part,12964
part,12965
part,12966
part,12967
part,12968
part,12969
part,12970
part,12971
part,12972
part,12973
part,12974
part,12975
part,12976
part,12977
part,12978
part,12979
part,12980
part,12981
part,12982
part,12983
part,12984
part,12985
part,12986
part,12987
part,12988
part,12989
part,12990
part,12991
part,12992
part,12993
part,12994
part,12995
part,12996
part,12997
part,12998
part,12999
part,13000
part,13001
part,13002
part,13003
part,13004
part,13005
part,13006
part,13007
part,13008
part,13009
part,13010
part,13011
part,13012
part,13013
part,13014
part,13015
part,13016
part,13017
part,13018
part,13019
part,13020
part,13021
part,13022
part,13023
part,13024
part,13025
part,13026
part,13027
part,13028
part,13029
part,13030
part,13031
part,13032
part,13033
part,13034
part,13035
part,13036
part,13037
part,13038
part,13039
part,13040
part,13041
part,13042
part,13043
part,13044
part,13045
part,13046
part,13047
part,13048
part,13049
part,13050
part,13051
part,13052
part,13053
part,13054
part,13055
part,13056
part,13057
part,13058
part,13059
part,13060
part,13061
part,13062
part,13063
part,13064
part,13065
part,13066
part,13067
part,13068
part,13069
part,13070
part,13071
part,13072
part,13073
part,13074
part,13075
part,13076
part,13077
part,13078
part,13079
part,13080
part,13081
part,13082
part,13083
part,13084
part,13085
part,13086
part,13087
part,13088
part,13089
part,13090
part,13091
part,13092
part,13093
part,13094
part,13095
part,13096
part,13097
part,13098
part,13099
part,13100
part,13101
part,13102
part,13103
part,13104
part,13105
part,13106
part,13107
part,13108
part,13109
part,13110
part,13111
part,13112
part,13113
part,13114
part,13115
part,13116
part,13117
part,13118
part,13119
part,13120
part,13121
part,13122
part,13123
part,13124
part,13125
part,13126
part,13127
part,13128
part,13129
part,13130
part,13131
part,13132
part,13133
part,13134
part,13135
part,13136
part,13137
part,13138
part,13139
part,13140
part,13141
part,13142
part,13143
part,13144
part,13145
part,13146
part,13147
part,13148
part,13149
part,13150
part,13151
part,13152
part,13153
part,13154
part,13155
part,13156
part,13157
part,13158
part,13159
part,13160
part,13161
part,13162
part,13163
part,13164
part,13165
part,13166
part,13167
part,13168
part,13169
part,13170
part,13171
part,13172
part,13173
part,13174
part,13175
part,13176
part,13177
part,13178
part,13179
part,13180
part,13181
part,13182
part,13183
part,13184
part,13185
part,13186
part,13187
part,13188
part,13189
part,13190
part,13191
part,13192
part,13193
part,13194
part,13195
part,13196
part,13197
part,13198
part,13199
part,13200
part,13201
part,13202
part,13203
part,13204
part,13205
part,13206
part,13207
part,13208
part,13209
part,13210
part,13211
part,13212
part,13213
part,13214
part,13215
part,13216
part,13217
part,13218
part,13219
part,13220
part,13221
part,13222
part,13223
part,13224
part,13225
part,13226
part,13227
part,13228
part,13229
part,13230
part,13231
part,13232
part,13233
part,13234
part,13235
part,13236
part,13237
part,13238
part,13239
part,13240
part,13241
part,13242
part,13243
part,13244
part,13245
part,13246
part,13247
part,13248
part,13249
part,13250
part,13251
part,13252
part,13253
part,13254
part,13255
part,13256
part,13257
part,13258
part,13259
part,13260
part,13261
part,13262
part,13263
part,13264
part,13265
part,13266
part,13267
part,13268
part,13269
part,13270
part,13271
part,13272
part,13273
part,13274
part,13275
part,13276
part,13277
part,13278
part,13279
part,13280
part,13281
part,13282
part,13283
part,13284
part,13285
part,13286
part,13287
part,13288
part,13289
part,13290
part,13291
part,13292
part,13293
part,13294
part,13295
part,13296
part,13297
part,13298
part,13299
part,13300
part,13301
part,13302
part,13303
part,13304
part,13305
part,13306
part,13307
part,13308
part,13309
part,13310
part,13311
part,13312
part,13313
part,13314
part,13315
part,13316
part,13317
part,13318
part,13319
part,13320
part,13321
part,13322
part,13323
part,13324
part,13325
part,13326
part,13327
part,13328
part,13329
part,13330
part,13331
part,13332
part,13333
part,13334
part,13335
part,13336
part,13337
part,13338
part,13339
part,13340
part,13341
part,13342
part,13343
part,13344
part,13345
part,13346
part,13347
part,13348
part,13349
part,13350
part,13351
part,13352
part,13353
part,13354
part,13355
part,13356
part,13357
part,13358
part,13359
part,13360
part,13361
part,13362
part,13363
part,13364
part,13365
part,13366
part,13367
part,13368
part,13369
part,13370
part,13371
part,13372
part,13373
part,13374
part,13375
part,13376
part,13377
part,13378
part,13379
part,13380
part,13381
part,13382
part,13383
part,13384
part,13385
part,13386
part,13387
part,13388
part,13389
part,13390
part,13391
part,13392
part,13393
part,13394
part,13395
part,13396
part,13397
part,13398
part,13399
part,13400
part,13401
part,13402
part,13403
part,13404
part,13405
part,13406
part,13407
part,13408
part,13409
part,13410
part,13411
part,13412
part,13413
part,13414
part,13415
part,13416
part,13417
part,13418
part,13419
part,13420
part,13421
part,13422
part,13423
part,13424
part,13425
part,13426
part,13427
part,13428
part,13429
part,13430
part,13431
part,13432
part,13433
part,13434
part,13435
part,13436
part,13437
part,13438
part,13439
part,13440
part,13441
part,13442
part,13443
part,13444
part,13445
part,13446
part,13447
part,13448
part,13449
part,13450
part,13451
part,13452
part,13453
part,13454
part,13455
part,13456
part,13457
part,13458
part,13459
part,13460
part,13461
part,13462
part,13463
part,13464
part,13465
part,13466
part,13467
part,13468
part,13469
part,13470
part,13471
part,13472
part,13473
part,13474
part,13475
part,13476
part,13477
part,13478
part,13479
part,13480
part,13481
part,13482
part,13483
part,13484
part,13485
part,13486
part,13487
part,13488
part,13489
part,13490
part,13491
part,13492
part,13493
part,13494
part,13495
part,13496
part,13497
part,13498
part,13499
part,13500
part,13501
part,13502
part,13503
part,13504
part,13505
part,13506
part,13507
part,13508
part,13509
part,13510
part,13511
part,13512
part,13513
part,13514
part,13515
part,13516
part,13517
part,13518
part,13519
part,13520
part,13521
part,13522
part,13523
part,13524
part,13525
part,13526
part,13527
part,13528
part,13529
part,13530
part,13531
part,13532
part,13533
part,13534
part,13535
part,13536
part,13537
part,13538
part,13539
part,13540
part,13541
part,13542
part,13543
part,13544
part,13545
part,13546
part,13547
part,13548
part,13549
part,13550
part,13551
part,13552
part,13553
part,13554
part,13555
part,13556
part,13557
part,13558
part,13559
part,13560
part,13561
part,13562
part,13563
part,13564
part,13565
part,13566
part,13567
part,13568
part,13569
part,13570
part,13571
part,13572
part,13573
part,13574
part,13575
part,13576
part,13577
part,13578
part,13579
part,13580
part,13581
part,13582
part,13583
part,13584
part,13585
part,13586
part,13587
part,13588
part,13589
part,13590
part,13591
part,13592
part,13593
part,13594
part,13595
part,13596
part,13597
part,13598
part,13599
part,13600
part,13601
part,13602
part,13603
part,13604
part,13605
part,13606
part,13607
part,13608
part,13609
part,13610
part,13611
part,13612
part,13613
part,13614
part,13615
part,13616
part,13617
part,13618
part,13619
part,13620
part,13621
part,13622
part,13623
part,13624
part,13625
part,13626
part,13627
part,13628
part,13629
part,13630
part,13631
part,13632
part,13633
part,13634
part,13635
part,13636
part,13637
part,13638
part,13639
part,13640
part,13641
part,13642
part,13643
part,13644
part,13645
part,13646
part,13647
part,13648
part,13649
part,13650
part,13651
part,13652
part,13653
part,13654
part,13655
part,13656
part,13657
part,13658
part,13659
part,13660
part,13661
part,13662
part,13663
part,13664
part,13665
part,13666
part,13667
part,13668
part,13669
part,13670
part,13671
part,13672
part,13673
part,13674
part,13675
part,13676
part,13677
part,13678
part,13679
part,13680
part,13681
part,13682
part,13683
part,13684
part,13685
part,13686
part,13687
part,13688
part,13689
part,13690
part,13691
part,13692
part,13693
part,13694
part,13695
part,13696
part,13697
part,13698
part,13699
part,13700
part,13701
part,13702
part,13703
part,13704
part,13705
part,13706
part,13707
part,13708
part,13709
part,13710
part,13711
part,13712
part,13713
part,13714
part,13715
part,13716
part,13717
part,13718
part,13719
part,13720
part,13721
part,13722
part,13723
part,13724
part,13725
part,13726
part,13727
part,13728
part,13729
part,13730
part,13731
part,13732
part,13733
part,13734
part,13735
part,13736
part,13737
part,13738
part,13739
part,13740
part,13741
part,13742
part,13743
part,13744
part,13745
part,13746
part,13747
part,13748
part,13749
part,13750
part,13751
part,13752
part,13753
part,13754
part,13755
part,13756
part,13757
part,13758
part,13759
part,13760
part,13761
part,13762
part,13763
part,13764
part,13765
part,13766
part,13767
part,13768
part,13769
part,13770
part,13771
part,13772
part,13773
part,13774
part,13775
part,13776
part,13777
part,13778
part,13779
part,13780
part,13781
part,13782
part,13783
part,13784
part,13785
part,13786
part,13787
part,13788
part,13789
part,13790
part,13791
part,13792
part,13793
part,13794
part,13795
part,13796
part,13797
part,13798
part,13799
part,13800
part,13801
part,13802
part,13803
part,13804
part,13805
part,13806
part,13807
part,13808
part,13809
part,13810
part,13811
part,13812
part,13813
part,13814
part,13815
part,13816
part,13817
part,13818
part,13819
part,13820
part,13821
part,13822
part,13823
part,13824
part,13825
part,13826
part,13827
part,13828
part,13829
part,13830
part,13831
part,13832
part,13833
part,13834
part,13835
part,13836
part,13837
part,13838
part,13839
part,13840
part,13841
part,13842
part,13843
part,13844
part,13845
part,13846
part,13847
part,13848
part,13849
part,13850
part,13851
part,13852
part,13853
part,13854
part,13855
part,13856
part,13857
part,13858
part,13859
part,13860
part,13861
part,13862
part,13863
part,13864
part,13865
part,13866
part,13867
part,13868
part,13869
part,13870
part,13871
part,13872
part,13873
part,13874
part,13875
part,13876
part,13877
part,13878
part,13879
part,13880
part,13881
part,13882
part,13883
part,13884
part,13885
part,13886
part,13887
part,13888
part,13889
part,13890
part,13891
part,13892
part,13893
part,13894
part,13895
part,13896
part,13897
part,13898
part,13899
part,13900
part,13901
part,13902
part,13903
part,13904
part,13905
part,13906
part,13907
part,13908
part,13909
part,13910
part,13911
part,13912
part,13913
part,13914
part,13915
part,13916
part,13917
part,13918
part,13919
part,13920
part,13921
part,13922
part,13923
part,13924
part,13925
part,13926
part,13927
part,13928
part,13929
part,13930
part,13931
part,13932
part,13933
part,13934
part,13935
part,13936
part,13937
part,13938
part,13939
part,13940
part,13941
part,13942
part,13943
part,13944
part,13945
part,13946
part,13947
part,13948
part,13949
part,13950
part,13951
part,13952
part,13953
part,13954
part,13955
part,13956
part,13957
part,13958
part,13959
part,13960
part,13961
part,13962
part,13963
part,13964
part,13965
part,13966
part,13967
part,13968
part,13969
part,13970
part,13971
part,13972
part,13973
part,13974
part,13975
part,13976
part,13977
part,13978
part,13979
part,13980
part,13981
part,13982
part,13983
part,13984
part,13985
part,13986
part,13987
part,13988
part,13989
part,13990
part,13991
part,13992
part,13993
part,13994
part,13995
part,13996
part,13997
part,13998
part,13999
part,14000
part,14001
part,14002
part,14003
part,14004
part,14005
part,14006
part,14007
part,14008
part,14009
part,14010
part,14011
part,14012
part,14013
part,14014
part,14015
part,14016
part,14017
part,14018
part,14019
part,14020
part,14021
part,14022
part,14023
part,14024
part,14025
part,14026
part,14027
part,14028
part,14029
part,14030
part,14031
part,14032
part,14033
part,14034
part,14035
part,14036
part,14037
part,14038
part,14039
part,14040
part,14041
part,14042
part,14043
part,14044
part,14045
part,14046
part,14047
part,14048
part,14049
part,14050
part,14051
part,14052
part,14053
part,14054
part,14055
part,14056
part,14057
part,14058
part,14059
part,14060
part,14061
part,14062
part,14063
part,14064
part,14065
part,14066
part,14067
part,14068
part,14069
part,14070
part,14071
part,14072
part,14073
part,14074
part,14075
part,14076
part,14077
part,14078
part,14079
part,14080
part,14081
part,14082
part,14083
part,14084
part,14085
part,14086
part,14087
part,14088
part,14089
part,14090
part,14091
part,14092
part,14093
part,14094
part,14095
part,14096
part,14097
part,14098
part,14099
part,14100
part,14101
part,14102
part,14103
part,14104
part,14105
part,14106
part,14107
part,14108
part,14109
part,14110
part,14111
part,14112
part,14113
part,14114
part,14115
part,14116
part,14117
part,14118
part,14119
part,14120
part,14121
part,14122
part,14123
part,14124
part,14125
part,14126
part,14127
part,14128
part,14129
part,14130
part,14131
part,14132
part,14133
part,14134
part,14135
part,14136
part,14137
part,14138
part,14139
part,14140
part,14141
part,14142
part,14143
part,14144
part,14145
part,14146
part,14147
part,14148
part,14149
part,14150
part,14151
part,14152
part,14153
part,14154
part,14155
part,14156
part,14157
part,14158
part,14159
part,14160
part,14161
part,14162
part,14163
part,14164
part,14165
part,14166
part,14167
part,14168
part,14169
part,14170
part,14171
part,14172
part,14173
part,14174
part,14175
part,14176
part,14177
part,14178
part,14179
part,14180
part,14181
part,14182
part,14183
part,14184
part,14185
part,14186
part,14187
part,14188
part,14189
part,14190
part,14191
part,14192
part,14193
part,14194
part,14195
part,14196
part,14197
part,14198
part,14199
part,14200
part,14201
part,14202
part,14203
part,14204
part,14205
part,14206
part,14207
part,14208
part,14209
part,14210
part,14211
part,14212
part,14213
part,14214
part,14215
part,14216
part,14217
part,14218
part,14219
part,14220
part,14221
part,14222
part,14223
part,14224
part,14225
part,14226
part,14227
part,14228
part,14229
part,14230
part,14231
part,14232
part,14233
part,14234
part,14235
part,14236
part,14237
part,14238
part,14239
part,14240
part,14241
part,14242
part,14243
part,14244
part,14245
part,14246
part,14247
part,14248
part,14249
part,14250
part,14251
part,14252
part,14253
part,14254
part,14255
part,14256
part,14257
part,14258
part,14259
part,14260
part,14261
part,14262
part,14263
part,14264
part,14265
part,14266
part,14267
part,14268
part,14269
part,14270
part,14271
part,14272
part,14273
part,14274
part,14275
part,14276
part,14277
part,14278
part,14279
part,14280
part,14281
part,14282
part,14283
part,14284
part,14285
part,14286
part,14287
part,14288
part,14289
part,14290
part,14291
part,14292
part,14293
part,14294
part,14295
part,14296
part,14297
part,14298
part,14299
part,14300
part,14301
part,14302
part,14303
part,14304
part,14305
part,14306
part,14307
part,14308
part,14309
part,14310
part,14311
part,14312
part,14313
part,14314
part,14315
part,14316
part,14317
part,14318
part,14319
part,14320
part,14321
part,14322
part,14323
part,14324
part,14325
part,14326
part,14327
part,14328
part,14329
part,14330
part,14331
part,14332
part,14333
part,14334
part,14335
part,14336
part,14337
part,14338
part,14339
part,14340
part,14341
part,14342
part,14343
part,14344
part,14345
part,14346
part,14347
part,14348
part,14349
part,14350
part,14351
part,14352
part,14353
part,14354
part,14355
part,14356
part,14357
part,14358
part,14359
part,14360
part,14361
part,14362
part,14363
part,14364
part,14365
part,14366
part,14367
part,14368
part,14369
part,14370
part,14371
part,14372
part,14373
part,14374
part,14375
part,14376
part,14377
part,14378
part,14379
part,14380
part,14381
part,14382
part,14383
part,14384
part,14385
part,14386
part,14387
part,14388
part,14389
part,14390
part,14391
part,14392
part,14393
part,14394
part,14395
part,14396
part,14397
part,14398
part,14399
part,14400
part,14401
part,14402
part,14403
part,14404
part,14405
part,14406
part,14407
part,14408
part,14409
part,14410
part,14411
part,14412
part,14413
part,14414
part,14415
part,14416
part,14417
part,14418
part,14419
part,14420
part,14421
part,14422
part,14423
part,14424
part,14425
part,14426
part,14427
part,14428
part,14429
part,14430
part,14431
part,14432
part,14433
part,14434
part,14435
part,14436
part,14437
part,14438
part,14439
part,14440
part,14441
part,14442
part,14443
part,14444
part,14445
part,14446
part,14447
part,14448
part,14449
part,14450
part,14451
part,14452
part,14453
part,14454
part,14455
part,14456
part,14457
part,14458
part,14459
part,14460
part,14461
part,14462
part,14463
part,14464
part,14465
part,14466
part,14467
part,14468
part,14469
part,14470
part,14471
part,14472
part,14473
part,14474
part,14475
part,14476
part,14477
part,14478
part,14479
part,14480
part,14481
part,14482
part,14483
part,14484
part,14485
part,14486
part,14487
part,14488
part,14489
part,14490
part,14491
part,14492
part,14493
part,14494
part,14495
part,14496
part,14497
part,14498
part,14499
part,14500
part,14501
part,14502
part,14503
part,14504
part,14505
part,14506
part,14507
part,14508
part,14509
part,14510
part,14511
part,14512
part,14513
part,14514
part,14515
part,14516
part,14517
part,14518
part,14519
part,14520
part,14521
part,14522
part,14523
part,14524
part,14525
part,14526
part,14527
part,14528
part,14529
part,14530
part,14531
part,14532
part,14533
part,14534
part,14535
part,14536
part,14537
part,14538
part,14539
part,14540
part,14541
part,14542
part,14543
part,14544
part,14545
part,14546
part,14547
part,14548
part,14549
part,14550
part,14551
part,14552
part,14553
part,14554
part,14555
part,14556
part,14557
part,14558
part,14559
part,14560
part,14561
part,14562
part,14563
part,14564
part,14565
part,14566
part,14567
part,14568
part,14569
part,14570
part,14571
part,14572
part,14573
part,14574
part,14575
part,14576
part,14577
part,14578
part,14579
part,14580
part,14581
part,14582
part,14583
part,14584
part,14585
part,14586
part,14587
part,14588
part,14589
part,14590
part,14591
part,14592
part,14593
part,14594
part,14595
part,14596
part,14597
part,14598
part,14599
part,14600
part,14601
part,14602
part,14603
part,14604
part,14605
part,14606
part,14607
part,14608
part,14609
part,14610
part,14611
part,14612
part,14613
part,14614
part,14615
part,14616
part,14617
part,14618
part,14619
part,14620
part,14621
part,14622
part,14623
part,14624
part,14625
part,14626
part,14627
part,14628
part,14629
part,14630
part,14631
part,14632
part,14633
part,14634
part,14635
part,14636
part,14637
part,14638
part,14639
part,14640
part,14641
part,14642
part,14643
part,14644
part,14645
part,14646
part,14647
part,14648
part,14649
part,14650
part,14651
part,14652
part,14653
part,14654
part,14655
part,14656
part,14657
part,14658
part,14659
part,14660
part,14661
part,14662
part,14663
part,14664
part,14665
part,14666
part,14667
part,14668
part,14669
part,14670
part,14671
part,14672
part,14673
part,14674
part,14675
part,14676
part,14677
part,14678
part,14679
part,14680
part,14681
part,14682
part,14683
part,14684
part,14685
part,14686
part,14687
part,14688
part,14689
part,14690
part,14691
part,14692
part,14693
part,14694
part,14695
part,14696
part,14697
part,14698
part,14699
part,14700
part,14701
part,14702
part,14703
part,14704
part,14705
part,14706
part,14707
part,14708
part,14709
part,14710
part,14711
part,14712
part,14713
part,14714
part,14715
part,14716
part,14717
part,14718
part,14719
part,14720
part,14721
part,14722
part,14723
part,14724
part,14725
part,14726
part,14727
part,14728
part,14729
part,14730
part,14731
part,14732
part,14733
part,14734
part,14735
part,14736
part,14737
part,14738
part,14739
part,14740
part,14741
part,14742
part,14743
part,14744
part,14745
part,14746
part,14747
part,14748
part,14749
part,14750
part,14751
part,14752
part,14753
part,14754
part,14755
part,14756
part,14757
part,14758
part,14759
part,14760
part,14761
part,14762
part,14763
part,14764
part,14765
part,14766
part,14767
part,14768
part,14769
part,14770
part,14771
part,14772
part,14773
part,14774
part,14775
part,14776
part,14777
part,14778
part,14779
part,14780
part,14781
part,14782
part,14783
part,14784
part,14785
part,14786
part,14787
part,14788
part,14789
part,14790
part,14791
part,14792
part,14793
part,14794
part,14795
part,14796
part,14797
part,14798
part,14799
part,14800
part,14801
part,14802
part,14803
part,14804
part,14805
part,14806
part,14807
part,14808
part,14809
part,14810
part,14811
part,14812
part,14813
part,14814
part,14815
part,14816
part,14817
part,14818
part,14819
part,14820
part,14821
part,14822
part,14823
part,14824
part,14825
part,14826
part,14827
part,14828
part,14829
part,14830
part,14831
part,14832
part,14833
part,14834
part,14835
part,14836
part,14837
part,14838
part,14839
part,14840
part,14841
part,14842
part,14843
part,14844
part,14845
part,14846
part,14847
part,14848
part,14849
part,14850
part,14851
part,14852
part,14853
part,14854
part,14855
part,14856
part,14857
part,14858
part,14859
part,14860
part,14861
part,14862
part,14863
part,14864
part,14865
part,14866
part,14867
part,14868
part,14869
part,14870
part,14871
part,14872
part,14873
part,14874
part,14875
part,14876
part,14877
part,14878
part,14879
part,14880
part,14881
part,14882
part,14883
part,14884
part,14885
part,14886
part,14887
part,14888
part,14889
part,14890
part,14891
part,14892
part,14893
part,14894
part,14895
part,14896
part,14897
part,14898
part,14899
part,14900
part,14901
part,14902
part,14903
part,14904
part,14905
part,14906
part,14907
part,14908
part,14909
part,14910
part,14911
part,14912
part,14913
part,14914
part,14915
part,14916
part,14917
part,14918
part,14919
part,14920
part,14921
part,14922
part,14923
part,14924
part,14925
part,14926
part,14927
part,14928
part,14929
part,14930
part,14931
part,14932
part,14933
part,14934
part,14935
part,14936
part,14937
part,14938
part,14939
part,14940
part,14941
part,14942
part,14943
part,14944
part,14945
part,14946
part,14947
part,14948
part,14949
part,14950
part,14951
part,14952
part,14953
part,14954
part,14955
part,14956
part,14957
part,14958
part,14959
part,14960
part,14961
part,14962
part,14963
part,14964
part,14965
part,14966
part,14967
part,14968
part,14969
part,14970
part,14971
part,14972
part,14973
part,14974
part,14975
part,14976
part,14977
part,14978
part,14979
part,14980
part,14981
part,14982
part,14983
part,14984
part,14985
part,14986
part,14987
part,14988
part,14989
part,14990
part,14991
part,14992
part,14993
part,14994
part,14995
part,14996
part,14997
part,14998
part,14999
part,15000
part,15001
part,15002
part,15003
part,15004
part,15005
part,15006
part,15007
part,15008
part,15009
part,15010
part,15011
part,15012
part,15013
part,15014
part,15015
part,15016
part,15017
part,15018
part,15019
part,15020
part,15021
part,15022
part,15023
part,15024
part,15025
part,15026
part,15027
part,15028
part,15029
part,15030
part,15031
part,15032
part,15033
part,15034
part,15035
part,15036
part,15037
part,15038
part,15039
part,15040
part,15041
part,15042
part,15043
part,15044
part,15045
part,15046
part,15047
part,15048
part,15049
part,15050
part,15051
part,15052
part,15053
part,15054
part,15055
part,15056
part,15057
part,15058
part,15059
part,15060
part,15061
part,15062
part,15063
part,15064
part,15065
part,15066
part,15067
part,15068
part,15069
part,15070
part,15071
part,15072
part,15073
part,15074
part,15075
part,15076
part,15077
part,15078
part,15079
part,15080
part,15081
part,15082
part,15083
part,15084
part,15085
part,15086
part,15087
part,15088
part,15089
part,15090
part,15091
part,15092
part,15093
part,15094
part,15095
part,15096
part,15097
part,15098
part,15099
part,15100
part,15101
part,15102
part,15103
part,15104
part,15105
part,15106
part,15107
part,15108
part,15109
part,15110
part,15111
part,15112
part,15113
part,15114
part,15115
part,15116
part,15117
part,15118
part,15119
part,15120
part,15121
part,15122
part,15123
part,15124
part,15125
part,15126
part,15127
part,15128
part,15129
part,15130
part,15131
part,15132
part,15133
part,15134
part,15135
part,15136
part,15137
part,15138
part,15139
part,15140
part,15141
part,15142
part,15143
part,15144
part,15145
part,15146
part,15147
part,15148
part,15149
part,15150
part,15151
part,15152
part,15153
part,15154
part,15155
part,15156
part,15157
part,15158
part,15159
part,15160
part,15161
part,15162
part,15163
part,15164
part,15165
part,15166
part,15167
part,15168
part,15169
part,15170
part,15171
part,15172
part,15173
part,15174
part,15175
part,15176
part,15177
part,15178
part,15179
part,15180
part,15181
part,15182
part,15183
part,15184
part,15185
part,15186
part,15187
part,15188
part,15189
part,15190
part,15191
part,15192
part,15193
part,15194
part,15195
part,15196
part,15197
part,15198
part,15199
part,15200
part,15201
part,15202
part,15203
part,15204
part,15205
part,15206
part,15207
part,15208
part,15209
part,15210
part,15211
part,15212
part,15213
part,15214
part,15215
part,15216
part,15217
part,15218
part,15219
part,15220
part,15221
part,15222
part,15223
part,15224
part,15225
part,15226
part,15227
part,15228
part,15229
part,15230
part,15231
part,15232
part,15233
part,15234
part,15235
part,15236
part,15237
part,15238
part,15239
part,15240
part,15241
part,15242
part,15243
part,15244
part,15245
part,15246
part,15247
part,15248
part,15249
part,15250
part,15251
part,15252
part,15253
part,15254
part,15255
part,15256
part,15257
part,15258
part,15259
part,15260
part,15261
part,15262
part,15263
part,15264
part,15265
part,15266
part,15267
part,15268
part,15269
part,15270
part,15271
part,15272
part,15273
part,15274
part,15275
part,15276
part,15277
part,15278
part,15279
part,15280
part,15281
part,15282
part,15283
part,15284
part,15285
part,15286
part,15287
part,15288
part,15289
part,15290
part,15291
part,15292
part,15293
part,15294
part,15295
part,15296
part,15297
part,15298
part,15299
part,15300
part,15301
part,15302
part,15303
part,15304
part,15305
part,15306
part,15307
part,15308
part,15309
part,15310
part,15311
part,15312
part,15313
part,15314
part,15315
part,15316
part,15317
part,15318
part,15319
part,15320
part,15321
part,15322
part,15323
part,15324
part,15325
part,15326
part,15327
part,15328
part,15329
part,15330
part,15331
part,15332
part,15333
part,15334
part,15335
part,15336
part,15337
part,15338
part,15339
part,15340
part,15341
part,15342
part,15343
part,15344
part,15345
part,15346
part,15347
part,15348
part,15349
part,15350
part,15351
part,15352
part,15353
part,15354
part,15355
part,15356
part,15357
part,15358
part,15359
part,15360
part,15361
part,15362
part,15363
part,15364
part,15365
part,15366
part,15367
part,15368
part,15369
part,15370
part,15371
part,15372
part,15373
part,15374
part,15375
part,15376
part,15377
part,15378
part,15379
part,15380
part,15381
part,15382
part,15383
part,15384
part,15385
part,15386
part,15387
part,15388
part,15389
part,15390
part,15391
part,15392
part,15393
part,15394
part,15395
part,15396
part,15397
part,15398
part,15399
part,15400
part,15401
part,15402
part,15403
part,15404
part,15405
part,15406
part,15407
part,15408
part,15409
part,15410
part,15411
part,15412
part,15413
part,15414
part,15415
part,15416
part,15417
part,15418
part,15419
part,15420
part,15421
part,15422
part,15423
part,15424
part,15425
part,15426
part,15427
part,15428
part,15429
part,15430
part,15431
part,15432
part,15433
part,15434
part,15435
part,15436
part,15437
part,15438
part,15439
part,15440
part,15441
part,15442
part,15443
part,15444
part,15445
part,15446
part,15447
part,15448
part,15449
part,15450
part,15451
part,15452
part,15453
part,15454
part,15455
part,15456
part,15457
part,15458
part,15459
part,15460
part,15461
part,15462
part,15463
part,15464
part,15465
part,15466
part,15467
part,15468
part,15469
part,15470
part,15471
part,15472
part,15473
part,15474
part,15475
part,15476
part,15477
part,15478
part,15479
part,15480
part,15481
part,15482
part,15483
part,15484
part,15485
part,15486
part,15487
part,15488
part,15489
part,15490
part,15491
part,15492
part,15493
part,15494
part,15495
part,15496
part,15497
part,15498
part,15499
part,15500
part,15501
part,15502
part,15503
part,15504
part,15505
part,15506
part,15507
part,15508
part,15509
part,15510
part,15511
part,15512
part,15513
part,15514
part,15515
part,15516
part,15517
part,15518
part,15519
part,15520
part,15521
part,15522
part,15523
part,15524
part,15525
part,15526
part,15527
part,15528
part,15529
part,15530
part,15531
part,15532
part,15533
part,15534
part,15535
part,15536
part,15537
part,15538
part,15539
part,15540
part,15541
part,15542
part,15543
part,15544
part,15545
part,15546
part,15547
part,15548
part,15549
part,15550
part,15551
part,15552
part,15553
part,15554
part,15555
part,15556
part,15557
part,15558
part,15559
part,15560
part,15561
part,15562
part,15563
part,15564
part,15565
part,15566
part,15567
part,15568
part,15569
part,15570
part,15571
part,15572
part,15573
part,15574
part,15575
part,15576
part,15577
part,15578
part,15579
part,15580
part,15581
part,15582
part,15583
part,15584
part,15585
part,15586
part,15587
part,15588
part,15589
part,15590
part,15591
part,15592
part,15593
part,15594
part,15595
part,15596
part,15597
part,15598
part,15599
part,15600
part,15601
part,15602
part,15603
part,15604
part,15605
part,15606
part,15607
part,15608
part,15609
part,15610
part,15611
part,15612
part,15613
part,15614
part,15615
part,15616
part,15617
part,15618
part,15619
part,15620
part,15621
part,15622
part,15623
part,15624
part,15625
part,15626
part,15627
part,15628
part,15629
part,15630
part,15631
part,15632
part,15633
part,15634
part,15635
part,15636
part,15637
part,15638
part,15639
part,15640
part,15641
part,15642
part,15643
part,15644
part,15645
part,15646
part,15647
part,15648
part,15649
part,15650
part,15651
part,15652
part,15653
part,15654
part,15655
part,15656
part,15657
part,15658
part,15659
part,15660
part,15661
part,15662
part,15663
part,15664
part,15665
part,15666
part,15667
part,15668
part,15669
part,15670
part,15671
part,15672
part,15673
part,15674
part,15675
part,15676
part,15677
part,15678
part,15679
part,15680
part,15681
part,15682
part,15683
part,15684
part,15685
part,15686
part,15687
part,15688
part,15689
part,15690
part,15691
part,15692
part,15693
part,15694
part,15695
part,15696
part,15697
part,15698
part,15699
part,15700
part,15701
part,15702
part,15703
part,15704
part,15705
part,15706
part,15707
part,15708
part,15709
part,15710
part,15711
part,15712
part,15713
part,15714
part,15715
part,15716
part,15717
part,15718
part,15719
part,15720
part,15721
part,15722
part,15723
part,15724
part,15725
part,15726
part,15727
part,15728
part,15729
part,15730
part,15731
part,15732
part,15733
part,15734
part,15735
part,15736
part,15737
part,15738
part,15739
part,15740
part,15741
part,15742
part,15743
part,15744
part,15745
part,15746
part,15747
part,15748
part,15749
part,15750
part,15751
part,15752
part,15753
part,15754
part,15755
part,15756
part,15757
part,15758
part,15759
part,15760
part,15761
part,15762
part,15763
part,15764
part,15765
part,15766
part,15767
part,15768
part,15769
part,15770
part,15771
part,15772
part,15773
part,15774
part,15775
part,15776
part,15777
part,15778
part,15779
part,15780
part,15781
part,15782
part,15783
part,15784
part,15785
part,15786
part,15787
part,15788
part,15789
part,15790
part,15791
part,15792
part,15793
part,15794
part,15795
part,15796
part,15797
part,15798
part,15799
part,15800
part,15801
part,15802
part,15803
part,15804
part,15805
part,15806
part,15807
part,15808
part,15809
part,15810
part,15811
part,15812
part,15813
part,15814
part,15815
part,15816
part,15817
part,15818
part,15819
part,15820
part,15821
part,15822
part,15823
part,15824
part,15825
part,15826
part,15827
part,15828
part,15829
part,15830
part,15831
part,15832
part,15833
part,15834
part,15835
part,15836
part,15837
part,15838
part,15839
part,15840
part,15841
part,15842
part,15843
part,15844
part,15845
part,15846
part,15847
part,15848
part,15849
part,15850
part,15851
part,15852
part,15853
part,15854
part,15855
part,15856
part,15857
part,15858
part,15859
part,15860
part,15861
part,15862
part,15863
part,15864
part,15865
part,15866
part,15867
part,15868
part,15869
part,15870
part,15871
part,15872
part,15873
part,15874
part,15875
part,15876
part,15877
part,15878
part,15879
part,15880
part,15881
part,15882
part,15883
part,15884
part,15885
part,15886
part,15887
part,15888
part,15889
part,15890
part,15891
part,15892
part,15893
part,15894
part,15895
part,15896
part,15897
part,15898
part,15899
part,15900
part,15901
part,15902
part,15903
part,15904
part,15905
part,15906
part,15907
part,15908
part,15909
part,15910
part,15911
part,15912
part,15913
part,15914
part,15915
part,15916
part,15917
part,15918
part,15919
part,15920
part,15921
part,15922
part,15923
part,15924
part,15925
part,15926
part,15927
part,15928
part,15929
part,15930
part,15931
part,15932
part,15933
part,15934
part,15935
part,15936
part,15937
part,15938
part,15939
part,15940
part,15941
part,15942
part,15943
part,15944
part,15945
part,15946
part,15947
part,15948
part,15949
part,15950
part,15951
part,15952
part,15953
part,15954
part,15955
part,15956
part,15957
part,15958
part,15959
part,15960
part,15961
part,15962
part,15963
part,15964
part,15965
part,15966
part,15967
part,15968
part,15969
part,15970
part,15971
part,15972
part,15973
part,15974
part,15975
part,15976
part,15977
part,15978
part,15979
part,15980
part,15981
part,15982
part,15983
part,15984
part,15985
part,15986
part,15987
part,15988
part,15989
part,15990
part,15991
part,15992
part,15993
part,15994
part,15995
part,15996
part,15997
part,15998
part,15999
part,16000
part,16001
part,16002
part,16003
part,16004
part,16005
part,16006
part,16007
part,16008
part,16009
part,16010
part,16011
part,16012
part,16013
part,16014
part,16015
part,16016
part,16017
part,16018
part,16019
part,16020
part,16021
part,16022
part,16023
part,16024
part,16025
part,16026
part,16027
part,16028
part,16029
part,16030
part,16031
part,16032
part,16033
part,16034
part,16035
part,16036
part,16037
part,16038
part,16039
part,16040
part,16041
part,16042
part,16043
part,16044
part,16045
part,16046
part,16047
part,16048
part,16049
part,16050
part,16051
part,16052
part,16053
part,16054
part,16055
part,16056
part,16057
part,16058
part,16059
part,16060
part,16061
part,16062
part,16063
part,16064
part,16065
part,16066
part,16067
part,16068
part,16069
part,16070
part,16071
part,16072
part,16073
part,16074
part,16075
part,16076
part,16077
part,16078
part,16079
part,16080
part,16081
part,16082
part,16083
part,16084
part,16085
part,16086
part,16087
part,16088
part,16089
part,16090
part,16091
part,16092
part,16093
part,16094
part,16095
part,16096
part,16097
part,16098
part,16099
part,16100
part,16101
part,16102
part,16103
part,16104
part,16105
part,16106
part,16107
part,16108
part,16109
part,16110
part,16111
part,16112
part,16113
part,16114
part,16115
part,16116
part,16117
part,16118
part,16119
part,16120
part,16121
part,16122
part,16123
part,16124
part,16125
part,16126
part,16127
part,16128
part,16129
part,16130
part,16131
part,16132
part,16133
part,16134
part,16135
part,16136
part,16137
part,16138
part,16139
part,16140
part,16141
part,16142
part,16143
part,16144
part,16145
part,16146
part,16147
part,16148
part,16149
part,16150
part,16151
part,16152
part,16153
part,16154
part,16155
part,16156
part,16157
part,16158
part,16159
part,16160
part,16161
part,16162
part,16163
part,16164
part,16165
part,16166
part,16167
part,16168
part,16169
part,16170
part,16171
part,16172
part,16173
part,16174
part,16175
part,16176
part,16177
part,16178
part,16179
part,16180
part,16181
part,16182
part,16183
part,16184
part,16185
part,16186
part,16187
part,16188
part,16189
part,16190
part,16191
part,16192
part,16193
part,16194
part,16195
part,16196
part,16197
part,16198
part,16199
part,16200
part,16201
part,16202
part,16203
part,16204
part,16205
part,16206
part,16207
part,16208
part,16209
part,16210
part,16211
part,16212
part,16213
part,16214
part,16215
part,16216
part,16217
part,16218
part,16219
part,16220
part,16221
part,16222
part,16223
part,16224
part,16225
part,16226
part,16227
part,16228
part,16229
part,16230
part,16231
part,16232
part,16233
part,16234
part,16235
part,16236
part,16237
part,16238
part,16239
part,16240
part,16241
part,16242
part,16243
part,16244
part,16245
part,16246
part,16247
part,16248
part,16249
part,16250
part,16251
part,16252
part,16253
part,16254
part,16255
part,16256
part,16257
part,16258
part,16259
part,16260
part,16261
part,16262
part,16263
part,16264
part,16265
part,16266
part,16267
part,16268
part,16269
part,16270
part,16271
part,16272
part,16273
part,16274
part,16275
part,16276
part,16277
part,16278
part,16279
part,16280
part,16281
part,16282
part,16283
part,16284
part,16285
part,16286
part,16287
part,16288
part,16289
part,16290
part,16291
part,16292
part,16293
part,16294
part,16295
part,16296
part,16297
part,16298
part,16299
part,16300
part,16301
part,16302
part,16303
part,16304
part,16305
part,16306
part,16307
part,16308
part,16309
part,16310
part,16311
part,16312
part,16313
part,16314
part,16315
part,16316
part,16317
part,16318
part,16319
part,16320
part,16321
part,16322
part,16323
part,16324
part,16325
part,16326
part,16327
part,16328
part,16329
part,16330
part,16331
part,16332
part,16333
part,16334
part,16335
part,16336
part,16337
part,16338
part,16339
part,16340
part,16341
part,16342
part,16343
part,16344
part,16345
part,16346
part,16347
part,16348
part,16349
part,16350
part,16351
part,16352
part,16353
part,16354
part,16355
part,16356
part,16357
part,16358
part,16359
part,16360
part,16361
part,16362
part,16363
part,16364
part,16365
part,16366
part,16367
part,16368
part,16369
part,16370
part,16371
part,16372
part,16373
part,16374
part,16375
part,16376
part,16377
part,16378
part,16379
part,16380
part,16381
part,16382
part,16383
part,16384
part,16385
part,16386
part,16387
part,16388
part,16389
part,16390
part,16391
part,16392
part,16393
part,16394
part,16395
part,16396
part,16397
part,16398
part,16399
part,16400
part,16401
part,16402
part,16403
part,16404
part,16405
part,16406
part,16407
part,16408
part,16409
part,16410
part,16411
part,16412
part,16413
part,16414
part,16415
part,16416
part,16417
part,16418
part,16419
part,16420
part,16421
part,16422
part,16423
part,16424
part,16425
part,16426
part,16427
part,16428
part,16429
part,16430
part,16431
part,16432
part,16433
part,16434
part,16435
part,16436
part,16437
part,16438
part,16439
part,16440
part,16441
part,16442
part,16443
part,16444
part,16445
part,16446
part,16447
part,16448
part,16449
part,16450
part,16451
part,16452
part,16453
part,16454
part,16455
part,16456
part,16457
part,16458
part,16459
part,16460
part,16461
part,16462
part,16463
part,16464
part,16465
part,16466
part,16467
part,16468
part,16469
part,16470
part,16471
part,16472
part,16473
part,16474
part,16475
part,16476
part,16477
part,16478
part,16479
part,16480
part,16481
part,16482
part,16483
part,16484
part,16485
part,16486
part,16487
part,16488
part,16489
part,16490
part,16491
part,16492
part,16493
part,16494
part,16495
part,16496
part,16497
part,16498
part,16499
part,16500
part,16501
part,16502
part,16503
part,16504
part,16505
part,16506
part,16507
part,16508
part,16509
part,16510
part,16511
part,16512
part,16513
part,16514
part,16515
part,16516
part,16517
part,16518
part,16519
part,16520
part,16521
part,16522
part,16523
part,16524
part,16525
part,16526
part,16527
part,16528
part,16529
part,16530
part,16531
part,16532
part,16533
part,16534
part,16535
part,16536
part,16537
part,16538
part,16539
part,16540
part,16541
part,16542
part,16543
part,16544
part,16545
part,16546
part,16547
part,16548
part,16549
part,16550
part,16551
part,16552
part,16553
part,16554
part,16555
part,16556
part,16557
part,16558
part,16559
part,16560
part,16561
part,16562
part,16563
part,16564
part,16565
part,16566
part,16567
part,16568
part,16569
part,16570
part,16571
part,16572
part,16573
part,16574
part,16575
part,16576
part,16577
part,16578
part,16579
part,16580
part,16581
part,16582
part,16583
part,16584
part,16585
part,16586
part,16587
part,16588
part,16589
part,16590
part,16591
part,16592
part,16593
part,16594
part,16595
part,16596
part,16597
part,16598
part,16599
part,16600
part,16601
part,16602
part,16603
part,16604
part,16605
part,16606
part,16607
part,16608
part,16609
part,16610
part,16611
part,16612
part,16613
part,16614
part,16615
part,16616
part,16617
part,16618
part,16619
part,16620
part,16621
part,16622
part,16623
part,16624
part,16625
part,16626
part,16627
part,16628
part,16629
part,16630
part,16631
part,16632
part,16633
part,16634
part,16635
part,16636
part,16637
part,16638
part,16639
part,16640
part,16641
part,16642
part,16643
part,16644
part,16645
part,16646
part,16647
part,16648
part,16649
part,16650
part,16651
part,16652
part,16653
part,16654
part,16655
part,16656
part,16657
part,16658
part,16659
part,16660
part,16661
part,16662
part,16663
part,16664
part,16665
part,16666
part,16667
part,16668
part,16669
part,16670
part,16671
part,16672
part,16673
part,16674
part,16675
part,16676
part,16677
part,16678
part,16679
part,16680
part,16681
part,16682
part,16683
part,16684
part,16685
part,16686
part,16687
part,16688
part,16689
part,16690
part,16691
part,16692
part,16693
part,16694
part,16695
part,16696
part,16697
part,16698
part,16699
part,16700
part,16701
part,16702
part,16703
part,16704
part,16705
part,16706
part,16707
part,16708
part,16709
part,16710
part,16711
part,16712
part,16713
part,16714
part,16715
part,16716
part,16717
part,16718
part,16719
part,16720
part,16721
part,16722
part,16723
part,16724
part,16725
part,16726
part,16727
part,16728
part,16729
part,16730
part,16731
part,16732
part,16733
part,16734
part,16735
part,16736
part,16737
part,16738
part,16739
part,16740
part,16741
part,16742
part,16743
part,16744
part,16745
part,16746
part,16747
part,16748
part,16749
part,16750
part,16751
part,16752
part,16753
part,16754
part,16755
part,16756
part,16757
part,16758
part,16759
part,16760
part,16761
part,16762
part,16763
part,16764
part,16765
part,16766
part,16767
part,16768
part,16769
part,16770
part,16771
part,16772
part,16773
part,16774
part,16775
part,16776
part,16777
part,16778
part,16779
part,16780
part,16781
part,16782
part,16783
part,16784
part,16785
part,16786
part,16787
part,16788
part,16789
part,16790
part,16791
part,16792
part,16793
part,16794
part,16795
part,16796
part,16797
part,16798
part,16799
part,16800
part,16801
part,16802
part,16803
part,16804
part,16805
part,16806
part,16807
part,16808
part,16809
part,16810
part,16811
part,16812
part,16813
part,16814
part,16815
part,16816
part,16817
part,16818
part,16819
part,16820
part,16821
part,16822
part,16823
part,16824
part,16825
part,16826
part,16827
part,16828
part,16829
part,16830
part,16831
part,16832
part,16833
part,16834
part,16835
part,16836
part,16837
part,16838
part,16839
part,16840
part,16841
part,16842
part,16843
part,16844
part,16845
part,16846
part,16847
part,16848
part,16849
part,16850
part,16851
part,16852
part,16853
part,16854
part,16855
part,16856
part,16857
part,16858
part,16859
part,16860
part,16861
part,16862
part,16863
part,16864
part,16865
part,16866
part,16867
part,16868
part,16869
part,16870
part,16871
part,16872
part,16873
part,16874
part,16875
part,16876
part,16877
part,16878
part,16879
part,16880
part,16881
part,16882
part,16883
part,16884
part,16885
part,16886
part,16887
part,16888
part,16889
part,16890
part,16891
part,16892
part,16893
part,16894
part,16895
part,16896
part,16897
part,16898
part,16899
part,16900
part,16901
part,16902
part,16903
part,16904
part,16905
part,16906
part,16907
part,16908
part,16909
part,16910
part,16911
part,16912
part,16913
part,16914
part,16915
part,16916
part,16917
part,16918
part,16919
part,16920
part,16921
part,16922
part,16923
part,16924
part,16925
part,16926
part,16927
part,16928
part,16929
part,16930
part,16931
part,16932
part,16933
part,16934
part,16935
part,16936
part,16937
part,16938
part,16939
part,16940
part,16941
part,16942
part,16943
part,16944
part,16945
part,16946
part,16947
part,16948
part,16949
part,16950
part,16951
part,16952
part,16953
part,16954
part,16955
part,16956
part,16957
part,16958
part,16959
part,16960
part,16961
part,16962
part,16963
part,16964
part,16965
part,16966
part,16967
part,16968
part,16969
part,16970
part,16971
part,16972
part,16973
part,16974
part,16975
part,16976
part,16977
part,16978
part,16979
part,16980
part,16981
part,16982
part,16983
part,16984
part,16985
part,16986
part,16987
part,16988
part,16989
part,16990
part,16991
part,16992
part,16993
part,16994
part,16995
part,16996
part,16997
part,16998
part,16999
part,17000
part,17001
part,17002
part,17003
part,17004
part,17005
part,17006
part,17007
part,17008
part,17009
part,17010
part,17011
part,17012
part,17013
part,17014
part,17015
part,17016
part,17017
part,17018
part,17019
part,17020
part,17021
part,17022
part,17023
part,17024
part,17025
part,17026
part,17027
part,17028
part,17029
part,17030
part,17031
part,17032
part,17033
part,17034
part,17035
part,17036
part,17037
part,17038
part,17039
part,17040
part,17041
part,17042
part,17043
part,17044
part,17045
part,17046
part,17047
part,17048
part,17049
part,17050
part,17051
part,17052
part,17053
part,17054
part,17055
part,17056
part,17057
part,17058
part,17059
part,17060
part,17061
part,17062
part,17063
part,17064
part,17065
part,17066
part,17067
part,17068
part,17069
part,17070
part,17071
part,17072
part,17073
part,17074
part,17075
part,17076
part,17077
part,17078
part,17079
part,17080
part,17081
part,17082
part,17083
part,17084
part,17085
part,17086
part,17087
part,17088
part,17089
part,17090
part,17091
part,17092
part,17093
part,17094
part,17095
part,17096
part,17097
part,17098
part,17099
part,17100
part,17101
part,17102
part,17103
part,17104
part,17105
part,17106
part,17107
part,17108
part,17109
part,17110
part,17111
part,17112
part,17113
part,17114
part,17115
part,17116
part,17117
part,17118
part,17119
part,17120
part,17121
part,17122
part,17123
part,17124
part,17125
part,17126
part,17127
part,17128
part,17129
part,17130
part,17131
part,17132
part,17133
part,17134
part,17135
part,17136
part,17137
part,17138
part,17139
part,17140
part,17141
part,17142
part,17143
part,17144
part,17145
part,17146
part,17147
part,17148
part,17149
part,17150
part,17151
part,17152
part,17153
part,17154
part,17155
part,17156
part,17157
part,17158
part,17159
part,17160
part,17161
part,17162
part,17163
part,17164
part,17165
part,17166
part,17167
part,17168
part,17169
part,17170
part,17171
part,17172
part,17173
part,17174
part,17175
part,17176
part,17177
part,17178
part,17179
part,17180
part,17181
part,17182
part,17183
part,17184
part,17185
part,17186
part,17187
part,17188
part,17189
part,17190
part,17191
part,17192
part,17193
part,17194
part,17195
part,17196
part,17197
part,17198
part,17199
part,17200
part,17201
part,17202
part,17203
part,17204
part,17205
part,17206
part,17207
part,17208
part,17209
part,17210
part,17211
part,17212
part,17213
part,17214
part,17215
part,17216
part,17217
part,17218
part,17219
part,17220
part,17221
part,17222
part,17223
part,17224
part,17225
part,17226
part,17227
part,17228
part,17229
part,17230
part,17231
part,17232
part,17233
part,17234
part,17235
part,17236
part,17237
part,17238
part,17239
part,17240
part,17241
part,17242
part,17243
part,17244
part,17245
part,17246
part,17247
part,17248
part,17249
part,17250
part,17251
part,17252
part,17253
part,17254
part,17255
part,17256
part,17257
part,17258
part,17259
part,17260
part,17261
part,17262
part,17263
part,17264
part,17265
part,17266
part,17267
part,17268
part,17269
part,17270
part,17271
part,17272
part,17273
part,17274
part,17275
part,17276
part,17277
part,17278
part,17279
part,17280
part,17281
part,17282
part,17283
part,17284
part,17285
part,17286
part,17287
part,17288
part,17289
part,17290
part,17291
part,17292
part,17293
part,17294
part,17295
part,17296
part,17297
part,17298
part,17299
part,17300
part,17301
part,17302
part,17303
part,17304
part,17305
part,17306
part,17307
part,17308
part,17309
part,17310
part,17311
part,17312
part,17313
part,17314
part,17315
part,17316
part,17317
part,17318
part,17319
part,17320
part,17321
part,17322
part,17323
part,17324
part,17325
part,17326
part,17327
part,17328
part,17329
part,17330
part,17331
part,17332
part,17333
part,17334
part,17335
part,17336
part,17337
part,17338
part,17339
part,17340
part,17341
part,17342
part,17343
part,17344
part,17345
part,17346
part,17347
part,17348
part,17349
part,17350
part,17351
part,17352
part,17353
part,17354
part,17355
part,17356
part,17357
part,17358
part,17359
part,17360
part,17361
part,17362
part,17363
part,17364
part,17365
part,17366
part,17367
part,17368
part,17369
part,17370
part,17371
part,17372
part,17373
part,17374
part,17375
part,17376
part,17377
part,17378
part,17379
part,17380
part,17381
part,17382
part,17383
part,17384
part,17385
part,17386
part,17387
part,17388
part,17389
part,17390
part,17391
part,17392
part,17393
part,17394
part,17395
part,17396
part,17397
part,17398
part,17399
part,17400
part,17401
part,17402
part,17403
part,17404
part,17405
part,17406
part,17407
part,17408
part,17409
part,17410
part,17411
part,17412
part,17413
part,17414
part,17415
part,17416
part,17417
part,17418
part,17419
part,17420
part,17421
part,17422
part,17423
part,17424
part,17425
part,17426
part,17427
part,17428
part,17429
part,17430
part,17431
part,17432
part,17433
part,17434
part,17435
part,17436
part,17437
part,17438
part,17439
part,17440
part,17441
part,17442
part,17443
part,17444
part,17445
part,17446
part,17447
part,17448
part,17449
part,17450
part,17451
part,17452
part,17453
part,17454
part,17455
part,17456
part,17457
part,17458
part,17459
part,17460
part,17461
part,17462
part,17463
part,17464
part,17465
part,17466
part,17467
part,17468
part,17469
part,17470
part,17471
part,17472
part,17473
part,17474
part,17475
part,17476
part,17477
part,17478
part,17479
part,17480
part,17481
part,17482
part,17483
part,17484
part,17485
part,17486
part,17487
part,17488
part,17489
part,17490
part,17491
part,17492
part,17493
part,17494
part,17495
part,17496
part,17497
part,17498
part,17499
part,17500
part,17501
part,17502
part,17503
part,17504
part,17505
part,17506
part,17507
part,17508
part,17509
part,17510
part,17511
part,17512
part,17513
part,17514
part,17515
part,17516
part,17517
part,17518
part,17519
part,17520
part,17521
part,17522
part,17523
part,17524
part,17525
part,17526
part,17527
part,17528
part,17529
part,17530
part,17531
part,17532
part,17533
part,17534
part,17535
part,17536
part,17537
part,17538
part,17539
part,17540
part,17541
part,17542
part,17543
part,17544
part,17545
part,17546
part,17547
part,17548
part,17549
part,17550
part,17551
part,17552
part,17553
part,17554
part,17555
part,17556
part,17557
part,17558
part,17559
part,17560
part,17561
part,17562
part,17563
part,17564
part,17565
part,17566
part,17567
part,17568
part,17569
part,17570
part,17571
part,17572
part,17573
part,17574
part,17575
part,17576
part,17577
part,17578
part,17579
part,17580
part,17581
part,17582
part,17583
part,17584
part,17585
part,17586
part,17587
part,17588
part,17589
part,17590
part,17591
part,17592
part,17593
part,17594
part,17595
part,17596
part,17597
part,17598
part,17599
part,17600
part,17601
part,17602
part,17603
part,17604
part,17605
part,17606
part,17607
part,17608
part,17609
part,17610
part,17611
part,17612
part,17613
part,17614
part,17615
part,17616
part,17617
part,17618
part,17619
part,17620
part,17621
part,17622
part,17623
part,17624
part,17625
part,17626
part,17627
part,17628
part,17629
part,17630
part,17631
part,17632
part,17633
part,17634
part,17635
part,17636
part,17637
part,17638
part,17639
part,17640
part,17641
part,17642
part,17643
part,17644
part,17645
part,17646
part,17647
part,17648
part,17649
part,17650
part,17651
part,17652
part,17653
part,17654
part,17655
part,17656
part,17657
part,17658
part,17659
part,17660
part,17661
part,17662
part,17663
part,17664
part,17665
part,17666
part,17667
part,17668
part,17669
part,17670
part,17671
part,17672
part,17673
part,17674
part,17675
part,17676
part,17677
part,17678
part,17679
part,17680
part,17681
part,17682
part,17683
part,17684
part,17685
part,17686
part,17687
part,17688
part,17689
part,17690
part,17691
part,17692
part,17693
part,17694
part,17695
part,17696
part,17697
part,17698
part,17699
part,17700
part,17701
part,17702
part,17703
part,17704
part,17705
part,17706
part,17707
part,17708
part,17709
part,17710
part,17711
part,17712
part,17713
part,17714
part,17715
part,17716
part,17717
part,17718
part,17719
part,17720
part,17721
part,17722
part,17723
part,17724
part,17725
part,17726
part,17727
part,17728
part,17729
part,17730
part,17731
part,17732
part,17733
part,17734
part,17735
part,17736
part,17737
part,17738
part,17739
part,17740
part,17741
part,17742
part,17743
part,17744
part,17745
part,17746
part,17747
part,17748
part,17749
part,17750
part,17751
part,17752
part,17753
part,17754
part,17755
part,17756
part,17757
part,17758
part,17759
part,17760
part,17761
part,17762
part,17763
part,17764
part,17765
part,17766
part,17767
part,17768
part,17769
part,17770
part,17771
part,17772
part,17773
part,17774
part,17775
part,17776
part,17777
part,17778
part,17779
part,17780
part,17781
part,17782
part,17783
part,17784
part,17785
part,17786
part,17787
part,17788
part,17789
part,17790
part,17791
part,17792
part,17793
part,17794
part,17795
part,17796
part,17797
part,17798
part,17799
part,17800
part,17801
part,17802
part,17803
part,17804
part,17805
part,17806
part,17807
part,17808
part,17809
part,17810
part,17811
part,17812
part,17813
part,17814
part,17815
part,17816
part,17817
part,17818
part,17819
part,17820
part,17821
part,17822
part,17823
part,17824
part,17825
part,17826
part,17827
part,17828
part,17829
part,17830
part,17831
part,17832
part,17833
part,17834
part,17835
part,17836
part,17837
part,17838
part,17839
part,17840
part,17841
part,17842
part,17843
part,17844
part,17845
part,17846
part,17847
part,17848
part,17849
part,17850
part,17851
part,17852
part,17853
part,17854
part,17855
part,17856
part,17857
part,17858
part,17859
part,17860
part,17861
part,17862
part,17863
part,17864
part,17865
part,17866
part,17867
part,17868
part,17869
part,17870
part,17871
part,17872
part,17873
part,17874
part,17875
part,17876
part,17877
part,17878
part,17879
part,17880
part,17881
part,17882
part,17883
part,17884
part,17885
part,17886
part,17887
part,17888
part,17889
part,17890
part,17891
part,17892
part,17893
part,17894
part,17895
part,17896
part,17897
part,17898
part,17899
part,17900
part,17901
part,17902
part,17903
part,17904
part,17905
part,17906
part,17907
part,17908
part,17909
part,17910
part,17911
part,17912
part,17913
part,17914
part,17915
part,17916
part,17917
part,17918
part,17919
part,17920
part,17921
part,17922
part,17923
part,17924
part,17925
part,17926
part,17927
part,17928
part,17929
part,17930
part,17931
part,17932
part,17933
part,17934
part,17935
part,17936
part,17937
part,17938
part,17939
part,17940
part,17941
part,17942
part,17943
part,17944
part,17945
part,17946
part,17947
part,17948
part,17949
part,17950
part,17951
part,17952
part,17953
part,17954
part,17955
part,17956
part,17957
part,17958
part,17959
part,17960
part,17961
part,17962
part,17963
part,17964
part,17965
part,17966
part,17967
part,17968
part,17969
part,17970
part,17971
part,17972
part,17973
part,17974
part,17975
part,17976
part,17977
part,17978
part,17979
part,17980
part,17981
part,17982
part,17983
part,17984
part,17985
part,17986
part,17987
part,17988
part,17989
part,17990
part,17991
part,17992
part,17993
part,17994
part,17995
part,17996
part,17997
part,17998
part,17999
part,18000
part,18001
part,18002
part,18003
part,18004
part,18005
part,18006
part,18007
part,18008
part,18009
part,18010
part,18011
part,18012
part,18013
part,18014
part,18015
part,18016
part,18017
part,18018
part,18019
part,18020
part,18021
part,18022
part,18023
part,18024
part,18025
part,18026
part,18027
part,18028
part,18029
part,18030
part,18031
part,18032
part,18033
part,18034
part,18035
part,18036
part,18037
part,18038
part,18039
part,18040
part,18041
part,18042
part,18043
part,18044
part,18045
part,18046
part,18047
part,18048
part,18049
part,18050
part,18051
part,18052
part,18053
part,18054
part,18055
part,18056
part,18057
part,18058
part,18059
part,18060
part,18061
part,18062
part,18063
part,18064
part,18065
part,18066
part,18067
part,18068
part,18069
part,18070
part,18071
part,18072
part,18073
part,18074
part,18075
part,18076
part,18077
part,18078
part,18079
part,18080
part,18081
part,18082
part,18083
part,18084
part,18085
part,18086
part,18087
part,18088
part,18089
part,18090
part,18091
part,18092
part,18093
part,18094
part,18095
part,18096
part,18097
part,18098
part,18099
part,18100
part,18101
part,18102
part,18103
part,18104
part,18105
part,18106
part,18107
part,18108
part,18109
part,18110
part,18111
part,18112
part,18113
part,18114
part,18115
part,18116
part,18117
part,18118
part,18119
part,18120
part,18121
part,18122
part,18123
part,18124
part,18125
part,18126
part,18127
part,18128
part,18129
part,18130
part,18131
part,18132
part,18133
part,18134
part,18135
part,18136
part,18137
part,18138
part,18139
part,18140
part,18141
part,18142
part,18143
part,18144
part,18145
part,18146
part,18147
part,18148
part,18149
part,18150
part,18151
part,18152
part,18153
part,18154
part,18155
part,18156
part,18157
part,18158
part,18159
part,18160
part,18161
part,18162
part,18163
part,18164
part,18165
part,18166
part,18167
part,18168
part,18169
part,18170
part,18171
part,18172
part,18173
part,18174
part,18175
part,18176
part,18177
part,18178
part,18179
part,18180
part,18181
part,18182
part,18183
part,18184
part,18185
part,18186
part,18187
part,18188
part,18189
part,18190
part,18191
part,18192
part,18193
part,18194
part,18195
part,18196
part,18197
part,18198
part,18199
part,18200
part,18201
part,18202
part,18203
part,18204
part,18205
part,18206
part,18207
part,18208
part,18209
part,18210
part,18211
part,18212
part,18213
part,18214
part,18215
part,18216
part,18217
part,18218
part,18219
part,18220
part,18221
part,18222
part,18223
part,18224
part,18225
part,18226
part,18227
part,18228
part,18229
part,18230
part,18231
part,18232
part,18233
part,18234
part,18235
part,18236
part,18237
part,18238
part,18239
part,18240
part,18241
part,18242
part,18243
part,18244
part,18245
part,18246
part,18247
part,18248
part,18249
part,18250
part,18251
part,18252
part,18253
part,18254
part,18255
part,18256
part,18257
part,18258
part,18259
part,18260
part,18261
part,18262
part,18263
part,18264
part,18265
part,18266
part,18267
part,18268
part,18269
part,18270
part,18271
part,18272
part,18273
part,18274
part,18275
part,18276
part,18277
part,18278
part,18279
part,18280
part,18281
part,18282
part,18283
part,18284
part,18285
part,18286
part,18287
part,18288
part,18289
part,18290
part,18291
part,18292
part,18293
part,18294
part,18295
part,18296
part,18297
part,18298
part,18299
part,18300
part,18301
part,18302
part,18303
part,18304
part,18305
part,18306
part,18307
part,18308
part,18309
part,18310
part,18311
part,18312
part,18313
part,18314
part,18315
part,18316
part,18317
part,18318
part,18319
part,18320
part,18321
part,18322
part,18323
part,18324
part,18325
part,18326
part,18327
part,18328
part,18329
part,18330
part,18331
part,18332
part,18333
part,18334
part,18335
part,18336
part,18337
part,18338
part,18339
part,18340
part,18341
part,18342
part,18343
part,18344
part,18345
part,18346
part,18347
part,18348
part,18349
part,18350
part,18351
part,18352
part,18353
part,18354
part,18355
part,18356
part,18357
part,18358
part,18359
part,18360
part,18361
part,18362
part,18363
part,18364
part,18365
part,18366
part,18367
part,18368
part,18369
part,18370
part,18371
part,18372
part,18373
part,18374
part,18375
part,18376
part,18377
part,18378
part,18379
part,18380
part,18381
part,18382
part,18383
part,18384
part,18385
part,18386
part,18387
part,18388
part,18389
part,18390
part,18391
part,18392
part,18393
part,18394
part,18395
part,18396
part,18397
part,18398
part,18399
part,18400
part,18401
part,18402
part,18403
part,18404
part,18405
part,18406
part,18407
part,18408
part,18409
part,18410
part,18411
part,18412
part,18413
part,18414
part,18415
part,18416
part,18417
part,18418
part,18419
part,18420
part,18421
part,18422
part,18423
part,18424
part,18425
part,18426
part,18427
part,18428
part,18429
part,18430
part,18431
part,18432
part,18433
part,18434
part,18435
part,18436
part,18437
part,18438
part,18439
part,18440
part,18441
part,18442
part,18443
part,18444
part,18445
part,18446
part,18447
part,18448
part,18449
part,18450
part,18451
part,18452
part,18453
part,18454
part,18455
part,18456
part,18457
part,18458
part,18459
part,18460
part,18461
part,18462
part,18463
part,18464
part,18465
part,18466
part,18467
part,18468
part,18469
part,18470
part,18471
part,18472
part,18473
part,18474
part,18475
part,18476
part,18477
part,18478
part,18479
part,18480
part,18481
part,18482
part,18483
part,18484
part,18485
part,18486
part,18487
part,18488
part,18489
part,18490
part,18491
part,18492
part,18493
part,18494
part,18495
part,18496
part,18497
part,18498
part,18499
part,18500
part,18501
part,18502
part,18503
part,18504
part,18505
part,18506
part,18507
part,18508
part,18509
part,18510
part,18511
part,18512
part,18513
part,18514
part,18515
part,18516
part,18517
part,18518
part,18519
part,18520
part,18521
part,18522
part,18523
part,18524
part,18525
part,18526
part,18527
part,18528
part,18529
part,18530
part,18531
part,18532
part,18533
part,18534
part,18535
part,18536
part,18537
part,18538
part,18539
part,18540
part,18541
part,18542
part,18543
part,18544
part,18545
part,18546
part,18547
part,18548
part,18549
part,18550
part,18551
part,18552
part,18553
part,18554
part,18555
part,18556
part,18557
part,18558
part,18559
part,18560
part,18561
part,18562
part,18563
part,18564
part,18565
part,18566
part,18567
part,18568
part,18569
part,18570
part,18571
part,18572
part,18573
part,18574
part,18575
part,18576
part,18577
part,18578
part,18579
part,18580
part,18581
part,18582
part,18583
part,18584
part,18585
part,18586
part,18587
part,18588
part,18589
part,18590
part,18591
part,18592
part,18593
part,18594
part,18595
part,18596
part,18597
part,18598
part,18599
part,18600
part,18601
part,18602
part,18603
part,18604
part,18605
part,18606
part,18607
part,18608
part,18609
part,18610
part,18611
part,18612
part,18613
part,18614
part,18615
part,18616
part,18617
part,18618
part,18619
part,18620
part,18621
part,18622
part,18623
part,18624
part,18625
part,18626
part,18627
part,18628
part,18629
part,18630
part,18631
part,18632
part,18633
part,18634
part,18635
part,18636
part,18637
part,18638
part,18639
part,18640
part,18641
part,18642
part,18643
part,18644
part,18645
part,18646
part,18647
part,18648
part,18649
part,18650
part,18651
part,18652
part,18653
part,18654
part,18655
part,18656
part,18657
part,18658
part,18659
part,18660
part,18661
part,18662
part,18663
part,18664
part,18665
part,18666
part,18667
part,18668
part,18669
part,18670
part,18671
part,18672
part,18673
part,18674
part,18675
part,18676
part,18677
part,18678
part,18679
part,18680
part,18681
part,18682
part,18683
part,18684
part,18685
part,18686
part,18687
part,18688
part,18689
part,18690
part,18691
part,18692
part,18693
part,18694
part,18695
part,18696
part,18697
part,18698
part,18699
part,18700
part,18701
part,18702
part,18703
part,18704
part,18705
part,18706
part,18707
part,18708
part,18709
part,18710
part,18711
part,18712
part,18713
part,18714
part,18715
part,18716
part,18717
part,18718
part,18719
part,18720
part,18721
part,18722
part,18723
part,18724
part,18725
part,18726
part,18727
part,18728
part,18729
part,18730
part,18731
part,18732
part,18733
part,18734
part,18735
part,18736
part,18737
part,18738
part,18739
part,18740
part,18741
part,18742
part,18743
part,18744
part,18745
part,18746
part,18747
part,18748
part,18749
part,18750
part,18751
part,18752
part,18753
part,18754
part,18755
part,18756
part,18757
part,18758
part,18759
part,18760
part,18761
part,18762
part,18763
part,18764
part,18765
part,18766
part,18767
part,18768
part,18769
part,18770
part,18771
part,18772
part,18773
part,18774
part,18775
part,18776
part,18777
part,18778
part,18779
part,18780
part,18781
part,18782
part,18783
part,18784
part,18785
part,18786
part,18787
part,18788
part,18789
part,18790
part,18791
part,18792
part,18793
part,18794
part,18795
part,18796
part,18797
part,18798
part,18799
part,18800
part,18801
part,18802
part,18803
part,18804
part,18805
part,18806
part,18807
part,18808
part,18809
part,18810
part,18811
part,18812
part,18813
part,18814
part,18815
part,18816
part,18817
part,18818
part,18819
part,18820
part,18821
part,18822
part,18823
part,18824
part,18825
part,18826
part,18827
part,18828
part,18829
part,18830
part,18831
part,18832
part,18833
part,18834
part,18835
part,18836
part,18837
part,18838
part,18839
part,18840
part,18841
part,18842
part,18843
part,18844
part,18845
part,18846
part,18847
part,18848
part,18849
part,18850
part,18851
part,18852
part,18853
part,18854
part,18855
part,18856
part,18857
part,18858
part,18859
part,18860
part,18861
part,18862
part,18863
part,18864
part,18865
part,18866
part,18867
part,18868
part,18869
part,18870
part,18871
part,18872
part,18873
part,18874
part,18875
part,18876
part,18877
part,18878
part,18879
part,18880
part,18881
part,18882
part,18883
part,18884
part,18885
part,18886
part,18887
part,18888
part,18889
part,18890
part,18891
part,18892
part,18893
part,18894
part,18895
part,18896
part,18897
part,18898
part,18899
part,18900
part,18901
part,18902
part,18903
part,18904
part,18905
part,18906
part,18907
part,18908
part,18909
part,18910
part,18911
part,18912
part,18913
part,18914
part,18915
part,18916
part,18917
part,18918
part,18919
part,18920
part,18921
part,18922
part,18923
part,18924
part,18925
part,18926
part,18927
part,18928
part,18929
part,18930
part,18931
part,18932
part,18933
part,18934
part,18935
part,18936
part,18937
part,18938
part,18939
part,18940
part,18941
part,18942
part,18943
part,18944
part,18945
part,18946
part,18947
part,18948
part,18949
part,18950
part,18951
part,18952
part,18953
part,18954
part,18955
part,18956
part,18957
part,18958
part,18959
part,18960
part,18961
part,18962
part,18963
part,18964
part,18965
part,18966
part,18967
part,18968
part,18969
part,18970
part,18971
part,18972
part,18973
part,18974
part,18975
part,18976
part,18977
part,18978
part,18979
part,18980
part,18981
part,18982
part,18983
part,18984
part,18985
part,18986
part,18987
part,18988
part,18989
part,18990
part,18991
part,18992
part,18993
part,18994
part,18995
part,18996
part,18997
part,18998
part,18999
part,19000
part,19001
part,19002
part,19003
part,19004
part,19005
part,19006
part,19007
part,19008
part,19009
part,19010
part,19011
part,19012
part,19013
part,19014
part,19015
part,19016
part,19017
part,19018
part,19019
part,19020
part,19021
part,19022
part,19023
part,19024
part,19025
part,19026
part,19027
part,19028
part,19029
part,19030
part,19031
part,19032
part,19033
part,19034
part,19035
part,19036
part,19037
part,19038
part,19039
part,19040
part,19041
part,19042
part,19043
part,19044
part,19045
part,19046
part,19047
part,19048
part,19049
part,19050
part,19051
part,19052
part,19053
part,19054
part,19055
part,19056
part,19057
part,19058
part,19059
part,19060
part,19061
part,19062
part,19063
part,19064
part,19065
part,19066
part,19067
part,19068
part,19069
part,19070
part,19071
part,19072
part,19073
part,19074
part,19075
part,19076
part,19077
part,19078
part,19079
part,19080
part,19081
part,19082
part,19083
part,19084
part,19085
part,19086
part,19087
part,19088
part,19089
part,19090
part,19091
part,19092
part,19093
part,19094
part,19095
part,19096
part,19097
part,19098
part,19099
part,19100
part,19101
part,19102
part,19103
part,19104
part,19105
part,19106
part,19107
part,19108
part,19109
part,19110
part,19111
part,19112
part,19113
part,19114
part,19115
part,19116
part,19117
part,19118
part,19119
part,19120
part,19121
part,19122
part,19123
part,19124
part,19125
part,19126
part,19127
part,19128
part,19129
part,19130
part,19131
part,19132
part,19133
part,19134
part,19135
part,19136
part,19137
part,19138
part,19139
part,19140
part,19141
part,19142
part,19143
part,19144
part,19145
part,19146
part,19147
part,19148
part,19149
part,19150
part,19151
part,19152
part,19153
part,19154
part,19155
part,19156
part,19157
part,19158
part,19159
part,19160
part,19161
part,19162
part,19163
part,19164
part,19165
part,19166
part,19167
part,19168
part,19169
part,19170
part,19171
part,19172
part,19173
part,19174
part,19175
part,19176
part,19177
part,19178
part,19179
part,19180
part,19181
part,19182
part,19183
part,19184
part,19185
part,19186
part,19187
part,19188
part,19189
part,19190
part,19191
part,19192
part,19193
part,19194
part,19195
part,19196
part,19197
part,19198
part,19199
part,19200
part,19201
part,19202
part,19203
part,19204
part,19205
part,19206
part,19207
part,19208
part,19209
part,19210
part,19211
part,19212
part,19213
part,19214
part,19215
part,19216
part,19217
part,19218
part,19219
part,19220
part,19221
part,19222
part,19223
part,19224
part,19225
part,19226
part,19227
part,19228
part,19229
part,19230
part,19231
part,19232
part,19233
part,19234
part,19235
part,19236
part,19237
part,19238
part,19239
part,19240
part,19241
part,19242
part,19243
part,19244
part,19245
part,19246
part,19247
part,19248
part,19249
part,19250
part,19251
part,19252
part,19253
part,19254
part,19255
part,19256
part,19257
part,19258
part,19259
part,19260
part,19261
part,19262
part,19263
part,19264
part,19265
part,19266
part,19267
part,19268
part,19269
part,19270
part,19271
part,19272
part,19273
part,19274
part,19275
part,19276
part,19277
part,19278
part,19279
part,19280
part,19281
part,19282
part,19283
part,19284
part,19285
part,19286
part,19287
part,19288
part,19289
part,19290
part,19291
part,19292
part,19293
part,19294
part,19295
part,19296
part,19297
part,19298
part,19299
part,19300
part,19301
part,19302
part,19303
part,19304
part,19305
part,19306
part,19307
part,19308
part,19309
part,19310
part,19311
part,19312
part,19313
part,19314
part,19315
part,19316
part,19317
part,19318
part,19319
part,19320
part,19321
part,19322
part,19323
part,19324
part,19325
part,19326
part,19327
part,19328
part,19329
part,19330
part,19331
part,19332
part,19333
part,19334
part,19335
part,19336
part,19337
part,19338
part,19339
part,19340
part,19341
part,19342
part,19343
part,19344
part,19345
part,19346
part,19347
part,19348
part,19349
part,19350
part,19351
part,19352
part,19353
part,19354
part,19355
part,19356
part,19357
part,19358
part,19359
part,19360
part,19361
part,19362
part,19363
part,19364
part,19365
part,19366
part,19367
part,19368
part,19369
part,19370
part,19371
part,19372
part,19373
part,19374
part,19375
part,19376
part,19377
part,19378
part,19379
part,19380
part,19381
part,19382
part,19383
part,19384
part,19385
part,19386
part,19387
part,19388
part,19389
part,19390
part,19391
part,19392
part,19393
part,19394
part,19395
part,19396
part,19397
part,19398
part,19399
part,19400
part,19401
part,19402
part,19403
part,19404
part,19405
part,19406
part,19407
part,19408
part,19409
part,19410
part,19411
part,19412
part,19413
part,19414
part,19415
part,19416
part,19417
part,19418
part,19419
part,19420
part,19421
part,19422
part,19423
part,19424
part,19425
part,19426
part,19427
part,19428
part,19429
part,19430
part,19431
part,19432
part,19433
part,19434
part,19435
part,19436
part,19437
part,19438
part,19439
part,19440
part,19441
part,19442
part,19443
part,19444
part,19445
part,19446
part,19447
part,19448
part,19449
part,19450
part,19451
part,19452
part,19453
part,19454
part,19455
part,19456
part,19457
part,19458
part,19459
part,19460
part,19461
part,19462
part,19463
part,19464
part,19465
part,19466
part,19467
part,19468
part,19469
part,19470
part,19471
part,19472
part,19473
part,19474
part,19475
part,19476
part,19477
part,19478
part,19479
part,19480
part,19481
part,19482
part,19483
part,19484
part,19485
part,19486
part,19487
part,19488
part,19489
part,19490
part,19491
part,19492
part,19493
part,19494
part,19495
part,19496
part,19497
part,19498
part,19499
part,19500
part,19501
part,19502
part,19503
part,19504
part,19505
part,19506
part,19507
part,19508
part,19509
part,19510
part,19511
part,19512
part,19513
part,19514
part,19515
part,19516
part,19517
part,19518
part,19519
part,19520
part,19521
part,19522
part,19523
part,19524
part,19525
part,19526
part,19527
part,19528
part,19529
part,19530
part,19531
part,19532
part,19533
part,19534
part,19535
part,19536
part,19537
part,19538
part,19539
part,19540
part,19541
part,19542
part,19543
part,19544
part,19545
part,19546
part,19547
part,19548
part,19549
part,19550
part,19551
part,19552
part,19553
part,19554
part,19555
part,19556
part,19557
part,19558
part,19559
part,19560
part,19561
part,19562
part,19563
part,19564
part,19565
part,19566
part,19567
part,19568
part,19569
part,19570
part,19571
part,19572
part,19573
part,19574
part,19575
part,19576
part,19577
part,19578
part,19579
part,19580
part,19581
part,19582
part,19583
part,19584
part,19585
part,19586
part,19587
part,19588
part,19589
part,19590
part,19591
part,19592
part,19593
part,19594
part,19595
part,19596
part,19597
part,19598
part,19599
part,19600
part,19601
part,19602
part,19603
part,19604
part,19605
part,19606
part,19607
part,19608
part,19609
part,19610
part,19611
part,19612
part,19613
part,19614
part,19615
part,19616
part,19617
part,19618
part,19619
part,19620
part,19621
part,19622
part,19623
part,19624
part,19625
part,19626
part,19627
part,19628
part,19629
part,19630
part,19631
part,19632
part,19633
part,19634
part,19635
part,19636
part,19637
part,19638
part,19639
part,19640
part,19641
part,19642
part,19643
part,19644
part,19645
part,19646
part,19647
part,19648
part,19649
part,19650
part,19651
part,19652
part,19653
part,19654
part,19655
part,19656
part,19657
part,19658
part,19659
part,19660
part,19661
part,19662
part,19663
part,19664
part,19665
part,19666
part,19667
part,19668
part,19669
part,19670
part,19671
part,19672
part,19673
part,19674
part,19675
part,19676
part,19677
part,19678
part,19679
part,19680
part,19681
part,19682
part,19683
part,19684
part,19685
part,19686
part,19687
part,19688
part,19689
part,19690
part,19691
part,19692
part,19693
part,19694
part,19695
part,19696
part,19697
part,19698
part,19699
part,19700
part,19701
part,19702
part,19703
part,19704
part,19705
part,19706
part,19707
part,19708
part,19709
part,19710
part,19711
part,19712
part,19713
part,19714
part,19715
part,19716
part,19717
part,19718
part,19719
part,19720
part,19721
part,19722
part,19723
part,19724
part,19725
part,19726
part,19727
part,19728
part,19729
part,19730
part,19731
part,19732
part,19733
part,19734
part,19735
part,19736
part,19737
part,19738
part,19739
part,19740
part,19741
part,19742
part,19743
part,19744
part,19745
part,19746
part,19747
part,19748
part,19749
part,19750
part,19751
part,19752
part,19753
part,19754
part,19755
part,19756
part,19757
part,19758
part,19759
part,19760
part,19761
part,19762
part,19763
part,19764
part,19765
part,19766
part,19767
part,19768
part,19769
part,19770
part,19771
part,19772
part,19773
part,19774
part,19775
part,19776
part,19777
part,19778
part,19779
part,19780
part,19781
part,19782
part,19783
part,19784
part,19785
part,19786
part,19787
part,19788
part,19789
part,19790
part,19791
part,19792
part,19793
part,19794
part,19795
part,19796
part,19797
part,19798
part,19799
part,19800
part,19801
part,19802
part,19803
part,19804
part,19805
part,19806
part,19807
part,19808
part,19809
part,19810
part,19811
part,19812
part,19813
part,19814
part,19815
part,19816
part,19817
part,19818
part,19819
part,19820
part,19821
part,19822
part,19823
part,19824
part,19825
part,19826
part,19827
part,19828
part,19829
part,19830
part,19831
part,19832
part,19833
part,19834
part,19835
part,19836
part,19837
part,19838
part,19839
part,19840
part,19841
part,19842
part,19843
part,19844
part,19845
part,19846
part,19847
part,19848
part,19849
part,19850
part,19851
part,19852
part,19853
part,19854
part,19855
part,19856
part,19857
part,19858
part,19859
part,19860
part,19861
part,19862
part,19863
part,19864
part,19865
part,19866
part,19867
part,19868
part,19869
part,19870
part,19871
part,19872
part,19873
part,19874
part,19875
part,19876
part,19877
part,19878
part,19879
part,19880
part,19881
part,19882
part,19883
part,19884
part,19885
part,19886
part,19887
part,19888
part,19889
part,19890
part,19891
part,19892
part,19893
part,19894
part,19895
part,19896
part,19897
part,19898
part,19899
part,19900
part,19901
part,19902
part,19903
part,19904
part,19905
part,19906
part,19907
part,19908
part,19909
part,19910
part,19911
part,19912
part,19913
part,19914
part,19915
part,19916
part,19917
part,19918
part,19919
part,19920
part,19921
part,19922
part,19923
part,19924
part,19925
part,19926
part,19927
part,19928
part,19929
part,19930
part,19931
part,19932
part,19933
part,19934
part,19935
part,19936
part,19937
part,19938
part,19939
part,19940
part,19941
part,19942
part,19943
part,19944
part,19945
part,19946
part,19947
part,19948
part,19949
part,19950
part,19951
part,19952
part,19953
part,19954
part,19955
part,19956
part,19957
part,19958
part,19959
part,19960
part,19961
part,19962
part,19963
part,19964
part,19965
part,19966
part,19967
part,19968
part,19969
part,19970
part,19971
part,19972
part,19973
part,19974
part,19975
part,19976
part,19977
part,19978
part,19979
part,19980
part,19981
part,19982
part,19983
part,19984
part,19985
part,19986
part,19987
part,19988
part,19989
part,19990
part,19991
part,19992
part,19993
part,19994
part,19995
part,19996
part,19997
part,19998
part,19999
part,20000
part,20001
part,20002
part,20003
part,20004
part,20005
part,20006
part,20007
part,20008
part,20009
part,20010
part,20011
part,20012
part,20013
part,20014
part,20015
part,20016
part,20017
part,20018
part,20019
part,20020
part,20021
part,20022
part,20023
part,20024
part,20025
part,20026
part,20027
part,20028
part,20029
part,20030
part,20031
part,20032
part,20033
part,20034
part,20035
part,20036
part,20037
part,20038
part,20039
part,20040
part,20041
part,20042
part,20043
part,20044
part,20045
part,20046
part,20047
part,20048
part,20049
part,20050
part,20051
part,20052
part,20053
part,20054
part,20055
part,20056
part,20057
part,20058
part,20059
part,20060
part,20061
part,20062
part,20063
part,20064
part,20065
part,20066
part,20067
part,20068
part,20069
part,20070
part,20071
part,20072
part,20073
part,20074
part,20075
part,20076
part,20077
part,20078
part,20079
part,20080
part,20081
part,20082
part,20083
part,20084
part,20085
part,20086
part,20087
part,20088
part,20089
part,20090
part,20091
part,20092
part,20093
part,20094
part,20095
part,20096
part,20097
part,20098
part,20099
part,20100
part,20101
part,20102
part,20103
part,20104
part,20105
part,20106
part,20107
part,20108
part,20109
part,20110
part,20111
part,20112
part,20113
part,20114
part,20115
part,20116
part,20117
part,20118
part,20119
part,20120
part,20121
part,20122
part,20123
part,20124
part,20125
part,20126
part,20127
part,20128
part,20129
part,20130
part,20131
part,20132
part,20133
part,20134
part,20135
part,20136
part,20137
part,20138
part,20139
part,20140
part,20141
part,20142
part,20143
part,20144
part,20145
part,20146
part,20147
part,20148
part,20149
part,20150
part,20151
part,20152
part,20153
part,20154
part,20155
part,20156
part,20157
part,20158
part,20159
part,20160
part,20161
part,20162
part,20163
part,20164
part,20165
part,20166
part,20167
part,20168
part,20169
part,20170
part,20171
part,20172
part,20173
part,20174
part,20175
part,20176
part,20177
part,20178
part,20179
part,20180
part,20181
part,20182
part,20183
part,20184
part,20185
part,20186
part,20187
part,20188
part,20189
part,20190
part,20191
part,20192
part,20193
part,20194
part,20195
part,20196
part,20197
part,20198
part,20199
part,20200
part,20201
part,20202
part,20203
part,20204
part,20205
part,20206
part,20207
part,20208
part,20209
part,20210
part,20211
part,20212
part,20213
part,20214
part,20215
part,20216
part,20217
part,20218
part,20219
part,20220
part,20221
part,20222
part,20223
part,20224
part,20225
part,20226
part,20227
part,20228
part,20229
part,20230
part,20231
part,20232
part,20233
part,20234
part,20235
part,20236
part,20237
part,20238
part,20239
part,20240
part,20241
part,20242
part,20243
part,20244
part,20245
part,20246
part,20247
part,20248
part,20249
part,20250
part,20251
part,20252
part,20253
part,20254
part,20255
part,20256
part,20257
part,20258
part,20259
part,20260
part,20261
part,20262
part,20263
part,20264
part,20265
part,20266
part,20267
part,20268
part,20269
part,20270
part,20271
part,20272
part,20273
part,20274
part,20275
part,20276
part,20277
part,20278
part,20279
part,20280
part,20281
part,20282
part,20283
part,20284
part,20285
part,20286
part,20287
part,20288
part,20289
part,20290
part,20291
part,20292
part,20293
part,20294
part,20295
part,20296
part,20297
part,20298
part,20299
part,20300
part,20301
part,20302
part,20303
part,20304
part,20305
part,20306
part,20307
part,20308
part,20309
part,20310
part,20311
part,20312
part,20313
part,20314
part,20315
part,20316
part,20317
part,20318
part,20319
part,20320
part,20321
part,20322
part,20323
part,20324
part,20325
part,20326
part,20327
part,20328
part,20329
part,20330
part,20331
part,20332
part,20333
part,20334
part,20335
part,20336
part,20337
part,20338
part,20339
part,20340
part,20341
part,20342
part,20343
part,20344
part,20345
part,20346
part,20347
part,20348
part,20349
part,20350
part,20351
part,20352
part,20353
part,20354
part,20355
part,20356
part,20357
part,20358
part,20359
part,20360
part,20361
part,20362
part,20363
part,20364
part,20365
part,20366
part,20367
part,20368
part,20369
part,20370
part,20371
part,20372
part,20373
part,20374
part,20375
part,20376
part,20377
part,20378
part,20379
part,20380
part,20381
part,20382
part,20383
part,20384
part,20385
part,20386
part,20387
part,20388
part,20389
part,20390
part,20391
part,20392
part,20393
part,20394
part,20395
part,20396
part,20397
part,20398
part,20399
part,20400
part,20401
part,20402
part,20403
part,20404
part,20405
part,20406
part,20407
part,20408
part,20409
part,20410
part,20411
part,20412
part,20413
part,20414
part,20415
part,20416
part,20417
part,20418
part,20419
part,20420
part,20421
part,20422
part,20423
part,20424
part,20425
part,20426
part,20427
part,20428
part,20429
part,20430
part,20431
part,20432
part,20433
part,20434
part,20435
part,20436
part,20437
part,20438
part,20439
part,20440
part,20441
part,20442
part,20443
part,20444
part,20445
part,20446
part,20447
part,20448
part,20449
part,20450
part,20451
part,20452
part,20453
part,20454
part,20455
part,20456
part,20457
part,20458
part,20459
part,20460
part,20461
part,20462
part,20463
part,20464
part,20465
part,20466
part,20467
part,20468
part,20469
part,20470
part,20471
part,20472
part,20473
part,20474
part,20475
part,20476
part,20477
part,20478
part,20479
part,20480
part,20481
part,20482
part,20483
part,20484
part,20485
part,20486
part,20487
part,20488
part,20489
part,20490
part,20491
part,20492
part,20493
part,20494
part,20495
part,20496
part,20497
part,20498
part,20499
part,20500
part,20501
part,20502
part,20503
part,20504
part,20505
part,20506
part,20507
part,20508
part,20509
part,20510
part,20511
part,20512
part,20513
part,20514
part,20515
part,20516
part,20517
part,20518
part,20519
part,20520
part,20521
part,20522
part,20523
part,20524
part,20525
part,20526
part,20527
part,20528
part,20529
part,20530
part,20531
part,20532
part,20533
part,20534
part,20535
part,20536
part,20537
part,20538
part,20539
part,20540
part,20541
part,20542
part,20543
part,20544
part,20545
part,20546
part,20547
part,20548
part,20549
part,20550
part,20551
part,20552
part,20553
part,20554
part,20555
part,20556
part,20557
part,20558
part,20559
part,20560
part,20561
part,20562
part,20563
part,20564
part,20565
part,20566
part,20567
part,20568
part,20569
part,20570
part,20571
part,20572
part,20573
part,20574
part,20575
part,20576
part,20577
part,20578
part,20579
part,20580
part,20581
part,20582
part,20583
part,20584
part,20585
part,20586
part,20587
part,20588
part,20589
part,20590
part,20591
part,20592
part,20593
part,20594
part,20595
part,20596
part,20597
part,20598
part,20599
part,20600
part,20601
part,20602
part,20603
part,20604
part,20605
part,20606
part,20607
part,20608
part,20609
part,20610
part,20611
part,20612
part,20613
part,20614
part,20615
part,20616
part,20617
part,20618
part,20619
part,20620
part,20621
part,20622
part,20623
part,20624
part,20625
part,20626
part,20627
part,20628
part,20629
part,20630
part,20631
part,20632
part,20633
part,20634
part,20635
part,20636
part,20637
part,20638
part,20639
part,20640
part,20641
part,20642
part,20643
part,20644
part,20645
part,20646
part,20647
part,20648
part,20649
part,20650
part,20651
part,20652
part,20653
part,20654
part,20655
part,20656
part,20657
part,20658
part,20659
part,20660
part,20661
part,20662
part,20663
part,20664
part,20665
part,20666
part,20667
part,20668
part,20669
part,20670
part,20671
part,20672
part,20673
part,20674
part,20675
part,20676
part,20677
part,20678
part,20679
part,20680
part,20681
part,20682
part,20683
part,20684
part,20685
part,20686
part,20687
part,20688
part,20689
part,20690
part,20691
part,20692
part,20693
part,20694
part,20695
part,20696
part,20697
part,20698
part,20699
part,20700
part,20701
part,20702
part,20703
part,20704
part,20705
part,20706
part,20707
part,20708
part,20709
part,20710
part,20711
part,20712
part,20713
part,20714
part,20715
part,20716
part,20717
part,20718
part,20719
part,20720
part,20721
part,20722
part,20723
part,20724
part,20725
part,20726
part,20727
part,20728
part,20729
part,20730
part,20731
part,20732
part,20733
part,20734
part,20735
part,20736
part,20737
part,20738
part,20739
part,20740
part,20741
part,20742
part,20743
part,20744
part,20745
part,20746
part,20747
part,20748
part,20749
part,20750
part,20751
part,20752
part,20753
part,20754
part,20755
part,20756
part,20757
part,20758
part,20759
part,20760
part,20761
part,20762
part,20763
part,20764
part,20765
part,20766
part,20767
part,20768
part,20769
part,20770
part,20771
part,20772
part,20773
part,20774
part,20775
part,20776
part,20777
part,20778
part,20779
part,20780
part,20781
part,20782
part,20783
part,20784
part,20785
part,20786
part,20787
part,20788
part,20789
part,20790
part,20791
part,20792
part,20793
part,20794
part,20795
part,20796
part,20797
part,20798
part,20799
part,20800
part,20801
part,20802
part,20803
part,20804
part,20805
part,20806
part,20807
part,20808
part,20809
part,20810
part,20811
part,20812
part,20813
part,20814
part,20815
part,20816
part,20817
part,20818
part,20819
part,20820
part,20821
part,20822
part,20823
part,20824
part,20825
part,20826
part,20827
part,20828
part,20829
part,20830
part,20831
part,20832
part,20833
part,20834
part,20835
part,20836
part,20837
part,20838
part,20839
part,20840
part,20841
part,20842
part,20843
part,20844
part,20845
part,20846
part,20847
part,20848
part,20849
part,20850
part,20851
part,20852
part,20853
part,20854
part,20855
part,20856
part,20857
part,20858
part,20859
part,20860
part,20861
part,20862
part,20863
part,20864
part,20865
part,20866
part,20867
part,20868
part,20869
part,20870
part,20871
part,20872
part,20873
part,20874
part,20875
part,20876
part,20877
part,20878
part,20879
part,20880
part,20881
part,20882
part,20883
part,20884
part,20885
part,20886
part,20887
part,20888
part,20889
part,20890
part,20891
part,20892
part,20893
part,20894
part,20895
part,20896
part,20897
part,20898
part,20899
part,20900
part,20901
part,20902
part,20903
part,20904
part,20905
part,20906
part,20907
part,20908
part,20909
part,20910
part,20911
part,20912
part,20913
part,20914
part,20915
part,20916
part,20917
part,20918
part,20919
part,20920
part,20921
part,20922
part,20923
part,20924
part,20925
part,20926
part,20927
part,20928
part,20929
part,20930
part,20931
part,20932
part,20933
part,20934
part,20935
part,20936
part,20937
part,20938
part,20939
part,20940
part,20941
part,20942
part,20943
part,20944
part,20945
part,20946
part,20947
part,20948
part,20949
part,20950
part,20951
part,20952
part,20953
part,20954
part,20955
part,20956
part,20957
part,20958
part,20959
part,20960
part,20961
part,20962
part,20963
part,20964
part,20965
part,20966
part,20967
part,20968
part,20969
part,20970
part,20971
part,20972
part,20973
part,20974
part,20975
part,20976
part,20977
part,20978
part,20979
part,20980
part,20981
part,20982
part,20983
part,20984
part,20985
part,20986
part,20987
part,20988
part,20989
part,20990
part,20991
part,20992
part,20993
part,20994
part,20995
part,20996
part,20997
part,20998
part,20999
part,21000
part,21001
part,21002
part,21003
part,21004
part,21005
part,21006
part,21007
part,21008
part,21009
part,21010
part,21011
part,21012
part,21013
part,21014
part,21015
part,21016
part,21017
part,21018
part,21019
part,21020
part,21021
part,21022
part,21023
part,21024
part,21025
part,21026
part,21027
part,21028
part,21029
part,21030
part,21031
part,21032
part,21033
part,21034
part,21035
part,21036
part,21037
part,21038
part,21039
part,21040
part,21041
part,21042
part,21043
part,21044
part,21045
part,21046
part,21047
part,21048
part,21049
part,21050
part,21051
part,21052
part,21053
part,21054
part,21055
part,21056
part,21057
part,21058
part,21059
part,21060
part,21061
part,21062
part,21063
part,21064
part,21065
part,21066
part,21067
part,21068
part,21069
part,21070
part,21071
part,21072
part,21073
part,21074
part,21075
part,21076
part,21077
part,21078
part,21079
part,21080
part,21081
part,21082
part,21083
part,21084
part,21085
part,21086
part,21087
part,21088
part,21089
part,21090
part,21091
part,21092
part,21093
part,21094
part,21095
part,21096
part,21097
part,21098
part,21099
part,21100
part,21101
part,21102
part,21103
part,21104
part,21105
part,21106
part,21107
part,21108
part,21109
part,21110
part,21111
part,21112
part,21113
part,21114
part,21115
part,21116
part,21117
part,21118
part,21119
part,21120
part,21121
part,21122
part,21123
part,21124
part,21125
part,21126
part,21127
part,21128
part,21129
part,21130
part,21131
part,21132
part,21133
part,21134
part,21135
part,21136
part,21137
part,21138
part,21139
part,21140
part,21141
part,21142
part,21143
part,21144
part,21145
part,21146
part,21147
part,21148
part,21149
part,21150
part,21151
part,21152
part,21153
part,21154
part,21155
part,21156
part,21157
part,21158
part,21159
part,21160
part,21161
part,21162
part,21163
part,21164
part,21165
part,21166
part,21167
part,21168
part,21169
part,21170
part,21171
part,21172
part,21173
part,21174
part,21175
part,21176
part,21177
part,21178
part,21179
part,21180
part,21181
part,21182
part,21183
part,21184
part,21185
part,21186
part,21187
part,21188
part,21189
part,21190
part,21191
part,21192
part,21193
part,21194
part,21195
part,21196
part,21197
part,21198
part,21199
part,21200
part,21201
part,21202
part,21203
part,21204
part,21205
part,21206
part,21207
part,21208
part,21209
part,21210
part,21211
part,21212
part,21213
part,21214
part,21215
part,21216
part,21217
part,21218
part,21219
part,21220
part,21221
part,21222
part,21223
part,21224
part,21225
part,21226
part,21227
part,21228
part,21229
part,21230
part,21231
part,21232
part,21233
part,21234
part,21235
part,21236
part,21237
part,21238
part,21239
part,21240
part,21241
part,21242
part,21243
part,21244
part,21245
part,21246
part,21247
part,21248
part,21249
part,21250
part,21251
part,21252
part,21253
part,21254
part,21255
part,21256
part,21257
part,21258
part,21259
part,21260
part,21261
part,21262
part,21263
part,21264
part,21265
part,21266
part,21267
part,21268
part,21269
part,21270
part,21271
part,21272
part,21273
part,21274
part,21275
part,21276
part,21277
part,21278
part,21279
part,21280
part,21281
part,21282
part,21283
part,21284
part,21285
part,21286
part,21287
part,21288
part,21289
part,21290
part,21291
part,21292
part,21293
part,21294
part,21295
part,21296
part,21297
part,21298
part,21299
part,21300
part,21301
part,21302
part,21303
part,21304
part,21305
part,21306
part,21307
part,21308
part,21309
part,21310
part,21311
part,21312
part,21313
part,21314
part,21315
part,21316
part,21317
part,21318
part,21319
part,21320
part,21321
part,21322
part,21323
part,21324
part,21325
part,21326
part,21327
part,21328
part,21329
part,21330
part,21331
part,21332
part,21333
part,21334
part,21335
part,21336
part,21337
part,21338
part,21339
part,21340
part,21341
part,21342
part,21343
part,21344
part,21345
part,21346
part,21347
part,21348
part,21349
part,21350
part,21351
part,21352
part,21353
part,21354
part,21355
part,21356
part,21357
part,21358
part,21359
part,21360
part,21361
part,21362
part,21363
part,21364
part,21365
part,21366
part,21367
part,21368
part,21369
part,21370
part,21371
part,21372
part,21373
part,21374
part,21375
part,21376
part,21377
part,21378
part,21379
part,21380
part,21381
part,21382
part,21383
part,21384
part,21385
part,21386
part,21387
part,21388
part,21389
part,21390
part,21391
part,21392
part,21393
part,21394
part,21395
part,21396
part,21397
part,21398
part,21399
part,21400
part,21401
part,21402
part,21403
part,21404
part,21405
part,21406
part,21407
part,21408
part,21409
part,21410
part,21411
part,21412
part,21413
part,21414
part,21415
part,21416
part,21417
part,21418
part,21419
part,21420
part,21421
part,21422
part,21423
part,21424
part,21425
part,21426
part,21427
part,21428
part,21429
part,21430
part,21431
part,21432
part,21433
part,21434
part,21435
part,21436
part,21437
part,21438
part,21439
part,21440
part,21441
part,21442
part,21443
part,21444
part,21445
part,21446
part,21447
part,21448
part,21449
part,21450
part,21451
part,21452
part,21453
part,21454
part,21455
part,21456
part,21457
part,21458
part,21459
part,21460
part,21461
part,21462
part,21463
part,21464
part,21465
part,21466
part,21467
part,21468
part,21469
part,21470
part,21471
part,21472
part,21473
part,21474
part,21475
part,21476
part,21477
part,21478
part,21479
part,21480
part,21481
part,21482
part,21483
part,21484
part,21485
part,21486
part,21487
part,21488
part,21489
part,21490
part,21491
part,21492
part,21493
part,21494
part,21495
part,21496
part,21497
part,21498
part,21499
part,21500
part,21501
part,21502
part,21503
part,21504
part,21505
part,21506
part,21507
part,21508
part,21509
part,21510
part,21511
part,21512
part,21513
part,21514
part,21515
part,21516
part,21517
part,21518
part,21519
part,21520
part,21521
part,21522
part,21523
part,21524
part,21525
part,21526
part,21527
part,21528
part,21529
part,21530
part,21531
part,21532
part,21533
part,21534
part,21535
part,21536
part,21537
part,21538
part,21539
part,21540
part,21541
part,21542
part,21543
part,21544
part,21545
part,21546
part,21547
part,21548
part,21549
part,21550
part,21551
part,21552
part,21553
part,21554
part,21555
part,21556
part,21557
part,21558
part,21559
part,21560
part,21561
part,21562
part,21563
part,21564
part,21565
part,21566
part,21567
part,21568
part,21569
part,21570
part,21571
part,21572
part,21573
part,21574
part,21575
part,21576
part,21577
part,21578
part,21579
part,21580
part,21581
part,21582
part,21583
part,21584
part,21585
part,21586
part,21587
part,21588
part,21589
part,21590
part,21591
part,21592
part,21593
part,21594
part,21595
part,21596
part,21597
part,21598
part,21599
part,21600
part,21601
part,21602
part,21603
part,21604
part,21605
part,21606
part,21607
part,21608
part,21609
part,21610
part,21611
part,21612
part,21613
part,21614
part,21615
part,21616
part,21617
part,21618
part,21619
part,21620
part,21621
part,21622
part,21623
part,21624
part,21625
part,21626
part,21627
part,21628
part,21629
part,21630
part,21631
part,21632
part,21633
part,21634
part,21635
part,21636
part,21637
part,21638
part,21639
part,21640
part,21641
part,21642
part,21643
part,21644
part,21645
part,21646
part,21647
part,21648
part,21649
part,21650
part,21651
part,21652
part,21653
part,21654
part,21655
part,21656
part,21657
part,21658
part,21659
part,21660
part,21661
part,21662
part,21663
part,21664
part,21665
part,21666
part,21667
part,21668
part,21669
part,21670
part,21671
part,21672
part,21673
part,21674
part,21675
part,21676
part,21677
part,21678
part,21679
part,21680
part,21681
part,21682
part,21683
part,21684
part,21685
part,21686
part,21687
part,21688
part,21689
part,21690
part,21691
part,21692
part,21693
part,21694
part,21695
part,21696
part,21697
part,21698
part,21699
part,21700
part,21701
part,21702
part,21703
part,21704
part,21705
part,21706
part,21707
part,21708
part,21709
part,21710
part,21711
part,21712
part,21713
part,21714
part,21715
part,21716
part,21717
part,21718
part,21719
part,21720
part,21721
part,21722
part,21723
part,21724
part,21725
part,21726
part,21727
part,21728
part,21729
part,21730
part,21731
part,21732
part,21733
part,21734
part,21735
part,21736
part,21737
part,21738
part,21739
part,21740
part,21741
part,21742
part,21743
part,21744
part,21745
part,21746
part,21747
part,21748
part,21749
part,21750
part,21751
part,21752
part,21753
part,21754
part,21755
part,21756
part,21757
part,21758
part,21759
part,21760
part,21761
part,21762
part,21763
part,21764
part,21765
part,21766
part,21767
part,21768
part,21769
part,21770
part,21771
part,21772
part,21773
part,21774
part,21775
part,21776
part,21777
part,21778
part,21779
part,21780
part,21781
part,21782
part,21783
part,21784
part,21785
part,21786
part,21787
part,21788
part,21789
part,21790
part,21791
part,21792
part,21793
part,21794
part,21795
part,21796
part,21797
part,21798
part,21799
part,21800
part,21801
part,21802
part,21803
part,21804
part,21805
part,21806
part,21807
part,21808
part,21809
part,21810
part,21811
part,21812
part,21813
part,21814
part,21815
part,21816
part,21817
part,21818
part,21819
part,21820
part,21821
part,21822
part,21823
part,21824
part,21825
part,21826
part,21827
part,21828
part,21829
part,21830
part,21831
part,21832
part,21833
part,21834
part,21835
part,21836
part,21837
part,21838
part,21839
part,21840
part,21841
part,21842
part,21843
part,21844
part,21845
part,21846
part,21847
part,21848
part,21849
part,21850
part,21851
part,21852
part,21853
part,21854
part,21855
part,21856
part,21857
part,21858
part,21859
part,21860
part,21861
part,21862
part,21863
part,21864
part,21865
part,21866
part,21867
part,21868
part,21869
part,21870
part,21871
part,21872
part,21873
part,21874
part,21875
part,21876
part,21877
part,21878
part,21879
part,21880
part,21881
part,21882
part,21883
part,21884
part,21885
part,21886
part,21887
part,21888
part,21889
part,21890
part,21891
part,21892
part,21893
part,21894
part,21895
part,21896
part,21897
part,21898
part,21899
part,21900
part,21901
part,21902
part,21903
part,21904
part,21905
part,21906
part,21907
part,21908
part,21909
part,21910
part,21911
part,21912
part,21913
part,21914
part,21915
part,21916
part,21917
part,21918
part,21919
part,21920
part,21921
part,21922
part,21923
part,21924
part,21925
part,21926
part,21927
part,21928
part,21929
part,21930
part,21931
part,21932
part,21933
part,21934
part,21935
part,21936
part,21937
part,21938
part,21939
part,21940
part,21941
part,21942
part,21943
part,21944
part,21945
part,21946
part,21947
part,21948
part,21949
part,21950
part,21951
part,21952
part,21953
part,21954
part,21955
part,21956
part,21957
part,21958
part,21959
part,21960
part,21961
part,21962
part,21963
part,21964
part,21965
part,21966
part,21967
part,21968
part,21969
part,21970
part,21971
part,21972
part,21973
part,21974
part,21975
part,21976
part,21977
part,21978
part,21979
part,21980
part,21981
part,21982
part,21983
part,21984
part,21985
part,21986
part,21987
part,21988
part,21989
part,21990
part,21991
part,21992
part,21993
part,21994
part,21995
part,21996
part,21997
part,21998
part,21999
part,22000
part,22001
part,22002
part,22003
part,22004
part,22005
part,22006
part,22007
part,22008
part,22009
part,22010
part,22011
part,22012
part,22013
part,22014
part,22015
part,22016
part,22017
part,22018
part,22019
part,22020
part,22021
part,22022
part,22023
part,22024
part,22025
part,22026
part,22027
part,22028
part,22029
part,22030
part,22031
part,22032
part,22033
part,22034
part,22035
part,22036
part,22037
part,22038
part,22039
part,22040
part,22041
part,22042
part,22043
part,22044
part,22045
part,22046
part,22047
part,22048
part,22049
part,22050
part,22051
part,22052
part,22053
part,22054
part,22055
part,22056
part,22057
part,22058
part,22059
part,22060
part,22061
part,22062
part,22063
part,22064
part,22065
part,22066
part,22067
part,22068
part,22069
part,22070
part,22071
part,22072
part,22073
part,22074
part,22075
part,22076
part,22077
part,22078
part,22079
part,22080
part,22081
part,22082
part,22083
part,22084
part,22085
part,22086
part,22087
part,22088
part,22089
part,22090
part,22091
part,22092
part,22093
part,22094
part,22095
part,22096
part,22097
part,22098
part,22099
part,22100
part,22101
part,22102
part,22103
part,22104
part,22105
part,22106
part,22107
part,22108
part,22109
part,22110
part,22111
part,22112
part,22113
part,22114
part,22115
part,22116
part,22117
part,22118
part,22119
part,22120
part,22121
part,22122
part,22123
part,22124
part,22125
part,22126
part,22127
part,22128
part,22129
part,22130
part,22131
part,22132
part,22133
part,22134
part,22135
part,22136
part,22137
part,22138
part,22139
part,22140
part,22141
part,22142
part,22143
part,22144
part,22145
part,22146
part,22147
part,22148
part,22149
part,22150
part,22151
part,22152
part,22153
part,22154
part,22155
part,22156
part,22157
part,22158
part,22159
part,22160
part,22161
part,22162
part,22163
part,22164
part,22165
part,22166
part,22167
part,22168
part,22169
part,22170
part,22171
part,22172
part,22173
part,22174
part,22175
part,22176
part,22177
part,22178
part,22179
part,22180
part,22181
part,22182
part,22183
part,22184
part,22185
part,22186
part,22187
part,22188
part,22189
part,22190
part,22191
part,22192
part,22193
part,22194
part,22195
part,22196
part,22197
part,22198
part,22199
part,22200
part,22201
part,22202
part,22203
part,22204
part,22205
part,22206
part,22207
part,22208
part,22209
part,22210
part,22211
part,22212
part,22213
part,22214
part,22215
part,22216
part,22217
part,22218
part,22219
part,22220
part,22221
part,22222
part,22223
part,22224
part,22225
part,22226
part,22227
part,22228
part,22229
part,22230
part,22231
part,22232
part,22233
part,22234
part,22235
part,22236
part,22237
part,22238
part,22239
part,22240
part,22241
part,22242
part,22243
part,22244
part,22245
part,22246
part,22247
part,22248
part,22249
part,22250
part,22251
part,22252
part,22253
part,22254
part,22255
part,22256
part,22257
part,22258
part,22259
part,22260
part,22261
part,22262
part,22263
part,22264
part,22265
part,22266
part,22267
part,22268
part,22269
part,22270
part,22271
part,22272
part,22273
part,22274
part,22275
part,22276
part,22277
part,22278
part,22279
part,22280
part,22281
part,22282
part,22283
part,22284
part,22285
part,22286
part,22287
part,22288
part,22289
part,22290
part,22291
part,22292
part,22293
part,22294
part,22295
part,22296
part,22297
part,22298
part,22299
part,22300
part,22301
part,22302
part,22303
part,22304
part,22305
part,22306
part,22307
part,22308
part,22309
part,22310
part,22311
part,22312
part,22313
part,22314
part,22315
part,22316
part,22317
part,22318
part,22319
part,22320
part,22321
part,22322
part,22323
part,22324
part,22325
part,22326
part,22327
part,22328
part,22329
part,22330
part,22331
part,22332
part,22333
part,22334
part,22335
part,22336
part,22337
part,22338
part,22339
part,22340
part,22341
part,22342
part,22343
part,22344
part,22345
part,22346
part,22347
part,22348
part,22349
part,22350
part,22351
part,22352
part,22353
part,22354
part,22355
part,22356
part,22357
part,22358
part,22359
part,22360
part,22361
part,22362
part,22363
part,22364
part,22365
part,22366
part,22367
part,22368
part,22369
part,22370
part,22371
part,22372
part,22373
part,22374
part,22375
part,22376
part,22377
part,22378
part,22379
part,22380
part,22381
part,22382
part,22383
part,22384
part,22385
part,22386
part,22387
part,22388
part,22389
part,22390
part,22391
part,22392
part,22393
part,22394
part,22395
part,22396
part,22397
part,22398
part,22399
part,22400
part,22401
part,22402
part,22403
part,22404
part,22405
part,22406
part,22407
part,22408
part,22409
part,22410
part,22411
part,22412
part,22413
part,22414
part,22415
part,22416
part,22417
part,22418
part,22419
part,22420
part,22421
part,22422
part,22423
part,22424
part,22425
part,22426
part,22427
part,22428
part,22429
part,22430
part,22431
part,22432
part,22433
part,22434
part,22435
part,22436
part,22437
part,22438
part,22439
part,22440
part,22441
part,22442
part,22443
part,22444
part,22445
part,22446
part,22447
part,22448
part,22449
part,22450
part,22451
part,22452
part,22453
part,22454
part,22455
part,22456
part,22457
part,22458
part,22459
part,22460
part,22461
part,22462
part,22463
part,22464
part,22465
part,22466
part,22467
part,22468
part,22469
part,22470
part,22471
part,22472
part,22473
part,22474
part,22475
part,22476
part,22477
part,22478
part,22479
part,22480
part,22481
part,22482
part,22483
part,22484
part,22485
part,22486
part,22487
part,22488
part,22489
part,22490
part,22491
part,22492
part,22493
part,22494
part,22495
part,22496
part,22497
part,22498
part,22499
part,22500
part,22501
part,22502
part,22503
part,22504
part,22505
part,22506
part,22507
part,22508
part,22509
part,22510
part,22511
part,22512
part,22513
part,22514
part,22515
part,22516
part,22517
part,22518
part,22519
part,22520
part,22521
part,22522
part,22523
part,22524
part,22525
part,22526
part,22527
part,22528
part,22529
part,22530
part,22531
part,22532
part,22533
part,22534
part,22535
part,22536
part,22537
part,22538
part,22539
part,22540
part,22541
part,22542
part,22543
part,22544
part,22545
part,22546
part,22547
part,22548
part,22549
part,22550
part,22551
part,22552
part,22553
part,22554
part,22555
part,22556
part,22557
part,22558
part,22559
part,22560
part,22561
part,22562
part,22563
part,22564
part,22565
part,22566
part,22567
part,22568
part,22569
part,22570
part,22571
part,22572
part,22573
part,22574
part,22575
part,22576
part,22577
part,22578
part,22579
part,22580
part,22581
part,22582
part,22583
part,22584
part,22585
part,22586
part,22587
part,22588
part,22589
part,22590
part,22591
part,22592
part,22593
part,22594
part,22595
part,22596
part,22597
part,22598
part,22599
part,22600
part,22601
part,22602
part,22603
part,22604
part,22605
part,22606
part,22607
part,22608
part,22609
part,22610
part,22611
part,22612
part,22613
part,22614
part,22615
part,22616
part,22617
part,22618
part,22619
part,22620
part,22621
part,22622
part,22623
part,22624
part,22625
part,22626
part,22627
part,22628
part,22629
part,22630
part,22631
part,22632
part,22633
part,22634
part,22635
part,22636
part,22637
part,22638
part,22639
part,22640
part,22641
part,22642
part,22643
part,22644
part,22645
part,22646
part,22647
part,22648
part,22649
part,22650
part,22651
part,22652
part,22653
part,22654
part,22655
part,22656
part,22657
part,22658
part,22659
part,22660
part,22661
part,22662
part,22663
part,22664
part,22665
part,22666
part,22667
part,22668
part,22669
part,22670
part,22671
part,22672
part,22673
part,22674
part,22675
part,22676
part,22677
part,22678
part,22679
part,22680
part,22681
part,22682
part,22683
part,22684
part,22685
part,22686
part,22687
part,22688
part,22689
part,22690
part,22691
part,22692
part,22693
part,22694
part,22695
part,22696
part,22697
part,22698
part,22699
part,22700
part,22701
part,22702
part,22703
part,22704
part,22705
part,22706
part,22707
part,22708
part,22709
part,22710
part,22711
part,22712
part,22713
part,22714
part,22715
part,22716
part,22717
part,22718
part,22719
part,22720
part,22721
part,22722
part,22723
part,22724
part,22725
part,22726
part,22727
part,22728
part,22729
part,22730
part,22731
part,22732
part,22733
part,22734
part,22735
part,22736
part,22737
part,22738
part,22739
part,22740
part,22741
part,22742
part,22743
part,22744
part,22745
part,22746
part,22747
part,22748
part,22749
part,22750
part,22751
part,22752
part,22753
part,22754
part,22755
part,22756
part,22757
part,22758
part,22759
part,22760
part,22761
part,22762
part,22763
part,22764
part,22765
part,22766
part,22767
part,22768
part,22769
part,22770
part,22771
part,22772
part,22773
part,22774
part,22775
part,22776
part,22777
part,22778
part,22779
part,22780
part,22781
part,22782
part,22783
part,22784
part,22785
part,22786
part,22787
part,22788
part,22789
part,22790
part,22791
part,22792
part,22793
part,22794
part,22795
part,22796
part,22797
part,22798
part,22799
part,22800
part,22801
part,22802
part,22803
part,22804
part,22805
part,22806
part,22807
part,22808
part,22809
part,22810
part,22811
part,22812
part,22813
part,22814
part,22815
part,22816
part,22817
part,22818
part,22819
part,22820
part,22821
part,22822
part,22823
part,22824
part,22825
part,22826
part,22827
part,22828
part,22829
part,22830
part,22831
part,22832
part,22833
part,22834
part,22835
part,22836
part,22837
part,22838
part,22839
part,22840
part,22841
part,22842
part,22843
part,22844
part,22845
part,22846
part,22847
part,22848
part,22849
part,22850
part,22851
part,22852
part,22853
part,22854
part,22855
part,22856
part,22857
part,22858
part,22859
part,22860
part,22861
part,22862
part,22863
part,22864
part,22865
part,22866
part,22867
part,22868
part,22869
part,22870
part,22871
part,22872
part,22873
part,22874
part,22875
part,22876
part,22877
part,22878
part,22879
part,22880
part,22881
part,22882
part,22883
part,22884
part,22885
part,22886
part,22887
part,22888
part,22889
part,22890
part,22891
part,22892
part,22893
part,22894
part,22895
part,22896
part,22897
part,22898
part,22899
part,22900
part,22901
part,22902
part,22903
part,22904
part,22905
part,22906
part,22907
part,22908
part,22909
part,22910
part,22911
part,22912
part,22913
part,22914
part,22915
part,22916
part,22917
part,22918
part,22919
part,22920
part,22921
part,22922
part,22923
part,22924
part,22925
part,22926
part,22927
part,22928
part,22929
part,22930
part,22931
part,22932
part,22933
part,22934
part,22935
part,22936
part,22937
part,22938
part,22939
part,22940
part,22941
part,22942
part,22943
part,22944
part,22945
part,22946
part,22947
part,22948
part,22949
part,22950
part,22951
part,22952
part,22953
part,22954
part,22955
part,22956
part,22957
part,22958
part,22959
part,22960
part,22961
part,22962
part,22963
part,22964
part,22965
part,22966
part,22967
part,22968
part,22969
part,22970
part,22971
part,22972
part,22973
part,22974
part,22975
part,22976
part,22977
part,22978
part,22979
part,22980
part,22981
part,22982
part,22983
part,22984
part,22985
part,22986
part,22987
part,22988
part,22989
part,22990
part,22991
part,22992
part,22993
part,22994
part,22995
part,22996
part,22997
part,22998
part,22999
part,23000
part,23001
part,23002
part,23003
part,23004
part,23005
part,23006
part,23007
part,23008
part,23009
part,23010
part,23011
part,23012
part,23013
part,23014
part,23015
part,23016
part,23017
part,23018
part,23019
part,23020
part,23021
part,23022
part,23023
part,23024
part,23025
part,23026
part,23027
part,23028
part,23029
part,23030
part,23031
part,23032
part,23033
part,23034
part,23035
part,23036
part,23037
part,23038
part,23039
part,23040
part,23041
part,23042
part,23043
part,23044
part,23045
part,23046
part,23047
part,23048
part,23049
part,23050
part,23051
part,23052
part,23053
part,23054
part,23055
part,23056
part,23057
part,23058
part,23059
part,23060
part,23061
part,23062
part,23063
part,23064
part,23065
part,23066
part,23067
part,23068
part,23069
part,23070
part,23071
part,23072
part,23073
part,23074
part,23075
part,23076
part,23077
part,23078
part,23079
part,23080
part,23081
part,23082
part,23083
part,23084
part,23085
part,23086
part,23087
part,23088
part,23089
part,23090
part,23091
part,23092
part,23093
part,23094
part,23095
part,23096
part,23097
part,23098
part,23099
part,23100
part,23101
part,23102
part,23103
part,23104
part,23105
part,23106
part,23107
part,23108
part,23109
part,23110
part,23111
part,23112
part,23113
part,23114
part,23115
part,23116
part,23117
part,23118
part,23119
part,23120
part,23121
part,23122
part,23123
part,23124
part,23125
part,23126
part,23127
part,23128
part,23129
part,23130
part,23131
part,23132
part,23133
part,23134
part,23135
part,23136
part,23137
part,23138
part,23139
part,23140
part,23141
part,23142
part,23143
part,23144
part,23145
part,23146
part,23147
part,23148
part,23149
part,23150
part,23151
part,23152
part,23153
part,23154
part,23155
part,23156
part,23157
part,23158
part,23159
part,23160
part,23161
part,23162
part,23163
part,23164
part,23165
part,23166
part,23167
part,23168
part,23169
part,23170
part,23171
part,23172
part,23173
part,23174
part,23175
part,23176
part,23177
part,23178
part,23179
part,23180
part,23181
part,23182
part,23183
part,23184
part,23185
part,23186
part,23187
part,23188
part,23189
part,23190
part,23191
part,23192
part,23193
part,23194
part,23195
part,23196
part,23197
part,23198
part,23199
part,23200
part,23201
part,23202
part,23203
part,23204
part,23205
part,23206
part,23207
part,23208
part,23209
part,23210
part,23211
part,23212
part,23213
part,23214
part,23215
part,23216
part,23217
part,23218
part,23219
part,23220
part,23221
part,23222
part,23223
part,23224
part,23225
part,23226
part,23227
part,23228
part,23229
part,23230
part,23231
part,23232
part,23233
part,23234
part,23235
part,23236
part,23237
part,23238
part,23239
part,23240
part,23241
part,23242
part,23243
part,23244
part,23245
part,23246
part,23247
part,23248
part,23249
part,23250
part,23251
part,23252
part,23253
part,23254
part,23255
part,23256
part,23257
part,23258
part,23259
part,23260
part,23261
part,23262
part,23263
part,23264
part,23265
part,23266
part,23267
part,23268
part,23269
part,23270
part,23271
part,23272
part,23273
part,23274
part,23275
part,23276
part,23277
part,23278
part,23279
part,23280
part,23281
part,23282
part,23283
part,23284
part,23285
part,23286
part,23287
part,23288
part,23289
part,23290
part,23291
part,23292
part,23293
part,23294
part,23295
part,23296
part,23297
part,23298
part,23299
part,23300
part,23301
part,23302
part,23303
part,23304
part,23305
part,23306
part,23307
part,23308
part,23309
part,23310
part,23311
part,23312
part,23313
part,23314
part,23315
part,23316
part,23317
part,23318
part,23319
part,23320
part,23321
part,23322
part,23323
part,23324
part,23325
part,23326
part,23327
part,23328
part,23329
part,23330
part,23331
part,23332
part,23333
part,23334
part,23335
part,23336
part,23337
part,23338
part,23339
part,23340
part,23341
part,23342
part,23343
part,23344
part,23345
part,23346
part,23347
part,23348
part,23349
part,23350
part,23351
part,23352
part,23353
part,23354
part,23355
part,23356
part,23357
part,23358
part,23359
part,23360
part,23361
part,23362
part,23363
part,23364
part,23365
part,23366
part,23367
part,23368
part,23369
part,23370
part,23371
part,23372
part,23373
part,23374
part,23375
part,23376
part,23377
part,23378
part,23379
part,23380
part,23381
part,23382
part,23383
part,23384
part,23385
part,23386
part,23387
part,23388
part,23389
part,23390
part,23391
part,23392
part,23393
part,23394
part,23395
part,23396
part,23397
part,23398
part,23399
part,23400
part,23401
part,23402
part,23403
part,23404
part,23405
part,23406
part,23407
part,23408
part,23409
part,23410
part,23411
part,23412
part,23413
part,23414
part,23415
part,23416
part,23417
part,23418
part,23419
part,23420
part,23421
part,23422
part,23423
part,23424
part,23425
part,23426
part,23427
part,23428
part,23429
part,23430
part,23431
part,23432
part,23433
part,23434
part,23435
part,23436
part,23437
part,23438
part,23439
part,23440
part,23441
part,23442
part,23443
part,23444
part,23445
part,23446
part,23447
part,23448
part,23449
part,23450
part,23451
part,23452
part,23453
part,23454
part,23455
part,23456
part,23457
part,23458
part,23459
part,23460
part,23461
part,23462
part,23463
part,23464
part,23465
part,23466
part,23467
part,23468
part,23469
part,23470
part,23471
part,23472
part,23473
part,23474
part,23475
part,23476
part,23477
part,23478
part,23479
part,23480
part,23481
part,23482
part,23483
part,23484
part,23485
part,23486
part,23487
part,23488
part,23489
part,23490
part,23491
part,23492
part,23493
part,23494
part,23495
part,23496
part,23497
part,23498
part,23499
part,23500
part,23501
part,23502
part,23503
part,23504
part,23505
part,23506
part,23507
part,23508
part,23509
part,23510
part,23511
part,23512
part,23513
part,23514
part,23515
part,23516
part,23517
part,23518
part,23519
part,23520
part,23521
part,23522
part,23523
part,23524
part,23525
part,23526
part,23527
part,23528
part,23529
part,23530
part,23531
part,23532
part,23533
part,23534
part,23535
part,23536
part,23537
part,23538
part,23539
part,23540
part,23541
part,23542
part,23543
part,23544
part,23545
part,23546
part,23547
part,23548
part,23549
part,23550
part,23551
part,23552
part,23553
part,23554
part,23555
part,23556
part,23557
part,23558
part,23559
part,23560
part,23561
part,23562
part,23563
part,23564
part,23565
part,23566
part,23567
part,23568
part,23569
part,23570
part,23571
part,23572
part,23573
part,23574
part,23575
part,23576
part,23577
part,23578
part,23579
part,23580
part,23581
part,23582
part,23583
part,23584
part,23585
part,23586
part,23587
part,23588
part,23589
part,23590
part,23591
part,23592
part,23593
part,23594
part,23595
part,23596
part,23597
part,23598
part,23599
part,23600
part,23601
part,23602
part,23603
part,23604
part,23605
part,23606
part,23607
part,23608
part,23609
part,23610
part,23611
part,23612
part,23613
part,23614
part,23615
part,23616
part,23617
part,23618
part,23619
part,23620
part,23621
part,23622
part,23623
part,23624
part,23625
part,23626
part,23627
part,23628
part,23629
part,23630
part,23631
part,23632
part,23633
part,23634
part,23635
part,23636
part,23637
part,23638
part,23639
part,23640
part,23641
part,23642
part,23643
part,23644
part,23645
part,23646
part,23647
part,23648
part,23649
part,23650
part,23651
part,23652
part,23653
part,23654
part,23655
part,23656
part,23657
part,23658
part,23659
part,23660
part,23661
part,23662
part,23663
part,23664
part,23665
part,23666
part,23667
part,23668
part,23669
part,23670
part,23671
part,23672
part,23673
part,23674
part,23675
part,23676
part,23677
part,23678
part,23679
part,23680
part,23681
part,23682
part,23683
part,23684
part,23685
part,23686
part,23687
part,23688
part,23689
part,23690
part,23691
part,23692
part,23693
part,23694
part,23695
part,23696
part,23697
part,23698
part,23699
part,23700
part,23701
part,23702
part,23703
part,23704
part,23705
part,23706
part,23707
part,23708
part,23709
part,23710
part,23711
part,23712
part,23713
part,23714
part,23715
part,23716
part,23717
part,23718
part,23719
part,23720
part,23721
part,23722
part,23723
part,23724
part,23725
part,23726
part,23727
part,23728
part,23729
part,23730
part,23731
part,23732
part,23733
part,23734
part,23735
part,23736
part,23737
part,23738
part,23739
part,23740
part,23741
part,23742
part,23743
part,23744
part,23745
part,23746
part,23747
part,23748
part,23749
part,23750
part,23751
part,23752
part,23753
part,23754
part,23755
part,23756
part,23757
part,23758
part,23759
part,23760
part,23761
part,23762
part,23763
part,23764
part,23765
part,23766
part,23767
part,23768
part,23769
part,23770
part,23771
part,23772
part,23773
part,23774
part,23775
part,23776
part,23777
part,23778
part,23779
part,23780
part,23781
part,23782
part,23783
part,23784
part,23785
part,23786
part,23787
part,23788
part,23789
part,23790
part,23791
part,23792
part,23793
part,23794
part,23795
part,23796
part,23797
part,23798
part,23799
part,23800
part,23801
part,23802
part,23803
part,23804
part,23805
part,23806
part,23807
part,23808
part,23809
part,23810
part,23811
part,23812
part,23813
part,23814
part,23815
part,23816
part,23817
part,23818
part,23819
part,23820
part,23821
part,23822
part,23823
part,23824
part,23825
part,23826
part,23827
part,23828
part,23829
part,23830
part,23831
part,23832
part,23833
part,23834
part,23835
part,23836
part,23837
part,23838
part,23839
part,23840
part,23841
part,23842
part,23843
part,23844
part,23845
part,23846
part,23847
part,23848
part,23849
part,23850
part,23851
part,23852
part,23853
part,23854
part,23855
part,23856
part,23857
part,23858
part,23859
part,23860
part,23861
part,23862
part,23863
part,23864
part,23865
part,23866
part,23867
part,23868
part,23869
part,23870
part,23871
part,23872
part,23873
part,23874
part,23875
part,23876
part,23877
part,23878
part,23879
part,23880
part,23881
part,23882
part,23883
part,23884
part,23885
part,23886
part,23887
part,23888
part,23889
part,23890
part,23891
part,23892
part,23893
part,23894
part,23895
part,23896
part,23897
part,23898
part,23899
part,23900
part,23901
part,23902
part,23903
part,23904
part,23905
part,23906
part,23907
part,23908
part,23909
part,23910
part,23911
part,23912
part,23913
part,23914
part,23915
part,23916
part,23917
part,23918
part,23919
part,23920
part,23921
part,23922
part,23923
part,23924
part,23925
part,23926
part,23927
part,23928
part,23929
part,23930
part,23931
part,23932
part,23933
part,23934
part,23935
part,23936
part,23937
part,23938
part,23939
part,23940
part,23941
part,23942
part,23943
part,23944
part,23945
part,23946
part,23947
part,23948
part,23949
part,23950
part,23951
part,23952
part,23953
part,23954
part,23955
part,23956
part,23957
part,23958
part,23959
part,23960
part,23961
part,23962
part,23963
part,23964
part,23965
part,23966
part,23967
part,23968
part,23969
part,23970
part,23971
part,23972
part,23973
part,23974
part,23975
part,23976
part,23977
part,23978
part,23979
part,23980
part,23981
part,23982
part,23983
part,23984
part,23985
part,23986
part,23987
part,23988
part,23989
part,23990
part,23991
part,23992
part,23993
part,23994
part,23995
part,23996
part,23997
part,23998
part,23999
part,24000
part,24001
part,24002
part,24003
part,24004
part,24005
part,24006
part,24007
part,24008
part,24009
part,24010
part,24011
part,24012
part,24013
part,24014
part,24015
part,24016
part,24017
part,24018
part,24019
part,24020
part,24021
part,24022
part,24023
part,24024
part,24025
part,24026
part,24027
part,24028
part,24029
part,24030
part,24031
part,24032
part,24033
part,24034
part,24035
part,24036
part,24037
part,24038
part,24039
part,24040
part,24041
part,24042
part,24043
part,24044
part,24045
part,24046
part,24047
part,24048
part,24049
part,24050
part,24051
part,24052
part,24053
part,24054
part,24055
part,24056
part,24057
part,24058
part,24059
part,24060
part,24061
part,24062
part,24063
part,24064
part,24065
part,24066
part,24067
part,24068
part,24069
part,24070
part,24071
part,24072
part,24073
part,24074
part,24075
part,24076
part,24077
part,24078
part,24079
part,24080
part,24081
part,24082
part,24083
part,24084
part,24085
part,24086
part,24087
part,24088
part,24089
part,24090
part,24091
part,24092
part,24093
part,24094
part,24095
part,24096
part,24097
part,24098
part,24099
part,24100
part,24101
part,24102
part,24103
part,24104
part,24105
part,24106
part,24107
part,24108
part,24109
part,24110
part,24111
part,24112
part,24113
part,24114
part,24115
part,24116
part,24117
part,24118
part,24119
part,24120
part,24121
part,24122
part,24123
part,24124
part,24125
part,24126
part,24127
part,24128
part,24129
part,24130
part,24131
part,24132
part,24133
part,24134
part,24135
part,24136
part,24137
part,24138
part,24139
part,24140
part,24141
part,24142
part,24143
part,24144
part,24145
part,24146
part,24147
part,24148
part,24149
part,24150
part,24151
part,24152
part,24153
part,24154
part,24155
part,24156
part,24157
part,24158
part,24159
part,24160
part,24161
part,24162
part,24163
part,24164
part,24165
part,24166
part,24167
part,24168
part,24169
part,24170
part,24171
part,24172
part,24173
part,24174
part,24175
part,24176
part,24177
part,24178
part,24179
part,24180
part,24181
part,24182
part,24183
part,24184
part,24185
part,24186
part,24187
part,24188
part,24189
part,24190
part,24191
part,24192
part,24193
part,24194
part,24195
part,24196
part,24197
part,24198
part,24199
part,24200
part,24201
part,24202
part,24203
part,24204
part,24205
part,24206
part,24207
part,24208
part,24209
part,24210
part,24211
part,24212
part,24213
part,24214
part,24215
part,24216
part,24217
part,24218
part,24219
part,24220
part,24221
part,24222
part,24223
part,24224
part,24225
part,24226
part,24227
part,24228
part,24229
part,24230
part,24231
part,24232
part,24233
part,24234
part,24235
part,24236
part,24237
part,24238
part,24239
part,24240
part,24241
part,24242
part,24243
part,24244
part,24245
part,24246
part,24247
part,24248
part,24249
part,24250
part,24251
part,24252
part,24253
part,24254
part,24255
part,24256
part,24257
part,24258
part,24259
part,24260
part,24261
part,24262
part,24263
part,24264
part,24265
part,24266
part,24267
part,24268
part,24269
part,24270
part,24271
part,24272
part,24273
part,24274
part,24275
part,24276
part,24277
part,24278
part,24279
part,24280
part,24281
part,24282
part,24283
part,24284
part,24285
part,24286
part,24287
part,24288
part,24289
part,24290
part,24291
part,24292
part,24293
part,24294
part,24295
part,24296
part,24297
part,24298
part,24299
part,24300
part,24301
part,24302
part,24303
part,24304
part,24305
part,24306
part,24307
part,24308
part,24309
part,24310
part,24311
part,24312
part,24313
part,24314
part,24315
part,24316
part,24317
part,24318
part,24319
part,24320
part,24321
part,24322
part,24323
part,24324
part,24325
part,24326
part,24327
part,24328
part,24329
part,24330
part,24331
part,24332
part,24333
part,24334
part,24335
part,24336
part,24337
part,24338
part,24339
part,24340
part,24341
part,24342
part,24343
part,24344
part,24345
part,24346
part,24347
part,24348
part,24349
part,24350
part,24351
part,24352
part,24353
part,24354
part,24355
part,24356
part,24357
part,24358
part,24359
part,24360
part,24361
part,24362
part,24363
part,24364
part,24365
part,24366
part,24367
part,24368
part,24369
part,24370
part,24371
part,24372
part,24373
part,24374
part,24375
part,24376
part,24377
part,24378
part,24379
part,24380
part,24381
part,24382
part,24383
part,24384
part,24385
part,24386
part,24387
part,24388
part,24389
part,24390
part,24391
part,24392
part,24393
part,24394
part,24395
part,24396
part,24397
part,24398
part,24399
part,24400
part,24401
part,24402
part,24403
part,24404
part,24405
part,24406
part,24407
part,24408
part,24409
part,24410
part,24411
part,24412
part,24413
part,24414
part,24415
part,24416
part,24417
part,24418
part,24419
part,24420
part,24421
part,24422
part,24423
part,24424
part,24425
part,24426
part,24427
part,24428
part,24429
part,24430
part,24431
part,24432
part,24433
part,24434
part,24435
part,24436
part,24437
part,24438
part,24439
part,24440
part,24441
part,24442
part,24443
part,24444
part,24445
part,24446
part,24447
part,24448
part,24449
part,24450
part,24451
part,24452
part,24453
part,24454
part,24455
part,24456
part,24457
part,24458
part,24459
part,24460
part,24461
part,24462
part,24463
part,24464
part,24465
part,24466
part,24467
part,24468
part,24469
part,24470
part,24471
part,24472
part,24473
part,24474
part,24475
part,24476
part,24477
part,24478
part,24479
part,24480
part,24481
part,24482
part,24483
part,24484
part,24485
part,24486
part,24487
part,24488
part,24489
part,24490
part,24491
part,24492
part,24493
part,24494
part,24495
part,24496
part,24497
part,24498
part,24499
part,24500
part,24501
part,24502
part,24503
part,24504
part,24505
part,24506
part,24507
part,24508
part,24509
part,24510
part,24511
part,24512
part,24513
part,24514
part,24515
part,24516
part,24517
part,24518
part,24519
part,24520
part,24521
part,24522
part,24523
part,24524
part,24525
part,24526
part,24527
part,24528
part,24529
part,24530
part,24531
part,24532
part,24533
part,24534
part,24535
part,24536
part,24537
part,24538
part,24539
part,24540
part,24541
part,24542
part,24543
part,24544
part,24545
part,24546
part,24547
part,24548
part,24549
part,24550
part,24551
part,24552
part,24553
part,24554
part,24555
part,24556
part,24557
part,24558
part,24559
part,24560
part,24561
part,24562
part,24563
part,24564
part,24565
part,24566
part,24567
part,24568
part,24569
part,24570
part,24571
part,24572
part,24573
part,24574
part,24575
part,24576
part,24577
part,24578
part,24579
part,24580
part,24581
part,24582
part,24583
part,24584
part,24585
part,24586
part,24587
part,24588
part,24589
part,24590
part,24591
part,24592
part,24593
part,24594
part,24595
part,24596
part,24597
part,24598
part,24599
part,24600
part,24601
part,24602
part,24603
part,24604
part,24605
part,24606
part,24607
part,24608
part,24609
part,24610
part,24611
part,24612
part,24613
part,24614
part,24615
part,24616
part,24617
part,24618
part,24619
part,24620
part,24621
part,24622
part,24623
part,24624
part,24625
part,24626
part,24627
part,24628
part,24629
part,24630
part,24631
part,24632
part,24633
part,24634
part,24635
part,24636
part,24637
part,24638
part,24639
part,24640
part,24641
part,24642
part,24643
part,24644
part,24645
part,24646
part,24647
part,24648
part,24649
part,24650
part,24651
part,24652
part,24653
part,24654
part,24655
part,24656
part,24657
part,24658
part,24659
part,24660
part,24661
part,24662
part,24663
part,24664
part,24665
part,24666
part,24667
part,24668
part,24669
part,24670
part,24671
part,24672
part,24673
part,24674
part,24675
part,24676
part,24677
part,24678
part,24679
part,24680
part,24681
part,24682
part,24683
part,24684
part,24685
part,24686
part,24687
part,24688
part,24689
part,24690
part,24691
part,24692
part,24693
part,24694
part,24695
part,24696
part,24697
part,24698
part,24699
part,24700
part,24701
part,24702
part,24703
part,24704
part,24705
part,24706
part,24707
part,24708
part,24709
part,24710
part,24711
part,24712
part,24713
part,24714
part,24715
part,24716
part,24717
part,24718
part,24719
part,24720
part,24721
part,24722
part,24723
part,24724
part,24725
part,24726
part,24727
part,24728
part,24729
part,24730
part,24731
part,24732
part,24733
part,24734
part,24735
part,24736
part,24737
part,24738
part,24739
part,24740
part,24741
part,24742
part,24743
part,24744
part,24745
part,24746
part,24747
part,24748
part,24749
part,24750
part,24751
part,24752
part,24753
part,24754
part,24755
part,24756
part,24757
part,24758
part,24759
part,24760
part,24761
part,24762
part,24763
part,24764
part,24765
part,24766
part,24767
part,24768
part,24769
part,24770
part,24771
part,24772
part,24773
part,24774
part,24775
part,24776
part,24777
part,24778
part,24779
part,24780
part,24781
part,24782
part,24783
part,24784
part,24785
part,24786
part,24787
part,24788
part,24789
part,24790
part,24791
part,24792
part,24793
part,24794
part,24795
part,24796
part,24797
part,24798
part,24799
part,24800
part,24801
part,24802
part,24803
part,24804
part,24805
part,24806
part,24807
part,24808
part,24809
part,24810
part,24811
part,24812
part,24813
part,24814
part,24815
part,24816
part,24817
part,24818
part,24819
part,24820
part,24821
part,24822
part,24823
part,24824
part,24825
part,24826
part,24827
part,24828
part,24829
part,24830
part,24831
part,24832
part,24833
part,24834
part,24835
part,24836
part,24837
part,24838
part,24839
part,24840
part,24841
part,24842
part,24843
part,24844
part,24845
part,24846
part,24847
part,24848
part,24849
part,24850
part,24851
part,24852
part,24853
part,24854
part,24855
part,24856
part,24857
part,24858
part,24859
part,24860
part,24861
part,24862
part,24863
part,24864
part,24865
part,24866
part,24867
part,24868
part,24869
part,24870
part,24871
part,24872
part,24873
part,24874
part,24875
part,24876
part,24877
part,24878
part,24879
part,24880
part,24881
part,24882
part,24883
part,24884
part,24885
part,24886
part,24887
part,24888
part,24889
part,24890
part,24891
part,24892
part,24893
part,24894
part,24895
part,24896
part,24897
part,24898
part,24899
part,24900
part,24901
part,24902
part,24903
part,24904
part,24905
part,24906
part,24907
part,24908
part,24909
part,24910
part,24911
part,24912
part,24913
part,24914
part,24915
part,24916
part,24917
part,24918
part,24919
part,24920
part,24921
part,24922
part,24923
part,24924
part,24925
part,24926
part,24927
part,24928
part,24929
part,24930
part,24931
part,24932
part,24933
part,24934
part,24935
part,24936
part,24937
part,24938
part,24939
part,24940
part,24941
part,24942
part,24943
part,24944
part,24945
part,24946
part,24947
part,24948
part,24949
part,24950
part,24951
part,24952
part,24953
part,24954
part,24955
part,24956
part,24957
part,24958
part,24959
part,24960
part,24961
part,24962
part,24963
part,24964
part,24965
part,24966
part,24967
part,24968
part,24969
part,24970
part,24971
part,24972
part,24973
part,24974
part,24975
part,24976
part,24977
part,24978
part,24979
part,24980
part,24981
part,24982
part,24983
part,24984
part,24985
part,24986
part,24987
part,24988
part,24989
part,24990
part,24991
part,24992
part,24993
part,24994
part,24995
part,24996
part,24997
part,24998
part,24999
part,25000
part,25001
part,25002
part,25003
part,25004
part,25005
part,25006
part,25007
part,25008
part,25009
part,25010
part,25011
part,25012
part,25013
part,25014
part,25015
part,25016
part,25017
part,25018
part,25019
part,25020
part,25021
part,25022
part,25023
part,25024
part,25025
part,25026
part,25027
part,25028
part,25029
part,25030
part,25031
part,25032
part,25033
part,25034
part,25035
part,25036
part,25037
part,25038
part,25039
part,25040
part,25041
part,25042
part,25043
part,25044
part,25045
part,25046
part,25047
part,25048
part,25049
part,25050
part,25051
part,25052
part,25053
part,25054
part,25055
part,25056
part,25057
part,25058
part,25059
part,25060
part,25061
part,25062
part,25063
part,25064
part,25065
part,25066
part,25067
part,25068
part,25069
part,25070
part,25071
part,25072
part,25073
part,25074
part,25075
part,25076
part,25077
part,25078
part,25079
part,25080
part,25081
part,25082
part,25083
part,25084
part,25085
part,25086
part,25087
part,25088
part,25089
part,25090
part,25091
part,25092
part,25093
part,25094
part,25095
part,25096
part,25097
part,25098
part,25099
part,25100
part,25101
part,25102
part,25103
part,25104
part,25105
part,25106
part,25107
part,25108
part,25109
part,25110
part,25111
part,25112
part,25113
part,25114
part,25115
part,25116
part,25117
part,25118
part,25119
part,25120
part,25121
part,25122
part,25123
part,25124
part,25125
part,25126
part,25127
part,25128
part,25129
part,25130
part,25131
part,25132
part,25133
part,25134
part,25135
part,25136
part,25137
part,25138
part,25139
part,25140
part,25141
part,25142
part,25143
part,25144
part,25145
part,25146
part,25147
part,25148
part,25149
part,25150
part,25151
part,25152
part,25153
part,25154
part,25155
part,25156
part,25157
part,25158
part,25159
part,25160
part,25161
part,25162
part,25163
part,25164
part,25165
part,25166
part,25167
part,25168
part,25169
part,25170
part,25171
part,25172
part,25173
part,25174
part,25175
part,25176
part,25177
part,25178
part,25179
part,25180
part,25181
part,25182
part,25183
part,25184
part,25185
part,25186
part,25187
part,25188
part,25189
part,25190
part,25191
part,25192
part,25193
part,25194
part,25195
part,25196
part,25197
part,25198
part,25199
part,25200
part,25201
part,25202
part,25203
part,25204
part,25205
part,25206
part,25207
part,25208
part,25209
part,25210
part,25211
part,25212
part,25213
part,25214
part,25215
part,25216
part,25217
part,25218
part,25219
part,25220
part,25221
part,25222
part,25223
part,25224
part,25225
part,25226
part,25227
part,25228
part,25229
part,25230
part,25231
part,25232
part,25233
part,25234
part,25235
part,25236
part,25237
part,25238
part,25239
part,25240
part,25241
part,25242
part,25243
part,25244
part,25245
part,25246
part,25247
part,25248
part,25249
part,25250
part,25251
part,25252
part,25253
part,25254
part,25255
part,25256
part,25257
part,25258
part,25259
part,25260
part,25261
part,25262
part,25263
part,25264
part,25265
part,25266
part,25267
part,25268
part,25269
part,25270
part,25271
part,25272
part,25273
part,25274
part,25275
part,25276
part,25277
part,25278
part,25279
part,25280
part,25281
part,25282
part,25283
part,25284
part,25285
part,25286
part,25287
part,25288
part,25289
part,25290
part,25291
part,25292
part,25293
part,25294
part,25295
part,25296
part,25297
part,25298
part,25299
part,25300
part,25301
part,25302
part,25303
part,25304
part,25305
part,25306
part,25307
part,25308
part,25309
part,25310
part,25311
part,25312
part,25313
part,25314
part,25315
part,25316
part,25317
part,25318
part,25319
part,25320
part,25321
part,25322
part,25323
part,25324
part,25325
part,25326
part,25327
part,25328
part,25329
part,25330
part,25331
part,25332
part,25333
part,25334
part,25335
part,25336
part,25337
part,25338
part,25339
part,25340
part,25341
part,25342
part,25343
part,25344
part,25345
part,25346
part,25347
part,25348
part,25349
part,25350
part,25351
part,25352
part,25353
part,25354
part,25355
part,25356
part,25357
part,25358
part,25359
part,25360
part,25361
part,25362
part,25363
part,25364
part,25365
part,25366
part,25367
part,25368
part,25369
part,25370
part,25371
part,25372
part,25373
part,25374
part,25375
part,25376
part,25377
part,25378
part,25379
part,25380
part,25381
part,25382
part,25383
part,25384
part,25385
part,25386
part,25387
part,25388
part,25389
part,25390
part,25391
part,25392
part,25393
part,25394
part,25395
part,25396
part,25397
part,25398
part,25399
part,25400
part,25401
part,25402
part,25403
part,25404
part,25405
part,25406
part,25407
part,25408
part,25409
part,25410
part,25411
part,25412
part,25413
part,25414
part,25415
part,25416
part,25417
part,25418
part,25419
part,25420
part,25421
part,25422
part,25423
part,25424
part,25425
part,25426
part,25427
part,25428
part,25429
part,25430
part,25431
part,25432
part,25433
part,25434
part,25435
part,25436
part,25437
part,25438
part,25439
part,25440
part,25441
part,25442
part,25443
part,25444
part,25445
part,25446
part,25447
part,25448
part,25449
part,25450
part,25451
part,25452
part,25453
part,25454
part,25455
part,25456
part,25457
part,25458
part,25459
part,25460
part,25461
part,25462
part,25463
part,25464
part,25465
part,25466
part,25467
part,25468
part,25469
part,25470
part,25471
part,25472
part,25473
part,25474
part,25475
part,25476
part,25477
part,25478
part,25479
part,25480
part,25481
part,25482
part,25483
part,25484
part,25485
part,25486
part,25487
part,25488
part,25489
part,25490
part,25491
part,25492
part,25493
part,25494
part,25495
part,25496
part,25497
part,25498
part,25499
part,25500
part,25501
part,25502
part,25503
part,25504
part,25505
part,25506
part,25507
part,25508
part,25509
part,25510
part,25511
part,25512
part,25513
part,25514
part,25515
part,25516
part,25517
part,25518
part,25519
part,25520
part,25521
part,25522
part,25523
part,25524
part,25525
part,25526
part,25527
part,25528
part,25529
part,25530
part,25531
part,25532
part,25533
part,25534
part,25535
part,25536
part,25537
part,25538
part,25539
part,25540
part,25541
part,25542
part,25543
part,25544
part,25545
part,25546
part,25547
part,25548
part,25549
part,25550
part,25551
part,25552
part,25553
part,25554
part,25555
part,25556
part,25557
part,25558
part,25559
part,25560
part,25561
part,25562
part,25563
part,25564
part,25565
part,25566
part,25567
part,25568
part,25569
part,25570
part,25571
part,25572
part,25573
part,25574
part,25575
part,25576
part,25577
part,25578
part,25579
part,25580
part,25581
part,25582
part,25583
part,25584
part,25585
part,25586
part,25587
part,25588
part,25589
part,25590
part,25591
part,25592
part,25593
part,25594
part,25595
part,25596
part,25597
part,25598
part,25599
part,25600
part,25601
part,25602
part,25603
part,25604
part,25605
part,25606
part,25607
part,25608
part,25609
part,25610
part,25611
part,25612
part,25613
part,25614
part,25615
part,25616
part,25617
part,25618
part,25619
part,25620
part,25621
part,25622
part,25623
part,25624
part,25625
part,25626
part,25627
part,25628
part,25629
part,25630
part,25631
part,25632
part,25633
part,25634
part,25635
part,25636
part,25637
part,25638
part,25639
part,25640
part,25641
part,25642
part,25643
part,25644
part,25645
part,25646
part,25647
part,25648
part,25649
part,25650
part,25651
part,25652
part,25653
part,25654
part,25655
part,25656
part,25657
part,25658
part,25659
part,25660
part,25661
part,25662
part,25663
part,25664
part,25665
part,25666
part,25667
part,25668
part,25669
part,25670
part,25671
part,25672
part,25673
part,25674
part,25675
part,25676
part,25677
part,25678
part,25679
part,25680
part,25681
part,25682
part,25683
part,25684
part,25685
part,25686
part,25687
part,25688
part,25689
part,25690
part,25691
part,25692
part,25693
part,25694
part,25695
part,25696
part,25697
part,25698
part,25699
part,25700
part,25701
part,25702
part,25703
part,25704
part,25705
part,25706
part,25707
part,25708
part,25709
part,25710
part,25711
part,25712
part,25713
part,25714
part,25715
part,25716
part,25717
part,25718
part,25719
part,25720
part,25721
part,25722
part,25723
part,25724
part,25725
part,25726
part,25727
part,25728
part,25729
part,25730
part,25731
part,25732
part,25733
part,25734
part,25735
part,25736
part,25737
part,25738
part,25739
part,25740
part,25741
part,25742
part,25743
part,25744
part,25745
part,25746
part,25747
part,25748
part,25749
part,25750
part,25751
part,25752
part,25753
part,25754
part,25755
part,25756
part,25757
part,25758
part,25759
part,25760
part,25761
part,25762
part,25763
part,25764
part,25765
part,25766
part,25767
part,25768
part,25769
part,25770
part,25771
part,25772
part,25773
part,25774
part,25775
part,25776
part,25777
part,25778
part,25779
part,25780
part,25781
part,25782
part,25783
part,25784
part,25785
part,25786
part,25787
part,25788
part,25789
part,25790
part,25791
part,25792
part,25793
part,25794
part,25795
part,25796
part,25797
part,25798
part,25799
part,25800
part,25801
part,25802
part,25803
part,25804
part,25805
part,25806
part,25807
part,25808
part,25809
part,25810
part,25811
part,25812
part,25813
part,25814
part,25815
part,25816
part,25817
part,25818
part,25819
part,25820
part,25821
part,25822
part,25823
part,25824
part,25825
part,25826
part,25827
part,25828
part,25829
part,25830
part,25831
part,25832
part,25833
part,25834
part,25835
part,25836
part,25837
part,25838
part,25839
part,25840
part,25841
part,25842
part,25843
part,25844
part,25845
part,25846
part,25847
part,25848
part,25849
part,25850
part,25851
part,25852
part,25853
part,25854
part,25855
part,25856
part,25857
part,25858
part,25859
part,25860
part,25861
part,25862
part,25863
part,25864
part,25865
part,25866
part,25867
part,25868
part,25869
part,25870
part,25871
part,25872
part,25873
part,25874
part,25875
part,25876
part,25877
part,25878
part,25879
part,25880
part,25881
part,25882
part,25883
part,25884
part,25885
part,25886
part,25887
part,25888
part,25889
part,25890
part,25891
part,25892
part,25893
part,25894
part,25895
part,25896
part,25897
part,25898
part,25899
part,25900
part,25901
part,25902
part,25903
part,25904
part,25905
part,25906
part,25907
part,25908
part,25909
part,25910
part,25911
part,25912
part,25913
part,25914
part,25915
part,25916
part,25917
part,25918
part,25919
part,25920
part,25921
part,25922
part,25923
part,25924
part,25925
part,25926
part,25927
part,25928
part,25929
part,25930
part,25931
part,25932
part,25933
part,25934
part,25935
part,25936
part,25937
part,25938
part,25939
part,25940
part,25941
part,25942
part,25943
part,25944
part,25945
part,25946
part,25947
part,25948
part,25949
part,25950
part,25951
part,25952
part,25953
part,25954
part,25955
part,25956
part,25957
part,25958
part,25959
part,25960
part,25961
part,25962
part,25963
part,25964
part,25965
part,25966
part,25967
part,25968
part,25969
part,25970
part,25971
part,25972
part,25973
part,25974
part,25975
part,25976
part,25977
part,25978
part,25979
part,25980
part,25981
part,25982
part,25983
part,25984
part,25985
part,25986
part,25987
part,25988
part,25989
part,25990
part,25991
part,25992
part,25993
part,25994
part,25995
part,25996
part,25997
part,25998
part,25999
part,26000
part,26001
part,26002
part,26003
part,26004
part,26005
part,26006
part,26007
part,26008
part,26009
part,26010
part,26011
part,26012
part,26013
part,26014
part,26015
part,26016
part,26017
part,26018
part,26019
part,26020
part,26021
part,26022
part,26023
part,26024
part,26025
part,26026
part,26027
part,26028
part,26029
part,26030
part,26031
part,26032
part,26033
part,26034
part,26035
part,26036
part,26037
part,26038
part,26039
part,26040
part,26041
part,26042
part,26043
part,26044
part,26045
part,26046
part,26047
part,26048
part,26049
part,26050
part,26051
part,26052
part,26053
part,26054
part,26055
part,26056
part,26057
part,26058
part,26059
part,26060
part,26061
part,26062
part,26063
part,26064
part,26065
part,26066
part,26067
part,26068
part,26069
part,26070
part,26071
part,26072
part,26073
part,26074
part,26075
part,26076
part,26077
part,26078
part,26079
part,26080
part,26081
part,26082
part,26083
part,26084
part,26085
part,26086
part,26087
part,26088
part,26089
part,26090
part,26091
part,26092
part,26093
part,26094
part,26095
part,26096
part,26097
part,26098
part,26099
part,26100
part,26101
part,26102
part,26103
part,26104
part,26105
part,26106
part,26107
part,26108
part,26109
part,26110
part,26111
part,26112
part,26113
part,26114
part,26115
part,26116
part,26117
part,26118
part,26119
part,26120
part,26121
part,26122
part,26123
part,26124
part,26125
part,26126
part,26127
part,26128
part,26129
part,26130
part,26131
part,26132
part,26133
part,26134
part,26135
part,26136
part,26137
part,26138
part,26139
part,26140
part,26141
part,26142
part,26143
part,26144
part,26145
part,26146
part,26147
part,26148
part,26149
part,26150
part,26151
part,26152
part,26153
part,26154
part,26155
part,26156
part,26157
part,26158
part,26159
part,26160
part,26161
part,26162
part,26163
part,26164
part,26165
part,26166
part,26167
part,26168
part,26169
part,26170
part,26171
part,26172
part,26173
part,26174
part,26175
part,26176
part,26177
part,26178
part,26179
part,26180
part,26181
part,26182
part,26183
part,26184
part,26185
part,26186
part,26187
part,26188
part,26189
part,26190
part,26191
part,26192
part,26193
part,26194
part,26195
part,26196
part,26197
part,26198
part,26199
part,26200
part,26201
part,26202
part,26203
part,26204
part,26205
part,26206
part,26207
part,26208
part,26209
part,26210
part,26211
part,26212
part,26213
part,26214
part,26215
part,26216
part,26217
part,26218
part,26219
part,26220
part,26221
part,26222
part,26223
part,26224
part,26225
part,26226
part,26227
part,26228
part,26229
part,26230
part,26231
part,26232
part,26233
part,26234
part,26235
part,26236
part,26237
part,26238
part,26239
part,26240
part,26241
part,26242
part,26243
part,26244
part,26245
part,26246
part,26247
part,26248
part,26249
part,26250
part,26251
part,26252
part,26253
part,26254
part,26255
part,26256
part,26257
part,26258
part,26259
part,26260
part,26261
part,26262
part,26263
part,26264
part,26265
part,26266
part,26267
part,26268
part,26269
part,26270
part,26271
part,26272
part,26273
part,26274
part,26275
part,26276
part,26277
part,26278
part,26279
part,26280
part,26281
part,26282
part,26283
part,26284
part,26285
part,26286
part,26287
part,26288
part,26289
part,26290
part,26291
part,26292
part,26293
part,26294
part,26295
part,26296
part,26297
part,26298
part,26299
part,26300
part,26301
part,26302
part,26303
part,26304
part,26305
part,26306
part,26307
part,26308
part,26309
part,26310
part,26311
part,26312
part,26313
part,26314
part,26315
part,26316
part,26317
part,26318
part,26319
part,26320
part,26321
part,26322
part,26323
part,26324
part,26325
part,26326
part,26327
part,26328
part,26329
part,26330
part,26331
part,26332
part,26333
part,26334
part,26335
part,26336
part,26337
part,26338
part,26339
part,26340
part,26341
part,26342
part,26343
part,26344
part,26345
part,26346
part,26347
part,26348
part,26349
part,26350
part,26351
part,26352
part,26353
part,26354
part,26355
part,26356
part,26357
part,26358
part,26359
part,26360
part,26361
part,26362
part,26363
part,26364
part,26365
part,26366
part,26367
part,26368
part,26369
part,26370
part,26371
part,26372
part,26373
part,26374
part,26375
part,26376
part,26377
part,26378
part,26379
part,26380
part,26381
part,26382
part,26383
part,26384
part,26385
part,26386
part,26387
part,26388
part,26389
part,26390
part,26391
part,26392
part,26393
part,26394
part,26395
part,26396
part,26397
part,26398
part,26399
part,26400
part,26401
part,26402
part,26403
part,26404
part,26405
part,26406
part,26407
part,26408
part,26409
part,26410
part,26411
part,26412
part,26413
part,26414
part,26415
part,26416
part,26417
part,26418
part,26419
part,26420
part,26421
part,26422
part,26423
part,26424
part,26425
part,26426
part,26427
part,26428
part,26429
part,26430
part,26431
part,26432
part,26433
part,26434
part,26435
part,26436
part,26437
part,26438
part,26439
part,26440
part,26441
part,26442
part,26443
part,26444
part,26445
part,26446
part,26447
part,26448
part,26449
part,26450
part,26451
part,26452
part,26453
part,26454
part,26455
part,26456
part,26457
part,26458
part,26459
part,26460
part,26461
part,26462
part,26463
part,26464
part,26465
part,26466
part,26467
part,26468
part,26469
part,26470
part,26471
part,26472
part,26473
part,26474
part,26475
part,26476
part,26477
part,26478
part,26479
part,26480
part,26481
part,26482
part,26483
part,26484
part,26485
part,26486
part,26487
part,26488
part,26489
part,26490
part,26491
part,26492
part,26493
part,26494
part,26495
part,26496
part,26497
part,26498
part,26499
part,26500
part,26501
part,26502
part,26503
part,26504
part,26505
part,26506
part,26507
part,26508
part,26509
part,26510
part,26511
part,26512
part,26513
part,26514
part,26515
part,26516
part,26517
part,26518
part,26519
part,26520
part,26521
part,26522
part,26523
part,26524
part,26525
part,26526
part,26527
part,26528
part,26529
part,26530
part,26531
part,26532
part,26533
part,26534
part,26535
part,26536
part,26537
part,26538
part,26539
part,26540
part,26541
part,26542
part,26543
part,26544
part,26545
part,26546
part,26547
part,26548
part,26549
part,26550
part,26551
part,26552
part,26553
part,26554
part,26555
part,26556
part,26557
part,26558
part,26559
part,26560
part,26561
part,26562
part,26563
part,26564
part,26565
part,26566
part,26567
part,26568
part,26569
part,26570
part,26571
part,26572
part,26573
part,26574
part,26575
part,26576
part,26577
part,26578
part,26579
part,26580
part,26581
part,26582
part,26583
part,26584
part,26585
part,26586
part,26587
part,26588
part,26589
part,26590
part,26591
part,26592
part,26593
part,26594
part,26595
part,26596
part,26597
part,26598
part,26599
part,26600
part,26601
part,26602
part,26603
part,26604
part,26605
part,26606
part,26607
part,26608
part,26609
part,26610
part,26611
part,26612
part,26613
part,26614
part,26615
part,26616
part,26617
part,26618
part,26619
part,26620
part,26621
part,26622
part,26623
part,26624
part,26625
part,26626
part,26627
part,26628
part,26629
part,26630
part,26631
part,26632
part,26633
part,26634
part,26635
part,26636
part,26637
part,26638
part,26639
part,26640
part,26641
part,26642
part,26643
part,26644
part,26645
part,26646
part,26647
part,26648
part,26649
part,26650
part,26651
part,26652
part,26653
part,26654
part,26655
part,26656
part,26657
part,26658
part,26659
part,26660
part,26661
part,26662
part,26663
part,26664
part,26665
part,26666
part,26667
part,26668
part,26669
part,26670
part,26671
part,26672
part,26673
part,26674
part,26675
part,26676
part,26677
part,26678
part,26679
part,26680
part,26681
part,26682
part,26683
part,26684
part,26685
part,26686
part,26687
part,26688
part,26689
part,26690
part,26691
part,26692
part,26693
part,26694
part,26695
part,26696
part,26697
part,26698
part,26699
part,26700
part,26701
part,26702
part,26703
part,26704
part,26705
part,26706
part,26707
part,26708
part,26709
part,26710
part,26711
part,26712
part,26713
part,26714
part,26715
part,26716
part,26717
part,26718
part,26719
part,26720
part,26721
part,26722
part,26723
part,26724
part,26725
part,26726
part,26727
part,26728
part,26729
part,26730
part,26731
part,26732
part,26733
part,26734
part,26735
part,26736
part,26737
part,26738
part,26739
part,26740
part,26741
part,26742
part,26743
part,26744
part,26745
part,26746
part,26747
part,26748
part,26749
part,26750
part,26751
part,26752
part,26753
part,26754
part,26755
part,26756
part,26757
part,26758
part,26759
part,26760
part,26761
part,26762
part,26763
part,26764
part,26765
part,26766
part,26767
part,26768
part,26769
part,26770
part,26771
part,26772
part,26773
part,26774
part,26775
part,26776
part,26777
part,26778
part,26779
part,26780
part,26781
part,26782
part,26783
part,26784
part,26785
part,26786
part,26787
part,26788
part,26789
part,26790
part,26791
part,26792
part,26793
part,26794
part,26795
part,26796
part,26797
part,26798
part,26799
part,26800
part,26801
part,26802
part,26803
part,26804
part,26805
part,26806
part,26807
part,26808
part,26809
part,26810
part,26811
part,26812
part,26813
part,26814
part,26815
part,26816
part,26817
part,26818
part,26819
part,26820
part,26821
part,26822
part,26823
part,26824
part,26825
part,26826
part,26827
part,26828
part,26829
part,26830
part,26831
part,26832
part,26833
part,26834
part,26835
part,26836
part,26837
part,26838
part,26839
part,26840
part,26841
part,26842
part,26843
part,26844
part,26845
part,26846
part,26847
part,26848
part,26849
part,26850
part,26851
part,26852
part,26853
part,26854
part,26855
part,26856
part,26857
part,26858
part,26859
part,26860
part,26861
part,26862
part,26863
part,26864
part,26865
part,26866
part,26867
part,26868
part,26869
part,26870
part,26871
part,26872
part,26873
part,26874
part,26875
part,26876
part,26877
part,26878
part,26879
part,26880
part,26881
part,26882
part,26883
part,26884
part,26885
part,26886
part,26887
part,26888
part,26889
part,26890
part,26891
part,26892
part,26893
part,26894
part,26895
part,26896
part,26897
part,26898
part,26899
part,26900
part,26901
part,26902
part,26903
part,26904
part,26905
part,26906
part,26907
part,26908
part,26909
part,26910
part,26911
part,26912
part,26913
part,26914
part,26915
part,26916
part,26917
part,26918
part,26919
part,26920
part,26921
part,26922
part,26923
part,26924
part,26925
part,26926
part,26927
part,26928
part,26929
part,26930
part,26931
part,26932
part,26933
part,26934
part,26935
part,26936
part,26937
part,26938
part,26939
part,26940
part,26941
part,26942
part,26943
part,26944
part,26945
part,26946
part,26947
part,26948
part,26949
part,26950
part,26951
part,26952
part,26953
part,26954
part,26955
part,26956
part,26957
part,26958
part,26959
part,26960
part,26961
part,26962
part,26963
part,26964
part,26965
part,26966
part,26967
part,26968
part,26969
part,26970
part,26971
part,26972
part,26973
part,26974
part,26975
part,26976
part,26977
part,26978
part,26979
part,26980
part,26981
part,26982
part,26983
part,26984
part,26985
part,26986
part,26987
part,26988
part,26989
part,26990
part,26991
part,26992
part,26993
part,26994
part,26995
part,26996
part,26997
part,26998
part,26999
part,27000
part,27001
part,27002
part,27003
part,27004
part,27005
part,27006
part,27007
part,27008
part,27009
part,27010
part,27011
part,27012
part,27013
part,27014
part,27015
part,27016
part,27017
part,27018
part,27019
part,27020
part,27021
part,27022
part,27023
part,27024
part,27025
part,27026
part,27027
part,27028
part,27029
part,27030
part,27031
part,27032
part,27033
part,27034
part,27035
part,27036
part,27037
part,27038
part,27039
part,27040
part,27041
part,27042
part,27043
part,27044
part,27045
part,27046
part,27047
part,27048
part,27049
part,27050
part,27051
part,27052
part,27053
part,27054
part,27055
part,27056
part,27057
part,27058
part,27059
part,27060
part,27061
part,27062
part,27063
part,27064
part,27065
part,27066
part,27067
part,27068
part,27069
part,27070
part,27071
part,27072
part,27073
part,27074
part,27075
part,27076
part,27077
part,27078
part,27079
part,27080
part,27081
part,27082
part,27083
part,27084
part,27085
part,27086
part,27087
part,27088
part,27089
part,27090
part,27091
part,27092
part,27093
part,27094
part,27095
part,27096
part,27097
part,27098
part,27099
part,27100
part,27101
part,27102
part,27103
part,27104
part,27105
part,27106
part,27107
part,27108
part,27109
part,27110
part,27111
part,27112
part,27113
part,27114
part,27115
part,27116
part,27117
part,27118
part,27119
part,27120
part,27121
part,27122
part,27123
part,27124
part,27125
part,27126
part,27127
part,27128
part,27129
part,27130
part,27131
part,27132
part,27133
part,27134
part,27135
part,27136
part,27137
part,27138
part,27139
part,27140
part,27141
part,27142
part,27143
part,27144
part,27145
part,27146
part,27147
part,27148
part,27149
part,27150
part,27151
part,27152
part,27153
part,27154
part,27155
part,27156
part,27157
part,27158
part,27159
part,27160
part,27161
part,27162
part,27163
part,27164
part,27165
part,27166
part,27167
part,27168
part,27169
part,27170
part,27171
part,27172
part,27173
part,27174
part,27175
part,27176
part,27177
part,27178
part,27179
part,27180
part,27181
part,27182
part,27183
part,27184
part,27185
part,27186
part,27187
part,27188
part,27189
part,27190
part,27191
part,27192
part,27193
part,27194
part,27195
part,27196
part,27197
part,27198
part,27199
part,27200
part,27201
part,27202
part,27203
part,27204
part,27205
part,27206
part,27207
part,27208
part,27209
part,27210
part,27211
part,27212
part,27213
part,27214
part,27215
part,27216
part,27217
part,27218
part,27219
part,27220
part,27221
part,27222
part,27223
part,27224
part,27225
part,27226
part,27227
part,27228
part,27229
part,27230
part,27231
part,27232
part,27233
part,27234
part,27235
part,27236
part,27237
part,27238
part,27239
part,27240
part,27241
part,27242
part,27243
part,27244
part,27245
part,27246
part,27247
part,27248
part,27249
part,27250
part,27251
part,27252
part,27253
part,27254
part,27255
part,27256
part,27257
part,27258
part,27259
part,27260
part,27261
part,27262
part,27263
part,27264
part,27265
part,27266
part,27267
part,27268
part,27269
part,27270
part,27271
part,27272
part,27273
part,27274
part,27275
part,27276
part,27277
part,27278
part,27279
part,27280
part,27281
part,27282
part,27283
part,27284
part,27285
part,27286
part,27287
part,27288
part,27289
part,27290
part,27291
part,27292
part,27293
part,27294
part,27295
part,27296
part,27297
part,27298
part,27299
part,27300
part,27301
part,27302
part,27303
part,27304
part,27305
part,27306
part,27307
part,27308
part,27309
part,27310
part,27311
part,27312
part,27313
part,27314
part,27315
part,27316
part,27317
part,27318
part,27319
part,27320
part,27321
part,27322
part,27323
part,27324
part,27325
part,27326
part,27327
part,27328
part,27329
part,27330
part,27331
part,27332
part,27333
part,27334
part,27335
part,27336
part,27337
part,27338
part,27339
part,27340
part,27341
part,27342
part,27343
part,27344
part,27345
part,27346
part,27347
part,27348
part,27349
part,27350
part,27351
part,27352
part,27353
part,27354
part,27355
part,27356
part,27357
part,27358
part,27359
part,27360
part,27361
part,27362
part,27363
part,27364
part,27365
part,27366
part,27367
part,27368
part,27369
part,27370
part,27371
part,27372
part,27373
part,27374
part,27375
part,27376
part,27377
part,27378
part,27379
part,27380
part,27381
part,27382
part,27383
part,27384
part,27385
part,27386
part,27387
part,27388
part,27389
part,27390
part,27391
part,27392
part,27393
part,27394
part,27395
part,27396
part,27397
part,27398
part,27399
part,27400
part,27401
part,27402
part,27403
part,27404
part,27405
part,27406
part,27407
part,27408
part,27409
part,27410
part,27411
part,27412
part,27413
part,27414
part,27415
part,27416
part,27417
part,27418
part,27419
part,27420
part,27421
part,27422
part,27423
part,27424
part,27425
part,27426
part,27427
part,27428
part,27429
part,27430
part,27431
part,27432
part,27433
part,27434
part,27435
part,27436
part,27437
part,27438
part,27439
part,27440
part,27441
part,27442
part,27443
part,27444
part,27445
part,27446
part,27447
part,27448
part,27449
part,27450
part,27451
part,27452
part,27453
part,27454
part,27455
part,27456
part,27457
part,27458
part,27459
part,27460
part,27461
part,27462
part,27463
part,27464
part,27465
part,27466
part,27467
part,27468
part,27469
part,27470
part,27471
part,27472
part,27473
part,27474
part,27475
part,27476
part,27477
part,27478
part,27479
part,27480
part,27481
part,27482
part,27483
part,27484
part,27485
part,27486
part,27487
part,27488
part,27489
part,27490
part,27491
part,27492
part,27493
part,27494
part,27495
part,27496
part,27497
part,27498
part,27499
part,27500
part,27501
part,27502
part,27503
part,27504
part,27505
part,27506
part,27507
part,27508
part,27509
part,27510
part,27511
part,27512
part,27513
part,27514
part,27515
part,27516
part,27517
part,27518
part,27519
part,27520
part,27521
part,27522
part,27523
part,27524
part,27525
part,27526
part,27527
part,27528
part,27529
part,27530
part,27531
part,27532
part,27533
part,27534
part,27535
part,27536
part,27537
part,27538
part,27539
part,27540
part,27541
part,27542
part,27543
part,27544
part,27545
part,27546
part,27547
part,27548
part,27549
part,27550
part,27551
part,27552
part,27553
part,27554
part,27555
part,27556
part,27557
part,27558
part,27559
part,27560
part,27561
part,27562
part,27563
part,27564
part,27565
part,27566
part,27567
part,27568
part,27569
part,27570
part,27571
part,27572
part,27573
part,27574
part,27575
part,27576
part,27577
part,27578
part,27579
part,27580
part,27581
part,27582
part,27583
part,27584
part,27585
part,27586
part,27587
part,27588
part,27589
part,27590
part,27591
part,27592
part,27593
part,27594
part,27595
part,27596
part,27597
part,27598
part,27599
part,27600
part,27601
part,27602
part,27603
part,27604
part,27605
part,27606
part,27607
part,27608
part,27609
part,27610
part,27611
part,27612
part,27613
part,27614
part,27615
part,27616
part,27617
part,27618
part,27619
part,27620
part,27621
part,27622
part,27623
part,27624
part,27625
part,27626
part,27627
part,27628
part,27629
part,27630
part,27631
part,27632
part,27633
part,27634
part,27635
part,27636
part,27637
part,27638
part,27639
part,27640
part,27641
part,27642
part,27643
part,27644
part,27645
part,27646
part,27647
part,27648
part,27649
part,27650
part,27651
part,27652
part,27653
part,27654
part,27655
part,27656
part,27657
part,27658
part,27659
part,27660
part,27661
part,27662
part,27663
part,27664
part,27665
part,27666
part,27667
part,27668
part,27669
part,27670
part,27671
part,27672
part,27673
part,27674
part,27675
part,27676
part,27677
part,27678
part,27679
part,27680
part,27681
part,27682
part,27683
part,27684
part,27685
part,27686
part,27687
part,27688
part,27689
part,27690
part,27691
part,27692
part,27693
part,27694
part,27695
part,27696
part,27697
part,27698
part,27699
part,27700
part,27701
part,27702
part,27703
part,27704
part,27705
part,27706
part,27707
part,27708
part,27709
part,27710
part,27711
part,27712
part,27713
part,27714
part,27715
part,27716
part,27717
part,27718
part,27719
part,27720
part,27721
part,27722
part,27723
part,27724
part,27725
part,27726
part,27727
part,27728
part,27729
part,27730
part,27731
part,27732
part,27733
part,27734
part,27735
part,27736
part,27737
part,27738
part,27739
part,27740
part,27741
part,27742
part,27743
part,27744
part,27745
part,27746
part,27747
part,27748
part,27749
part,27750
part,27751
part,27752
part,27753
part,27754
part,27755
part,27756
part,27757
part,27758
part,27759
part,27760
part,27761
part,27762
part,27763
part,27764
part,27765
part,27766
part,27767
part,27768
part,27769
part,27770
part,27771
part,27772
part,27773
part,27774
part,27775
part,27776
part,27777
part,27778
part,27779
part,27780
part,27781
part,27782
part,27783
part,27784
part,27785
part,27786
part,27787
part,27788
part,27789
part,27790
part,27791
part,27792
part,27793
part,27794
part,27795
part,27796
part,27797
part,27798
part,27799
part,27800
part,27801
part,27802
part,27803
part,27804
part,27805
part,27806
part,27807
part,27808
part,27809
part,27810
part,27811
part,27812
part,27813
part,27814
part,27815
part,27816
part,27817
part,27818
part,27819
part,27820
part,27821
part,27822
part,27823
part,27824
part,27825
part,27826
part,27827
part,27828
part,27829
part,27830
part,27831
part,27832
part,27833
part,27834
part,27835
part,27836
part,27837
part,27838
part,27839
part,27840
part,27841
part,27842
part,27843
part,27844
part,27845
part,27846
part,27847
part,27848
part,27849
part,27850
part,27851
part,27852
part,27853
part,27854
part,27855
part,27856
part,27857
part,27858
part,27859
part,27860
part,27861
part,27862
part,27863
part,27864
part,27865
part,27866
part,27867
part,27868
part,27869
part,27870
part,27871
part,27872
part,27873
part,27874
part,27875
part,27876
part,27877
part,27878
part,27879
part,27880
part,27881
part,27882
part,27883
part,27884
part,27885
part,27886
part,27887
part,27888
part,27889
part,27890
part,27891
part,27892
part,27893
part,27894
part,27895
part,27896
part,27897
part,27898
part,27899
part,27900
part,27901
part,27902
part,27903
part,27904
part,27905
part,27906
part,27907
part,27908
part,27909
part,27910
part,27911
part,27912
part,27913
part,27914
part,27915
part,27916
part,27917
part,27918
part,27919
part,27920
part,27921
part,27922
part,27923
part,27924
part,27925
part,27926
part,27927
part,27928
part,27929
part,27930
part,27931
part,27932
part,27933
part,27934
part,27935
part,27936
part,27937
part,27938
part,27939
part,27940
part,27941
part,27942
part,27943
part,27944
part,27945
part,27946
part,27947
part,27948
part,27949
part,27950
part,27951
part,27952
part,27953
part,27954
part,27955
part,27956
part,27957
part,27958
part,27959
part,27960
part,27961
part,27962
part,27963
part,27964
part,27965
part,27966
part,27967
part,27968
part,27969
part,27970
part,27971
part,27972
part,27973
part,27974
part,27975
part,27976
part,27977
part,27978
part,27979
part,27980
part,27981
part,27982
part,27983
part,27984
part,27985
part,27986
part,27987
part,27988
part,27989
part,27990
part,27991
part,27992
part,27993
part,27994
part,27995
part,27996
part,27997
part,27998
part,27999
part,28000
part,28001
part,28002
part,28003
part,28004
part,28005
part,28006
part,28007
part,28008
part,28009
part,28010
part,28011
part,28012
part,28013
part,28014
part,28015
part,28016
part,28017
part,28018
part,28019
part,28020
part,28021
part,28022
part,28023
part,28024
part,28025
part,28026
part,28027
part,28028
part,28029
part,28030
part,28031
part,28032
part,28033
part,28034
part,28035
part,28036
part,28037
part,28038
part,28039
part,28040
part,28041
part,28042
part,28043
part,28044
part,28045
part,28046
part,28047
part,28048
part,28049
part,28050
part,28051
part,28052
part,28053
part,28054
part,28055
part,28056
part,28057
part,28058
part,28059
part,28060
part,28061
part,28062
part,28063
part,28064
part,28065
part,28066
part,28067
part,28068
part,28069
part,28070
part,28071
part,28072
part,28073
part,28074
part,28075
part,28076
part,28077
part,28078
part,28079
part,28080
part,28081
part,28082
part,28083
part,28084
part,28085
part,28086
part,28087
part,28088
part,28089
part,28090
part,28091
part,28092
part,28093
part,28094
part,28095
part,28096
part,28097
part,28098
part,28099
part,28100
part,28101
part,28102
part,28103
part,28104
part,28105
part,28106
part,28107
part,28108
part,28109
part,28110
part,28111
part,28112
part,28113
part,28114
part,28115
part,28116
part,28117
part,28118
part,28119
part,28120
part,28121
part,28122
part,28123
part,28124
part,28125
part,28126
part,28127
part,28128
part,28129
part,28130
part,28131
part,28132
part,28133
part,28134
part,28135
part,28136
part,28137
part,28138
part,28139
part,28140
part,28141
part,28142
part,28143
part,28144
part,28145
part,28146
part,28147
part,28148
part,28149
part,28150
part,28151
part,28152
part,28153
part,28154
part,28155
part,28156
part,28157
part,28158
part,28159
part,28160
part,28161
part,28162
part,28163
part,28164
part,28165
part,28166
part,28167
part,28168
part,28169
part,28170
part,28171
part,28172
part,28173
part,28174
part,28175
part,28176
part,28177
part,28178
part,28179
part,28180
part,28181
part,28182
part,28183
part,28184
part,28185
part,28186
part,28187
part,28188
part,28189
part,28190
part,28191
part,28192
part,28193
part,28194
part,28195
part,28196
part,28197
part,28198
part,28199
part,28200
part,28201
part,28202
part,28203
part,28204
part,28205
part,28206
part,28207
part,28208
part,28209
part,28210
part,28211
part,28212
part,28213
part,28214
part,28215
part,28216
part,28217
part,28218
part,28219
part,28220
part,28221
part,28222
part,28223
part,28224
part,28225
part,28226
part,28227
part,28228
part,28229
part,28230
part,28231
part,28232
part,28233
part,28234
part,28235
part,28236
part,28237
part,28238
part,28239
part,28240
part,28241
part,28242
part,28243
part,28244
part,28245
part,28246
part,28247
part,28248
part,28249
part,28250
part,28251
part,28252
part,28253
part,28254
part,28255
part,28256
part,28257
part,28258
part,28259
part,28260
part,28261
part,28262
part,28263
part,28264
part,28265
part,28266
part,28267
part,28268
part,28269
part,28270
part,28271
part,28272
part,28273
part,28274
part,28275
part,28276
part,28277
part,28278
part,28279
part,28280
part,28281
part,28282
part,28283
part,28284
part,28285
part,28286
part,28287
part,28288
part,28289
part,28290
part,28291
part,28292
part,28293
part,28294
part,28295
part,28296
part,28297
part,28298
part,28299
part,28300
part,28301
part,28302
part,28303
part,28304
part,28305
part,28306
part,28307
part,28308
part,28309
part,28310
part,28311
part,28312
part,28313
part,28314
part,28315
part,28316
part,28317
part,28318
part,28319
part,28320
part,28321
part,28322
part,28323
part,28324
part,28325
part,28326
part,28327
part,28328
part,28329
part,28330
part,28331
part,28332
part,28333
part,28334
part,28335
part,28336
part,28337
part,28338
part,28339
part,28340
part,28341
part,28342
part,28343
part,28344
part,28345
part,28346
part,28347
part,28348
part,28349
part,28350
part,28351
part,28352
part,28353
part,28354
part,28355
part,28356
part,28357
part,28358
part,28359
part,28360
part,28361
part,28362
part,28363
part,28364
part,28365
part,28366
part,28367
part,28368
part,28369
part,28370
part,28371
part,28372
part,28373
part,28374
part,28375
part,28376
part,28377
part,28378
part,28379
part,28380
part,28381
part,28382
part,28383
part,28384
part,28385
part,28386
part,28387
part,28388
part,28389
part,28390
part,28391
part,28392
part,28393
part,28394
part,28395
part,28396
part,28397
part,28398
part,28399
part,28400
part,28401
part,28402
part,28403
part,28404
part,28405
part,28406
part,28407
part,28408
part,28409
part,28410
part,28411
part,28412
part,28413
part,28414
part,28415
part,28416
part,28417
part,28418
part,28419
part,28420
part,28421
part,28422
part,28423
part,28424
part,28425
part,28426
part,28427
part,28428
part,28429
part,28430
part,28431
part,28432
part,28433
part,28434
part,28435
part,28436
part,28437
part,28438
part,28439
part,28440
part,28441
part,28442
part,28443
part,28444
part,28445
part,28446
part,28447
part,28448
part,28449
part,28450
part,28451
part,28452
part,28453
part,28454
part,28455
part,28456
part,28457
part,28458
part,28459
part,28460
part,28461
part,28462
part,28463
part,28464
part,28465
part,28466
part,28467
part,28468
part,28469
part,28470
part,28471
part,28472
part,28473
part,28474
part,28475
part,28476
part,28477
part,28478
part,28479
part,28480
part,28481
part,28482
part,28483
part,28484
part,28485
part,28486
part,28487
part,28488
part,28489
part,28490
part,28491
part,28492
part,28493
part,28494
part,28495
part,28496
part,28497
part,28498
part,28499
part,28500
part,28501
part,28502
part,28503
part,28504
part,28505
part,28506
part,28507
part,28508
part,28509
part,28510
part,28511
part,28512
part,28513
part,28514
part,28515
part,28516
part,28517
part,28518
part,28519
part,28520
part,28521
part,28522
part,28523
part,28524
part,28525
part,28526
part,28527
part,28528
part,28529
part,28530
part,28531
part,28532
part,28533
part,28534
part,28535
part,28536
part,28537
part,28538
part,28539
part,28540
part,28541
part,28542
part,28543
part,28544
part,28545
part,28546
part,28547
part,28548
part,28549
part,28550
part,28551
part,28552
part,28553
part,28554
part,28555
part,28556
part,28557
part,28558
part,28559
part,28560
part,28561
part,28562
part,28563
part,28564
part,28565
part,28566
part,28567
part,28568
part,28569
part,28570
part,28571
part,28572
part,28573
part,28574
part,28575
part,28576
part,28577
part,28578
part,28579
part,28580
part,28581
part,28582
part,28583
part,28584
part,28585
part,28586
part,28587
part,28588
part,28589
part,28590
part,28591
part,28592
part,28593
part,28594
part,28595
part,28596
part,28597
part,28598
part,28599
part,28600
part,28601
part,28602
part,28603
part,28604
part,28605
part,28606
part,28607
part,28608
part,28609
part,28610
part,28611
part,28612
part,28613
part,28614
part,28615
part,28616
part,28617
part,28618
part,28619
part,28620
part,28621
part,28622
part,28623
part,28624
part,28625
part,28626
part,28627
part,28628
part,28629
part,28630
part,28631
part,28632
part,28633
part,28634
part,28635
part,28636
part,28637
part,28638
part,28639
part,28640
part,28641
part,28642
part,28643
part,28644
part,28645
part,28646
part,28647
part,28648
part,28649
part,28650
part,28651
part,28652
part,28653
part,28654
part,28655
part,28656
part,28657
part,28658
part,28659
part,28660
part,28661
part,28662
part,28663
part,28664
part,28665
part,28666
part,28667
part,28668
part,28669
part,28670
part,28671
part,28672
part,28673
part,28674
part,28675
part,28676
part,28677
part,28678
part,28679
part,28680
part,28681
part,28682
part,28683
part,28684
part,28685
part,28686
part,28687
part,28688
part,28689
part,28690
part,28691
part,28692
part,28693
part,28694
part,28695
part,28696
part,28697
part,28698
part,28699
part,28700
part,28701
part,28702
part,28703
part,28704
part,28705
part,28706
part,28707
part,28708
part,28709
part,28710
part,28711
part,28712
part,28713
part,28714
part,28715
part,28716
part,28717
part,28718
part,28719
part,28720
part,28721
part,28722
part,28723
part,28724
part,28725
part,28726
part,28727
part,28728
part,28729
part,28730
part,28731
part,28732
part,28733
part,28734
part,28735
part,28736
part,28737
part,28738
part,28739
part,28740
part,28741
part,28742
part,28743
part,28744
part,28745
part,28746
part,28747
part,28748
part,28749
part,28750
part,28751
part,28752
part,28753
part,28754
part,28755
part,28756
part,28757
part,28758
part,28759
part,28760
part,28761
part,28762
part,28763
part,28764
part,28765
part,28766
part,28767
part,28768
part,28769
part,28770
part,28771
part,28772
part,28773
part,28774
part,28775
part,28776
part,28777
part,28778
part,28779
part,28780
part,28781
part,28782
part,28783
part,28784
part,28785
part,28786
part,28787
part,28788
part,28789
part,28790
part,28791
part,28792
part,28793
part,28794
part,28795
part,28796
part,28797
part,28798
part,28799
part,28800
part,28801
part,28802
part,28803
part,28804
part,28805
part,28806
part,28807
part,28808
part,28809
part,28810
part,28811
part,28812
part,28813
part,28814
part,28815
part,28816
part,28817
part,28818
part,28819
part,28820
part,28821
part,28822
part,28823
part,28824
part,28825
part,28826
part,28827
part,28828
part,28829
part,28830
part,28831
part,28832
part,28833
part,28834
part,28835
part,28836
part,28837
part,28838
part,28839
part,28840
part,28841
part,28842
part,28843
part,28844
part,28845
part,28846
part,28847
part,28848
part,28849
part,28850
part,28851
part,28852
part,28853
part,28854
part,28855
part,28856
part,28857
part,28858
part,28859
part,28860
part,28861
part,28862
part,28863
part,28864
part,28865
part,28866
part,28867
part,28868
part,28869
part,28870
part,28871
part,28872
part,28873
part,28874
part,28875
part,28876
part,28877
part,28878
part,28879
part,28880
part,28881
part,28882
part,28883
part,28884
part,28885
part,28886
part,28887
part,28888
part,28889
part,28890
part,28891
part,28892
part,28893
part,28894
part,28895
part,28896
part,28897
part,28898
part,28899
part,28900
part,28901
part,28902
part,28903
part,28904
part,28905
part,28906
part,28907
part,28908
part,28909
part,28910
part,28911
part,28912
part,28913
part,28914
part,28915
part,28916
part,28917
part,28918
part,28919
part,28920
part,28921
part,28922
part,28923
part,28924
part,28925
part,28926
part,28927
part,28928
part,28929
part,28930
part,28931
part,28932
part,28933
part,28934
part,28935
part,28936
part,28937
part,28938
part,28939
part,28940
part,28941
part,28942
part,28943
part,28944
part,28945
part,28946
part,28947
part,28948
part,28949
part,28950
part,28951
part,28952
part,28953
part,28954
part,28955
part,28956
part,28957
part,28958
part,28959
part,28960
part,28961
part,28962
part,28963
part,28964
part,28965
part,28966
part,28967
part,28968
part,28969
part,28970
part,28971
part,28972
part,28973
part,28974
part,28975
part,28976
part,28977
part,28978
part,28979
part,28980
part,28981
part,28982
part,28983
part,28984
part,28985
part,28986
part,28987
part,28988
part,28989
part,28990
part,28991
part,28992
part,28993
part,28994
part,28995
part,28996
part,28997
part,28998
part,28999
part,29000
part,29001
part,29002
part,29003
part,29004
part,29005
part,29006
part,29007
part,29008
part,29009
part,29010
part,29011
part,29012
part,29013
part,29014
part,29015
part,29016
part,29017
part,29018
part,29019
part,29020
part,29021
part,29022
part,29023
part,29024
part,29025
part,29026
part,29027
part,29028
part,29029
part,29030
part,29031
part,29032
part,29033
part,29034
part,29035
part,29036
part,29037
part,29038
part,29039
part,29040
part,29041
part,29042
part,29043
part,29044
part,29045
part,29046
part,29047
part,29048
part,29049
part,29050
part,29051
part,29052
part,29053
part,29054
part,29055
part,29056
part,29057
part,29058
part,29059
part,29060
part,29061
part,29062
part,29063
part,29064
part,29065
part,29066
part,29067
part,29068
part,29069
part,29070
part,29071
part,29072
part,29073
part,29074
part,29075
part,29076
part,29077
part,29078
part,29079
part,29080
part,29081
part,29082
part,29083
part,29084
part,29085
part,29086
part,29087
part,29088
part,29089
part,29090
part,29091
part,29092
part,29093
part,29094
part,29095
part,29096
part,29097
part,29098
part,29099
part,29100
part,29101
part,29102
part,29103
part,29104
part,29105
part,29106
part,29107
part,29108
part,29109
part,29110
part,29111
part,29112
part,29113
part,29114
part,29115
part,29116
part,29117
part,29118
part,29119
part,29120
part,29121
part,29122
part,29123
part,29124
part,29125
part,29126
part,29127
part,29128
part,29129
part,29130
part,29131
part,29132
part,29133
part,29134
part,29135
part,29136
part,29137
part,29138
part,29139
part,29140
part,29141
part,29142
part,29143
part,29144
part,29145
part,29146
part,29147
part,29148
part,29149
part,29150
part,29151
part,29152
part,29153
part,29154
part,29155
part,29156
part,29157
part,29158
part,29159
part,29160
part,29161
part,29162
part,29163
part,29164
part,29165
part,29166
part,29167
part,29168
part,29169
part,29170
part,29171
part,29172
part,29173
part,29174
part,29175
part,29176
part,29177
part,29178
part,29179
part,29180
part,29181
part,29182
part,29183
part,29184
part,29185
part,29186
part,29187
part,29188
part,29189
part,29190
part,29191
part,29192
part,29193
part,29194
part,29195
part,29196
part,29197
part,29198
part,29199
part,29200
part,29201
part,29202
part,29203
part,29204
part,29205
part,29206
part,29207
part,29208
part,29209
part,29210
part,29211
part,29212
part,29213
part,29214
part,29215
part,29216
part,29217
part,29218
part,29219
part,29220
part,29221
part,29222
part,29223
part,29224
part,29225
part,29226
part,29227
part,29228
part,29229
part,29230
part,29231
part,29232
part,29233
part,29234
part,29235
part,29236
part,29237
part,29238
part,29239
part,29240
part,29241
part,29242
part,29243
part,29244
part,29245
part,29246
part,29247
part,29248
part,29249
part,29250
part,29251
part,29252
part,29253
part,29254
part,29255
part,29256
part,29257
part,29258
part,29259
part,29260
part,29261
part,29262
part,29263
part,29264
part,29265
part,29266
part,29267
part,29268
part,29269
part,29270
part,29271
part,29272
part,29273
part,29274
part,29275
part,29276
part,29277
part,29278
part,29279
part,29280
part,29281
part,29282
part,29283
part,29284
part,29285
part,29286
part,29287
part,29288
part,29289
part,29290
part,29291
part,29292
part,29293
part,29294
part,29295
part,29296
part,29297
part,29298
part,29299
part,29300
part,29301
part,29302
part,29303
part,29304
part,29305
part,29306
part,29307
part,29308
part,29309
part,29310
part,29311
part,29312
part,29313
part,29314
part,29315
part,29316
part,29317
part,29318
part,29319
part,29320
part,29321
part,29322
part,29323
part,29324
part,29325
part,29326
part,29327
part,29328
part,29329
part,29330
part,29331
part,29332
part,29333
part,29334
part,29335
part,29336
part,29337
part,29338
part,29339
part,29340
part,29341
part,29342
part,29343
part,29344
part,29345
part,29346
part,29347
part,29348
part,29349
part,29350
part,29351
part,29352
part,29353
part,29354
part,29355
part,29356
part,29357
part,29358
part,29359
part,29360
part,29361
part,29362
part,29363
part,29364
part,29365
part,29366
part,29367
part,29368
part,29369
part,29370
part,29371
part,29372
part,29373
part,29374
part,29375
part,29376
part,29377
part,29378
part,29379
part,29380
part,29381
part,29382
part,29383
part,29384
part,29385
part,29386
part,29387
part,29388
part,29389
part,29390
part,29391
part,29392
part,29393
part,29394
part,29395
part,29396
part,29397
part,29398
part,29399
part,29400
part,29401
part,29402
part,29403
part,29404
part,29405
part,29406
part,29407
part,29408
part,29409
part,29410
part,29411
part,29412
part,29413
part,29414
part,29415
part,29416
part,29417
part,29418
part,29419
part,29420
part,29421
part,29422
part,29423
part,29424
part,29425
part,29426
part,29427
part,29428
part,29429
part,29430
part,29431
part,29432
part,29433
part,29434
part,29435
part,29436
part,29437
part,29438
part,29439
part,29440
part,29441
part,29442
part,29443
part,29444
part,29445
part,29446
part,29447
part,29448
part,29449
part,29450
part,29451
part,29452
part,29453
part,29454
part,29455
part,29456
part,29457
part,29458
part,29459
part,29460
part,29461
part,29462
part,29463
part,29464
part,29465
part,29466
part,29467
part,29468
part,29469
part,29470
part,29471
part,29472
part,29473
part,29474
part,29475
part,29476
part,29477
part,29478
part,29479
part,29480
part,29481
part,29482
part,29483
part,29484
part,29485
part,29486
part,29487
part,29488
part,29489
part,29490
part,29491
part,29492
part,29493
part,29494
part,29495
part,29496
part,29497
part,29498
part,29499
part,29500
part,29501
part,29502
part,29503
part,29504
part,29505
part,29506
part,29507
part,29508
part,29509
part,29510
part,29511
part,29512
part,29513
part,29514
part,29515
part,29516
part,29517
part,29518
part,29519
part,29520
part,29521
part,29522
part,29523
part,29524
part,29525
part,29526
part,29527
part,29528
part,29529
part,29530
part,29531
part,29532
part,29533
part,29534
part,29535
part,29536
part,29537
part,29538
part,29539
part,29540
part,29541
part,29542
part,29543
part,29544
part,29545
part,29546
part,29547
part,29548
part,29549
part,29550
part,29551
part,29552
part,29553
part,29554
part,29555
part,29556
part,29557
part,29558
part,29559
part,29560
part,29561
part,29562
part,29563
part,29564
part,29565
part,29566
part,29567
part,29568
part,29569
part,29570
part,29571
part,29572
part,29573
part,29574
part,29575
part,29576
part,29577
part,29578
part,29579
part,29580
part,29581
part,29582
part,29583
part,29584
part,29585
part,29586
part,29587
part,29588
part,29589
part,29590
part,29591
part,29592
part,29593
part,29594
part,29595
part,29596
part,29597
part,29598
part,29599
part,29600
part,29601
part,29602
part,29603
part,29604
part,29605
part,29606
part,29607
part,29608
part,29609
part,29610
part,29611
part,29612
part,29613
part,29614
part,29615
part,29616
part,29617
part,29618
part,29619
part,29620
part,29621
part,29622
part,29623
part,29624
part,29625
part,29626
part,29627
part,29628
part,29629
part,29630
part,29631
part,29632
part,29633
part,29634
part,29635
part,29636
part,29637
part,29638
part,29639
part,29640
part,29641
part,29642
part,29643
part,29644
part,29645
part,29646
part,29647
part,29648
part,29649
part,29650
part,29651
part,29652
part,29653
part,29654
part,29655
part,29656
part,29657
part,29658
part,29659
part,29660
part,29661
part,29662
part,29663
part,29664
part,29665
part,29666
part,29667
part,29668
part,29669
part,29670
part,29671
part,29672
part,29673
part,29674
part,29675
part,29676
part,29677
part,29678
part,29679
part,29680
part,29681
part,29682
part,29683
part,29684
part,29685
part,29686
part,29687
part,29688
part,29689
part,29690
part,29691
part,29692
part,29693
part,29694
part,29695
part,29696
part,29697
part,29698
part,29699
part,29700
part,29701
part,29702
part,29703
part,29704
part,29705
part,29706
part,29707
part,29708
part,29709
part,29710
part,29711
part,29712
part,29713
part,29714
part,29715
part,29716
part,29717
part,29718
part,29719
part,29720
part,29721
part,29722
part,29723
part,29724
part,29725
part,29726
part,29727
part,29728
part,29729
part,29730
part,29731
part,29732
part,29733
part,29734
part,29735
part,29736
part,29737
part,29738
part,29739
part,29740
part,29741
part,29742
part,29743
part,29744
part,29745
part,29746
part,29747
part,29748
part,29749
part,29750
part,29751
part,29752
part,29753
part,29754
part,29755
part,29756
part,29757
part,29758
part,29759
part,29760
part,29761
part,29762
part,29763
part,29764
part,29765
part,29766
part,29767
part,29768
part,29769
part,29770
part,29771
part,29772
part,29773
part,29774
part,29775
part,29776
part,29777
part,29778
part,29779
part,29780
part,29781
part,29782
part,29783
part,29784
part,29785
part,29786
part,29787
part,29788
part,29789
part,29790
part,29791
part,29792
part,29793
part,29794
part,29795
part,29796
part,29797
part,29798
part,29799
part,29800
part,29801
part,29802
part,29803
part,29804
part,29805
part,29806
part,29807
part,29808
part,29809
part,29810
part,29811
part,29812
part,29813
part,29814
part,29815
part,29816
part,29817
part,29818
part,29819
part,29820
part,29821
part,29822
part,29823
part,29824
part,29825
part,29826
part,29827
part,29828
part,29829
part,29830
part,29831
part,29832
part,29833
part,29834
part,29835
part,29836
part,29837
part,29838
part,29839
part,29840
part,29841
part,29842
part,29843
part,29844
part,29845
part,29846
part,29847
part,29848
part,29849
part,29850
part,29851
part,29852
part,29853
part,29854
part,29855
part,29856
part,29857
part,29858
part,29859
part,29860
part,29861
part,29862
part,29863
part,29864
part,29865
part,29866
part,29867
part,29868
part,29869
part,29870
part,29871
part,29872
part,29873
part,29874
part,29875
part,29876
part,29877
part,29878
part,29879
part,29880
part,29881
part,29882
part,29883
part,29884
part,29885
part,29886
part,29887
part,29888
part,29889
part,29890
part,29891
part,29892
part,29893
part,29894
part,29895
part,29896
part,29897
part,29898
part,29899
part,29900
part,29901
part,29902
part,29903
part,29904
part,29905
part,29906
part,29907
part,29908
part,29909
part,29910
part,29911
part,29912
part,29913
part,29914
part,29915
part,29916
part,29917
part,29918
part,29919
part,29920
part,29921
part,29922
part,29923
part,29924
part,29925
part,29926
part,29927
part,29928
part,29929
part,29930
part,29931
part,29932
part,29933
part,29934
part,29935
part,29936
part,29937
part,29938
part,29939
part,29940
part,29941
part,29942
part,29943
part,29944
part,29945
part,29946
part,29947
part,29948
part,29949
part,29950
part,29951
part,29952
part,29953
part,29954
part,29955
part,29956
part,29957
part,29958
part,29959
part,29960
part,29961
part,29962
part,29963
part,29964
part,29965
part,29966
part,29967
part,29968
part,29969
part,29970
part,29971
part,29972
part,29973
part,29974
part,29975
part,29976
part,29977
part,29978
part,29979
part,29980
part,29981
part,29982
part,29983
part,29984
part,29985
part,29986
part,29987
part,29988
part,29989
part,29990
part,29991
part,29992
part,29993
part,29994
part,29995
part,29996
part,29997
part,29998
part,29999
part,30000
part,30001
part,30002
part,30003
part,30004
part,30005
part,30006
part,30007
part,30008
part,30009
part,30010
part,30011
part,30012
part,30013
part,30014
part,30015
part,30016
part,30017
part,30018
part,30019
part,30020
part,30021
part,30022
part,30023
part,30024
part,30025
part,30026
part,30027
part,30028
part,30029
part,30030
part,30031
part,30032
part,30033
part,30034
part,30035
part,30036
part,30037
part,30038
part,30039
part,30040
part,30041
part,30042
part,30043
part,30044
part,30045
part,30046
part,30047
part,30048
part,30049
part,30050
part,30051
part,30052
part,30053
part,30054
part,30055
part,30056
part,30057
part,30058
part,30059
part,30060
part,30061
part,30062
part,30063
part,30064
part,30065
part,30066
part,30067
part,30068
part,30069
part,30070
part,30071
part,30072
part,30073
part,30074
part,30075
part,30076
part,30077
part,30078
part,30079
part,30080
part,30081
part,30082
part,30083
part,30084
part,30085
part,30086
part,30087
part,30088
part,30089
part,30090
part,30091
part,30092
part,30093
part,30094
part,30095
part,30096
part,30097
part,30098
part,30099
part,30100
part,30101
part,30102
part,30103
part,30104
part,30105
part,30106
part,30107
part,30108
part,30109
part,30110
part,30111
part,30112
part,30113
part,30114
part,30115
part,30116
part,30117
part,30118
part,30119
part,30120
part,30121
part,30122
part,30123
part,30124
part,30125
part,30126
part,30127
part,30128
part,30129
part,30130
part,30131
part,30132
part,30133
part,30134
part,30135
part,30136
part,30137
part,30138
part,30139
part,30140
part,30141
part,30142
part,30143
part,30144
part,30145
part,30146
part,30147
part,30148
part,30149
part,30150
part,30151
part,30152
part,30153
part,30154
part,30155
part,30156
part,30157
part,30158
part,30159
part,30160
part,30161
part,30162
part,30163
part,30164
part,30165
part,30166
part,30167
part,30168
part,30169
part,30170
part,30171
part,30172
part,30173
part,30174
part,30175
part,30176
part,30177
part,30178
part,30179
part,30180
part,30181
part,30182
part,30183
part,30184
part,30185
part,30186
part,30187
part,30188
part,30189
part,30190
part,30191
part,30192
part,30193
part,30194
part,30195
part,30196
part,30197
part,30198
part,30199
part,30200
part,30201
part,30202
part,30203
part,30204
part,30205
part,30206
part,30207
part,30208
part,30209
part,30210
part,30211
part,30212
part,30213
part,30214
part,30215
part,30216
part,30217
part,30218
part,30219
part,30220
part,30221
part,30222
part,30223
part,30224
part,30225
part,30226
part,30227
part,30228
part,30229
part,30230
part,30231
part,30232
part,30233
part,30234
part,30235
part,30236
part,30237
part,30238
part,30239
part,30240
part,30241
part,30242
part,30243
part,30244
part,30245
part,30246
part,30247
part,30248
part,30249
part,30250
part,30251
part,30252
part,30253
part,30254
part,30255
part,30256
part,30257
part,30258
part,30259
part,30260
part,30261
part,30262
part,30263
part,30264
part,30265
part,30266
part,30267
part,30268
part,30269
part,30270
part,30271
part,30272
part,30273
part,30274
part,30275
part,30276
part,30277
part,30278
part,30279
part,30280
part,30281
part,30282
part,30283
part,30284
part,30285
part,30286
part,30287
part,30288
part,30289
part,30290
part,30291
part,30292
part,30293
part,30294
part,30295
part,30296
part,30297
part,30298
part,30299
part,30300
part,30301
part,30302
part,30303
part,30304
part,30305
part,30306
part,30307
part,30308
part,30309
part,30310
part,30311
part,30312
part,30313
part,30314
part,30315
part,30316
part,30317
part,30318
part,30319
part,30320
part,30321
part,30322
part,30323
part,30324
part,30325
part,30326
part,30327
part,30328
part,30329
part,30330
part,30331
part,30332
part,30333
part,30334
part,30335
part,30336
part,30337
part,30338
part,30339
part,30340
part,30341
part,30342
part,30343
part,30344
part,30345
part,30346
part,30347
part,30348
part,30349
part,30350
part,30351
part,30352
part,30353
part,30354
part,30355
part,30356
part,30357
part,30358
part,30359
part,30360
part,30361
part,30362
part,30363
part,30364
part,30365
part,30366
part,30367
part,30368
part,30369
part,30370
part,30371
part,30372
part,30373
part,30374
part,30375
part,30376
part,30377
part,30378
part,30379
part,30380
part,30381
part,30382
part,30383
part,30384
part,30385
part,30386
part,30387
part,30388
part,30389
part,30390
part,30391
part,30392
part,30393
part,30394
part,30395
part,30396
part,30397
part,30398
part,30399
part,30400
part,30401
part,30402
part,30403
part,30404
part,30405
part,30406
part,30407
part,30408
part,30409
part,30410
part,30411
part,30412
part,30413
part,30414
part,30415
part,30416
part,30417
part,30418
part,30419
part,30420
part,30421
part,30422
part,30423
part,30424
part,30425
part,30426
part,30427
part,30428
part,30429
part,30430
part,30431
part,30432
part,30433
part,30434
part,30435
part,30436
part,30437
part,30438
part,30439
part,30440
part,30441
part,30442
part,30443
part,30444
part,30445
part,30446
part,30447
part,30448
part,30449
part,30450
part,30451
part,30452
part,30453
part,30454
part,30455
part,30456
part,30457
part,30458
part,30459
part,30460
part,30461
part,30462
part,30463
part,30464
part,30465
part,30466
part,30467
part,30468
part,30469
part,30470
part,30471
part,30472
part,30473
part,30474
part,30475
part,30476
part,30477
part,30478
part,30479
part,30480
part,30481
part,30482
part,30483
part,30484
part,30485
part,30486
part,30487
part,30488
part,30489
part,30490
part,30491
part,30492
part,30493
part,30494
part,30495
part,30496
part,30497
part,30498
part,30499
part,30500
part,30501
part,30502
part,30503
part,30504
part,30505
part,30506
part,30507
part,30508
part,30509
part,30510
part,30511
part,30512
part,30513
part,30514
part,30515
part,30516
part,30517
part,30518
part,30519
part,30520
part,30521
part,30522
part,30523
part,30524
part,30525
part,30526
part,30527
part,30528
part,30529
part,30530
part,30531
part,30532
part,30533
part,30534
part,30535
part,30536
part,30537
part,30538
part,30539
part,30540
part,30541
part,30542
part,30543
part,30544
part,30545
part,30546
part,30547
part,30548
part,30549
part,30550
part,30551
part,30552
part,30553
part,30554
part,30555
part,30556
part,30557
part,30558
part,30559
part,30560
part,30561
part,30562
part,30563
part,30564
part,30565
part,30566
part,30567
part,30568
part,30569
part,30570
part,30571
part,30572
part,30573
part,30574
part,30575
part,30576
part,30577
part,30578
part,30579
part,30580
part,30581
part,30582
part,30583
part,30584
part,30585
part,30586
part,30587
part,30588
part,30589
part,30590
part,30591
part,30592
part,30593
part,30594
part,30595
part,30596
part,30597
part,30598
part,30599
part,30600
part,30601
part,30602
part,30603
part,30604
part,30605
part,30606
part,30607
part,30608
part,30609
part,30610
part,30611
part,30612
part,30613
part,30614
part,30615
part,30616
part,30617
part,30618
part,30619
part,30620
part,30621
part,30622
part,30623
part,30624
part,30625
part,30626
part,30627
part,30628
part,30629
part,30630
part,30631
part,30632
part,30633
part,30634
part,30635
part,30636
part,30637
part,30638
part,30639
part,30640
part,30641
part,30642
part,30643
part,30644
part,30645
part,30646
part,30647
part,30648
part,30649
part,30650
part,30651
part,30652
part,30653
part,30654
part,30655
part,30656
part,30657
part,30658
part,30659
part,30660
part,30661
part,30662
part,30663
part,30664
part,30665
part,30666
part,30667
part,30668
part,30669
part,30670
part,30671
part,30672
part,30673
part,30674
part,30675
part,30676
part,30677
part,30678
part,30679
part,30680
part,30681
part,30682
part,30683
part,30684
part,30685
part,30686
part,30687
part,30688
part,30689
part,30690
part,30691
part,30692
part,30693
part,30694
part,30695
part,30696
part,30697
part,30698
part,30699
part,30700
part,30701
part,30702
part,30703
part,30704
part,30705
part,30706
part,30707
part,30708
part,30709
part,30710
part,30711
part,30712
part,30713
part,30714
part,30715
part,30716
part,30717
part,30718
part,30719
part,30720
part,30721
part,30722
part,30723
part,30724
part,30725
part,30726
part,30727
part,30728
part,30729
part,30730
part,30731
part,30732
part,30733
part,30734
part,30735
part,30736
part,30737
part,30738
part,30739
part,30740
part,30741
part,30742
part,30743
part,30744
part,30745
part,30746
part,30747
part,30748
part,30749
part,30750
part,30751
part,30752
part,30753
part,30754
part,30755
part,30756
part,30757
part,30758
part,30759
part,30760
part,30761
part,30762
part,30763
part,30764
part,30765
part,30766
part,30767
part,30768
part,30769
part,30770
part,30771
part,30772
part,30773
part,30774
part,30775
part,30776
part,30777
part,30778
part,30779
part,30780
part,30781
part,30782
part,30783
part,30784
part,30785
part,30786
part,30787
part,30788
part,30789
part,30790
part,30791
part,30792
part,30793
part,30794
part,30795
part,30796
part,30797
part,30798
part,30799
part,30800
part,30801
part,30802
part,30803
part,30804
part,30805
part,30806
part,30807
part,30808
part,30809
part,30810
part,30811
part,30812
part,30813
part,30814
part,30815
part,30816
part,30817
part,30818
part,30819
part,30820
part,30821
part,30822
part,30823
part,30824
part,30825
part,30826
part,30827
part,30828
part,30829
part,30830
part,30831
part,30832
part,30833
part,30834
part,30835
part,30836
part,30837
part,30838
part,30839
part,30840
part,30841
part,30842
part,30843
part,30844
part,30845
part,30846
part,30847
part,30848
part,30849
part,30850
part,30851
part,30852
part,30853
part,30854
part,30855
part,30856
part,30857
part,30858
part,30859
part,30860
part,30861
part,30862
part,30863
part,30864
part,30865
part,30866
part,30867
part,30868
part,30869
part,30870
part,30871
part,30872
part,30873
part,30874
part,30875
part,30876
part,30877
part,30878
part,30879
part,30880
part,30881
part,30882
part,30883
part,30884
part,30885
part,30886
part,30887
part,30888
part,30889
part,30890
part,30891
part,30892
part,30893
part,30894
part,30895
part,30896
part,30897
part,30898
part,30899
part,30900
part,30901
part,30902
part,30903
part,30904
part,30905
part,30906
part,30907
part,30908
part,30909
part,30910
part,30911
part,30912
part,30913
part,30914
part,30915
part,30916
part,30917
part,30918
part,30919
part,30920
part,30921
part,30922
part,30923
part,30924
part,30925
part,30926
part,30927
part,30928
part,30929
part,30930
part,30931
part,30932
part,30933
part,30934
part,30935
part,30936
part,30937
part,30938
part,30939
part,30940
part,30941
part,30942
part,30943
part,30944
part,30945
part,30946
part,30947
part,30948
part,30949
part,30950
part,30951
part,30952
part,30953
part,30954
part,30955
part,30956
part,30957
part,30958
part,30959
part,30960
part,30961
part,30962
part,30963
part,30964
part,30965
part,30966
part,30967
part,30968
part,30969
part,30970
part,30971
part,30972
part,30973
part,30974
part,30975
part,30976
part,30977
part,30978
part,30979
part,30980
part,30981
part,30982
part,30983
part,30984
part,30985
part,30986
part,30987
part,30988
part,30989
part,30990
part,30991
part,30992
part,30993
part,30994
part,30995
part,30996
part,30997
part,30998
part,30999
part,31000
part,31001
part,31002
part,31003
part,31004
part,31005
part,31006
part,31007
part,31008
part,31009
part,31010
part,31011
part,31012
part,31013
part,31014
part,31015
part,31016
part,31017
part,31018
part,31019
part,31020
part,31021
part,31022
part,31023
part,31024
part,31025
part,31026
part,31027
part,31028
part,31029
part,31030
part,31031
part,31032
part,31033
part,31034
part,31035
part,31036
part,31037
part,31038
part,31039
part,31040
part,31041
part,31042
part,31043
part,31044
part,31045
part,31046
part,31047
part,31048
part,31049
part,31050
part,31051
part,31052
part,31053
part,31054
part,31055
part,31056
part,31057
part,31058
part,31059
part,31060
part,31061
part,31062
part,31063
part,31064
part,31065
part,31066
part,31067
part,31068
part,31069
part,31070
part,31071
part,31072
part,31073
part,31074
part,31075
part,31076
part,31077
part,31078
part,31079
part,31080
part,31081
part,31082
part,31083
part,31084
part,31085
part,31086
part,31087
part,31088
part,31089
part,31090
part,31091
part,31092
part,31093
part,31094
part,31095
part,31096
part,31097
part,31098
part,31099
part,31100
part,31101
part,31102
part,31103
part,31104
part,31105
part,31106
part,31107
part,31108
part,31109
part,31110
part,31111
part,31112
part,31113
part,31114
part,31115
part,31116
part,31117
part,31118
part,31119
part,31120
part,31121
part,31122
part,31123
part,31124
part,31125
part,31126
part,31127
part,31128
part,31129
part,31130
part,31131
part,31132
part,31133
part,31134
part,31135
part,31136
part,31137
part,31138
part,31139
part,31140
part,31141
part,31142
part,31143
part,31144
part,31145
part,31146
part,31147
part,31148
part,31149
part,31150
part,31151
part,31152
part,31153
part,31154
part,31155
part,31156
part,31157
part,31158
part,31159
part,31160
part,31161
part,31162
part,31163
part,31164
part,31165
part,31166
part,31167
part,31168
part,31169
part,31170
part,31171
part,31172
part,31173
part,31174
part,31175
part,31176
part,31177
part,31178
part,31179
part,31180
part,31181
part,31182
part,31183
part,31184
part,31185
part,31186
part,31187
part,31188
part,31189
part,31190
part,31191
part,31192
part,31193
part,31194
part,31195
part,31196
part,31197
part,31198
part,31199
part,31200
part,31201
part,31202
part,31203
part,31204
part,31205
part,31206
part,31207
part,31208
part,31209
part,31210
part,31211
part,31212
part,31213
part,31214
part,31215
part,31216
part,31217
part,31218
part,31219
part,31220
part,31221
part,31222
part,31223
part,31224
part,31225
part,31226
part,31227
part,31228
part,31229
part,31230
part,31231
part,31232
part,31233
part,31234
part,31235
part,31236
part,31237
part,31238
part,31239
part,31240
part,31241
part,31242
part,31243
part,31244
part,31245
part,31246
part,31247
part,31248
part,31249
part,31250
part,31251
part,31252
part,31253
part,31254
part,31255
part,31256
part,31257
part,31258
part,31259
part,31260
part,31261
part,31262
part,31263
part,31264
part,31265
part,31266
part,31267
part,31268
part,31269
part,31270
part,31271
part,31272
part,31273
part,31274
part,31275
part,31276
part,31277
part,31278
part,31279
part,31280
part,31281
part,31282
part,31283
part,31284
part,31285
part,31286
part,31287
part,31288
part,31289
part,31290
part,31291
part,31292
part,31293
part,31294
part,31295
part,31296
part,31297
part,31298
part,31299
part,31300
part,31301
part,31302
part,31303
part,31304
part,31305
part,31306
part,31307
part,31308
part,31309
part,31310
part,31311
part,31312
part,31313
part,31314
part,31315
part,31316
part,31317
part,31318
part,31319
part,31320
part,31321
part,31322
part,31323
part,31324
part,31325
part,31326
part,31327
part,31328
part,31329
part,31330
part,31331
part,31332
part,31333
part,31334
part,31335
part,31336
part,31337
part,31338
part,31339
part,31340
part,31341
part,31342
part,31343
part,31344
part,31345
part,31346
part,31347
part,31348
part,31349
part,31350
part,31351
part,31352
part,31353
part,31354
part,31355
part,31356
part,31357
part,31358
part,31359
part,31360
part,31361
part,31362
part,31363
part,31364
part,31365
part,31366
part,31367
part,31368
part,31369
part,31370
part,31371
part,31372
part,31373
part,31374
part,31375
part,31376
part,31377
part,31378
part,31379
part,31380
part,31381
part,31382
part,31383
part,31384
part,31385
part,31386
part,31387
part,31388
part,31389
part,31390
part,31391
part,31392
part,31393
part,31394
part,31395
part,31396
part,31397
part,31398
part,31399
part,31400
part,31401
part,31402
part,31403
part,31404
part,31405
part,31406
part,31407
part,31408
part,31409
part,31410
part,31411
part,31412
part,31413
part,31414
part,31415
part,31416
part,31417
part,31418
part,31419
part,31420
part,31421
part,31422
part,31423
part,31424
part,31425
part,31426
part,31427
part,31428
part,31429
part,31430
part,31431
part,31432
part,31433
part,31434
part,31435
part,31436
part,31437
part,31438
part,31439
part,31440
part,31441
part,31442
part,31443
part,31444
part,31445
part,31446
part,31447
part,31448
part,31449
part,31450
part,31451
part,31452
part,31453
part,31454
part,31455
part,31456
part,31457
part,31458
part,31459
part,31460
part,31461
part,31462
part,31463
part,31464
part,31465
part,31466
part,31467
part,31468
part,31469
part,31470
part,31471
part,31472
part,31473
part,31474
part,31475
part,31476
part,31477
part,31478
part,31479
part,31480
part,31481
part,31482
part,31483
part,31484
part,31485
part,31486
part,31487
part,31488
part,31489
part,31490
part,31491
part,31492
part,31493
part,31494
part,31495
part,31496
part,31497
part,31498
part,31499
part,31500
part,31501
part,31502
part,31503
part,31504
part,31505
part,31506
part,31507
part,31508
part,31509
part,31510
part,31511
part,31512
part,31513
part,31514
part,31515
part,31516
part,31517
part,31518
part,31519
part,31520
part,31521
part,31522
part,31523
part,31524
part,31525
part,31526
part,31527
part,31528
part,31529
part,31530
part,31531
part,31532
part,31533
part,31534
part,31535
part,31536
part,31537
part,31538
part,31539
part,31540
part,31541
part,31542
part,31543
part,31544
part,31545
part,31546
part,31547
part,31548
part,31549
part,31550
part,31551
part,31552
part,31553
part,31554
part,31555
part,31556
part,31557
part,31558
part,31559
part,31560
part,31561
part,31562
part,31563
part,31564
part,31565
part,31566
part,31567
part,31568
part,31569
part,31570
part,31571
part,31572
part,31573
part,31574
part,31575
part,31576
part,31577
part,31578
part,31579
part,31580
part,31581
part,31582
part,31583
part,31584
part,31585
part,31586
part,31587
part,31588
part,31589
part,31590
part,31591
part,31592
part,31593
part,31594
part,31595
part,31596
part,31597
part,31598
part,31599
part,31600
part,31601
part,31602
part,31603
part,31604
part,31605
part,31606
part,31607
part,31608
part,31609
part,31610
part,31611
part,31612
part,31613
part,31614
part,31615
part,31616
part,31617
part,31618
part,31619
part,31620
part,31621
part,31622
part,31623
part,31624
part,31625
part,31626
part,31627
part,31628
part,31629
part,31630
part,31631
part,31632
part,31633
part,31634
part,31635
part,31636
part,31637
part,31638
part,31639
part,31640
part,31641
part,31642
part,31643
part,31644
part,31645
part,31646
part,31647
part,31648
part,31649
part,31650
part,31651
part,31652
part,31653
part,31654
part,31655
part,31656
part,31657
part,31658
part,31659
part,31660
part,31661
part,31662
part,31663
part,31664
part,31665
part,31666
part,31667
part,31668
part,31669
part,31670
part,31671
part,31672
part,31673
part,31674
part,31675
part,31676
part,31677
part,31678
part,31679
part,31680
part,31681
part,31682
part,31683
part,31684
part,31685
part,31686
part,31687
part,31688
part,31689
part,31690
part,31691
part,31692
part,31693
part,31694
part,31695
part,31696
part,31697
part,31698
part,31699
part,31700
part,31701
part,31702
part,31703
part,31704
part,31705
part,31706
part,31707
part,31708
part,31709
part,31710
part,31711
part,31712
part,31713
part,31714
part,31715
part,31716
part,31717
part,31718
part,31719
part,31720
part,31721
part,31722
part,31723
part,31724
part,31725
part,31726
part,31727
part,31728
part,31729
part,31730
part,31731
part,31732
part,31733
part,31734
part,31735
part,31736
part,31737
part,31738
part,31739
part,31740
part,31741
part,31742
part,31743
part,31744
part,31745
part,31746
part,31747
part,31748
part,31749
part,31750
part,31751
part,31752
part,31753
part,31754
part,31755
part,31756
part,31757
part,31758
part,31759
part,31760
part,31761
part,31762
part,31763
part,31764
part,31765
part,31766
part,31767
part,31768
part,31769
part,31770
part,31771
part,31772
part,31773
part,31774
part,31775
part,31776
part,31777
part,31778
part,31779
part,31780
part,31781
part,31782
part,31783
part,31784
part,31785
part,31786
part,31787
part,31788
part,31789
part,31790
part,31791
part,31792
part,31793
part,31794
part,31795
part,31796
part,31797
part,31798
part,31799
part,31800
part,31801
part,31802
part,31803
part,31804
part,31805
part,31806
part,31807
part,31808
part,31809
part,31810
part,31811
part,31812
part,31813
part,31814
part,31815
part,31816
part,31817
part,31818
part,31819
part,31820
part,31821
part,31822
part,31823
part,31824
part,31825
part,31826
part,31827
part,31828
part,31829
part,31830
part,31831
part,31832
part,31833
part,31834
part,31835
part,31836
part,31837
part,31838
part,31839
part,31840
part,31841
part,31842
part,31843
part,31844
part,31845
part,31846
part,31847
part,31848
part,31849
part,31850
part,31851
part,31852
part,31853
part,31854
part,31855
part,31856
part,31857
part,31858
part,31859
part,31860
part,31861
part,31862
part,31863
part,31864
part,31865
part,31866
part,31867
part,31868
part,31869
part,31870
part,31871
part,31872
part,31873
part,31874
part,31875
part,31876
part,31877
part,31878
part,31879
part,31880
part,31881
part,31882
part,31883
part,31884
part,31885
part,31886
part,31887
part,31888
part,31889
part,31890
part,31891
part,31892
part,31893
part,31894
part,31895
part,31896
part,31897
part,31898
part,31899
part,31900
part,31901
part,31902
part,31903
part,31904
part,31905
part,31906
part,31907
part,31908
part,31909
part,31910
part,31911
part,31912
part,31913
part,31914
part,31915
part,31916
part,31917
part,31918
part,31919
part,31920
part,31921
part,31922
part,31923
part,31924
part,31925
part,31926
part,31927
part,31928
part,31929
part,31930
part,31931
part,31932
part,31933
part,31934
part,31935
part,31936
part,31937
part,31938
part,31939
part,31940
part,31941
part,31942
part,31943
part,31944
part,31945
part,31946
part,31947
part,31948
part,31949
part,31950
part,31951
part,31952
part,31953
part,31954
part,31955
part,31956
part,31957
part,31958
part,31959
part,31960
part,31961
part,31962
part,31963
part,31964
part,31965
part,31966
part,31967
part,31968
part,31969
part,31970
part,31971
part,31972
part,31973
part,31974
part,31975
part,31976
part,31977
part,31978
part,31979
part,31980
part,31981
part,31982
part,31983
part,31984
part,31985
part,31986
part,31987
part,31988
part,31989
part,31990
part,31991
part,31992
part,31993
part,31994
part,31995
part,31996
part,31997
part,31998
part,31999
part,32000
part,32001
part,32002
part,32003
part,32004
part,32005
part,32006
part,32007
part,32008
part,32009
part,32010
part,32011
part,32012
part,32013
part,32014
part,32015
part,32016
part,32017
part,32018
part,32019
part,32020
part,32021
part,32022
part,32023
part,32024
part,32025
part,32026
part,32027
part,32028
part,32029
part,32030
part,32031
part,32032
part,32033
part,32034
part,32035
part,32036
part,32037
part,32038
part,32039
part,32040
part,32041
part,32042
part,32043
part,32044
part,32045
part,32046
part,32047
part,32048
part,32049
part,32050
part,32051
part,32052
part,32053
part,32054
part,32055
part,32056
part,32057
part,32058
part,32059
part,32060
part,32061
part,32062
part,32063
part,32064
part,32065
part,32066
part,32067
part,32068
part,32069
part,32070
part,32071
part,32072
part,32073
part,32074
part,32075
part,32076
part,32077
part,32078
part,32079
part,32080
part,32081
part,32082
part,32083
part,32084
part,32085
part,32086
part,32087
part,32088
part,32089
part,32090
part,32091
part,32092
part,32093
part,32094
part,32095
part,32096
part,32097
part,32098
part,32099
part,32100
part,32101
part,32102
part,32103
part,32104
part,32105
part,32106
part,32107
part,32108
part,32109
part,32110
part,32111
part,32112
part,32113
part,32114
part,32115
part,32116
part,32117
part,32118
part,32119
part,32120
part,32121
part,32122
part,32123
part,32124
part,32125
part,32126
part,32127
part,32128
part,32129
part,32130
part,32131
part,32132
part,32133
part,32134
part,32135
part,32136
part,32137
part,32138
part,32139
part,32140
part,32141
part,32142
part,32143
part,32144
part,32145
part,32146
part,32147
part,32148
part,32149
part,32150
part,32151
part,32152
part,32153
part,32154
part,32155
part,32156
part,32157
part,32158
part,32159
part,32160
part,32161
part,32162
part,32163
part,32164
part,32165
part,32166
part,32167
part,32168
part,32169
part,32170
part,32171
part,32172
part,32173
part,32174
part,32175
part,32176
part,32177
part,32178
part,32179
part,32180
part,32181
part,32182
part,32183
part,32184
part,32185
part,32186
part,32187
part,32188
part,32189
part,32190
part,32191
part,32192
part,32193
part,32194
part,32195
part,32196
part,32197
part,32198
part,32199
part,32200
part,32201
part,32202
part,32203
part,32204
part,32205
part,32206
part,32207
part,32208
part,32209
part,32210
part,32211
part,32212
part,32213
part,32214
part,32215
part,32216
part,32217
part,32218
part,32219
part,32220
part,32221
part,32222
part,32223
part,32224
part,32225
part,32226
part,32227
part,32228
part,32229
part,32230
part,32231
part,32232
part,32233
part,32234
part,32235
part,32236
part,32237
part,32238
part,32239
part,32240
part,32241
part,32242
part,32243
part,32244
part,32245
part,32246
part,32247
part,32248
part,32249
part,32250
part,32251
part,32252
part,32253
part,32254
part,32255
part,32256
part,32257
part,32258
part,32259
part,32260
part,32261
part,32262
part,32263
part,32264
part,32265
part,32266
part,32267
part,32268
part,32269
part,32270
part,32271
part,32272
part,32273
part,32274
part,32275
part,32276
part,32277
part,32278
part,32279
part,32280
part,32281
part,32282
part,32283
part,32284
part,32285
part,32286
part,32287
part,32288
part,32289
part,32290
part,32291
part,32292
part,32293
part,32294
part,32295
part,32296
part,32297
part,32298
part,32299
part,32300
part,32301
part,32302
part,32303
part,32304
part,32305
part,32306
part,32307
part,32308
part,32309
part,32310
part,32311
part,32312
part,32313
part,32314
part,32315
part,32316
part,32317
part,32318
part,32319
part,32320
part,32321
part,32322
part,32323
part,32324
part,32325
part,32326
part,32327
part,32328
part,32329
part,32330
part,32331
part,32332
part,32333
part,32334
part,32335
part,32336
part,32337
part,32338
part,32339
part,32340
part,32341
part,32342
part,32343
part,32344
part,32345
part,32346
part,32347
part,32348
part,32349
part,32350
part,32351
part,32352
part,32353
part,32354
part,32355
part,32356
part,32357
part,32358
part,32359
part,32360
part,32361
part,32362
part,32363
part,32364
part,32365
part,32366
part,32367
part,32368
part,32369
part,32370
part,32371
part,32372
part,32373
part,32374
part,32375
part,32376
part,32377
part,32378
part,32379
part,32380
part,32381
part,32382
part,32383
part,32384
part,32385
part,32386
part,32387
part,32388
part,32389
part,32390
part,32391
part,32392
part,32393
part,32394
part,32395
part,32396
part,32397
part,32398
part,32399
part,32400
part,32401
part,32402
part,32403
part,32404
part,32405
part,32406
part,32407
part,32408
part,32409
part,32410
part,32411
part,32412
part,32413
part,32414
part,32415
part,32416
part,32417
part,32418
part,32419
part,32420
part,32421
part,32422
part,32423
part,32424
part,32425
part,32426
part,32427
part,32428
part,32429
part,32430
part,32431
part,32432
part,32433
part,32434
part,32435
part,32436
part,32437
part,32438
part,32439
part,32440
part,32441
part,32442
part,32443
part,32444
part,32445
part,32446
part,32447
part,32448
part,32449
part,32450
part,32451
part,32452
part,32453
part,32454
part,32455
part,32456
part,32457
part,32458
part,32459
part,32460
part,32461
part,32462
part,32463
part,32464
part,32465
part,32466
part,32467
part,32468
part,32469
part,32470
part,32471
part,32472
part,32473
part,32474
part,32475
part,32476
part,32477
part,32478
part,32479
part,32480
part,32481
part,32482
part,32483
part,32484
part,32485
part,32486
part,32487
part,32488
part,32489
part,32490
part,32491
part,32492
part,32493
part,32494
part,32495
part,32496
part,32497
part,32498
part,32499
part,32500
part,32501
part,32502
part,32503
part,32504
part,32505
part,32506
part,32507
part,32508
part,32509
part,32510
part,32511
part,32512
part,32513
part,32514
part,32515
part,32516
part,32517
part,32518
part,32519
part,32520
part,32521
part,32522
part,32523
part,32524
part,32525
part,32526
part,32527
part,32528
part,32529
part,32530
part,32531
part,32532
part,32533
part,32534
part,32535
part,32536
part,32537
part,32538
part,32539
part,32540
part,32541
part,32542
part,32543
part,32544
part,32545
part,32546
part,32547
part,32548
part,32549
part,32550
part,32551
part,32552
part,32553
part,32554
part,32555
part,32556
part,32557
part,32558
part,32559
part,32560
part,32561
part,32562
part,32563
part,32564
part,32565
part,32566
part,32567
part,32568
part,32569
part,32570
part,32571
part,32572
part,32573
part,32574
part,32575
part,32576
part,32577
part,32578
part,32579
part,32580
part,32581
part,32582
part,32583
part,32584
part,32585
part,32586
part,32587
part,32588
part,32589
part,32590
part,32591
part,32592
part,32593
part,32594
part,32595
part,32596
part,32597
part,32598
part,32599
part,32600
part,32601
part,32602
part,32603
part,32604
part,32605
part,32606
part,32607
part,32608
part,32609
part,32610
part,32611
part,32612
part,32613
part,32614
part,32615
part,32616
part,32617
part,32618
part,32619
part,32620
part,32621
part,32622
part,32623
part,32624
part,32625
part,32626
part,32627
part,32628
part,32629
part,32630
part,32631
part,32632
part,32633
part,32634
part,32635
part,32636
part,32637
part,32638
part,32639
part,32640
part,32641
part,32642
part,32643
part,32644
part,32645
part,32646
part,32647
part,32648
part,32649
part,32650
part,32651
part,32652
part,32653
part,32654
part,32655
part,32656
part,32657
part,32658
part,32659
part,32660
part,32661
part,32662
part,32663
part,32664
part,32665
part,32666
part,32667
part,32668
part,32669
part,32670
part,32671
part,32672
part,32673
part,32674
part,32675
part,32676
part,32677
part,32678
part,32679
part,32680
part,32681
part,32682
part,32683
part,32684
part,32685
part,32686
part,32687
part,32688
part,32689
part,32690
part,32691
part,32692
part,32693
part,32694
part,32695
part,32696
part,32697
part,32698
part,32699
part,32700
part,32701
part,32702
part,32703
part,32704
part,32705
part,32706
part,32707
part,32708
part,32709
part,32710
part,32711
part,32712
part,32713
part,32714
part,32715
part,32716
part,32717
part,32718
part,32719
part,32720
part,32721
part,32722
part,32723
part,32724
part,32725
part,32726
part,32727
part,32728
part,32729
part,32730
part,32731
part,32732
part,32733
part,32734
part,32735
part,32736
part,32737
part,32738
part,32739
part,32740
part,32741
part,32742
part,32743
part,32744
part,32745
part,32746
part,32747
part,32748
part,32749
part,32750
part,32751
part,32752
part,32753
part,32754
part,32755
part,32756
part,32757
part,32758
part,32759
part,32760
part,32761
part,32762
part,32763
part,32764
part,32765
part,32766
part,32767
part,32768
part,32769
part,32770
part,32771
part,32772
part,32773
part,32774
part,32775
part,32776
part,32777
part,32778
part,32779
part,32780
part,32781
part,32782
part,32783
part,32784
part,32785
part,32786
part,32787
part,32788
part,32789
part,32790
part,32791
part,32792
part,32793
part,32794
part,32795
part,32796
part,32797
part,32798
part,32799
part,32800
part,32801
part,32802
part,32803
part,32804
part,32805
part,32806
part,32807
part,32808
part,32809
part,32810
part,32811
part,32812
part,32813
part,32814
part,32815
part,32816
part,32817
part,32818
part,32819
part,32820
part,32821
part,32822
part,32823
part,32824
part,32825
part,32826
part,32827
part,32828
part,32829
part,32830
part,32831
part,32832
part,32833
part,32834
part,32835
part,32836
part,32837
part,32838
part,32839
part,32840
part,32841
part,32842
part,32843
part,32844
part,32845
part,32846
part,32847
part,32848
part,32849
part,32850
part,32851
part,32852
part,32853
part,32854
part,32855
part,32856
part,32857
part,32858
part,32859
part,32860
part,32861
part,32862
part,32863
part,32864
part,32865
part,32866
part,32867
part,32868
part,32869
part,32870
part,32871
part,32872
part,32873
part,32874
part,32875
part,32876
part,32877
part,32878
part,32879
part,32880
part,32881
part,32882
part,32883
part,32884
part,32885
part,32886
part,32887
part,32888
part,32889
part,32890
part,32891
part,32892
part,32893
part,32894
part,32895
part,32896
part,32897
part,32898
part,32899
part,32900
part,32901
part,32902
part,32903
part,32904
part,32905
part,32906
part,32907
part,32908
part,32909
part,32910
part,32911
part,32912
part,32913
part,32914
part,32915
part,32916
part,32917
part,32918
part,32919
part,32920
part,32921
part,32922
part,32923
part,32924
part,32925
part,32926
part,32927
part,32928
part,32929
part,32930
part,32931
part,32932
part,32933
part,32934
part,32935
part,32936
part,32937
part,32938
part,32939
part,32940
part,32941
part,32942
part,32943
part,32944
part,32945
part,32946
part,32947
part,32948
part,32949
part,32950
part,32951
part,32952
part,32953
part,32954
part,32955
part,32956
part,32957
part,32958
part,32959
part,32960
part,32961
part,32962
part,32963
part,32964
part,32965
part,32966
part,32967
part,32968
part,32969
part,32970
part,32971
part,32972
part,32973
part,32974
part,32975
part,32976
part,32977
part,32978
part,32979
part,32980
part,32981
part,32982
part,32983
part,32984
part,32985
part,32986
part,32987
part,32988
part,32989
part,32990
part,32991
part,32992
part,32993
part,32994
part,32995
part,32996
part,32997
part,32998
part,32999
part,33000
part,33001
part,33002
part,33003
part,33004
part,33005
part,33006
part,33007
part,33008
part,33009
part,33010
part,33011
part,33012
part,33013
part,33014
part,33015
part,33016
part,33017
part,33018
part,33019
part,33020
part,33021
part,33022
part,33023
part,33024
part,33025
part,33026
part,33027
part,33028
part,33029
part,33030
part,33031
part,33032
part,33033
part,33034
part,33035
part,33036
part,33037
part,33038
part,33039
part,33040
part,33041
part,33042
part,33043
part,33044
part,33045
part,33046
part,33047
part,33048
part,33049
part,33050
part,33051
part,33052
part,33053
part,33054
part,33055
part,33056
part,33057
part,33058
part,33059
part,33060
part,33061
part,33062
part,33063
part,33064
part,33065
part,33066
part,33067
part,33068
part,33069
part,33070
part,33071
part,33072
part,33073
part,33074
part,33075
part,33076
part,33077
part,33078
part,33079
part,33080
part,33081
part,33082
part,33083
part,33084
part,33085
part,33086
part,33087
part,33088
part,33089
part,33090
part,33091
part,33092
part,33093
part,33094
part,33095
part,33096
part,33097
part,33098
part,33099
part,33100
part,33101
part,33102
part,33103
part,33104
part,33105
part,33106
part,33107
part,33108
part,33109
part,33110
part,33111
part,33112
part,33113
part,33114
part,33115
part,33116
part,33117
part,33118
part,33119
part,33120
part,33121
part,33122
part,33123
part,33124
part,33125
part,33126
part,33127
part,33128
part,33129
part,33130
part,33131
part,33132
part,33133
part,33134
part,33135
part,33136
part,33137
part,33138
part,33139
part,33140
part,33141
part,33142
part,33143
part,33144
part,33145
part,33146
part,33147
part,33148
part,33149
part,33150
part,33151
part,33152
part,33153
part,33154
part,33155
part,33156
part,33157
part,33158
part,33159
part,33160
part,33161
part,33162
part,33163
part,33164
part,33165
part,33166
part,33167
part,33168
part,33169
part,33170
part,33171
part,33172
part,33173
part,33174
part,33175
part,33176
part,33177
part,33178
part,33179
part,33180
part,33181
part,33182
part,33183
part,33184
part,33185
part,33186
part,33187
part,33188
part,33189
part,33190
part,33191
part,33192
part,33193
part,33194
part,33195
part,33196
part,33197
part,33198
part,33199
part,33200
part,33201
part,33202
part,33203
part,33204
part,33205
part,33206
part,33207
part,33208
part,33209
part,33210
part,33211
part,33212
part,33213
part,33214
part,33215
part,33216
part,33217
part,33218
part,33219
part,33220
part,33221
part,33222
part,33223
part,33224
part,33225
part,33226
part,33227
part,33228
part,33229
part,33230
part,33231
part,33232
part,33233
part,33234
part,33235
part,33236
part,33237
part,33238
part,33239
part,33240
part,33241
part,33242
part,33243
part,33244
part,33245
part,33246
part,33247
part,33248
part,33249
part,33250
part,33251
part,33252
part,33253
part,33254
part,33255
part,33256
part,33257
part,33258
part,33259
part,33260
part,33261
part,33262
part,33263
part,33264
part,33265
part,33266
part,33267
part,33268
part,33269
part,33270
part,33271
part,33272
part,33273
part,33274
part,33275
part,33276
part,33277
part,33278
part,33279
part,33280
part,33281
part,33282
part,33283
part,33284
part,33285
part,33286
part,33287
part,33288
part,33289
part,33290
part,33291
part,33292
part,33293
part,33294
part,33295
part,33296
part,33297
part,33298
part,33299
part,33300
part,33301
part,33302
part,33303
part,33304
part,33305
part,33306
part,33307
part,33308
part,33309
part,33310
part,33311
part,33312
part,33313
part,33314
part,33315
part,33316
part,33317
part,33318
part,33319
part,33320
part,33321
part,33322
part,33323
part,33324
part,33325
part,33326
part,33327
part,33328
part,33329
part,33330
part,33331
part,33332
part,33333
part,33334
part,33335
part,33336
part,33337
part,33338
part,33339
part,33340
part,33341
part,33342
part,33343
part,33344
part,33345
part,33346
part,33347
part,33348
part,33349
part,33350
part,33351
part,33352
part,33353
part,33354
part,33355
part,33356
part,33357
part,33358
part,33359
part,33360
part,33361
part,33362
part,33363
part,33364
part,33365
part,33366
part,33367
part,33368
part,33369
part,33370
part,33371
part,33372
part,33373
part,33374
part,33375
part,33376
part,33377
part,33378
part,33379
part,33380
part,33381
part,33382
part,33383
part,33384
part,33385
part,33386
part,33387
part,33388
part,33389
part,33390
part,33391
part,33392
part,33393
part,33394
part,33395
part,33396
part,33397
part,33398
part,33399
part,33400
part,33401
part,33402
part,33403
part,33404
part,33405
part,33406
part,33407
part,33408
part,33409
part,33410
part,33411
part,33412
part,33413
part,33414
part,33415
part,33416
part,33417
part,33418
part,33419
part,33420
part,33421
part,33422
part,33423
part,33424
part,33425
part,33426
part,33427
part,33428
part,33429
part,33430
part,33431
part,33432
part,33433
part,33434
part,33435
part,33436
part,33437
part,33438
part,33439
part,33440
part,33441
part,33442
part,33443
part,33444
part,33445
part,33446
part,33447
part,33448
part,33449
part,33450
part,33451
part,33452
part,33453
part,33454
part,33455
part,33456
part,33457
part,33458
part,33459
part,33460
part,33461
part,33462
part,33463
part,33464
part,33465
part,33466
part,33467
part,33468
part,33469
part,33470
part,33471
part,33472
part,33473
part,33474
part,33475
part,33476
part,33477
part,33478
part,33479
part,33480
part,33481
part,33482
part,33483
part,33484
part,33485
part,33486
part,33487
part,33488
part,33489
part,33490
part,33491
part,33492
part,33493
part,33494
part,33495
part,33496
part,33497
part,33498
part,33499
part,33500
part,33501
part,33502
part,33503
part,33504
part,33505
part,33506
part,33507
part,33508
part,33509
part,33510
part,33511
part,33512
part,33513
part,33514
part,33515
part,33516
part,33517
part,33518
part,33519
part,33520
part,33521
part,33522
part,33523
part,33524
part,33525
part,33526
part,33527
part,33528
part,33529
part,33530
part,33531
part,33532
part,33533
part,33534
part,33535
part,33536
part,33537
part,33538
part,33539
part,33540
part,33541
part,33542
part,33543
part,33544
part,33545
part,33546
part,33547
part,33548
part,33549
part,33550
part,33551
part,33552
part,33553
part,33554
part,33555
part,33556
part,33557
part,33558
part,33559
part,33560
part,33561
part,33562
part,33563
part,33564
part,33565
part,33566
part,33567
part,33568
part,33569
part,33570
part,33571
part,33572
part,33573
part,33574
part,33575
part,33576
part,33577
part,33578
part,33579
part,33580
part,33581
part,33582
part,33583
part,33584
part,33585
part,33586
part,33587
part,33588
part,33589
part,33590
part,33591
part,33592
part,33593
part,33594
part,33595
part,33596
part,33597
part,33598
part,33599
part,33600
part,33601
part,33602
part,33603
part,33604
part,33605
part,33606
part,33607
part,33608
part,33609
part,33610
part,33611
part,33612
part,33613
part,33614
part,33615
part,33616
part,33617
part,33618
part,33619
part,33620
part,33621
part,33622
part,33623
part,33624
part,33625
part,33626
part,33627
part,33628
part,33629
part,33630
part,33631
part,33632
part,33633
part,33634
part,33635
part,33636
part,33637
part,33638
part,33639
part,33640
part,33641
part,33642
part,33643
part,33644
part,33645
part,33646
part,33647
part,33648
part,33649
part,33650
part,33651
part,33652
part,33653
part,33654
part,33655
part,33656
part,33657
part,33658
part,33659
part,33660
part,33661
part,33662
part,33663
part,33664
part,33665
part,33666
part,33667
part,33668
part,33669
part,33670
part,33671
part,33672
part,33673
part,33674
part,33675
part,33676
part,33677
part,33678
part,33679
part,33680
part,33681
part,33682
part,33683
part,33684
part,33685
part,33686
part,33687
part,33688
part,33689
part,33690
part,33691
part,33692
part,33693
part,33694
part,33695
part,33696
part,33697
part,33698
part,33699
part,33700
part,33701
part,33702
part,33703
part,33704
part,33705
part,33706
part,33707
part,33708
part,33709
part,33710
part,33711
part,33712
part,33713
part,33714
part,33715
part,33716
part,33717
part,33718
part,33719
part,33720
part,33721
part,33722
part,33723
part,33724
part,33725
part,33726
part,33727
part,33728
part,33729
part,33730
part,33731
part,33732
part,33733
part,33734
part,33735
part,33736
part,33737
part,33738
part,33739
part,33740
part,33741
part,33742
part,33743
part,33744
part,33745
part,33746
part,33747
part,33748
part,33749
part,33750
part,33751
part,33752
part,33753
part,33754
part,33755
part,33756
part,33757
part,33758
part,33759
part,33760
part,33761
part,33762
part,33763
part,33764
part,33765
part,33766
part,33767
part,33768
part,33769
part,33770
part,33771
part,33772
part,33773
part,33774
part,33775
part,33776
part,33777
part,33778
part,33779
part,33780
part,33781
part,33782
part,33783
part,33784
part,33785
part,33786
part,33787
part,33788
part,33789
part,33790
part,33791
part,33792
part,33793
part,33794
part,33795
part,33796
part,33797
part,33798
part,33799
part,33800
part,33801
part,33802
part,33803
part,33804
part,33805
part,33806
part,33807
part,33808
part,33809
part,33810
part,33811
part,33812
part,33813
part,33814
part,33815
part,33816
part,33817
part,33818
part,33819
part,33820
part,33821
part,33822
part,33823
part,33824
part,33825
part,33826
part,33827
part,33828
part,33829
part,33830
part,33831
part,33832
part,33833
part,33834
part,33835
part,33836
part,33837
part,33838
part,33839
part,33840
part,33841
part,33842
part,33843
part,33844
part,33845
part,33846
part,33847
part,33848
part,33849
part,33850
part,33851
part,33852
part,33853
part,33854
part,33855
part,33856
part,33857
part,33858
part,33859
part,33860
part,33861
part,33862
part,33863
part,33864
part,33865
part,33866
part,33867
part,33868
part,33869
part,33870
part,33871
part,33872
part,33873
part,33874
part,33875
part,33876
part,33877
part,33878
part,33879
part,33880
part,33881
part,33882
part,33883
part,33884
part,33885
part,33886
part,33887
part,33888
part,33889
part,33890
part,33891
part,33892
part,33893
part,33894
part,33895
part,33896
part,33897
part,33898
part,33899
part,33900
part,33901
part,33902
part,33903
part,33904
part,33905
part,33906
part,33907
part,33908
part,33909
part,33910
part,33911
part,33912
part,33913
part,33914
part,33915
part,33916
part,33917
part,33918
part,33919
part,33920
part,33921
part,33922
part,33923
part,33924
part,33925
part,33926
part,33927
part,33928
part,33929
part,33930
part,33931
part,33932
part,33933
part,33934
part,33935
part,33936
part,33937
part,33938
part,33939
part,33940
part,33941
part,33942
part,33943
part,33944
part,33945
part,33946
part,33947
part,33948
part,33949
part,33950
part,33951
part,33952
part,33953
part,33954
part,33955
part,33956
part,33957
part,33958
part,33959
part,33960
part,33961
part,33962
part,33963
part,33964
part,33965
part,33966
part,33967
part,33968
part,33969
part,33970
part,33971
part,33972
part,33973
part,33974
part,33975
part,33976
part,33977
part,33978
part,33979
part,33980
part,33981
part,33982
part,33983
part,33984
part,33985
part,33986
part,33987
part,33988
part,33989
part,33990
part,33991
part,33992
part,33993
part,33994
part,33995
part,33996
part,33997
part,33998
part,33999
part,34000
part,34001
part,34002
part,34003
part,34004
part,34005
part,34006
part,34007
part,34008
part,34009
part,34010
part,34011
part,34012
part,34013
part,34014
part,34015
part,34016
part,34017
part,34018
part,34019
part,34020
part,34021
part,34022
part,34023
part,34024
part,34025
part,34026
part,34027
part,34028
part,34029
part,34030
part,34031
part,34032
part,34033
part,34034
part,34035
part,34036
part,34037
part,34038
part,34039
part,34040
part,34041
part,34042
part,34043
part,34044
part,34045
part,34046
part,34047
part,34048
part,34049
part,34050
part,34051
part,34052
part,34053
part,34054
part,34055
part,34056
part,34057
part,34058
part,34059
part,34060
part,34061
part,34062
part,34063
part,34064
part,34065
part,34066
part,34067
part,34068
part,34069
part,34070
part,34071
part,34072
part,34073
part,34074
part,34075
part,34076
part,34077
part,34078
part,34079
part,34080
part,34081
part,34082
part,34083
part,34084
part,34085
part,34086
part,34087
part,34088
part,34089
part,34090
part,34091
part,34092
part,34093
part,34094
part,34095
part,34096
part,34097
part,34098
part,34099
part,34100
part,34101
part,34102
part,34103
part,34104
part,34105
part,34106
part,34107
part,34108
part,34109
part,34110
part,34111
part,34112
part,34113
part,34114
part,34115
part,34116
part,34117
part,34118
part,34119
part,34120
part,34121
part,34122
part,34123
part,34124
part,34125
part,34126
part,34127
part,34128
part,34129
part,34130
part,34131
part,34132
part,34133
part,34134
part,34135
part,34136
part,34137
part,34138
part,34139
part,34140
part,34141
part,34142
part,34143
part,34144
part,34145
part,34146
part,34147
part,34148
part,34149
part,34150
part,34151
part,34152
part,34153
part,34154
part,34155
part,34156
part,34157
part,34158
part,34159
part,34160
part,34161
part,34162
part,34163
part,34164
part,34165
part,34166
part,34167
part,34168
part,34169
part,34170
part,34171
part,34172
part,34173
part,34174
part,34175
part,34176
part,34177
part,34178
part,34179
part,34180
part,34181
part,34182
part,34183
part,34184
part,34185
part,34186
part,34187
part,34188
part,34189
part,34190
part,34191
part,34192
part,34193
part,34194
part,34195
part,34196
part,34197
part,34198
part,34199
part,34200
part,34201
part,34202
part,34203
part,34204
part,34205
part,34206
part,34207
part,34208
part,34209
part,34210
part,34211
part,34212
part,34213
part,34214
part,34215
part,34216
part,34217
part,34218
part,34219
part,34220
part,34221
part,34222
part,34223
part,34224
part,34225
part,34226
part,34227
part,34228
part,34229
part,34230
part,34231
part,34232
part,34233
part,34234
part,34235
part,34236
part,34237
part,34238
part,34239
part,34240
part,34241
part,34242
part,34243
part,34244
part,34245
part,34246
part,34247
part,34248
part,34249
part,34250
part,34251
part,34252
part,34253
part,34254
part,34255
part,34256
part,34257
part,34258
part,34259
part,34260
part,34261
part,34262
part,34263
part,34264
part,34265
part,34266
part,34267
part,34268
part,34269
part,34270
part,34271
part,34272
part,34273
part,34274
part,34275
part,34276
part,34277
part,34278
part,34279
part,34280
part,34281
part,34282
part,34283
part,34284
part,34285
part,34286
part,34287
part,34288
part,34289
part,34290
part,34291
part,34292
part,34293
part,34294
part,34295
part,34296
part,34297
part,34298
part,34299
part,34300
part,34301
part,34302
part,34303
part,34304
part,34305
part,34306
part,34307
part,34308
part,34309
part,34310
part,34311
part,34312
part,34313
part,34314
part,34315
part,34316
part,34317
part,34318
part,34319
part,34320
part,34321
part,34322
part,34323
part,34324
part,34325
part,34326
part,34327
part,34328
part,34329
part,34330
part,34331
part,34332
part,34333
part,34334
part,34335
part,34336
part,34337
part,34338
part,34339
part,34340
part,34341
part,34342
part,34343
part,34344
part,34345
part,34346
part,34347
part,34348
part,34349
part,34350
part,34351
part,34352
part,34353
part,34354
part,34355
part,34356
part,34357
part,34358
part,34359
part,34360
part,34361
part,34362
part,34363
part,34364
part,34365
part,34366
part,34367
part,34368
part,34369
part,34370
part,34371
part,34372
part,34373
part,34374
part,34375
part,34376
part,34377
part,34378
part,34379
part,34380
part,34381
part,34382
part,34383
part,34384
part,34385
part,34386
part,34387
part,34388
part,34389
part,34390
part,34391
part,34392
part,34393
part,34394
part,34395
part,34396
part,34397
part,34398
part,34399
part,34400
part,34401
part,34402
part,34403
part,34404
part,34405
part,34406
part,34407
part,34408
part,34409
part,34410
part,34411
part,34412
part,34413
part,34414
part,34415
part,34416
part,34417
part,34418
part,34419
part,34420
part,34421
part,34422
part,34423
part,34424
part,34425
part,34426
part,34427
part,34428
part,34429
part,34430
part,34431
part,34432
part,34433
part,34434
part,34435
part,34436
part,34437
part,34438
part,34439
part,34440
part,34441
part,34442
part,34443
part,34444
part,34445
part,34446
part,34447
part,34448
part,34449
part,34450
part,34451
part,34452
part,34453
part,34454
part,34455
part,34456
part,34457
part,34458
part,34459
part,34460
part,34461
part,34462
part,34463
part,34464
part,34465
part,34466
part,34467
part,34468
part,34469
part,34470
part,34471
part,34472
part,34473
part,34474
part,34475
part,34476
part,34477
part,34478
part,34479
part,34480
part,34481
part,34482
part,34483
part,34484
part,34485
part,34486
part,34487
part,34488
part,34489
part,34490
part,34491
part,34492
part,34493
part,34494
part,34495
part,34496
part,34497
part,34498
part,34499
part,34500
part,34501
part,34502
part,34503
part,34504
part,34505
part,34506
part,34507
part,34508
part,34509
part,34510
part,34511
part,34512
part,34513
part,34514
part,34515
part,34516
part,34517
part,34518
part,34519
part,34520
part,34521
part,34522
part,34523
part,34524
part,34525
part,34526
part,34527
part,34528
part,34529
part,34530
part,34531
part,34532
part,34533
part,34534
part,34535
part,34536
part,34537
part,34538
part,34539
part,34540
part,34541
part,34542
part,34543
part,34544
part,34545
part,34546
part,34547
part,34548
part,34549
part,34550
part,34551
part,34552
part,34553
part,34554
part,34555
part,34556
part,34557
part,34558
part,34559
part,34560
part,34561
part,34562
part,34563
part,34564
part,34565
part,34566
part,34567
part,34568
part,34569
part,34570
part,34571
part,34572
part,34573
part,34574
part,34575
part,34576
part,34577
part,34578
part,34579
part,34580
part,34581
part,34582
part,34583
part,34584
part,34585
part,34586
part,34587
part,34588
part,34589
part,34590
part,34591
part,34592
part,34593
part,34594
part,34595
part,34596
part,34597
part,34598
part,34599
part,34600
part,34601
part,34602
part,34603
part,34604
part,34605
part,34606
part,34607
part,34608
part,34609
part,34610
part,34611
part,34612
part,34613
part,34614
part,34615
part,34616
part,34617
part,34618
part,34619
part,34620
part,34621
part,34622
part,34623
part,34624
part,34625
part,34626
part,34627
part,34628
part,34629
part,34630
part,34631
part,34632
part,34633
part,34634
part,34635
part,34636
part,34637
part,34638
part,34639
part,34640
part,34641
part,34642
part,34643
part,34644
part,34645
part,34646
part,34647
part,34648
part,34649
part,34650
part,34651
part,34652
part,34653
part,34654
part,34655
part,34656
part,34657
part,34658
part,34659
part,34660
part,34661
part,34662
part,34663
part,34664
part,34665
part,34666
part,34667
part,34668
part,34669
part,34670
part,34671
part,34672
part,34673
part,34674
part,34675
part,34676
part,34677
part,34678
part,34679
part,34680
part,34681
part,34682
part,34683
part,34684
part,34685
part,34686
part,34687
part,34688
part,34689
part,34690
part,34691
part,34692
part,34693
part,34694
part,34695
part,34696
part,34697
part,34698
part,34699
part,34700
part,34701
part,34702
part,34703
part,34704
part,34705
part,34706
part,34707
part,34708
part,34709
part,34710
part,34711
part,34712
part,34713
part,34714
part,34715
part,34716
part,34717
part,34718
part,34719
part,34720
part,34721
part,34722
part,34723
part,34724
part,34725
part,34726
part,34727
part,34728
part,34729
part,34730
part,34731
part,34732
part,34733
part,34734
part,34735
part,34736
part,34737
part,34738
part,34739
part,34740
part,34741
part,34742
part,34743
part,34744
part,34745
part,34746
part,34747
part,34748
part,34749
part,34750
part,34751
part,34752
part,34753
part,34754
part,34755
part,34756
part,34757
part,34758
part,34759
part,34760
part,34761
part,34762
part,34763
part,34764
part,34765
part,34766
part,34767
part,34768
part,34769
part,34770
part,34771
part,34772
part,34773
part,34774
part,34775
part,34776
part,34777
part,34778
part,34779
part,34780
part,34781
part,34782
part,34783
part,34784
part,34785
part,34786
part,34787
part,34788
part,34789
part,34790
part,34791
part,34792
part,34793
part,34794
part,34795
part,34796
part,34797
part,34798
part,34799
part,34800
part,34801
part,34802
part,34803
part,34804
part,34805
part,34806
part,34807
part,34808
part,34809
part,34810
part,34811
part,34812
part,34813
part,34814
part,34815
part,34816
part,34817
part,34818
part,34819
part,34820
part,34821
part,34822
part,34823
part,34824
part,34825
part,34826
part,34827
part,34828
part,34829
part,34830
part,34831
part,34832
part,34833
part,34834
part,34835
part,34836
part,34837
part,34838
part,34839
part,34840
part,34841
part,34842
part,34843
part,34844
part,34845
part,34846
part,34847
part,34848
part,34849
part,34850
part,34851
part,34852
part,34853
part,34854
part,34855
part,34856
part,34857
part,34858
part,34859
part,34860
part,34861
part,34862
part,34863
part,34864
part,34865
part,34866
part,34867
part,34868
part,34869
part,34870
part,34871
part,34872
part,34873
part,34874
part,34875
part,34876
part,34877
part,34878
part,34879
part,34880
part,34881
part,34882
part,34883
part,34884
part,34885
part,34886
part,34887
part,34888
part,34889
part,34890
part,34891
part,34892
part,34893
part,34894
part,34895
part,34896
part,34897
part,34898
part,34899
part,34900
part,34901
part,34902
part,34903
part,34904
part,34905
part,34906
part,34907
part,34908
part,34909
part,34910
part,34911
part,34912
part,34913
part,34914
part,34915
part,34916
part,34917
part,34918
part,34919
part,34920
part,34921
part,34922
part,34923
part,34924
part,34925
part,34926
part,34927
part,34928
part,34929
part,34930
part,34931
part,34932
part,34933
part,34934
part,34935
part,34936
part,34937
part,34938
part,34939
part,34940
part,34941
part,34942
part,34943
part,34944
part,34945
part,34946
part,34947
part,34948
part,34949
part,34950
part,34951
part,34952
part,34953
part,34954
part,34955
part,34956
part,34957
part,34958
part,34959
part,34960
part,34961
part,34962
part,34963
part,34964
part,34965
part,34966
part,34967
part,34968
part,34969
part,34970
part,34971
part,34972
part,34973
part,34974
part,34975
part,34976
part,34977
part,34978
part,34979
part,34980
part,34981
part,34982
part,34983
part,34984
part,34985
part,34986
part,34987
part,34988
part,34989
part,34990
part,34991
part,34992
part,34993
part,34994
part,34995
part,34996
part,34997
part,34998
part,34999
part,35000
part,35001
part,35002
part,35003
part,35004
part,35005
part,35006
part,35007
part,35008
part,35009
part,35010
part,35011
part,35012
part,35013
part,35014
part,35015
part,35016
part,35017
part,35018
part,35019
part,35020
part,35021
part,35022
part,35023
part,35024
part,35025
part,35026
part,35027
part,35028
part,35029
part,35030
part,35031
part,35032
part,35033
part,35034
part,35035
part,35036
part,35037
part,35038
part,35039
part,35040
part,35041
part,35042
part,35043
part,35044
part,35045
part,35046
part,35047
part,35048
part,35049
part,35050
part,35051
part,35052
part,35053
part,35054
part,35055
part,35056
part,35057
part,35058
part,35059
part,35060
part,35061
part,35062
part,35063
part,35064
part,35065
part,35066
part,35067
part,35068
part,35069
part,35070
part,35071
part,35072
part,35073
part,35074
part,35075
part,35076
part,35077
part,35078
part,35079
part,35080
part,35081
part,35082
part,35083
part,35084
part,35085
part,35086
part,35087
part,35088
part,35089
part,35090
part,35091
part,35092
part,35093
part,35094
part,35095
part,35096
part,35097
part,35098
part,35099
part,35100
part,35101
part,35102
part,35103
part,35104
part,35105
part,35106
part,35107
part,35108
part,35109
part,35110
part,35111
part,35112
part,35113
part,35114
part,35115
part,35116
part,35117
part,35118
part,35119
part,35120
part,35121
part,35122
part,35123
part,35124
part,35125
part,35126
part,35127
part,35128
part,35129
part,35130
part,35131
part,35132
part,35133
part,35134
part,35135
part,35136
part,35137
part,35138
part,35139
part,35140
part,35141
part,35142
part,35143
part,35144
part,35145
part,35146
part,35147
part,35148
part,35149
part,35150
part,35151
part,35152
part,35153
part,35154
part,35155
part,35156
part,35157
part,35158
part,35159
part,35160
part,35161
part,35162
part,35163
part,35164
part,35165
part,35166
part,35167
part,35168
part,35169
part,35170
part,35171
part,35172
part,35173
part,35174
part,35175
part,35176
part,35177
part,35178
part,35179
part,35180
part,35181
part,35182
part,35183
part,35184
part,35185
part,35186
part,35187
part,35188
part,35189
part,35190
part,35191
part,35192
part,35193
part,35194
part,35195
part,35196
part,35197
part,35198
part,35199
part,35200
part,35201
part,35202
part,35203
part,35204
part,35205
part,35206
part,35207
part,35208
part,35209
part,35210
part,35211
part,35212
part,35213
part,35214
part,35215
part,35216
part,35217
part,35218
part,35219
part,35220
part,35221
part,35222
part,35223
part,35224
part,35225
part,35226
part,35227
part,35228
part,35229
part,35230
part,35231
part,35232
part,35233
part,35234
part,35235
part,35236
part,35237
part,35238
part,35239
part,35240
part,35241
part,35242
part,35243
part,35244
part,35245
part,35246
part,35247
part,35248
part,35249
part,35250
part,35251
part,35252
part,35253
part,35254
part,35255
part,35256
part,35257
part,35258
part,35259
part,35260
part,35261
part,35262
part,35263
part,35264
part,35265
part,35266
part,35267
part,35268
part,35269
part,35270
part,35271
part,35272
part,35273
part,35274
part,35275
part,35276
part,35277
part,35278
part,35279
part,35280
part,35281
part,35282
part,35283
part,35284
part,35285
part,35286
part,35287
part,35288
part,35289
part,35290
part,35291
part,35292
part,35293
part,35294
part,35295
part,35296
part,35297
part,35298
part,35299
part,35300
part,35301
part,35302
part,35303
part,35304
part,35305
part,35306
part,35307
part,35308
part,35309
part,35310
part,35311
part,35312
part,35313
part,35314
part,35315
part,35316
part,35317
part,35318
part,35319
part,35320
part,35321
part,35322
part,35323
part,35324
part,35325
part,35326
part,35327
part,35328
part,35329
part,35330
part,35331
part,35332
part,35333
part,35334
part,35335
part,35336
part,35337
part,35338
part,35339
part,35340
part,35341
part,35342
part,35343
part,35344
part,35345
part,35346
part,35347
part,35348
part,35349
part,35350
part,35351
part,35352
part,35353
part,35354
part,35355
part,35356
part,35357
part,35358
part,35359
part,35360
part,35361
part,35362
part,35363
part,35364
part,35365
part,35366
part,35367
part,35368
part,35369
part,35370
part,35371
part,35372
part,35373
part,35374
part,35375
part,35376
part,35377
part,35378
part,35379
part,35380
part,35381
part,35382
part,35383
part,35384
part,35385
part,35386
part,35387
part,35388
part,35389
part,35390
part,35391
part,35392
part,35393
part,35394
part,35395
part,35396
part,35397
part,35398
part,35399
part,35400
part,35401
part,35402
part,35403
part,35404
part,35405
part,35406
part,35407
part,35408
part,35409
part,35410
part,35411
part,35412
part,35413
part,35414
part,35415
part,35416
part,35417
part,35418
part,35419
part,35420
part,35421
part,35422
part,35423
part,35424
part,35425
part,35426
part,35427
part,35428
part,35429
part,35430
part,35431
part,35432
part,35433
part,35434
part,35435
part,35436
part,35437
part,35438
part,35439
part,35440
part,35441
part,35442
part,35443
part,35444
part,35445
part,35446
part,35447
part,35448
part,35449
part,35450
part,35451
part,35452
part,35453
part,35454
part,35455
part,35456
part,35457
part,35458
part,35459
part,35460
part,35461
part,35462
part,35463
part,35464
part,35465
part,35466
part,35467
part,35468
part,35469
part,35470
part,35471
part,35472
part,35473
part,35474
part,35475
part,35476
part,35477
part,35478
part,35479
part,35480
part,35481
part,35482
part,35483
part,35484
part,35485
part,35486
part,35487
part,35488
part,35489
part,35490
part,35491
part,35492
part,35493
part,35494
part,35495
part,35496
part,35497
part,35498
part,35499
part,35500
part,35501
part,35502
part,35503
part,35504
part,35505
part,35506
part,35507
part,35508
part,35509
part,35510
part,35511
part,35512
part,35513
part,35514
part,35515
part,35516
part,35517
part,35518
part,35519
part,35520
part,35521
part,35522
part,35523
part,35524
part,35525
part,35526
part,35527
part,35528
part,35529
part,35530
part,35531
part,35532
part,35533
part,35534
part,35535
part,35536
part,35537
part,35538
part,35539
part,35540
part,35541
part,35542
part,35543
part,35544
part,35545
part,35546
part,35547
part,35548
part,35549
part,35550
part,35551
part,35552
part,35553
part,35554
part,35555
part,35556
part,35557
part,35558
part,35559
part,35560
part,35561
part,35562
part,35563
part,35564
part,35565
part,35566
part,35567
part,35568
part,35569
part,35570
part,35571
part,35572
part,35573
part,35574
part,35575
part,35576
part,35577
part,35578
part,35579
part,35580
part,35581
part,35582
part,35583
part,35584
part,35585
part,35586
part,35587
part,35588
part,35589
part,35590
part,35591
part,35592
part,35593
part,35594
part,35595
part,35596
part,35597
part,35598
part,35599
part,35600
part,35601
part,35602
part,35603
part,35604
part,35605
part,35606
part,35607
part,35608
part,35609
part,35610
part,35611
part,35612
part,35613
part,35614
part,35615
part,35616
part,35617
part,35618
part,35619
part,35620
part,35621
part,35622
part,35623
part,35624
part,35625
part,35626
part,35627
part,35628
part,35629
part,35630
part,35631
part,35632
part,35633
part,35634
part,35635
part,35636
part,35637
part,35638
part,35639
part,35640
part,35641
part,35642
part,35643
part,35644
part,35645
part,35646
part,35647
part,35648
part,35649
part,35650
part,35651
part,35652
part,35653
part,35654
part,35655
part,35656
part,35657
part,35658
part,35659
part,35660
part,35661
part,35662
part,35663
part,35664
part,35665
part,35666
part,35667
part,35668
part,35669
part,35670
part,35671
part,35672
part,35673
part,35674
part,35675
part,35676
part,35677
part,35678
part,35679
part,35680
part,35681
part,35682
part,35683
part,35684
part,35685
part,35686
part,35687
part,35688
part,35689
part,35690
part,35691
part,35692
part,35693
part,35694
part,35695
part,35696
part,35697
part,35698
part,35699
part,35700
part,35701
part,35702
part,35703
part,35704
part,35705
part,35706
part,35707
part,35708
part,35709
part,35710
part,35711
part,35712
part,35713
part,35714
part,35715
part,35716
part,35717
part,35718
part,35719
part,35720
part,35721
part,35722
part,35723
part,35724
part,35725
part,35726
part,35727
part,35728
part,35729
part,35730
part,35731
part,35732
part,35733
part,35734
part,35735
part,35736
part,35737
part,35738
part,35739
part,35740
part,35741
part,35742
part,35743
part,35744
part,35745
part,35746
part,35747
part,35748
part,35749
part,35750
part,35751
part,35752
part,35753
part,35754
part,35755
part,35756
part,35757
part,35758
part,35759
part,35760
part,35761
part,35762
part,35763
part,35764
part,35765
part,35766
part,35767
part,35768
part,35769
part,35770
part,35771
part,35772
part,35773
part,35774
part,35775
part,35776
part,35777
part,35778
part,35779
part,35780
part,35781
part,35782
part,35783
part,35784
part,35785
part,35786
part,35787
part,35788
part,35789
part,35790
part,35791
part,35792
part,35793
part,35794
part,35795
part,35796
part,35797
part,35798
part,35799
part,35800
part,35801
part,35802
part,35803
part,35804
part,35805
part,35806
part,35807
part,35808
part,35809
part,35810
part,35811
part,35812
part,35813
part,35814
part,35815
part,35816
part,35817
part,35818
part,35819
part,35820
part,35821
part,35822
part,35823
part,35824
part,35825
part,35826
part,35827
part,35828
part,35829
part,35830
part,35831
part,35832
part,35833
part,35834
part,35835
part,35836
part,35837
part,35838
part,35839
part,35840
part,35841
part,35842
part,35843
part,35844
part,35845
part,35846
part,35847
part,35848
part,35849
part,35850
part,35851
part,35852
part,35853
part,35854
part,35855
part,35856
part,35857
part,35858
part,35859
part,35860
part,35861
part,35862
part,35863
part,35864
part,35865
part,35866
part,35867
part,35868
part,35869
part,35870
part,35871
part,35872
part,35873
part,35874
part,35875
part,35876
part,35877
part,35878
part,35879
part,35880
part,35881
part,35882
part,35883
part,35884
part,35885
part,35886
part,35887
part,35888
part,35889
part,35890
part,35891
part,35892
part,35893
part,35894
part,35895
part,35896
part,35897
part,35898
part,35899
part,35900
part,35901
part,35902
part,35903
part,35904
part,35905
part,35906
part,35907
part,35908
part,35909
part,35910
part,35911
part,35912
part,35913
part,35914
part,35915
part,35916
part,35917
part,35918
part,35919
part,35920
part,35921
part,35922
part,35923
part,35924
part,35925
part,35926
part,35927
part,35928
part,35929
part,35930
part,35931
part,35932
part,35933
part,35934
part,35935
part,35936
part,35937
part,35938
part,35939
part,35940
part,35941
part,35942
part,35943
part,35944
part,35945
part,35946
part,35947
part,35948
part,35949
part,35950
part,35951
part,35952
part,35953
part,35954
part,35955
part,35956
part,35957
part,35958
part,35959
part,35960
part,35961
part,35962
part,35963
part,35964
part,35965
part,35966
part,35967
part,35968
part,35969
part,35970
part,35971
part,35972
part,35973
part,35974
part,35975
part,35976
part,35977
part,35978
part,35979
part,35980
part,35981
part,35982
part,35983
part,35984
part,35985
part,35986
part,35987
part,35988
part,35989
part,35990
part,35991
part,35992
part,35993
part,35994
part,35995
part,35996
part,35997
part,35998
part,35999
part,36000
part,36001
part,36002
part,36003
part,36004
part,36005
part,36006
part,36007
part,36008
part,36009
part,36010
part,36011
part,36012
part,36013
part,36014
part,36015
part,36016
part,36017
part,36018
part,36019
part,36020
part,36021
part,36022
part,36023
part,36024
part,36025
part,36026
part,36027
part,36028
part,36029
part,36030
part,36031
part,36032
part,36033
part,36034
part,36035
part,36036
part,36037
part,36038
part,36039
part,36040
part,36041
part,36042
part,36043
part,36044
part,36045
part,36046
part,36047
part,36048
part,36049
part,36050
part,36051
part,36052
part,36053
part,36054
part,36055
part,36056
part,36057
part,36058
part,36059
part,36060
part,36061
part,36062
part,36063
part,36064
part,36065
part,36066
part,36067
part,36068
part,36069
part,36070
part,36071
part,36072
part,36073
part,36074
part,36075
part,36076
part,36077
part,36078
part,36079
part,36080
part,36081
part,36082
part,36083
part,36084
part,36085
part,36086
part,36087
part,36088
part,36089
part,36090
part,36091
part,36092
part,36093
part,36094
part,36095
part,36096
part,36097
part,36098
part,36099
part,36100
part,36101
part,36102
part,36103
part,36104
part,36105
part,36106
part,36107
part,36108
part,36109
part,36110
part,36111
part,36112
part,36113
part,36114
part,36115
part,36116
part,36117
part,36118
part,36119
part,36120
part,36121
part,36122
part,36123
part,36124
part,36125
part,36126
part,36127
part,36128
part,36129
part,36130
part,36131
part,36132
part,36133
part,36134
part,36135
part,36136
part,36137
part,36138
part,36139
part,36140
part,36141
part,36142
part,36143
part,36144
part,36145
part,36146
part,36147
part,36148
part,36149
part,36150
part,36151
part,36152
part,36153
part,36154
part,36155
part,36156
part,36157
part,36158
part,36159
part,36160
part,36161
part,36162
part,36163
part,36164
part,36165
part,36166
part,36167
part,36168
part,36169
part,36170
part,36171
part,36172
part,36173
part,36174
part,36175
part,36176
part,36177
part,36178
part,36179
part,36180
part,36181
part,36182
part,36183
part,36184
part,36185
part,36186
part,36187
part,36188
part,36189
part,36190
part,36191
part,36192
part,36193
part,36194
part,36195
part,36196
part,36197
part,36198
part,36199
part,36200
part,36201
part,36202
part,36203
part,36204
part,36205
part,36206
part,36207
part,36208
part,36209
part,36210
part,36211
part,36212
part,36213
part,36214
part,36215
part,36216
part,36217
part,36218
part,36219
part,36220
part,36221
part,36222
part,36223
part,36224
part,36225
part,36226
part,36227
part,36228
part,36229
part,36230
part,36231
part,36232
part,36233
part,36234
part,36235
part,36236
part,36237
part,36238
part,36239
part,36240
part,36241
part,36242
part,36243
part,36244
part,36245
part,36246
part,36247
part,36248
part,36249
part,36250
part,36251
part,36252
part,36253
part,36254
part,36255
part,36256
part,36257
part,36258
part,36259
part,36260
part,36261
part,36262
part,36263
part,36264
part,36265
part,36266
part,36267
part,36268
part,36269
part,36270
part,36271
part,36272
part,36273
part,36274
part,36275
part,36276
part,36277
part,36278
part,36279
part,36280
part,36281
part,36282
part,36283
part,36284
part,36285
part,36286
part,36287
part,36288
part,36289
part,36290
part,36291
part,36292
part,36293
part,36294
part,36295
part,36296
part,36297
part,36298
part,36299
part,36300
part,36301
part,36302
part,36303
part,36304
part,36305
part,36306
part,36307
part,36308
part,36309
part,36310
part,36311
part,36312
part,36313
part,36314
part,36315
part,36316
part,36317
part,36318
part,36319
part,36320
part,36321
part,36322
part,36323
part,36324
part,36325
part,36326
part,36327
part,36328
part,36329
part,36330
part,36331
part,36332
part,36333
part,36334
part,36335
part,36336
part,36337
part,36338
part,36339
part,36340
part,36341
part,36342
part,36343
part,36344
part,36345
part,36346
part,36347
part,36348
part,36349
part,36350
part,36351
part,36352
part,36353
part,36354
part,36355
part,36356
part,36357
part,36358
part,36359
part,36360
part,36361
part,36362
part,36363
part,36364
part,36365
part,36366
part,36367
part,36368
part,36369
part,36370
part,36371
part,36372
part,36373
part,36374
part,36375
part,36376
part,36377
part,36378
part,36379
part,36380
part,36381
part,36382
part,36383
part,36384
part,36385
part,36386
part,36387
part,36388
part,36389
part,36390
part,36391
part,36392
part,36393
part,36394
part,36395
part,36396
part,36397
part,36398
part,36399
part,36400
part,36401
part,36402
part,36403
part,36404
part,36405
part,36406
part,36407
part,36408
part,36409
part,36410
part,36411
part,36412
part,36413
part,36414
part,36415
part,36416
part,36417
part,36418
part,36419
part,36420
part,36421
part,36422
part,36423
part,36424
part,36425
part,36426
part,36427
part,36428
part,36429
part,36430
part,36431
part,36432
part,36433
part,36434
part,36435
part,36436
part,36437
part,36438
part,36439
part,36440
part,36441
part,36442
part,36443
part,36444
part,36445
part,36446
part,36447
part,36448
part,36449
part,36450
part,36451
part,36452
part,36453
part,36454
part,36455
part,36456
part,36457
part,36458
part,36459
part,36460
part,36461
part,36462
part,36463
part,36464
part,36465
part,36466
part,36467
part,36468
part,36469
part,36470
part,36471
part,36472
part,36473
part,36474
part,36475
part,36476
part,36477
part,36478
part,36479
part,36480
part,36481
part,36482
part,36483
part,36484
part,36485
part,36486
part,36487
part,36488
part,36489
part,36490
part,36491
part,36492
part,36493
part,36494
part,36495
part,36496
part,36497
part,36498
part,36499
part,36500
part,36501
part,36502
part,36503
part,36504
part,36505
part,36506
part,36507
part,36508
part,36509
part,36510
part,36511
part,36512
part,36513
part,36514
part,36515
part,36516
part,36517
part,36518
part,36519
part,36520
part,36521
part,36522
part,36523
part,36524
part,36525
part,36526
part,36527
part,36528
part,36529
part,36530
part,36531
part,36532
part,36533
part,36534
part,36535
part,36536
part,36537
part,36538
part,36539
part,36540
part,36541
part,36542
part,36543
part,36544
part,36545
part,36546
part,36547
part,36548
part,36549
part,36550
part,36551
part,36552
part,36553
part,36554
part,36555
part,36556
part,36557
part,36558
part,36559
part,36560
part,36561
part,36562
part,36563
part,36564
part,36565
part,36566
part,36567
part,36568
part,36569
part,36570
part,36571
part,36572
part,36573
part,36574
part,36575
part,36576
part,36577
part,36578
part,36579
part,36580
part,36581
part,36582
part,36583
part,36584
part,36585
part,36586
part,36587
part,36588
part,36589
part,36590
part,36591
part,36592
part,36593
part,36594
part,36595
part,36596
part,36597
part,36598
part,36599
part,36600
part,36601
part,36602
part,36603
part,36604
part,36605
part,36606
part,36607
part,36608
part,36609
part,36610
part,36611
part,36612
part,36613
part,36614
part,36615
part,36616
part,36617
part,36618
part,36619
part,36620
part,36621
part,36622
part,36623
part,36624
part,36625
part,36626
part,36627
part,36628
part,36629
part,36630
part,36631
part,36632
part,36633
part,36634
part,36635
part,36636
part,36637
part,36638
part,36639
part,36640
part,36641
part,36642
part,36643
part,36644
part,36645
part,36646
part,36647
part,36648
part,36649
part,36650
part,36651
part,36652
part,36653
part,36654
part,36655
part,36656
part,36657
part,36658
part,36659
part,36660
part,36661
part,36662
part,36663
part,36664
part,36665
part,36666
part,36667
part,36668
part,36669
part,36670
part,36671
part,36672
part,36673
part,36674
part,36675
part,36676
part,36677
part,36678
part,36679
part,36680
part,36681
part,36682
part,36683
part,36684
part,36685
part,36686
part,36687
part,36688
part,36689
part,36690
part,36691
part,36692
part,36693
part,36694
part,36695
part,36696
part,36697
part,36698
part,36699
part,36700
part,36701
part,36702
part,36703
part,36704
part,36705
part,36706
part,36707
part,36708
part,36709
part,36710
part,36711
part,36712
part,36713
part,36714
part,36715
part,36716
part,36717
part,36718
part,36719
part,36720
part,36721
part,36722
part,36723
part,36724
part,36725
part,36726
part,36727
part,36728
part,36729
part,36730
part,36731
part,36732
part,36733
part,36734
part,36735
part,36736
part,36737
part,36738
part,36739
part,36740
part,36741
part,36742
part,36743
part,36744
part,36745
part,36746
part,36747
part,36748
part,36749
part,36750
part,36751
part,36752
part,36753
part,36754
part,36755
part,36756
part,36757
part,36758
part,36759
part,36760
part,36761
part,36762
part,36763
part,36764
part,36765
part,36766
part,36767
part,36768
part,36769
part,36770
part,36771
part,36772
part,36773
part,36774
part,36775
part,36776
part,36777
part,36778
part,36779
part,36780
part,36781
part,36782
part,36783
part,36784
part,36785
part,36786
part,36787
part,36788
part,36789
part,36790
part,36791
part,36792
part,36793
part,36794
part,36795
part,36796
part,36797
part,36798
part,36799
part,36800
part,36801
part,36802
part,36803
part,36804
part,36805
part,36806
part,36807
part,36808
part,36809
part,36810
part,36811
part,36812
part,36813
part,36814
part,36815
part,36816
part,36817
part,36818
part,36819
part,36820
part,36821
part,36822
part,36823
part,36824
part,36825
part,36826
part,36827
part,36828
part,36829
part,36830
part,36831
part,36832
part,36833
part,36834
part,36835
part,36836
part,36837
part,36838
part,36839
part,36840
part,36841
part,36842
part,36843
part,36844
part,36845
part,36846
part,36847
part,36848
part,36849
part,36850
part,36851
part,36852
part,36853
part,36854
part,36855
part,36856
part,36857
part,36858
part,36859
part,36860
part,36861
part,36862
part,36863
part,36864
part,36865
part,36866
part,36867
part,36868
part,36869
part,36870
part,36871
part,36872
part,36873
part,36874
part,36875
part,36876
part,36877
part,36878
part,36879
part,36880
part,36881
part,36882
part,36883
part,36884
part,36885
part,36886
part,36887
part,36888
part,36889
part,36890
part,36891
part,36892
part,36893
part,36894
part,36895
part,36896
part,36897
part,36898
part,36899
part,36900
part,36901
part,36902
part,36903
part,36904
part,36905
part,36906
part,36907
part,36908
part,36909
part,36910
part,36911
part,36912
part,36913
part,36914
part,36915
part,36916
part,36917
part,36918
part,36919
part,36920
part,36921
part,36922
part,36923
part,36924
part,36925
part,36926
part,36927
part,36928
part,36929
part,36930
part,36931
part,36932
part,36933
part,36934
part,36935
part,36936
part,36937
part,36938
part,36939
part,36940
part,36941
part,36942
part,36943
part,36944
part,36945
part,36946
part,36947
part,36948
part,36949
part,36950
part,36951
part,36952
part,36953
part,36954
part,36955
part,36956
part,36957
part,36958
part,36959
part,36960
part,36961
part,36962
part,36963
part,36964
part,36965
part,36966
part,36967
part,36968
part,36969
part,36970
part,36971
part,36972
part,36973
part,36974
part,36975
part,36976
part,36977
part,36978
part,36979
part,36980
part,36981
part,36982
part,36983
part,36984
part,36985
part,36986
part,36987
part,36988
part,36989
part,36990
part,36991
part,36992
part,36993
part,36994
part,36995
part,36996
part,36997
part,36998
part,36999
part,37000
part,37001
part,37002
part,37003
part,37004
part,37005
part,37006
part,37007
part,37008
part,37009
part,37010
part,37011
part,37012
part,37013
part,37014
part,37015
part,37016
part,37017
part,37018
part,37019
part,37020
part,37021
part,37022
part,37023
part,37024
part,37025
part,37026
part,37027
part,37028
part,37029
part,37030
part,37031
part,37032
part,37033
part,37034
part,37035
part,37036
part,37037
part,37038
part,37039
part,37040
part,37041
part,37042
part,37043
part,37044
part,37045
part,37046
part,37047
part,37048
part,37049
part,37050
part,37051
part,37052
part,37053
part,37054
part,37055
part,37056
part,37057
part,37058
part,37059
part,37060
part,37061
part,37062
part,37063
part,37064
part,37065
part,37066
part,37067
part,37068
part,37069
part,37070
part,37071
part,37072
part,37073
part,37074
part,37075
part,37076
part,37077
part,37078
part,37079
part,37080
part,37081
part,37082
part,37083
part,37084
part,37085
part,37086
part,37087
part,37088
part,37089
part,37090
part,37091
part,37092
part,37093
part,37094
part,37095
part,37096
part,37097
part,37098
part,37099
part,37100
part,37101
part,37102
part,37103
part,37104
part,37105
part,37106
part,37107
part,37108
part,37109
part,37110
part,37111
part,37112
part,37113
part,37114
part,37115
part,37116
part,37117
part,37118
part,37119
part,37120
part,37121
part,37122
part,37123
part,37124
part,37125
part,37126
part,37127
part,37128
part,37129
part,37130
part,37131
part,37132
part,37133
part,37134
part,37135
part,37136
part,37137
part,37138
part,37139
part,37140
part,37141
part,37142
part,37143
part,37144
part,37145
part,37146
part,37147
part,37148
part,37149
part,37150
part,37151
part,37152
part,37153
part,37154
part,37155
part,37156
part,37157
part,37158
part,37159
part,37160
part,37161
part,37162
part,37163
part,37164
part,37165
part,37166
part,37167
part,37168
part,37169
part,37170
part,37171
part,37172
part,37173
part,37174
part,37175
part,37176
part,37177
part,37178
part,37179
part,37180
part,37181
part,37182
part,37183
part,37184
part,37185
part,37186
part,37187
part,37188
part,37189
part,37190
part,37191
part,37192
part,37193
part,37194
part,37195
part,37196
part,37197
part,37198
part,37199
part,37200
part,37201
part,37202
part,37203
part,37204
part,37205
part,37206
part,37207
part,37208
part,37209
part,37210
part,37211
part,37212
part,37213
part,37214
part,37215
part,37216
part,37217
part,37218
part,37219
part,37220
part,37221
part,37222
part,37223
part,37224
part,37225
part,37226
part,37227
part,37228
part,37229
part,37230
part,37231
part,37232
part,37233
part,37234
part,37235
part,37236
part,37237
part,37238
part,37239
part,37240
part,37241
part,37242
part,37243
part,37244
part,37245
part,37246
part,37247
part,37248
part,37249
part,37250
part,37251
part,37252
part,37253
part,37254
part,37255
part,37256
part,37257
part,37258
part,37259
part,37260
part,37261
part,37262
part,37263
part,37264
part,37265
part,37266
part,37267
part,37268
part,37269
part,37270
part,37271
part,37272
part,37273
part,37274
part,37275
part,37276
part,37277
part,37278
part,37279
part,37280
part,37281
part,37282
part,37283
part,37284
part,37285
part,37286
part,37287
part,37288
part,37289
part,37290
part,37291
part,37292
part,37293
part,37294
part,37295
part,37296
part,37297
part,37298
part,37299
part,37300
part,37301
part,37302
part,37303
part,37304
part,37305
part,37306
part,37307
part,37308
part,37309
part,37310
part,37311
part,37312
part,37313
part,37314
part,37315
part,37316
part,37317
part,37318
part,37319
part,37320
part,37321
part,37322
part,37323
part,37324
part,37325
part,37326
part,37327
part,37328
part,37329
part,37330
part,37331
part,37332
part,37333
part,37334
part,37335
part,37336
part,37337
part,37338
part,37339
part,37340
part,37341
part,37342
part,37343
part,37344
part,37345
part,37346
part,37347
part,37348
part,37349
part,37350
part,37351
part,37352
part,37353
part,37354
part,37355
part,37356
part,37357
part,37358
part,37359
part,37360
part,37361
part,37362
part,37363
part,37364
part,37365
part,37366
part,37367
part,37368
part,37369
part,37370
part,37371
part,37372
part,37373
part,37374
part,37375
part,37376
part,37377
part,37378
part,37379
part,37380
part,37381
part,37382
part,37383
part,37384
part,37385
part,37386
part,37387
part,37388
part,37389
part,37390
part,37391
part,37392
part,37393
part,37394
part,37395
part,37396
part,37397
part,37398
part,37399
part,37400
part,37401
part,37402
part,37403
part,37404
part,37405
part,37406
part,37407
part,37408
part,37409
part,37410
part,37411
part,37412
part,37413
part,37414
part,37415
part,37416
part,37417
part,37418
part,37419
part,37420
part,37421
part,37422
part,37423
part,37424
part,37425
part,37426
part,37427
part,37428
part,37429
part,37430
part,37431
part,37432
part,37433
part,37434
part,37435
part,37436
part,37437
part,37438
part,37439
part,37440
part,37441
part,37442
part,37443
part,37444
part,37445
part,37446
part,37447
part,37448
part,37449
part,37450
part,37451
part,37452
part,37453
part,37454
part,37455
part,37456
part,37457
part,37458
part,37459
part,37460
part,37461
part,37462
part,37463
part,37464
part,37465
part,37466
part,37467
part,37468
part,37469
part,37470
part,37471
part,37472
part,37473
part,37474
part,37475
part,37476
part,37477
part,37478
part,37479
part,37480
part,37481
part,37482
part,37483
part,37484
part,37485
part,37486
part,37487
part,37488
part,37489
part,37490
part,37491
part,37492
part,37493
part,37494
part,37495
part,37496
part,37497
part,37498
part,37499
part,37500
part,37501
part,37502
part,37503
part,37504
part,37505
part,37506
part,37507
part,37508
part,37509
part,37510
part,37511
part,37512
part,37513
part,37514
part,37515
part,37516
part,37517
part,37518
part,37519
part,37520
part,37521
part,37522
part,37523
part,37524
part,37525
part,37526
part,37527
part,37528
part,37529
part,37530
part,37531
part,37532
part,37533
part,37534
part,37535
part,37536
part,37537
part,37538
part,37539
part,37540
part,37541
part,37542
part,37543
part,37544
part,37545
part,37546
part,37547
part,37548
part,37549
part,37550
part,37551
part,37552
part,37553
part,37554
part,37555
part,37556
part,37557
part,37558
part,37559
part,37560
part,37561
part,37562
part,37563
part,37564
part,37565
part,37566
part,37567
part,37568
part,37569
part,37570
part,37571
part,37572
part,37573
part,37574
part,37575
part,37576
part,37577
part,37578
part,37579
part,37580
part,37581
part,37582
part,37583
part,37584
part,37585
part,37586
part,37587
part,37588
part,37589
part,37590
part,37591
part,37592
part,37593
part,37594
part,37595
part,37596
part,37597
part,37598
part,37599
part,37600
part,37601
part,37602
part,37603
part,37604
part,37605
part,37606
part,37607
part,37608
part,37609
part,37610
part,37611
part,37612
part,37613
part,37614
part,37615
part,37616
part,37617
part,37618
part,37619
part,37620
part,37621
part,37622
part,37623
part,37624
part,37625
part,37626
part,37627
part,37628
part,37629
part,37630
part,37631
part,37632
part,37633
part,37634
part,37635
part,37636
part,37637
part,37638
part,37639
part,37640
part,37641
part,37642
part,37643
part,37644
part,37645
part,37646
part,37647
part,37648
part,37649
part,37650
part,37651
part,37652
part,37653
part,37654
part,37655
part,37656
part,37657
part,37658
part,37659
part,37660
part,37661
part,37662
part,37663
part,37664
part,37665
part,37666
part,37667
part,37668
part,37669
part,37670
part,37671
part,37672
part,37673
part,37674
part,37675
part,37676
part,37677
part,37678
part,37679
part,37680
part,37681
part,37682
part,37683
part,37684
part,37685
part,37686
part,37687
part,37688
part,37689
part,37690
part,37691
part,37692
part,37693
part,37694
part,37695
part,37696
part,37697
part,37698
part,37699
part,37700
part,37701
part,37702
part,37703
part,37704
part,37705
part,37706
part,37707
part,37708
part,37709
part,37710
part,37711
part,37712
part,37713
part,37714
part,37715
part,37716
part,37717
part,37718
part,37719
part,37720
part,37721
part,37722
part,37723
part,37724
part,37725
part,37726
part,37727
part,37728
part,37729
part,37730
part,37731
part,37732
part,37733
part,37734
part,37735
part,37736
part,37737
part,37738
part,37739
part,37740
part,37741
part,37742
part,37743
part,37744
part,37745
part,37746
part,37747
part,37748
part,37749
part,37750
part,37751
part,37752
part,37753
part,37754
part,37755
part,37756
part,37757
part,37758
part,37759
part,37760
part,37761
part,37762
part,37763
part,37764
part,37765
part,37766
part,37767
part,37768
part,37769
part,37770
part,37771
part,37772
part,37773
part,37774
part,37775
part,37776
part,37777
part,37778
part,37779
part,37780
part,37781
part,37782
part,37783
part,37784
part,37785
part,37786
part,37787
part,37788
part,37789
part,37790
part,37791
part,37792
part,37793
part,37794
part,37795
part,37796
part,37797
part,37798
part,37799
part,37800
part,37801
part,37802
part,37803
part,37804
part,37805
part,37806
part,37807
part,37808
part,37809
part,37810
part,37811
part,37812
part,37813
part,37814
part,37815
part,37816
part,37817
part,37818
part,37819
part,37820
part,37821
part,37822
part,37823
part,37824
part,37825
part,37826
part,37827
part,37828
part,37829
part,37830
part,37831
part,37832
part,37833
part,37834
part,37835
part,37836
part,37837
part,37838
part,37839
part,37840
part,37841
part,37842
part,37843
part,37844
part,37845
part,37846
part,37847
part,37848
part,37849
part,37850
part,37851
part,37852
part,37853
part,37854
part,37855
part,37856
part,37857
part,37858
part,37859
part,37860
part,37861
part,37862
part,37863
part,37864
part,37865
part,37866
part,37867
part,37868
part,37869
part,37870
part,37871
part,37872
part,37873
part,37874
part,37875
part,37876
part,37877
part,37878
part,37879
part,37880
part,37881
part,37882
part,37883
part,37884
part,37885
part,37886
part,37887
part,37888
part,37889
part,37890
part,37891
part,37892
part,37893
part,37894
part,37895
part,37896
part,37897
part,37898
part,37899
part,37900
part,37901
part,37902
part,37903
part,37904
part,37905
part,37906
part,37907
part,37908
part,37909
part,37910
part,37911
part,37912
part,37913
part,37914
part,37915
part,37916
part,37917
part,37918
part,37919
part,37920
part,37921
part,37922
part,37923
part,37924
part,37925
part,37926
part,37927
part,37928
part,37929
part,37930
part,37931
part,37932
part,37933
part,37934
part,37935
part,37936
part,37937
part,37938
part,37939
part,37940
part,37941
part,37942
part,37943
part,37944
part,37945
part,37946
part,37947
part,37948
part,37949
part,37950
part,37951
part,37952
part,37953
part,37954
part,37955
part,37956
part,37957
part,37958
part,37959
part,37960
part,37961
part,37962
part,37963
part,37964
part,37965
part,37966
part,37967
part,37968
part,37969
part,37970
part,37971
part,37972
part,37973
part,37974
part,37975
part,37976
part,37977
part,37978
part,37979
part,37980
part,37981
part,37982
part,37983
part,37984
part,37985
part,37986
part,37987
part,37988
part,37989
part,37990
part,37991
part,37992
part,37993
part,37994
part,37995
part,37996
part,37997
part,37998
part,37999
part,38000
part,38001
part,38002
part,38003
part,38004
part,38005
part,38006
part,38007
part,38008
part,38009
part,38010
part,38011
part,38012
part,38013
part,38014
part,38015
part,38016
part,38017
part,38018
part,38019
part,38020
part,38021
part,38022
part,38023
part,38024
part,38025
part,38026
part,38027
part,38028
part,38029
part,38030
part,38031
part,38032
part,38033
part,38034
part,38035
part,38036
part,38037
part,38038
part,38039
part,38040
part,38041
part,38042
part,38043
part,38044
part,38045
part,38046
part,38047
part,38048
part,38049
part,38050
part,38051
part,38052
part,38053
part,38054
part,38055
part,38056
part,38057
part,38058
part,38059
part,38060
part,38061
part,38062
part,38063
part,38064
part,38065
part,38066
part,38067
part,38068
part,38069
part,38070
part,38071
part,38072
part,38073
part,38074
part,38075
part,38076
part,38077
part,38078
part,38079
part,38080
part,38081
part,38082
part,38083
part,38084
part,38085
part,38086
part,38087
part,38088
part,38089
part,38090
part,38091
part,38092
part,38093
part,38094
part,38095
part,38096
part,38097
part,38098
part,38099
part,38100
part,38101
part,38102
part,38103
part,38104
part,38105
part,38106
part,38107
part,38108
part,38109
part,38110
part,38111
part,38112
part,38113
part,38114
part,38115
part,38116
part,38117
part,38118
part,38119
part,38120
part,38121
part,38122
part,38123
part,38124
part,38125
part,38126
part,38127
part,38128
part,38129
part,38130
part,38131
part,38132
part,38133
part,38134
part,38135
part,38136
part,38137
part,38138
part,38139
part,38140
part,38141
part,38142
part,38143
part,38144
part,38145
part,38146
part,38147
part,38148
part,38149
part,38150
part,38151
part,38152
part,38153
part,38154
part,38155
part,38156
part,38157
part,38158
part,38159
part,38160
part,38161
part,38162
part,38163
part,38164
part,38165
part,38166
part,38167
part,38168
part,38169
part,38170
part,38171
part,38172
part,38173
part,38174
part,38175
part,38176
part,38177
part,38178
part,38179
part,38180
part,38181
part,38182
part,38183
part,38184
part,38185
part,38186
part,38187
part,38188
part,38189
part,38190
part,38191
part,38192
part,38193
part,38194
part,38195
part,38196
part,38197
part,38198
part,38199
part,38200
part,38201
part,38202
part,38203
part,38204
part,38205
part,38206
part,38207
part,38208
part,38209
part,38210
part,38211
part,38212
part,38213
part,38214
part,38215
part,38216
part,38217
part,38218
part,38219
part,38220
part,38221
part,38222
part,38223
part,38224
part,38225
part,38226
part,38227
part,38228
part,38229
part,38230
part,38231
part,38232
part,38233
part,38234
part,38235
part,38236
part,38237
part,38238
part,38239
part,38240
part,38241
part,38242
part,38243
part,38244
part,38245
part,38246
part,38247
part,38248
part,38249
part,38250
part,38251
part,38252
part,38253
part,38254
part,38255
part,38256
part,38257
part,38258
part,38259
part,38260
part,38261
part,38262
part,38263
part,38264
part,38265
part,38266
part,38267
part,38268
part,38269
part,38270
part,38271
part,38272
part,38273
part,38274
part,38275
part,38276
part,38277
part,38278
part,38279
part,38280
part,38281
part,38282
part,38283
part,38284
part,38285
part,38286
part,38287
part,38288
part,38289
part,38290
part,38291
part,38292
part,38293
part,38294
part,38295
part,38296
part,38297
part,38298
part,38299
part,38300
part,38301
part,38302
part,38303
part,38304
part,38305
part,38306
part,38307
part,38308
part,38309
part,38310
part,38311
part,38312
part,38313
part,38314
part,38315
part,38316
part,38317
part,38318
part,38319
part,38320
part,38321
part,38322
part,38323
part,38324
part,38325
part,38326
part,38327
part,38328
part,38329
part,38330
part,38331
part,38332
part,38333
part,38334
part,38335
part,38336
part,38337
part,38338
part,38339
part,38340
part,38341
part,38342
part,38343
part,38344
part,38345
part,38346
part,38347
part,38348
part,38349
part,38350
part,38351
part,38352
part,38353
part,38354
part,38355
part,38356
part,38357
part,38358
part,38359
part,38360
part,38361
part,38362
part,38363
part,38364
part,38365
part,38366
part,38367
part,38368
part,38369
part,38370
part,38371
part,38372
part,38373
part,38374
part,38375
part,38376
part,38377
part,38378
part,38379
part,38380
part,38381
part,38382
part,38383
part,38384
part,38385
part,38386
part,38387
part,38388
part,38389
part,38390
part,38391
part,38392
part,38393
part,38394
part,38395
part,38396
part,38397
part,38398
part,38399
part,38400
part,38401
part,38402
part,38403
part,38404
part,38405
part,38406
part,38407
part,38408
part,38409
part,38410
part,38411
part,38412
part,38413
part,38414
part,38415
part,38416
part,38417
part,38418
part,38419
part,38420
part,38421
part,38422
part,38423
part,38424
part,38425
part,38426
part,38427
part,38428
part,38429
part,38430
part,38431
part,38432
part,38433
part,38434
part,38435
part,38436
part,38437
part,38438
part,38439
part,38440
part,38441
part,38442
part,38443
part,38444
part,38445
part,38446
part,38447
part,38448
part,38449
part,38450
part,38451
part,38452
part,38453
part,38454
part,38455
part,38456
part,38457
part,38458
part,38459
part,38460
part,38461
part,38462
part,38463
part,38464
part,38465
part,38466
part,38467
part,38468
part,38469
part,38470
part,38471
part,38472
part,38473
part,38474
part,38475
part,38476
part,38477
part,38478
part,38479
part,38480
part,38481
part,38482
part,38483
part,38484
part,38485
part,38486
part,38487
part,38488
part,38489
part,38490
part,38491
part,38492
part,38493
part,38494
part,38495
part,38496
part,38497
part,38498
part,38499
part,38500
part,38501
part,38502
part,38503
part,38504
part,38505
part,38506
part,38507
part,38508
part,38509
part,38510
part,38511
part,38512
part,38513
part,38514
part,38515
part,38516
part,38517
part,38518
part,38519
part,38520
part,38521
part,38522
part,38523
part,38524
part,38525
part,38526
part,38527
part,38528
part,38529
part,38530
part,38531
part,38532
part,38533
part,38534
part,38535
part,38536
part,38537
part,38538
part,38539
part,38540
part,38541
part,38542
part,38543
part,38544
part,38545
part,38546
part,38547
part,38548
part,38549
part,38550
part,38551
part,38552
part,38553
part,38554
part,38555
part,38556
part,38557
part,38558
part,38559
part,38560
part,38561
part,38562
part,38563
part,38564
part,38565
part,38566
part,38567
part,38568
part,38569
part,38570
part,38571
part,38572
part,38573
part,38574
part,38575
part,38576
part,38577
part,38578
part,38579
part,38580
part,38581
part,38582
part,38583
part,38584
part,38585
part,38586
part,38587
part,38588
part,38589
part,38590
part,38591
part,38592
part,38593
part,38594
part,38595
part,38596
part,38597
part,38598
part,38599
part,38600
part,38601
part,38602
part,38603
part,38604
part,38605
part,38606
part,38607
part,38608
part,38609
part,38610
part,38611
part,38612
part,38613
part,38614
part,38615
part,38616
part,38617
part,38618
part,38619
part,38620
part,38621
part,38622
part,38623
part,38624
part,38625
part,38626
part,38627
part,38628
part,38629
part,38630
part,38631
part,38632
part,38633
part,38634
part,38635
part,38636
part,38637
part,38638
part,38639
part,38640
part,38641
part,38642
part,38643
part,38644
part,38645
part,38646
part,38647
part,38648
part,38649
part,38650
part,38651
part,38652
part,38653
part,38654
part,38655
part,38656
part,38657
part,38658
part,38659
part,38660
part,38661
part,38662
part,38663
part,38664
part,38665
part,38666
part,38667
part,38668
part,38669
part,38670
part,38671
part,38672
part,38673
part,38674
part,38675
part,38676
part,38677
part,38678
part,38679
part,38680
part,38681
part,38682
part,38683
part,38684
part,38685
part,38686
part,38687
part,38688
part,38689
part,38690
part,38691
part,38692
part,38693
part,38694
part,38695
part,38696
part,38697
part,38698
part,38699
part,38700
part,38701
part,38702
part,38703
part,38704
part,38705
part,38706
part,38707
part,38708
part,38709
part,38710
part,38711
part,38712
part,38713
part,38714
part,38715
part,38716
part,38717
part,38718
part,38719
part,38720
part,38721
part,38722
part,38723
part,38724
part,38725
part,38726
part,38727
part,38728
part,38729
part,38730
part,38731
part,38732
part,38733
part,38734
part,38735
part,38736
part,38737
part,38738
part,38739
part,38740
part,38741
part,38742
part,38743
part,38744
part,38745
part,38746
part,38747
part,38748
part,38749
part,38750
part,38751
part,38752
part,38753
part,38754
part,38755
part,38756
part,38757
part,38758
part,38759
part,38760
part,38761
part,38762
part,38763
part,38764
part,38765
part,38766
part,38767
part,38768
part,38769
part,38770
part,38771
part,38772
part,38773
part,38774
part,38775
part,38776
part,38777
part,38778
part,38779
part,38780
part,38781
part,38782
part,38783
part,38784
part,38785
part,38786
part,38787
part,38788
part,38789
part,38790
part,38791
part,38792
part,38793
part,38794
part,38795
part,38796
part,38797
part,38798
part,38799
part,38800
part,38801
part,38802
part,38803
part,38804
part,38805
part,38806
part,38807
part,38808
part,38809
part,38810
part,38811
part,38812
part,38813
part,38814
part,38815
part,38816
part,38817
part,38818
part,38819
part,38820
part,38821
part,38822
part,38823
part,38824
part,38825
part,38826
part,38827
part,38828
part,38829
part,38830
part,38831
part,38832
part,38833
part,38834
part,38835
part,38836
part,38837
part,38838
part,38839
part,38840
part,38841
part,38842
part,38843
part,38844
part,38845
part,38846
part,38847
part,38848
part,38849
part,38850
part,38851
part,38852
part,38853
part,38854
part,38855
part,38856
part,38857
part,38858
part,38859
part,38860
part,38861
part,38862
part,38863
part,38864
part,38865
part,38866
part,38867
part,38868
part,38869
part,38870
part,38871
part,38872
part,38873
part,38874
part,38875
part,38876
part,38877
part,38878
part,38879
part,38880
part,38881
part,38882
part,38883
part,38884
part,38885
part,38886
part,38887
part,38888
part,38889
part,38890
part,38891
part,38892
part,38893
part,38894
part,38895
part,38896
part,38897
part,38898
part,38899
part,38900
part,38901
part,38902
part,38903
part,38904
part,38905
part,38906
part,38907
part,38908
part,38909
part,38910
part,38911
part,38912
part,38913
part,38914
part,38915
part,38916
part,38917
part,38918
part,38919
part,38920
part,38921
part,38922
part,38923
part,38924
part,38925
part,38926
part,38927
part,38928
part,38929
part,38930
part,38931
part,38932
part,38933
part,38934
part,38935
part,38936
part,38937
part,38938
part,38939
part,38940
part,38941
part,38942
part,38943
part,38944
part,38945
part,38946
part,38947
part,38948
part,38949
part,38950
part,38951
part,38952
part,38953
part,38954
part,38955
part,38956
part,38957
part,38958
part,38959
part,38960
part,38961
part,38962
part,38963
part,38964
part,38965
part,38966
part,38967
part,38968
part,38969
part,38970
part,38971
part,38972
part,38973
part,38974
part,38975
part,38976
part,38977
part,38978
part,38979
part,38980
part,38981
part,38982
part,38983
part,38984
part,38985
part,38986
part,38987
part,38988
part,38989
part,38990
part,38991
part,38992
part,38993
part,38994
part,38995
part,38996
part,38997
part,38998
part,38999
part,39000
part,39001
part,39002
part,39003
part,39004
part,39005
part,39006
part,39007
part,39008
part,39009
part,39010
part,39011
part,39012
part,39013
part,39014
part,39015
part,39016
part,39017
part,39018
part,39019
part,39020
part,39021
part,39022
part,39023
part,39024
part,39025
part,39026
part,39027
part,39028
part,39029
part,39030
part,39031
part,39032
part,39033
part,39034
part,39035
part,39036
part,39037
part,39038
part,39039
part,39040
part,39041
part,39042
part,39043
part,39044
part,39045
part,39046
part,39047
part,39048
part,39049
part,39050
part,39051
part,39052
part,39053
part,39054
part,39055
part,39056
part,39057
part,39058
part,39059
part,39060
part,39061
part,39062
part,39063
part,39064
part,39065
part,39066
part,39067
part,39068
part,39069
part,39070
part,39071
part,39072
part,39073
part,39074
part,39075
part,39076
part,39077
part,39078
part,39079
part,39080
part,39081
part,39082
part,39083
part,39084
part,39085
part,39086
part,39087
part,39088
part,39089
part,39090
part,39091
part,39092
part,39093
part,39094
part,39095
part,39096
part,39097
part,39098
part,39099
part,39100
part,39101
part,39102
part,39103
part,39104
part,39105
part,39106
part,39107
part,39108
part,39109
part,39110
part,39111
part,39112
part,39113
part,39114
part,39115
part,39116
part,39117
part,39118
part,39119
part,39120
part,39121
part,39122
part,39123
part,39124
part,39125
part,39126
part,39127
part,39128
part,39129
part,39130
part,39131
part,39132
part,39133
part,39134
part,39135
part,39136
part,39137
part,39138
part,39139
part,39140
part,39141
part,39142
part,39143
part,39144
part,39145
part,39146
part,39147
part,39148
part,39149
part,39150
part,39151
part,39152
part,39153
part,39154
part,39155
part,39156
part,39157
part,39158
part,39159
part,39160
part,39161
part,39162
part,39163
part,39164
part,39165
part,39166
part,39167
part,39168
part,39169
part,39170
part,39171
part,39172
part,39173
part,39174
part,39175
part,39176
part,39177
part,39178
part,39179
part,39180
part,39181
part,39182
part,39183
part,39184
part,39185
part,39186
part,39187
part,39188
part,39189
part,39190
part,39191
part,39192
part,39193
part,39194
part,39195
part,39196
part,39197
part,39198
part,39199
part,39200
part,39201
part,39202
part,39203
part,39204
part,39205
part,39206
part,39207
part,39208
part,39209
part,39210
part,39211
part,39212
part,39213
part,39214
part,39215
part,39216
part,39217
part,39218
part,39219
part,39220
part,39221
part,39222
part,39223
part,39224
part,39225
part,39226
part,39227
part,39228
part,39229
part,39230
part,39231
part,39232
part,39233
part,39234
part,39235
part,39236
part,39237
part,39238
part,39239
part,39240
part,39241
part,39242
part,39243
part,39244
part,39245
part,39246
part,39247
part,39248
part,39249
part,39250
part,39251
part,39252
part,39253
part,39254
part,39255
part,39256
part,39257
part,39258
part,39259
part,39260
part,39261
part,39262
part,39263
part,39264
part,39265
part,39266
part,39267
part,39268
part,39269
part,39270
part,39271
part,39272
part,39273
part,39274
part,39275
part,39276
part,39277
part,39278
part,39279
part,39280
part,39281
part,39282
part,39283
part,39284
part,39285
part,39286
part,39287
part,39288
part,39289
part,39290
part,39291
part,39292
part,39293
part,39294
part,39295
part,39296
part,39297
part,39298
part,39299
part,39300
part,39301
part,39302
part,39303
part,39304
part,39305
part,39306
part,39307
part,39308
part,39309
part,39310
part,39311
part,39312
part,39313
part,39314
part,39315
part,39316
part,39317
part,39318
part,39319
part,39320
part,39321
part,39322
part,39323
part,39324
part,39325
part,39326
part,39327
part,39328
part,39329
part,39330
part,39331
part,39332
part,39333
part,39334
part,39335
part,39336
part,39337
part,39338
part,39339
part,39340
part,39341
part,39342
part,39343
part,39344
part,39345
part,39346
part,39347
part,39348
part,39349
part,39350
part,39351
part,39352
part,39353
part,39354
part,39355
part,39356
part,39357
part,39358
part,39359
part,39360
part,39361
part,39362
part,39363
part,39364
part,39365
part,39366
part,39367
part,39368
part,39369
part,39370
part,39371
part,39372
part,39373
part,39374
part,39375
part,39376
part,39377
part,39378
part,39379
part,39380
part,39381
part,39382
part,39383
part,39384
part,39385
part,39386
part,39387
part,39388
part,39389
part,39390
part,39391
part,39392
part,39393
part,39394
part,39395
part,39396
part,39397
part,39398
part,39399
part,39400
part,39401
part,39402
part,39403
part,39404
part,39405
part,39406
part,39407
part,39408
part,39409
part,39410
part,39411
part,39412
part,39413
part,39414
part,39415
part,39416
part,39417
part,39418
part,39419
part,39420
part,39421
part,39422
part,39423
part,39424
part,39425
part,39426
part,39427
part,39428
part,39429
part,39430
part,39431
part,39432
part,39433
part,39434
part,39435
part,39436
part,39437
part,39438
part,39439
part,39440
part,39441
part,39442
part,39443
part,39444
part,39445
part,39446
part,39447
part,39448
part,39449
part,39450
part,39451
part,39452
part,39453
part,39454
part,39455
part,39456
part,39457
part,39458
part,39459
part,39460
part,39461
part,39462
part,39463
part,39464
part,39465
part,39466
part,39467
part,39468
part,39469
part,39470
part,39471
part,39472
part,39473
part,39474
part,39475
part,39476
part,39477
part,39478
part,39479
part,39480
part,39481
part,39482
part,39483
part,39484
part,39485
part,39486
part,39487
part,39488
part,39489
part,39490
part,39491
part,39492
part,39493
part,39494
part,39495
part,39496
part,39497
part,39498
part,39499
part,39500
part,39501
part,39502
part,39503
part,39504
part,39505
part,39506
part,39507
part,39508
part,39509
part,39510
part,39511
part,39512
part,39513
part,39514
part,39515
part,39516
part,39517
part,39518
part,39519
part,39520
part,39521
part,39522
part,39523
part,39524
part,39525
part,39526
part,39527
part,39528
part,39529
part,39530
part,39531
part,39532
part,39533
part,39534
part,39535
part,39536
part,39537
part,39538
part,39539
part,39540
part,39541
part,39542
part,39543
part,39544
part,39545
part,39546
part,39547
part,39548
part,39549
part,39550
part,39551
part,39552
part,39553
part,39554
part,39555
part,39556
part,39557
part,39558
part,39559
part,39560
part,39561
part,39562
part,39563
part,39564
part,39565
part,39566
part,39567
part,39568
part,39569
part,39570
part,39571
part,39572
part,39573
part,39574
part,39575
part,39576
part,39577
part,39578
part,39579
part,39580
part,39581
part,39582
part,39583
part,39584
part,39585
part,39586
part,39587
part,39588
part,39589
part,39590
part,39591
part,39592
part,39593
part,39594
part,39595
part,39596
part,39597
part,39598
part,39599
part,39600
part,39601
part,39602
part,39603
part,39604
part,39605
part,39606
part,39607
part,39608
part,39609
part,39610
part,39611
part,39612
part,39613
part,39614
part,39615
part,39616
part,39617
part,39618
part,39619
part,39620
part,39621
part,39622
part,39623
part,39624
part,39625
part,39626
part,39627
part,39628
part,39629
part,39630
part,39631
part,39632
part,39633
part,39634
part,39635
part,39636
part,39637
part,39638
part,39639
part,39640
part,39641
part,39642
part,39643
part,39644
part,39645
part,39646
part,39647
part,39648
part,39649
part,39650
part,39651
part,39652
part,39653
part,39654
part,39655
part,39656
part,39657
part,39658
part,39659
part,39660
part,39661
part,39662
part,39663
part,39664
part,39665
part,39666
part,39667
part,39668
part,39669
part,39670
part,39671
part,39672
part,39673
part,39674
part,39675
part,39676
part,39677
part,39678
part,39679
part,39680
part,39681
part,39682
part,39683
part,39684
part,39685
part,39686
part,39687
part,39688
part,39689
part,39690
part,39691
part,39692
part,39693
part,39694
part,39695
part,39696
part,39697
part,39698
part,39699
part,39700
part,39701
part,39702
part,39703
part,39704
part,39705
part,39706
part,39707
part,39708
part,39709
part,39710
part,39711
part,39712
part,39713
part,39714
part,39715
part,39716
part,39717
part,39718
part,39719
part,39720
part,39721
part,39722
part,39723
part,39724
part,39725
part,39726
part,39727
part,39728
part,39729
part,39730
part,39731
part,39732
part,39733
part,39734
part,39735
part,39736
part,39737
part,39738
part,39739
part,39740
part,39741
part,39742
part,39743
part,39744
part,39745
part,39746
part,39747
part,39748
part,39749
part,39750
part,39751
part,39752
part,39753
part,39754
part,39755
part,39756
part,39757
part,39758
part,39759
part,39760
part,39761
part,39762
part,39763
part,39764
part,39765
part,39766
part,39767
part,39768
part,39769
part,39770
part,39771
part,39772
part,39773
part,39774
part,39775
part,39776
part,39777
part,39778
part,39779
part,39780
part,39781
part,39782
part,39783
part,39784
part,39785
part,39786
part,39787
part,39788
part,39789
part,39790
part,39791
part,39792
part,39793
part,39794
part,39795
part,39796
part,39797
part,39798
part,39799
part,39800
part,39801
part,39802
part,39803
part,39804
part,39805
part,39806
part,39807
part,39808
part,39809
part,39810
part,39811
part,39812
part,39813
part,39814
part,39815
part,39816
part,39817
part,39818
part,39819
part,39820
part,39821
part,39822
part,39823
part,39824
part,39825
part,39826
part,39827
part,39828
part,39829
part,39830
part,39831
part,39832
part,39833
part,39834
part,39835
part,39836
part,39837
part,39838
part,39839
part,39840
part,39841
part,39842
part,39843
part,39844
part,39845
part,39846
part,39847
part,39848
part,39849
part,39850
part,39851
part,39852
part,39853
part,39854
part,39855
part,39856
part,39857
part,39858
part,39859
part,39860
part,39861
part,39862
part,39863
part,39864
part,39865
part,39866
part,39867
part,39868
part,39869
part,39870
part,39871
part,39872
part,39873
part,39874
part,39875
part,39876
part,39877
part,39878
part,39879
part,39880
part,39881
part,39882
part,39883
part,39884
part,39885
part,39886
part,39887
part,39888
part,39889
part,39890
part,39891
part,39892
part,39893
part,39894
part,39895
part,39896
part,39897
part,39898
part,39899
part,39900
part,39901
part,39902
part,39903
part,39904
part,39905
part,39906
part,39907
part,39908
part,39909
part,39910
part,39911
part,39912
part,39913
part,39914
part,39915
part,39916
part,39917
part,39918
part,39919
part,39920
part,39921
part,39922
part,39923
part,39924
part,39925
part,39926
part,39927
part,39928
part,39929
part,39930
part,39931
part,39932
part,39933
part,39934
part,39935
part,39936
part,39937
part,39938
part,39939
part,39940
part,39941
part,39942
part,39943
part,39944
part,39945
part,39946
part,39947
part,39948
part,39949
part,39950
part,39951
part,39952
part,39953
part,39954
part,39955
part,39956
part,39957
part,39958
part,39959
part,39960
part,39961
part,39962
part,39963
part,39964
part,39965
part,39966
part,39967
part,39968
part,39969
part,39970
part,39971
part,39972
part,39973
part,39974
part,39975
part,39976
part,39977
part,39978
part,39979
part,39980
part,39981
part,39982
part,39983
part,39984
part,39985
part,39986
part,39987
part,39988
part,39989
part,39990
part,39991
part,39992
part,39993
part,39994
part,39995
part,39996
part,39997
part,39998
part,39999
part,40000
part,40001
part,40002
part,40003
part,40004
part,40005
part,40006
part,40007
part,40008
part,40009
part,40010
part,40011
part,40012
part,40013
part,40014
part,40015
part,40016
part,40017
part,40018
part,40019
part,40020
part,40021
part,40022
part,40023
part,40024
part,40025
part,40026
part,40027
part,40028
part,40029
part,40030
part,40031
part,40032
part,40033
part,40034
part,40035
part,40036
part,40037
part,40038
part,40039
part,40040
part,40041
part,40042
part,40043
part,40044
part,40045
part,40046
part,40047
part,40048
part,40049
part,40050
part,40051
part,40052
part,40053
part,40054
part,40055
part,40056
part,40057
part,40058
part,40059
part,40060
part,40061
part,40062
part,40063
part,40064
part,40065
part,40066
part,40067
part,40068
part,40069
part,40070
part,40071
part,40072
part,40073
part,40074
part,40075
part,40076
part,40077
part,40078
part,40079
part,40080
part,40081
part,40082
part,40083
part,40084
part,40085
part,40086
part,40087
part,40088
part,40089
part,40090
part,40091
part,40092
part,40093
part,40094
part,40095
part,40096
part,40097
part,40098
part,40099
part,40100
part,40101
part,40102
part,40103
part,40104
part,40105
part,40106
part,40107
part,40108
part,40109
part,40110
part,40111
part,40112
part,40113
part,40114
part,40115
part,40116
part,40117
part,40118
part,40119
part,40120
part,40121
part,40122
part,40123
part,40124
part,40125
part,40126
part,40127
part,40128
part,40129
part,40130
part,40131
part,40132
part,40133
part,40134
part,40135
part,40136
part,40137
part,40138
part,40139
part,40140
part,40141
part,40142
part,40143
part,40144
part,40145
part,40146
part,40147
part,40148
part,40149
part,40150
part,40151
part,40152
part,40153
part,40154
part,40155
part,40156
part,40157
part,40158
part,40159
part,40160
part,40161
part,40162
part,40163
part,40164
part,40165
part,40166
part,40167
part,40168
part,40169
part,40170
part,40171
part,40172
part,40173
part,40174
part,40175
part,40176
part,40177
part,40178
part,40179
part,40180
part,40181
part,40182
part,40183
part,40184
part,40185
part,40186
part,40187
part,40188
part,40189
part,40190
part,40191
part,40192
part,40193
part,40194
part,40195
part,40196
part,40197
part,40198
part,40199
part,40200
part,40201
part,40202
part,40203
part,40204
part,40205
part,40206
part,40207
part,40208
part,40209
part,40210
part,40211
part,40212
part,40213
part,40214
part,40215
part,40216
part,40217
part,40218
part,40219
part,40220
part,40221
part,40222
part,40223
part,40224
part,40225
part,40226
part,40227
part,40228
part,40229
part,40230
part,40231
part,40232
part,40233
part,40234
part,40235
part,40236
part,40237
part,40238
part,40239
part,40240
part,40241
part,40242
part,40243
part,40244
part,40245
part,40246
part,40247
part,40248
part,40249
part,40250
part,40251
part,40252
part,40253
part,40254
part,40255
part,40256
part,40257
part,40258
part,40259
part,40260
part,40261
part,40262
part,40263
part,40264
part,40265
part,40266
part,40267
part,40268
part,40269
part,40270
part,40271
part,40272
part,40273
part,40274
part,40275
part,40276
part,40277
part,40278
part,40279
part,40280
part,40281
part,40282
part,40283
part,40284
part,40285
part,40286
part,40287
part,40288
part,40289
part,40290
part,40291
part,40292
part,40293
part,40294
part,40295
part,40296
part,40297
part,40298
part,40299
part,40300
part,40301
part,40302
part,40303
part,40304
part,40305
part,40306
part,40307
part,40308
part,40309
part,40310
part,40311
part,40312
part,40313
part,40314
part,40315
part,40316
part,40317
part,40318
part,40319
part,40320
part,40321
part,40322
part,40323
part,40324
part,40325
part,40326
part,40327
part,40328
part,40329
part,40330
part,40331
part,40332
part,40333
part,40334
part,40335
part,40336
part,40337
part,40338
part,40339
part,40340
part,40341
part,40342
part,40343
part,40344
part,40345
part,40346
part,40347
part,40348
part,40349
part,40350
part,40351
part,40352
part,40353
part,40354
part,40355
part,40356
part,40357
part,40358
part,40359
part,40360
part,40361
part,40362
part,40363
part,40364
part,40365
part,40366
part,40367
part,40368
part,40369
part,40370
part,40371
part,40372
part,40373
part,40374
part,40375
part,40376
part,40377
part,40378
part,40379
part,40380
part,40381
part,40382
part,40383
part,40384
part,40385
part,40386
part,40387
part,40388
part,40389
part,40390
part,40391
part,40392
part,40393
part,40394
part,40395
part,40396
part,40397
part,40398
part,40399
part,40400
part,40401
part,40402
part,40403
part,40404
part,40405
part,40406
part,40407
part,40408
part,40409
part,40410
part,40411
part,40412
part,40413
part,40414
part,40415
part,40416
part,40417
part,40418
part,40419
part,40420
part,40421
part,40422
part,40423
part,40424
part,40425
part,40426
part,40427
part,40428
part,40429
part,40430
part,40431
part,40432
part,40433
part,40434
part,40435
part,40436
part,40437
part,40438
part,40439
part,40440
part,40441
part,40442
part,40443
part,40444
part,40445
part,40446
part,40447
part,40448
part,40449
part,40450
part,40451
part,40452
part,40453
part,40454
part,40455
part,40456
part,40457
part,40458
part,40459
part,40460
part,40461
part,40462
part,40463
part,40464
part,40465
part,40466
part,40467
part,40468
part,40469
part,40470
part,40471
part,40472
part,40473
part,40474
part,40475
part,40476
part,40477
part,40478
part,40479
part,40480
part,40481
part,40482
part,40483
part,40484
part,40485
part,40486
part,40487
part,40488
part,40489
part,40490
part,40491
part,40492
part,40493
part,40494
part,40495
part,40496
part,40497
part,40498
part,40499
part,40500
part,40501
part,40502
part,40503
part,40504
part,40505
part,40506
part,40507
part,40508
part,40509
part,40510
part,40511
part,40512
part,40513
part,40514
part,40515
part,40516
part,40517
part,40518
part,40519
part,40520
part,40521
part,40522
part,40523
part,40524
part,40525
part,40526
part,40527
part,40528
part,40529
part,40530
part,40531
part,40532
part,40533
part,40534
part,40535
part,40536
part,40537
part,40538
part,40539
part,40540
part,40541
part,40542
part,40543
part,40544
part,40545
part,40546
part,40547
part,40548
part,40549
part,40550
part,40551
part,40552
part,40553
part,40554
part,40555
part,40556
part,40557
part,40558
part,40559
part,40560
part,40561
part,40562
part,40563
part,40564
part,40565
part,40566
part,40567
part,40568
part,40569
part,40570
part,40571
part,40572
part,40573
part,40574
part,40575
part,40576
part,40577
part,40578
part,40579
part,40580
part,40581
part,40582
part,40583
part,40584
part,40585
part,40586
part,40587
part,40588
part,40589
part,40590
part,40591
part,40592
part,40593
part,40594
part,40595
part,40596
part,40597
part,40598
part,40599
part,40600
part,40601
part,40602
part,40603
part,40604
part,40605
part,40606
part,40607
part,40608
part,40609
part,40610
part,40611
part,40612
part,40613
part,40614
part,40615
part,40616
part,40617
part,40618
part,40619
part,40620
part,40621
part,40622
part,40623
part,40624
part,40625
part,40626
part,40627
part,40628
part,40629
part,40630
part,40631
part,40632
part,40633
part,40634
part,40635
part,40636
part,40637
part,40638
part,40639
part,40640
part,40641
part,40642
part,40643
part,40644
part,40645
part,40646
part,40647
part,40648
part,40649
part,40650
part,40651
part,40652
part,40653
part,40654
part,40655
part,40656
part,40657
part,40658
part,40659
part,40660
part,40661
part,40662
part,40663
part,40664
part,40665
part,40666
part,40667
part,40668
part,40669
part,40670
part,40671
part,40672
part,40673
part,40674
part,40675
part,40676
part,40677
part,40678
part,40679
part,40680
part,40681
part,40682
part,40683
part,40684
part,40685
part,40686
part,40687
part,40688
part,40689
part,40690
part,40691
part,40692
part,40693
part,40694
part,40695
part,40696
part,40697
part,40698
part,40699
part,40700
part,40701
part,40702
part,40703
part,40704
part,40705
part,40706
part,40707
part,40708
part,40709
part,40710
part,40711
part,40712
part,40713
part,40714
part,40715
part,40716
part,40717
part,40718
part,40719
part,40720
part,40721
part,40722
part,40723
part,40724
part,40725
part,40726
part,40727
part,40728
part,40729
part,40730
part,40731
part,40732
part,40733
part,40734
part,40735
part,40736
part,40737
part,40738
part,40739
part,40740
part,40741
part,40742
part,40743
part,40744
part,40745
part,40746
part,40747
part,40748
part,40749
part,40750
part,40751
part,40752
part,40753
part,40754
part,40755
part,40756
part,40757
part,40758
part,40759
part,40760
part,40761
part,40762
part,40763
part,40764
part,40765
part,40766
part,40767
part,40768
part,40769
part,40770
part,40771
part,40772
part,40773
part,40774
part,40775
part,40776
part,40777
part,40778
part,40779
part,40780
part,40781
part,40782
part,40783
part,40784
part,40785
part,40786
part,40787
part,40788
part,40789
part,40790
part,40791
part,40792
part,40793
part,40794
part,40795
part,40796
part,40797
part,40798
part,40799
part,40800
part,40801
part,40802
part,40803
part,40804
part,40805
part,40806
part,40807
part,40808
part,40809
part,40810
part,40811
part,40812
part,40813
part,40814
part,40815
part,40816
part,40817
part,40818
part,40819
part,40820
part,40821
part,40822
part,40823
part,40824
part,40825
part,40826
part,40827
part,40828
part,40829
part,40830
part,40831
part,40832
part,40833
part,40834
part,40835
part,40836
part,40837
part,40838
part,40839
part,40840
part,40841
part,40842
part,40843
part,40844
part,40845
part,40846
part,40847
part,40848
part,40849
part,40850
part,40851
part,40852
part,40853
part,40854
part,40855
part,40856
part,40857
part,40858
part,40859
part,40860
part,40861
part,40862
part,40863
part,40864
part,40865
part,40866
part,40867
part,40868
part,40869
part,40870
part,40871
part,40872
part,40873
part,40874
part,40875
part,40876
part,40877
part,40878
part,40879
part,40880
part,40881
part,40882
part,40883
part,40884
part,40885
part,40886
part,40887
part,40888
part,40889
part,40890
part,40891
part,40892
part,40893
part,40894
part,40895
part,40896
part,40897
part,40898
part,40899
part,40900
part,40901
part,40902
part,40903
part,40904
part,40905
part,40906
part,40907
part,40908
part,40909
part,40910
part,40911
part,40912
part,40913
part,40914
part,40915
part,40916
part,40917
part,40918
part,40919
part,40920
part,40921
part,40922
part,40923
part,40924
part,40925
part,40926
part,40927
part,40928
part,40929
part,40930
part,40931
part,40932
part,40933
part,40934
part,40935
part,40936
part,40937
part,40938
part,40939
part,40940
part,40941
part,40942
part,40943
part,40944
part,40945
part,40946
part,40947
part,40948
part,40949
part,40950
part,40951
part,40952
part,40953
part,40954
part,40955
part,40956
part,40957
part,40958
part,40959
part,40960
part,40961
part,40962
part,40963
part,40964
part,40965
part,40966
part,40967
part,40968
part,40969
part,40970
part,40971
part,40972
part,40973
part,40974
part,40975
part,40976
part,40977
part,40978
part,40979
part,40980
part,40981
part,40982
part,40983
part,40984
part,40985
part,40986
part,40987
part,40988
part,40989
part,40990
part,40991
part,40992
part,40993
part,40994
part,40995
part,40996
part,40997
part,40998
part,40999
part,41000
part,41001
part,41002
part,41003
part,41004
part,41005
part,41006
part,41007
part,41008
part,41009
part,41010
part,41011
part,41012
part,41013
part,41014
part,41015
part,41016
part,41017
part,41018
part,41019
part,41020
part,41021
part,41022
part,41023
part,41024
part,41025
part,41026
part,41027
part,41028
part,41029
part,41030
part,41031
part,41032
part,41033
part,41034
part,41035
part,41036
part,41037
part,41038
part,41039
part,41040
part,41041
part,41042
part,41043
part,41044
part,41045
part,41046
part,41047
part,41048
part,41049
part,41050
part,41051
part,41052
part,41053
part,41054
part,41055
part,41056
part,41057
part,41058
part,41059
part,41060
part,41061
part,41062
part,41063
part,41064
part,41065
part,41066
part,41067
part,41068
part,41069
part,41070
part,41071
part,41072
part,41073
part,41074
part,41075
part,41076
part,41077
part,41078
part,41079
part,41080
part,41081
part,41082
part,41083
part,41084
part,41085
part,41086
part,41087
part,41088
part,41089
part,41090
part,41091
part,41092
part,41093
part,41094
part,41095
part,41096
part,41097
part,41098
part,41099
part,41100
part,41101
part,41102
part,41103
part,41104
part,41105
part,41106
part,41107
part,41108
part,41109
part,41110
part,41111
part,41112
part,41113
part,41114
part,41115
part,41116
part,41117
part,41118
part,41119
part,41120
part,41121
part,41122
part,41123
part,41124
part,41125
part,41126
part,41127
part,41128
part,41129
part,41130
part,41131
part,41132
part,41133
part,41134
part,41135
part,41136
part,41137
part,41138
part,41139
part,41140
part,41141
part,41142
part,41143
part,41144
part,41145
part,41146
part,41147
part,41148
part,41149
part,41150
part,41151
part,41152
part,41153
part,41154
part,41155
part,41156
part,41157
part,41158
part,41159
part,41160
part,41161
part,41162
part,41163
part,41164
part,41165
part,41166
part,41167
part,41168
part,41169
part,41170
part,41171
part,41172
part,41173
part,41174
part,41175
part,41176
part,41177
part,41178
part,41179
part,41180
part,41181
part,41182
part,41183
part,41184
part,41185
part,41186
part,41187
part,41188
part,41189
part,41190
part,41191
part,41192
part,41193
part,41194
part,41195
part,41196
part,41197
part,41198
part,41199
part,41200
part,41201
part,41202
part,41203
part,41204
part,41205
part,41206
part,41207
part,41208
part,41209
part,41210
part,41211
part,41212
part,41213
part,41214
part,41215
part,41216
part,41217
part,41218
part,41219
part,41220
part,41221
part,41222
part,41223
part,41224
part,41225
part,41226
part,41227
part,41228
part,41229
part,41230
part,41231
part,41232
part,41233
part,41234
part,41235
part,41236
part,41237
part,41238
part,41239
part,41240
part,41241
part,41242
part,41243
part,41244
part,41245
part,41246
part,41247
part,41248
part,41249
part,41250
part,41251
part,41252
part,41253
part,41254
part,41255
part,41256
part,41257
part,41258
part,41259
part,41260
part,41261
part,41262
part,41263
part,41264
part,41265
part,41266
part,41267
part,41268
part,41269
part,41270
part,41271
part,41272
part,41273
part,41274
part,41275
part,41276
part,41277
part,41278
part,41279
part,41280
part,41281
part,41282
part,41283
part,41284
part,41285
part,41286
part,41287
part,41288
part,41289
part,41290
part,41291
part,41292
part,41293
part,41294
part,41295
part,41296
part,41297
part,41298
part,41299
part,41300
part,41301
part,41302
part,41303
part,41304
part,41305
part,41306
part,41307
part,41308
part,41309
part,41310
part,41311
part,41312
part,41313
part,41314
part,41315
part,41316
part,41317
part,41318
part,41319
part,41320
part,41321
part,41322
part,41323
part,41324
part,41325
part,41326
part,41327
part,41328
part,41329
part,41330
part,41331
part,41332
part,41333
part,41334
part,41335
part,41336
part,41337
part,41338
part,41339
part,41340
part,41341
part,41342
part,41343
part,41344
part,41345
part,41346
part,41347
part,41348
part,41349
part,41350
part,41351
part,41352
part,41353
part,41354
part,41355
part,41356
part,41357
part,41358
part,41359
part,41360
part,41361
part,41362
part,41363
part,41364
part,41365
part,41366
part,41367
part,41368
part,41369
part,41370
part,41371
part,41372
part,41373
part,41374
part,41375
part,41376
part,41377
part,41378
part,41379
part,41380
part,41381
part,41382
part,41383
part,41384
part,41385
part,41386
part,41387
part,41388
part,41389
part,41390
part,41391
part,41392
part,41393
part,41394
part,41395
part,41396
part,41397
part,41398
part,41399
part,41400
part,41401
part,41402
part,41403
part,41404
part,41405
part,41406
part,41407
part,41408
part,41409
part,41410
part,41411
part,41412
part,41413
part,41414
part,41415
part,41416
part,41417
part,41418
part,41419
part,41420
part,41421
part,41422
part,41423
part,41424
part,41425
part,41426
part,41427
part,41428
part,41429
part,41430
part,41431
part,41432
part,41433
part,41434
part,41435
part,41436
part,41437
part,41438
part,41439
part,41440
part,41441
part,41442
part,41443
part,41444
part,41445
part,41446
part,41447
part,41448
part,41449
part,41450
part,41451
part,41452
part,41453
part,41454
part,41455
part,41456
part,41457
part,41458
part,41459
part,41460
part,41461
part,41462
part,41463
part,41464
part,41465
part,41466
part,41467
part,41468
part,41469
part,41470
part,41471
part,41472
part,41473
part,41474
part,41475
part,41476
part,41477
part,41478
part,41479
part,41480
part,41481
part,41482
part,41483
part,41484
part,41485
part,41486
part,41487
part,41488
part,41489
part,41490
part,41491
part,41492
part,41493
part,41494
part,41495
part,41496
part,41497
part,41498
part,41499
part,41500
part,41501
part,41502
part,41503
part,41504
part,41505
part,41506
part,41507
part,41508
part,41509
part,41510
part,41511
part,41512
part,41513
part,41514
part,41515
part,41516
part,41517
part,41518
part,41519
part,41520
part,41521
part,41522
part,41523
part,41524
part,41525
part,41526
part,41527
part,41528
part,41529
part,41530
part,41531
part,41532
part,41533
part,41534
part,41535
part,41536
part,41537
part,41538
part,41539
part,41540
part,41541
part,41542
part,41543
part,41544
part,41545
part,41546
part,41547
part,41548
part,41549
part,41550
part,41551
part,41552
part,41553
part,41554
part,41555
part,41556
part,41557
part,41558
part,41559
part,41560
part,41561
part,41562
part,41563
part,41564
part,41565
part,41566
part,41567
part,41568
part,41569
part,41570
part,41571
part,41572
part,41573
part,41574
part,41575
part,41576
part,41577
part,41578
part,41579
part,41580
part,41581
part,41582
part,41583
part,41584
part,41585
part,41586
part,41587
part,41588
part,41589
part,41590
part,41591
part,41592
part,41593
part,41594
part,41595
part,41596
part,41597
part,41598
part,41599
part,41600
part,41601
part,41602
part,41603
part,41604
part,41605
part,41606
part,41607
part,41608
part,41609
part,41610
part,41611
part,41612
part,41613
part,41614
part,41615
part,41616
part,41617
part,41618
part,41619
part,41620
part,41621
part,41622
part,41623
part,41624
part,41625
part,41626
part,41627
part,41628
part,41629
part,41630
part,41631
part,41632
part,41633
part,41634
part,41635
part,41636
part,41637
part,41638
part,41639
part,41640
part,41641
part,41642
part,41643
part,41644
part,41645
part,41646
part,41647
part,41648
part,41649
part,41650
part,41651
part,41652
part,41653
part,41654
part,41655
part,41656
part,41657
part,41658
part,41659
part,41660
part,41661
part,41662
part,41663
part,41664
part,41665
part,41666
part,41667
part,41668
part,41669
part,41670
part,41671
part,41672
part,41673
part,41674
part,41675
part,41676
part,41677
part,41678
part,41679
part,41680
part,41681
part,41682
part,41683
part,41684
part,41685
part,41686
part,41687
part,41688
part,41689
part,41690
part,41691
part,41692
part,41693
part,41694
part,41695
part,41696
part,41697
part,41698
part,41699
part,41700
part,41701
part,41702
part,41703
part,41704
part,41705
part,41706
part,41707
part,41708
part,41709
part,41710
part,41711
part,41712
part,41713
part,41714
part,41715
part,41716
part,41717
part,41718
part,41719
part,41720
part,41721
part,41722
part,41723
part,41724
part,41725
part,41726
part,41727
part,41728
part,41729
part,41730
part,41731
part,41732
part,41733
part,41734
part,41735
part,41736
part,41737
part,41738
part,41739
part,41740
part,41741
part,41742
part,41743
part,41744
part,41745
part,41746
part,41747
part,41748
part,41749
part,41750
part,41751
part,41752
part,41753
part,41754
part,41755
part,41756
part,41757
part,41758
part,41759
part,41760
part,41761
part,41762
part,41763
part,41764
part,41765
part,41766
part,41767
part,41768
part,41769
part,41770
part,41771
part,41772
part,41773
part,41774
part,41775
part,41776
part,41777
part,41778
part,41779
part,41780
part,41781
part,41782
part,41783
part,41784
part,41785
part,41786
part,41787
part,41788
part,41789
part,41790
part,41791
part,41792
part,41793
part,41794
part,41795
part,41796
part,41797
part,41798
part,41799
part,41800
part,41801
part,41802
part,41803
part,41804
part,41805
part,41806
part,41807
part,41808
part,41809
part,41810
part,41811
part,41812
part,41813
part,41814
part,41815
part,41816
part,41817
part,41818
part,41819
part,41820
part,41821
part,41822
part,41823
part,41824
part,41825
part,41826
part,41827
part,41828
part,41829
part,41830
part,41831
part,41832
part,41833
part,41834
part,41835
part,41836
part,41837
part,41838
part,41839
part,41840
part,41841
part,41842
part,41843
part,41844
part,41845
part,41846
part,41847
part,41848
part,41849
part,41850
part,41851
part,41852
part,41853
part,41854
part,41855
part,41856
part,41857
part,41858
part,41859
part,41860
part,41861
part,41862
part,41863
part,41864
part,41865
part,41866
part,41867
part,41868
part,41869
part,41870
part,41871
part,41872
part,41873
part,41874
part,41875
part,41876
part,41877
part,41878
part,41879
part,41880
part,41881
part,41882
part,41883
part,41884
part,41885
part,41886
part,41887
part,41888
part,41889
part,41890
part,41891
part,41892
part,41893
part,41894
part,41895
part,41896
part,41897
part,41898
part,41899
part,41900
part,41901
part,41902
part,41903
part,41904
part,41905
part,41906
part,41907
part,41908
part,41909
part,41910
part,41911
part,41912
part,41913
part,41914
part,41915
part,41916
part,41917
part,41918
part,41919
part,41920
part,41921
part,41922
part,41923
part,41924
part,41925
part,41926
part,41927
part,41928
part,41929
part,41930
part,41931
part,41932
part,41933
part,41934
part,41935
part,41936
part,41937
part,41938
part,41939
part,41940
part,41941
part,41942
part,41943
part,41944
part,41945
part,41946
part,41947
part,41948
part,41949
part,41950
part,41951
part,41952
part,41953
part,41954
part,41955
part,41956
part,41957
part,41958
part,41959
part,41960
part,41961
part,41962
part,41963
part,41964
part,41965
part,41966
part,41967
part,41968
part,41969
part,41970
part,41971
part,41972
part,41973
part,41974
part,41975
part,41976
part,41977
part,41978
part,41979
part,41980
part,41981
part,41982
part,41983
part,41984
part,41985
part,41986
part,41987
part,41988
part,41989
part,41990
part,41991
part,41992
part,41993
part,41994
part,41995
part,41996
part,41997
part,41998
part,41999
part,42000
part,42001
part,42002
part,42003
part,42004
part,42005
part,42006
part,42007
part,42008
part,42009
part,42010
part,42011
part,42012
part,42013
part,42014
part,42015
part,42016
part,42017
part,42018
part,42019
part,42020
part,42021
part,42022
part,42023
part,42024
part,42025
part,42026
part,42027
part,42028
part,42029
part,42030
part,42031
part,42032
part,42033
part,42034
part,42035
part,42036
part,42037
part,42038
part,42039
part,42040
part,42041
part,42042
part,42043
part,42044
part,42045
part,42046
part,42047
part,42048
part,42049
part,42050
part,42051
part,42052
part,42053
part,42054
part,42055
part,42056
part,42057
part,42058
part,42059
part,42060
part,42061
part,42062
part,42063
part,42064
part,42065
part,42066
part,42067
part,42068
part,42069
part,42070
part,42071
part,42072
part,42073
part,42074
part,42075
part,42076
part,42077
part,42078
part,42079
part,42080
part,42081
part,42082
part,42083
part,42084
part,42085
part,42086
part,42087
part,42088
part,42089
part,42090
part,42091
part,42092
part,42093
part,42094
part,42095
part,42096
part,42097
part,42098
part,42099
part,42100
part,42101
part,42102
part,42103
part,42104
part,42105
part,42106
part,42107
part,42108
part,42109
part,42110
part,42111
part,42112
part,42113
part,42114
part,42115
part,42116
part,42117
part,42118
part,42119
part,42120
part,42121
part,42122
part,42123
part,42124
part,42125
part,42126
part,42127
part,42128
part,42129
part,42130
part,42131
part,42132
part,42133
part,42134
part,42135
part,42136
part,42137
part,42138
part,42139
part,42140
part,42141
part,42142
part,42143
part,42144
part,42145
part,42146
part,42147
part,42148
part,42149
part,42150
part,42151
part,42152
part,42153
part,42154
part,42155
part,42156
part,42157
part,42158
part,42159
part,42160
part,42161
part,42162
part,42163
part,42164
part,42165
part,42166
part,42167
part,42168
part,42169
part,42170
part,42171
part,42172
part,42173
part,42174
part,42175
part,42176
part,42177
part,42178
part,42179
part,42180
part,42181
part,42182
part,42183
part,42184
part,42185
part,42186
part,42187
part,42188
part,42189
part,42190
part,42191
part,42192
part,42193
part,42194
part,42195
part,42196
part,42197
part,42198
part,42199
part,42200
part,42201
part,42202
part,42203
part,42204
part,42205
part,42206
part,42207
part,42208
part,42209
part,42210
part,42211
part,42212
part,42213
part,42214
part,42215
part,42216
part,42217
part,42218
part,42219
part,42220
part,42221
part,42222
part,42223
part,42224
part,42225
part,42226
part,42227
part,42228
part,42229
part,42230
part,42231
part,42232
part,42233
part,42234
part,42235
part,42236
part,42237
part,42238
part,42239
part,42240
part,42241
part,42242
part,42243
part,42244
part,42245
part,42246
part,42247
part,42248
part,42249
part,42250
part,42251
part,42252
part,42253
part,42254
part,42255
part,42256
part,42257
part,42258
part,42259
part,42260
part,42261
part,42262
part,42263
part,42264
part,42265
part,42266
part,42267
part,42268
part,42269
part,42270
part,42271
part,42272
part,42273
part,42274
part,42275
part,42276
part,42277
part,42278
part,42279
part,42280
part,42281
part,42282
part,42283
part,42284
part,42285
part,42286
part,42287
part,42288
part,42289
part,42290
part,42291
part,42292
part,42293
part,42294
part,42295
part,42296
part,42297
part,42298
part,42299
part,42300
part,42301
part,42302
part,42303
part,42304
part,42305
part,42306
part,42307
part,42308
part,42309
part,42310
part,42311
part,42312
part,42313
part,42314
part,42315
part,42316
part,42317
part,42318
part,42319
part,42320
part,42321
part,42322
part,42323
part,42324
part,42325
part,42326
part,42327
part,42328
part,42329
part,42330
part,42331
part,42332
part,42333
part,42334
part,42335
part,42336
part,42337
part,42338
part,42339
part,42340
part,42341
part,42342
part,42343
part,42344
part,42345
part,42346
part,42347
part,42348
part,42349
part,42350
part,42351
part,42352
part,42353
part,42354
part,42355
part,42356
part,42357
part,42358
part,42359
part,42360
part,42361
part,42362
part,42363
part,42364
part,42365
part,42366
part,42367
part,42368
part,42369
part,42370
part,42371
part,42372
part,42373
part,42374
part,42375
part,42376
part,42377
part,42378
part,42379
part,42380
part,42381
part,42382
part,42383
part,42384
part,42385
part,42386
part,42387
part,42388
part,42389
part,42390
part,42391
part,42392
part,42393
part,42394
part,42395
part,42396
part,42397
part,42398
part,42399
part,42400
part,42401
part,42402
part,42403
part,42404
part,42405
part,42406
part,42407
part,42408
part,42409
part,42410
part,42411
part,42412
part,42413
part,42414
part,42415
part,42416
part,42417
part,42418
part,42419
part,42420
part,42421
part,42422
part,42423
part,42424
part,42425
part,42426
part,42427
part,42428
part,42429
part,42430
part,42431
part,42432
part,42433
part,42434
part,42435
part,42436
part,42437
part,42438
part,42439
part,42440
part,42441
part,42442
part,42443
part,42444
part,42445
part,42446
part,42447
part,42448
part,42449
part,42450
part,42451
part,42452
part,42453
part,42454
part,42455
part,42456
part,42457
part,42458
part,42459
part,42460
part,42461
part,42462
part,42463
part,42464
part,42465
part,42466
part,42467
part,42468
part,42469
part,42470
part,42471
part,42472
part,42473
part,42474
part,42475
part,42476
part,42477
part,42478
part,42479
part,42480
part,42481
part,42482
part,42483
part,42484
part,42485
part,42486
part,42487
part,42488
part,42489
part,42490
part,42491
part,42492
part,42493
part,42494
part,42495
part,42496
part,42497
part,42498
part,42499
part,42500
part,42501
part,42502
part,42503
part,42504
part,42505
part,42506
part,42507
part,42508
part,42509
part,42510
part,42511
part,42512
part,42513
part,42514
part,42515
part,42516
part,42517
part,42518
part,42519
part,42520
part,42521
part,42522
part,42523
part,42524
part,42525
part,42526
part,42527
part,42528
part,42529
part,42530
part,42531
part,42532
part,42533
part,42534
part,42535
part,42536
part,42537
part,42538
part,42539
part,42540
part,42541
part,42542
part,42543
part,42544
part,42545
part,42546
part,42547
part,42548
part,42549
part,42550
part,42551
part,42552
part,42553
part,42554
part,42555
part,42556
part,42557
part,42558
part,42559
part,42560
part,42561
part,42562
part,42563
part,42564
part,42565
part,42566
part,42567
part,42568
part,42569
part,42570
part,42571
part,42572
part,42573
part,42574
part,42575
part,42576
part,42577
part,42578
part,42579
part,42580
part,42581
part,42582
part,42583
part,42584
part,42585
part,42586
part,42587
part,42588
part,42589
part,42590
part,42591
part,42592
part,42593
part,42594
part,42595
part,42596
part,42597
part,42598
part,42599
part,42600
part,42601
part,42602
part,42603
part,42604
part,42605
part,42606
part,42607
part,42608
part,42609
part,42610
part,42611
part,42612
part,42613
part,42614
part,42615
part,42616
part,42617
part,42618
part,42619
part,42620
part,42621
part,42622
part,42623
part,42624
part,42625
part,42626
part,42627
part,42628
part,42629
part,42630
part,42631
part,42632
part,42633
part,42634
part,42635
part,42636
part,42637
part,42638
part,42639
part,42640
part,42641
part,42642
part,42643
part,42644
part,42645
part,42646
part,42647
part,42648
part,42649
part,42650
part,42651
part,42652
part,42653
part,42654
part,42655
part,42656
part,42657
part,42658
part,42659
part,42660
part,42661
part,42662
part,42663
part,42664
part,42665
part,42666
part,42667
part,42668
part,42669
part,42670
part,42671
part,42672
part,42673
part,42674
part,42675
part,42676
part,42677
part,42678
part,42679
part,42680
part,42681
part,42682
part,42683
part,42684
part,42685
part,42686
part,42687
part,42688
part,42689
part,42690
part,42691
part,42692
part,42693
part,42694
part,42695
part,42696
part,42697
part,42698
part,42699
part,42700
part,42701
part,42702
part,42703
part,42704
part,42705
part,42706
part,42707
part,42708
part,42709
part,42710
part,42711
part,42712
part,42713
part,42714
part,42715
part,42716
part,42717
part,42718
part,42719
part,42720
part,42721
part,42722
part,42723
part,42724
part,42725
part,42726
part,42727
part,42728
part,42729
part,42730
part,42731
part,42732
part,42733
part,42734
part,42735
part,42736
part,42737
part,42738
part,42739
part,42740
part,42741
part,42742
part,42743
part,42744
part,42745
part,42746
part,42747
part,42748
part,42749
part,42750
part,42751
part,42752
part,42753
part,42754
part,42755
part,42756
part,42757
part,42758
part,42759
part,42760
part,42761
part,42762
part,42763
part,42764
part,42765
part,42766
part,42767
part,42768
part,42769
part,42770
part,42771
part,42772
part,42773
part,42774
part,42775
part,42776
part,42777
part,42778
part,42779
part,42780
part,42781
part,42782
part,42783
part,42784
part,42785
part,42786
part,42787
part,42788
part,42789
part,42790
part,42791
part,42792
part,42793
part,42794
part,42795
part,42796
part,42797
part,42798
part,42799
part,42800
part,42801
part,42802
part,42803
part,42804
part,42805
part,42806
part,42807
part,42808
part,42809
part,42810
part,42811
part,42812
part,42813
part,42814
part,42815
part,42816
part,42817
part,42818
part,42819
part,42820
part,42821
part,42822
part,42823
part,42824
part,42825
part,42826
part,42827
part,42828
part,42829
part,42830
part,42831
part,42832
part,42833
part,42834
part,42835
part,42836
part,42837
part,42838
part,42839
part,42840
part,42841
part,42842
part,42843
part,42844
part,42845
part,42846
part,42847
part,42848
part,42849
part,42850
part,42851
part,42852
part,42853
part,42854
part,42855
part,42856
part,42857
part,42858
part,42859
part,42860
part,42861
part,42862
part,42863
part,42864
part,42865
part,42866
part,42867
part,42868
part,42869
part,42870
part,42871
part,42872
part,42873
part,42874
part,42875
part,42876
part,42877
part,42878
part,42879
part,42880
part,42881
part,42882
part,42883
part,42884
part,42885
part,42886
part,42887
part,42888
part,42889
part,42890
part,42891
part,42892
part,42893
part,42894
part,42895
part,42896
part,42897
part,42898
part,42899
part,42900
part,42901
part,42902
part,42903
part,42904
part,42905
part,42906
part,42907
part,42908
part,42909
part,42910
part,42911
part,42912
part,42913
part,42914
part,42915
part,42916
part,42917
part,42918
part,42919
part,42920
part,42921
part,42922
part,42923
part,42924
part,42925
part,42926
part,42927
part,42928
part,42929
part,42930
part,42931
part,42932
part,42933
part,42934
part,42935
part,42936
part,42937
part,42938
part,42939
part,42940
part,42941
part,42942
part,42943
part,42944
part,42945
part,42946
part,42947
part,42948
part,42949
part,42950
part,42951
part,42952
part,42953
part,42954
part,42955
part,42956
part,42957
part,42958
part,42959
partsupp,0
partsupp,1
partsupp,2
partsupp,3
partsupp,4
partsupp,5
pg_aggregate,0
pg_am,0
pg_amop,0
pg_amop,1
pg_amop,2
pg_amop,3
pg_amop,4
pg_amop,5
pg_amproc,0
pg_amproc,1
pg_amproc,2
pg_amproc,3
pg_amproc,4
pg_cast,0
pg_cast,1
pg_constraint,2
pg_index,0
pg_index,1
pg_index,2
pg_index,3
pg_namespace,0
pg_opclass,0
pg_opclass,1
pg_operator,0
pg_operator,2
pg_operator,5
pg_operator,6
pg_operator,10
pg_rewrite,12
pg_statistic,5
pg_statistic,6
pg_statistic,7
pg_statistic,20
pg_statistic,25
pg_statistic,26
pg_statistic,30
pg_statistic,31
pg_statistic,38
pg_trigger,0
pg_ts_config,0
supplier,0
supplier,1
supplier,2
supplier,3
supplier,4
supplier,5
supplier,6
supplier,7
supplier,8
supplier,9
supplier,10
supplier,11
supplier,12
supplier,13
supplier,14
supplier,15
supplier,16
supplier,17
supplier,18
supplier,19
supplier,20
supplier,21
supplier,22
supplier,23
supplier,24
supplier,25
supplier,26
supplier,27
supplier,28
supplier,29
supplier,30
supplier,31
supplier,32
supplier,33
supplier,34
supplier,35
supplier,36
supplier,37
supplier,38
supplier,39
supplier,40
supplier,41
supplier,42
supplier,43
supplier,44
supplier,45
supplier,46
supplier,47
supplier,48
supplier,49
supplier,50
supplier,51
supplier,52
supplier,53
supplier,54
supplier,55
supplier,56
supplier,57
supplier,58
supplier,59
supplier,60
supplier,61
supplier,62
supplier,63
supplier,64
supplier,65
supplier,66
supplier,67
supplier,68
supplier,69
supplier,70
supplier,71
supplier,72
supplier,73
supplier,74
supplier,75
supplier,76
supplier,77
supplier,78
supplier,79
supplier,80
supplier,81
supplier,82
supplier,83
supplier,84
supplier,85
supplier,86
supplier,87
supplier,88
supplier,89
supplier,90
supplier,91
supplier,92
supplier,93
supplier,94
supplier,95
supplier,96
supplier,97
supplier,98
supplier,99
supplier,100
supplier,101
supplier,102
supplier,103
supplier,104
supplier,105
supplier,106
supplier,107
supplier,108
supplier,109
supplier,110
supplier,111
supplier,112
supplier,113
supplier,114
supplier,115
supplier,116
supplier,117
supplier,118
supplier,119
supplier,120
supplier,121
supplier,122
supplier,123
supplier,124
supplier,125
supplier,126
supplier,127
supplier,128
supplier,129
supplier,130
supplier,131
supplier,132
supplier,133
supplier,134
supplier,135
supplier,136
supplier,137
supplier,138
supplier,139
supplier,140
supplier,141
supplier,142
supplier,143
supplier,144
supplier,145
supplier,146
supplier,147
supplier,148
supplier,149
supplier,150
supplier,151
supplier,152
supplier,153
supplier,154
supplier,155
supplier,156
supplier,157
supplier,158
supplier,159
supplier,160
supplier,161
supplier,162
supplier,163
supplier,164
supplier,165
supplier,166
supplier,167
supplier,168
supplier,169
supplier,170
supplier,171
supplier,172
supplier,173
supplier,174
supplier,175
supplier,176
supplier,177
supplier,178
supplier,179
supplier,180
supplier,181
supplier,182
supplier,183
supplier,184
supplier,185
supplier,186
supplier,187
supplier,188
supplier,189
supplier,190
supplier,191
supplier,192
supplier,193
supplier,194
supplier,195
supplier,196
supplier,197
supplier,198
supplier,199
supplier,200
supplier,201
supplier,202
supplier,203
supplier,204
supplier,205
supplier,206
supplier,207
supplier,208
supplier,209
supplier,210
supplier,211
supplier,212
supplier,213
supplier,214
supplier,215
supplier,216
supplier,217
supplier,218
supplier,219
supplier,220
supplier,221
supplier,222
supplier,223
supplier,224
supplier,225
supplier,226
supplier,227
supplier,228
supplier,229
supplier,230
supplier,231
supplier,232
supplier,233
supplier,234
supplier,235
supplier,236
supplier,237
supplier,238
supplier,239
supplier,240
supplier,241
supplier,242
supplier,243
supplier,244
supplier,245
supplier,246
supplier,247
supplier,248
supplier,249
supplier,250
supplier,251
supplier,252
supplier,253
supplier,254
supplier,255
supplier,256
supplier,257
supplier,258
supplier,259
supplier,260
supplier,261
supplier,262
supplier,263
supplier,264
supplier,265
supplier,266
supplier,267
supplier,268
supplier,269
supplier,270
supplier,271
supplier,272
supplier,273
supplier,274
supplier,275
supplier,276
supplier,277
supplier,278
supplier,279
supplier,280
supplier,281
supplier,282
supplier,283
supplier,284
supplier,285
supplier,286
supplier,287
supplier,288
supplier,289
supplier,290
supplier,291
supplier,292
supplier,293
supplier,294
supplier,295
supplier,296
supplier,297
supplier,298
supplier,299
supplier,300
supplier,301
supplier,302
supplier,303
supplier,304
supplier,305
supplier,306
supplier,307
supplier,308
supplier,309
supplier,310
supplier,311
supplier,312
supplier,313
supplier,314
supplier,315
supplier,316
supplier,317
supplier,318
supplier,319
supplier,320
supplier,321
supplier,322
supplier,323
supplier,324
supplier,325
supplier,326
supplier,327
supplier,328
supplier,329
supplier,330
supplier,331
supplier,332
supplier,333
supplier,334
supplier,335
supplier,336
supplier,337
supplier,338
supplier,339
supplier,340
supplier,341
supplier,342
supplier,343
supplier,344
supplier,345
supplier,346
supplier,347
supplier,348
supplier,349
supplier,350
supplier,351
supplier,352
supplier,353
supplier,354
supplier,355
supplier,356
supplier,357
supplier,358
supplier,359
supplier,360
supplier,361
supplier,362
supplier,363
supplier,364
supplier,365
supplier,366
supplier,367
supplier,368
supplier,369
supplier,370
supplier,371
supplier,372
supplier,373
supplier,374
supplier,375
supplier,376
supplier,377
supplier,378
supplier,379
supplier,380
supplier,381
supplier,382
supplier,383
supplier,384
supplier,385
supplier,386
supplier,387
supplier,388
supplier,389
supplier,390
supplier,391
supplier,392
supplier,393
supplier,394
supplier,395
supplier,396
supplier,397
supplier,398
supplier,399
supplier,400
supplier,401
supplier,402
supplier,403
supplier,404
supplier,405
supplier,406
supplier,407
supplier,408
supplier,409
supplier,410
supplier,411
supplier,412
supplier,413
supplier,414
supplier,415
supplier,416
supplier,417
supplier,418
supplier,419
supplier,420
supplier,421
supplier,422
supplier,423
supplier,424
supplier,425
supplier,426
supplier,427
supplier,428
supplier,429
supplier,430
supplier,431
supplier,432
supplier,433
supplier,434
supplier,435
supplier,436
supplier,437
supplier,438
supplier,439
supplier,440
supplier,441
supplier,442
supplier,443
supplier,444
supplier,445
supplier,446
supplier,447
supplier,448
supplier,449
supplier,450
supplier,451
supplier,452
supplier,453
supplier,454
supplier,455
supplier,456
supplier,457
supplier,458
supplier,459
supplier,460
supplier,461
supplier,462
supplier,463
supplier,464
supplier,465
supplier,466
supplier,467
supplier,468
supplier,469
supplier,470
supplier,471
supplier,472
supplier,473
supplier,474
supplier,475
supplier,476
supplier,477
supplier,478
supplier,479
supplier,480
supplier,481
supplier,482
supplier,483
supplier,484
supplier,485
supplier,486
supplier,487
supplier,488
supplier,489
supplier,490
supplier,491
supplier,492
supplier,493
supplier,494
supplier,495
supplier,496
supplier,497
supplier,498
supplier,499
supplier,500
supplier,501
supplier,502
supplier,503
supplier,504
supplier,505
supplier,506
supplier,507
supplier,508
supplier,509
supplier,510
supplier,511
supplier,512
supplier,513
supplier,514
supplier,515
supplier,516
supplier,517
supplier,518
supplier,519
supplier,520
supplier,521
supplier,522
supplier,523
supplier,524
supplier,525
supplier,526
supplier,527
supplier,528
supplier,529
supplier,530
supplier,531
supplier,532
supplier,533
supplier,534
supplier,535
supplier,536
supplier,537
supplier,538
supplier,539
supplier,540
supplier,541
supplier,542
supplier,543
supplier,544
supplier,545
supplier,546
supplier,547
supplier,548
supplier,549
supplier,550
supplier,551
supplier,552
supplier,553
supplier,554
supplier,555
supplier,556
supplier,557
supplier,558
supplier,559
supplier,560
supplier,561
supplier,562
supplier,563
supplier,564
supplier,565
supplier,566
supplier,567
supplier,568
supplier,569
supplier,570
supplier,571
supplier,572
supplier,573
supplier,574
supplier,575
supplier,576
supplier,577
supplier,578
supplier,579
supplier,580
supplier,581
supplier,582
supplier,583
supplier,584
supplier,585
supplier,586
supplier,587
supplier,588
supplier,589
supplier,590
supplier,591
supplier,592
supplier,593
supplier,594
supplier,595
supplier,596
supplier,597
supplier,598
supplier,599
supplier,600
supplier,601
supplier,602
supplier,603
supplier,604
supplier,605
supplier,606
supplier,607
supplier,608
supplier,609
supplier,610
supplier,611
supplier,612
supplier,613
supplier,614
supplier,615
supplier,616
supplier,617
supplier,618
supplier,619
supplier,620
supplier,621
supplier,622
supplier,623
supplier,624
supplier,625
supplier,626
supplier,627
supplier,628
supplier,629
supplier,630
supplier,631
supplier,632
supplier,633
supplier,634
supplier,635
supplier,636
supplier,637
supplier,638
supplier,639
supplier,640
supplier,641
supplier,642
supplier,643
supplier,644
supplier,645
supplier,646
supplier,647
supplier,648
supplier,649
supplier,650
supplier,651
supplier,652
supplier,653
supplier,654
supplier,655
supplier,656
supplier,657
supplier,658
supplier,659
supplier,660
supplier,661
supplier,662
supplier,663
supplier,664
supplier,665
supplier,666
supplier,667
supplier,668
supplier,669
supplier,670
supplier,671
supplier,672
supplier,673
supplier,674
supplier,675
supplier,676
supplier,677
supplier,678
supplier,679
supplier,680
supplier,681
supplier,682
supplier,683
supplier,684
supplier,685
supplier,686
supplier,687
supplier,688
supplier,689
supplier,690
supplier,691
supplier,692
supplier,693
supplier,694
supplier,695
supplier,696
supplier,697
supplier,698
supplier,699
supplier,700
supplier,701
supplier,702
supplier,703
supplier,704
supplier,705
supplier,706
supplier,707
supplier,708
supplier,709
supplier,710
supplier,711
supplier,712
supplier,713
supplier,714
supplier,715
supplier,716
supplier,717
supplier,718
supplier,719
supplier,720
supplier,721
supplier,722
supplier,723
supplier,724
supplier,725
supplier,726
supplier,727
supplier,728
supplier,729
supplier,730
supplier,731
supplier,732
supplier,733
supplier,734
supplier,735
supplier,736
supplier,737
supplier,738
supplier,739
supplier,740
supplier,741
supplier,742
supplier,743
supplier,744
supplier,745
supplier,746
supplier,747
supplier,748
supplier,749
supplier,750
supplier,751
supplier,752
supplier,753
supplier,754
supplier,755
supplier,756
supplier,757
supplier,758
supplier,759
supplier,760
supplier,761
supplier,762
supplier,763
supplier,764
supplier,765
supplier,766
supplier,767
supplier,768
supplier,769
supplier,770
supplier,771
supplier,772
supplier,773
supplier,774
supplier,775
supplier,776
supplier,777
supplier,778
supplier,779
supplier,780
supplier,781
supplier,782
supplier,783
supplier,784
supplier,785
supplier,786
supplier,787
supplier,788
supplier,789
supplier,790
supplier,791
supplier,792
supplier,793
supplier,794
supplier,795
supplier,796
supplier,797
supplier,798
supplier,799
supplier,800
supplier,801
supplier,802
supplier,803
supplier,804
supplier,805
supplier,806
supplier,807
supplier,808
supplier,809
supplier,810
supplier,811
supplier,812
supplier,813
supplier,814
supplier,815
supplier,816
supplier,817
supplier,818
supplier,819
supplier,820
supplier,821
supplier,822
supplier,823
supplier,824
supplier,825
supplier,826
supplier,827
supplier,828
supplier,829
supplier,830
supplier,831
supplier,832
supplier,833
supplier,834
supplier,835
supplier,836
supplier,837
supplier,838
supplier,839
supplier,840
supplier,841
supplier,842
supplier,843
supplier,844
supplier,845
supplier,846
supplier,847
supplier,848
supplier,849
supplier,850
supplier,851
supplier,852
supplier,853
supplier,854
supplier,855
supplier,856
supplier,857
supplier,858
supplier,859
supplier,860
supplier,861
supplier,862
supplier,863
supplier,864
supplier,865
supplier,866
supplier,867
supplier,868
supplier,869
supplier,870
supplier,871
supplier,872
supplier,873
supplier,874
supplier,875
supplier,876
supplier,877
supplier,878
supplier,879
supplier,880
supplier,881
supplier,882
supplier,883
supplier,884
supplier,885
supplier,886
supplier,887
supplier,888
supplier,889
supplier,890
supplier,891
supplier,892
supplier,893
supplier,894
supplier,895
supplier,896
supplier,897
supplier,898
supplier,899
supplier,900
supplier,901
supplier,902
supplier,903
supplier,904
supplier,905
supplier,906
supplier,907
supplier,908
supplier,909
supplier,910
supplier,911
supplier,912
supplier,913
supplier,914
supplier,915
supplier,916
supplier,917
supplier,918
supplier,919
supplier,920
supplier,921
supplier,922
supplier,923
supplier,924
supplier,925
supplier,926
supplier,927
supplier,928
supplier,929
supplier,930
supplier,931
supplier,932
supplier,933
supplier,934
supplier,935
supplier,936
supplier,937
supplier,938
supplier,939
supplier,940
supplier,941
supplier,942
supplier,943
supplier,944
supplier,945
supplier,946
supplier,947
supplier,948
supplier,949
supplier,950
supplier,951
supplier,952
supplier,953
supplier,954
supplier,955
supplier,956
supplier,957
supplier,958
supplier,959
supplier,960
supplier,961
supplier,962
supplier,963
supplier,964
supplier,965
supplier,966
supplier,967
supplier,968
supplier,969
supplier,970
supplier,971
supplier,972
supplier,973
supplier,974
supplier,975
supplier,976
supplier,977
supplier,978
supplier,979
supplier,980
supplier,981
supplier,982
supplier,983
supplier,984
supplier,985
supplier,986
supplier,987
supplier,988
supplier,989
supplier,990
supplier,991
supplier,992
supplier,993
supplier,994
supplier,995
supplier,996
supplier,997
supplier,998
supplier,999
supplier,1000
supplier,1001
supplier,1002
supplier,1003
supplier,1004
supplier,1005
supplier,1006
supplier,1007
supplier,1008
supplier,1009
supplier,1010
supplier,1011
supplier,1012
supplier,1013
supplier,1014
supplier,1015
supplier,1016
supplier,1017
supplier,1018
supplier,1019
supplier,1020
supplier,1021
supplier,1022
supplier,1023
supplier,1024
supplier,1025
supplier,1026
supplier,1027
supplier,1028
supplier,1029
supplier,1030
supplier,1031
supplier,1032
supplier,1033
supplier,1034
supplier,1035
supplier,1036
supplier,1037
supplier,1038
supplier,1039
supplier,1040
supplier,1041
supplier,1042
supplier,1043
supplier,1044
supplier,1045
supplier,1046
supplier,1047
supplier,1048
supplier,1049
supplier,1050
supplier,1051
supplier,1052
supplier,1053
supplier,1054
supplier,1055
supplier,1056
supplier,1057
supplier,1058
supplier,1059
supplier,1060
supplier,1061
supplier,1062
supplier,1063
supplier,1064
supplier,1065
supplier,1066
supplier,1067
supplier,1068
supplier,1069
supplier,1070
supplier,1071
supplier,1072
supplier,1073
supplier,1074
supplier,1075
supplier,1076
supplier,1077
supplier,1078
supplier,1079
supplier,1080
supplier,1081
supplier,1082
supplier,1083
supplier,1084
supplier,1085
supplier,1086
supplier,1087
supplier,1088
supplier,1089
supplier,1090
supplier,1091
supplier,1092
supplier,1093
supplier,1094
supplier,1095
supplier,1096
supplier,1097
supplier,1098
supplier,1099
supplier,1100
supplier,1101
supplier,1102
supplier,1103
supplier,1104
supplier,1105
supplier,1106
supplier,1107
supplier,1108
supplier,1109
supplier,1110
supplier,1111
supplier,1112
supplier,1113
supplier,1114
supplier,1115
supplier,1116
supplier,1117
supplier,1118
supplier,1119
supplier,1120
supplier,1121
supplier,1122
supplier,1123
supplier,1124
supplier,1125
supplier,1126
supplier,1127
supplier,1128
supplier,1129
supplier,1130
supplier,1131
supplier,1132
supplier,1133
supplier,1134
supplier,1135
supplier,1136
supplier,1137
supplier,1138
supplier,1139
supplier,1140
supplier,1141
supplier,1142
supplier,1143
supplier,1144
supplier,1145
supplier,1146
supplier,1147
supplier,1148
supplier,1149
supplier,1150
supplier,1151
supplier,1152
supplier,1153
supplier,1154
supplier,1155
supplier,1156
supplier,1157
supplier,1158
supplier,1159
supplier,1160
supplier,1161
supplier,1162
supplier,1163
supplier,1164
supplier,1165
supplier,1166
supplier,1167
supplier,1168
supplier,1169
supplier,1170
supplier,1171
supplier,1172
supplier,1173
supplier,1174
supplier,1175
supplier,1176
supplier,1177
supplier,1178
supplier,1179
supplier,1180
supplier,1181
supplier,1182
supplier,1183
supplier,1184
supplier,1185
supplier,1186
supplier,1187
supplier,1188
supplier,1189
supplier,1190
supplier,1191
supplier,1192
supplier,1193
supplier,1194
supplier,1195
supplier,1196
supplier,1197
supplier,1198
supplier,1199
supplier,1200
supplier,1201
supplier,1202
supplier,1203
supplier,1204
supplier,1205
supplier,1206
supplier,1207
supplier,1208
supplier,1209
supplier,1210
supplier,1211
supplier,1212
supplier,1213
supplier,1214
supplier,1215
supplier,1216
supplier,1217
supplier,1218
supplier,1219
supplier,1220
supplier,1221
supplier,1222
supplier,1223
supplier,1224
supplier,1225
supplier,1226
supplier,1227
supplier,1228
supplier,1229
supplier,1230
supplier,1231
supplier,1232
supplier,1233
supplier,1234
supplier,1235
supplier,1236
supplier,1237
supplier,1238
supplier,1239
supplier,1240
supplier,1241
supplier,1242
supplier,1243
supplier,1244
supplier,1245
supplier,1246
supplier,1247
supplier,1248
supplier,1249
supplier,1250
supplier,1251
supplier,1252
supplier,1253
supplier,1254
supplier,1255
supplier,1256
supplier,1257
supplier,1258
supplier,1259
supplier,1260
supplier,1261
supplier,1262
supplier,1263
supplier,1264
supplier,1265
supplier,1266
supplier,1267
supplier,1268
supplier,1269
supplier,1270
supplier,1271
supplier,1272
supplier,1273
supplier,1274
supplier,1275
supplier,1276
supplier,1277
supplier,1278
supplier,1279
supplier,1280
supplier,1281
supplier,1282
supplier,1283
supplier,1284
supplier,1285
supplier,1286
supplier,1287
supplier,1288
supplier,1289
supplier,1290
supplier,1291
supplier,1292
supplier,1293
supplier,1294
supplier,1295
supplier,1296
supplier,1297
supplier,1298
supplier,1299
supplier,1300
supplier,1301
supplier,1302
supplier,1303
supplier,1304
supplier,1305
supplier,1306
supplier,1307
supplier,1308
supplier,1309
supplier,1310
supplier,1311
supplier,1312
supplier,1313
supplier,1314
supplier,1315
supplier,1316
supplier,1317
supplier,1318
supplier,1319
supplier,1320
supplier,1321
supplier,1322
supplier,1323
supplier,1324
supplier,1325
supplier,1326
supplier,1327
supplier,1328
supplier,1329
supplier,1330
supplier,1331
supplier,1332
supplier,1333
supplier,1334
supplier,1335
supplier,1336
supplier,1337
supplier,1338
supplier,1339
supplier,1340
supplier,1341
supplier,1342
supplier,1343
supplier,1344
supplier,1345
supplier,1346
supplier,1347
supplier,1348
supplier,1349
supplier,1350
supplier,1351
supplier,1352
supplier,1353
supplier,1354
supplier,1355
supplier,1356
supplier,1357
supplier,1358
supplier,1359
supplier,1360
supplier,1361
supplier,1362
supplier,1363
supplier,1364
supplier,1365
supplier,1366
supplier,1367
supplier,1368
supplier,1369
supplier,1370
supplier,1371
supplier,1372
supplier,1373
supplier,1374
supplier,1375
supplier,1376
supplier,1377
supplier,1378
supplier,1379
supplier,1380
supplier,1381
supplier,1382
supplier,1383
supplier,1384
supplier,1385
supplier,1386
supplier,1387
supplier,1388
supplier,1389
supplier,1390
supplier,1391
supplier,1392
supplier,1393
supplier,1394
supplier,1395
supplier,1396
supplier,1397
supplier,1398
supplier,1399
supplier,1400
supplier,1401
supplier,1402
supplier,1403
supplier,1404
supplier,1405
supplier,1406
supplier,1407
supplier,1408
supplier,1409
supplier,1410
supplier,1411
supplier,1412
supplier,1413
supplier,1414
supplier,1415
supplier,1416
supplier,1417
supplier,1418
supplier,1419
supplier,1420
supplier,1421
supplier,1422
supplier,1423
supplier,1424
supplier,1425
supplier,1426
supplier,1427
supplier,1428
supplier,1429
supplier,1430
supplier,1431
supplier,1432
supplier,1433
supplier,1434
supplier,1435
supplier,1436
supplier,1437
supplier,1438
supplier,1439
supplier,1440
supplier,1441
supplier,1442
supplier,1443
supplier,1444
supplier,1445
supplier,1446
supplier,1447
supplier,1448
supplier,1449
supplier,1450
supplier,1451
supplier,1452
supplier,1453
supplier,1454
supplier,1455
supplier,1456
supplier,1457
supplier,1458
supplier,1459
supplier,1460
supplier,1461
supplier,1462
supplier,1463
supplier,1464
supplier,1465
supplier,1466
supplier,1467
supplier,1468
supplier,1469
supplier,1470
supplier,1471
supplier,1472
supplier,1473
supplier,1474
supplier,1475
supplier,1476
supplier,1477
supplier,1478
supplier,1479
supplier,1480
supplier,1481
supplier,1482
supplier,1483
supplier,1484
supplier,1485
supplier,1486
supplier,1487
supplier,1488
supplier,1489
supplier,1490
supplier,1491
supplier,1492
supplier,1493
supplier,1494
supplier,1495
supplier,1496
supplier,1497
supplier,1498
supplier,1499
supplier,1500
supplier,1501
supplier,1502
supplier,1503
supplier,1504
supplier,1505
supplier,1506
supplier,1507
supplier,1508
supplier,1509
supplier,1510
supplier,1511
supplier,1512
supplier,1513
supplier,1514
supplier,1515
supplier,1516
supplier,1517
supplier,1518
supplier,1519
supplier,1520
supplier,1521
supplier,1522
supplier,1523
supplier,1524
supplier,1525
supplier,1526
supplier,1527
supplier,1528
supplier,1529
supplier,1530
supplier,1531
supplier,1532
supplier,1533
supplier,1534
supplier,1535
supplier,1536
supplier,1537
supplier,1538
supplier,1539
supplier,1540
supplier,1541
supplier,1542
supplier,1543
supplier,1544
supplier,1545
supplier,1546
supplier,1547
supplier,1548
supplier,1549
supplier,1550
supplier,1551
supplier,1552
supplier,1553
supplier,1554
supplier,1555
supplier,1556
supplier,1557
supplier,1558
supplier,1559
supplier,1560
supplier,1561
supplier,1562
supplier,1563
supplier,1564
supplier,1565
supplier,1566
supplier,1567
supplier,1568
supplier,1569
supplier,1570
supplier,1571
supplier,1572
supplier,1573
supplier,1574
supplier,1575
supplier,1576
supplier,1577
supplier,1578
supplier,1579
supplier,1580
supplier,1581
supplier,1582
supplier,1583
supplier,1584
supplier,1585
supplier,1586
supplier,1587
supplier,1588
supplier,1589
supplier,1590
supplier,1591
supplier,1592
supplier,1593
supplier,1594
supplier,1595
supplier,1596
supplier,1597
supplier,1598
supplier,1599
supplier,1600
supplier,1601
supplier,1602
supplier,1603
supplier,1604
supplier,1605
supplier,1606
supplier,1607
supplier,1608
supplier,1609
supplier,1610
supplier,1611
supplier,1612
supplier,1613
supplier,1614
supplier,1615
supplier,1616
supplier,1617
supplier,1618
supplier,1619
supplier,1620
supplier,1621
supplier,1622
supplier,1623
supplier,1624
supplier,1625
supplier,1626
supplier,1627
supplier,1628
supplier,1629
supplier,1630
supplier,1631
supplier,1632
supplier,1633
supplier,1634
supplier,1635
supplier,1636
supplier,1637
supplier,1638
supplier,1639
supplier,1640
supplier,1641
supplier,1642
supplier,1643
supplier,1644
supplier,1645
supplier,1646
supplier,1647
supplier,1648
supplier,1649
supplier,1650
supplier,1651
supplier,1652
supplier,1653
supplier,1654
supplier,1655
supplier,1656
supplier,1657
supplier,1658
supplier,1659
supplier,1660
supplier,1661
supplier,1662
supplier,1663
supplier,1664
supplier,1665
supplier,1666
supplier,1667
supplier,1668
supplier,1669
supplier,1670
supplier,1671
supplier,1672
supplier,1673
supplier,1674
supplier,1675
supplier,1676
supplier,1677
supplier,1678
supplier,1679
supplier,1680
supplier,1681
supplier,1682
supplier,1683
supplier,1684
supplier,1685
supplier,1686
supplier,1687
supplier,1688
supplier,1689
supplier,1690
supplier,1691
supplier,1692
supplier,1693
supplier,1694
supplier,1695
supplier,1696
supplier,1697
supplier,1698
supplier,1699
supplier,1700
supplier,1701
supplier,1702
supplier,1703
supplier,1704
supplier,1705
supplier,1706
supplier,1707
supplier,1708
supplier,1709
supplier,1710
supplier,1711
supplier,1712
supplier,1713
supplier,1714
supplier,1715
supplier,1716
supplier,1717
supplier,1718
supplier,1719
supplier,1720
supplier,1721
supplier,1722
supplier,1723
supplier,1724
supplier,1725
supplier,1726
supplier,1727
supplier,1728
supplier,1729
supplier,1730
supplier,1731
supplier,1732
supplier,1733
supplier,1734
supplier,1735
supplier,1736
supplier,1737
supplier,1738
supplier,1739
supplier,1740
supplier,1741
supplier,1742
supplier,1743
supplier,1744
supplier,1745
supplier,1746
supplier,1747
supplier,1748
supplier,1749
supplier,1750
supplier,1751
supplier,1752
supplier,1753
supplier,1754
supplier,1755
supplier,1756
supplier,1757
supplier,1758
supplier,1759
supplier,1760
supplier,1761
supplier,1762
supplier,1763
supplier,1764
supplier,1765
supplier,1766
supplier,1767
supplier,1768
supplier,1769
supplier,1770
supplier,1771
supplier,1772
supplier,1773
supplier,1774
supplier,1775
supplier,1776
supplier,1777
supplier,1778
supplier,1779
supplier,1780
supplier,1781
supplier,1782
supplier,1783
supplier,1784
supplier,1785
supplier,1786
supplier,1787
supplier,1788
supplier,1789
supplier,1790
supplier,1791
supplier,1792
supplier,1793
supplier,1794
supplier,1795
supplier,1796
supplier,1797
supplier,1798
supplier,1799
supplier,1800
supplier,1801
supplier,1802
supplier,1803
supplier,1804
supplier,1805
supplier,1806
supplier,1807
supplier,1808
supplier,1809
supplier,1810
supplier,1811
supplier,1812
supplier,1813
supplier,1814
supplier,1815
supplier,1816
supplier,1817
supplier,1818
supplier,1819
supplier,1820
supplier,1821
supplier,1822
supplier,1823
supplier,1824
supplier,1825
supplier,1826
supplier,1827
supplier,1828
supplier,1829
supplier,1830
supplier,1831
supplier,1832
supplier,1833
supplier,1834
supplier,1835
supplier,1836
supplier,1837
supplier,1838
supplier,1839
supplier,1840
supplier,1841
supplier,1842
supplier,1843
supplier,1844
supplier,1845
supplier,1846
supplier,1847
supplier,1848
supplier,1849
supplier,1850
supplier,1851
supplier,1852
supplier,1853
supplier,1854
supplier,1855
supplier,1856
supplier,1857
supplier,1858
supplier,1859
supplier,1860
supplier,1861
supplier,1862
supplier,1863
supplier,1864
supplier,1865
supplier,1866
supplier,1867
supplier,1868
supplier,1869
supplier,1870
supplier,1871
supplier,1872
supplier,1873
supplier,1874
supplier,1875
supplier,1876
supplier,1877
supplier,1878
supplier,1879
supplier,1880
supplier,1881
supplier,1882
supplier,1883
supplier,1884
supplier,1885
supplier,1886
supplier,1887
supplier,1888
supplier,1889
supplier,1890
supplier,1891
supplier,1892
supplier,1893
supplier,1894
supplier,1895
supplier,1896
supplier,1897
supplier,1898
supplier,1899
supplier,1900
supplier,1901
supplier,1902
supplier,1903
supplier,1904
supplier,1905
supplier,1906
supplier,1907
supplier,1908
supplier,1909
supplier,1910
supplier,1911
supplier,1912
supplier,1913
supplier,1914
supplier,1915
supplier,1916
supplier,1917
supplier,1918
supplier,1919
supplier,1920
supplier,1921
supplier,1922
supplier,1923
supplier,1924
supplier,1925
supplier,1926
supplier,1927
supplier,1928
supplier,1929
supplier,1930
supplier,1931
supplier,1932
supplier,1933
supplier,1934
supplier,1935
supplier,1936
supplier,1937
supplier,1938
supplier,1939
supplier,1940
supplier,1941
supplier,1942
supplier,1943
supplier,1944
supplier,1945
supplier,1946
supplier,1947
supplier,1948
supplier,1949
supplier,1950
supplier,1951
supplier,1952
supplier,1953
supplier,1954
supplier,1955
supplier,1956
supplier,1957
supplier,1958
supplier,1959
supplier,1960
supplier,1961
supplier,1962
supplier,1963
supplier,1964
supplier,1965
supplier,1966
supplier,1967
supplier,1968
supplier,1969
supplier,1970
supplier,1971
supplier,1972
supplier,1973
supplier,1974
supplier,1975
supplier,1976
supplier,1977
supplier,1978
supplier,1979
supplier,1980
supplier,1981
supplier,1982
supplier,1983
supplier,1984
supplier,1985
supplier,1986
supplier,1987
supplier,1988
supplier,1989
supplier,1990
supplier,1991
supplier,1992
supplier,1993
supplier,1994
supplier,1995
supplier,1996
supplier,1997
supplier,1998
supplier,1999
supplier,2000
supplier,2001
supplier,2002
supplier,2003
supplier,2004
supplier,2005
supplier,2006
supplier,2007
supplier,2008
supplier,2009
supplier,2010
supplier,2011
supplier,2012
supplier,2013
supplier,2014
supplier,2015
supplier,2016
supplier,2017
supplier,2018
supplier,2019
supplier,2020
supplier,2021
supplier,2022
supplier,2023
supplier,2024
supplier,2025
supplier,2026
supplier,2027
supplier,2028
supplier,2029
supplier,2030
supplier,2031
supplier,2032
supplier,2033
supplier,2034
supplier,2035
supplier,2036
supplier,2037
supplier,2038
supplier,2039
supplier,2040
supplier,2041
supplier,2042
supplier,2043
supplier,2044
supplier,2045
supplier,2046
supplier,2047
supplier,2048
supplier,2049
supplier,2050
supplier,2051
supplier,2052
supplier,2053
supplier,2054
supplier,2055
supplier,2056
supplier,2057
supplier,2058
supplier,2059
supplier,2060
supplier,2061
supplier,2062
supplier,2063
supplier,2064
supplier,2065
supplier,2066
supplier,2067
supplier,2068
supplier,2069
supplier,2070
supplier,2071
supplier,2072
supplier,2073
supplier,2074
supplier,2075
supplier,2076
supplier,2077
supplier,2078
supplier,2079
supplier,2080
supplier,2081
supplier,2082
supplier,2083
supplier,2084
supplier,2085
supplier,2086
supplier,2087
supplier,2088
supplier,2089
supplier,2090
supplier,2091
supplier,2092
supplier,2093
supplier,2094
supplier,2095
supplier,2096
supplier,2097
supplier,2098
supplier,2099
supplier,2100
supplier,2101
supplier,2102
supplier,2103
supplier,2104
supplier,2105
supplier,2106
supplier,2107
supplier,2108
supplier,2109
supplier,2110
supplier,2111
supplier,2112
supplier,2113
supplier,2114
supplier,2115
supplier,2116
supplier,2117
supplier,2118
supplier,2119
supplier,2120
supplier,2121
supplier,2122
supplier,2123
supplier,2124
supplier,2125
supplier,2126
supplier,2127
supplier,2128
supplier,2129
supplier,2130
supplier,2131
supplier,2132
supplier,2133
supplier,2134
supplier,2135
supplier,2136
supplier,2137
supplier,2138
supplier,2139
supplier,2140
supplier,2141
supplier,2142
supplier,2143
supplier,2144
supplier,2145
supplier,2146
supplier,2147
supplier,2148
supplier,2149
supplier,2150
supplier,2151
supplier,2152
supplier,2153
supplier,2154
supplier,2155
supplier,2156
supplier,2157
supplier,2158
supplier,2159
supplier,2160
supplier,2161
supplier,2162
supplier,2163
supplier,2164
supplier,2165
supplier,2166
supplier,2167
supplier,2168
supplier,2169
supplier,2170
supplier,2171
supplier,2172
supplier,2173
supplier,2174
supplier,2175
supplier,2176
supplier,2177
supplier,2178
supplier,2179
supplier,2180
supplier,2181
supplier,2182
supplier,2183
supplier,2184
supplier,2185
supplier,2186
supplier,2187
supplier,2188
supplier,2189
supplier,2190
supplier,2191
supplier,2192
supplier,2193
supplier,2194
supplier,2195
supplier,2196
supplier,2197
supplier,2198
supplier,2199
supplier,2200
supplier,2201
supplier,2202
supplier,2203
supplier,2204
supplier,2205
supplier,2206
supplier,2207
supplier,2208
supplier,2209
supplier,2210
supplier,2211
supplier,2212
supplier,2213
supplier,2214
supplier,2215
supplier,2216
supplier,2217
supplier,2218
supplier,2219
supplier,2220
supplier,2221
supplier,2222
supplier,2223
supplier,2224
supplier,2225
supplier,2226
supplier,2227
supplier,2228
supplier,2229
supplier,2230
supplier,2231
supplier,2232
supplier,2233
supplier,2234
supplier,2235
supplier,2236
supplier,2237
supplier,2238
supplier,2239
supplier,2240
supplier,2241
supplier,2242
supplier,2243
supplier,2244
supplier,2245
supplier,2246
supplier,2247
supplier,2248
supplier,2249
supplier,2250
supplier,2251
supplier,2252
supplier,2253
supplier,2254
supplier,2255
supplier,2256
supplier,2257
supplier,2258
supplier,2259
supplier,2260
supplier,2261
supplier,2262
supplier,2263
supplier,2264
supplier,2265
supplier,2266
supplier,2267
supplier,2268
supplier,2269
supplier,2270
supplier,2271
supplier,2272
supplier,2273
supplier,2274
supplier,2275
supplier,2276
supplier,2277
supplier,2278
supplier,2279
supplier,2280
supplier,2281
supplier,2282
supplier,2283
supplier,2284
supplier,2285
supplier,2286
supplier,2287
supplier,2288
supplier,2289
supplier,2290
supplier,2291
supplier,2292
supplier,2293
supplier,2294
supplier,2295
supplier,2296
supplier,2297
supplier,2298
supplier,2299
supplier,2300
supplier,2301
supplier,2302
supplier,2303
supplier,2304
supplier,2305
supplier,2306
supplier,2307
supplier,2308
supplier,2309
supplier,2310
supplier,2311
supplier,2312
supplier,2313
supplier,2314
supplier,2315
supplier,2316
supplier,2317
supplier,2318
supplier,2319
supplier,2320
supplier,2321
supplier,2322
supplier,2323
supplier,2324
supplier,2325
supplier,2326
supplier,2327
supplier,2328
supplier,2329
supplier,2330
supplier,2331
supplier,2332
supplier,2333
supplier,2334
supplier,2335
